item_id,track_id,track_name,artist_names,danceability,energy,valence,acousticness,tempo,cluster_5f
0,000xQL6tZNLJzIrtIgxqSl,still got time feat partynextdoor,zayn partynextdoor,0.7161676646706588,0.6257237386269645,0.5178947368421053,0.1317841673388129,0.4488842133265617,0
1,003eoIwxETJujVWmNFMoZy,growing pains,alessia cara,0.2431137724550898,0.7580645161290323,0.4263157894736842,0.0826892280179949,0.8732519543648996,1
2,003vvx7Niy0yvhvHt4a68B,mr brightside,the killers,0.2419161676646707,0.9193548387096776,0.2147368421052631,0.0012097375345308,0.6125490480595408,1
3,00B7TZ0Xawar6NZ00JFomN,best life feat chance the rapper,cardi b chance the rapper,0.5628742514970061,0.6236559139784946,0.6663157894736842,0.2887270061512639,0.7327311531508656,0
4,00Blm7zeNqgYLPtW6zg8cj,one right now with the weeknd,post malone the weeknd,0.6431137724550899,0.7849462365591399,0.6905263157894737,0.0363106070612386,0.3040889001747289,0
5,00EPIEnX1JFjff8sC6bccd,no me acuerdo,thalia natti natasha,0.821556886227545,0.8035566583953682,0.7789473684210526,0.1881226222971286,0.2860658166010677,0
6,00ETaeHUQ6lops3oWU1Wrt,hot stuff,kygo donna summer,0.635928143712575,0.7766749379652605,0.4178947368421052,0.0191072574221814,0.4428261355872768,1
7,00ZKeP47bZtswtANkvxz2j,baile do bruxo,tropa do bruxo dj ws da igrejinha smu triz mc menor thalis,0.6994011976047905,0.2131927212572374,0.5157894736842106,0.8943653969531581,0.700161427819999,2
8,00gpGR84M27moP7AFuqHIx,bounce out with that,ybn nahmir,0.8467065868263474,0.5564516129032259,0.4736842105263158,0.0428498920117573,0.2916039395643262,1
9,00imgaPlYRrMGn9o83hfmk,loose change,brent faiyaz,0.5077844311377245,0.3589743589743589,0.4294736842105263,0.7575434349115341,0.2313012775167927,2
10,00ko9WaS4jOX1kEk3gvHjf,hot shower,chance the rapper madeintyo dababy,0.8970059880239521,0.5037220843672457,0.5968421052631578,0.0015719133164057,0.6244475480504719,0
11,00lNx0OcTJrS3MKHcB80HY,you dont know me feat raye,jax jones raye,0.8694610778443116,0.6691480562448305,0.6842105263157895,0.1639775701721362,0.4672881940035914,0
12,00rxTS5TKv3oXpDA6nWfBi,maria mariah,kza produes wonda,0.5964071856287426,0.880066170388751,0.7831578947368422,0.1951649291669181,0.5035399246670174,0
13,00syWkRGIVQvYsg2OwfBUw,east side of sorrow,zach bryan,0.3089820359281438,0.6050454921422663,0.1442105263157894,0.2374187703856549,0.5889878415226211,1
14,017PF4Q3l4DBUiWoXk4OWT,break my heart,dua lipa,0.6946107784431138,0.7311827956989247,0.4578947368421052,0.1680017455263016,0.4008065345014177,1
15,01DOm09B2AbiTARAbXVI6g,chopstix feat travis scott,schoolboy q travis scott,0.9676646706586828,0.597808105872622,0.6052631578947368,0.0393287385768626,0.4910247341277758,0
16,01K4zKU104LyJ8gMb7227B,nothing new feat phoebe bridgers taylors version from the vault,taylor swift phoebe bridgers,0.5461077844311378,0.3672456575682382,0.4357894736842105,0.8219302405781806,0.333992345782018,2
17,01Qb6dN5suQNu87VJ1mIpf,did it again,lil tecca,0.6574850299401198,0.5719602977667494,0.2126315789473684,0.2193099812919106,0.6169868016130691,1
18,01TnVDiet1DFTsyWKUKovl,numb,xxxtentacion,0.3161676646706587,0.4075682382133994,0.1726315789473684,0.100596808344031,0.6843572210231017,1
19,01dmH2IPkrLNWIMPNXlreE,paradise,bts,0.4419161676646708,0.8335401157981803,0.9442105263157896,0.2152858059377451,0.5604326507415403,0
20,01hEpx8jnOG4q7nDK14Rhi,malibu,sangiovanni,0.6982035928143714,0.7384201819685691,0.6705263157894737,0.0281616519690536,0.611726793995127,0
21,01k24g94i1JvkFLQmVEdCd,if youre over me,olly alexander years  years,0.5952095808383234,0.8593879239040529,0.6168421052631579,0.0618641205601889,0.3453950749399936,0
22,01ppKlDRCmPpusO3yNrSRY,telefono nuevo,bad bunny luar la l,0.5616766467065869,0.6174524400330852,0.38,0.4094522667762261,0.4778384391683142,1
23,01qFKNWq73UfEslI0GvumE,3d feat jack harlow,jung kook jack harlow,0.8419161676646708,0.8294044665012407,0.9010526315789472,0.0323870360909273,0.3707761231930059,0
24,01uk7IzZyFNfQTDBXxx6NB,one last song,sam smith,0.6251497005988026,0.5254342431761787,0.4768421052631578,0.3692105132345721,0.3422511623407637,1
25,01vR5Z7AHinp9D2wu2BNQS,up in smoke,rin,0.7676646706586828,0.6629445822994211,0.2968421052631579,0.2364127265471135,0.1860712579882587,1
26,01vv2AjxgP4uUyb8waYO5Y,morph,twenty one pilots,0.6994011976047905,0.6050454921422663,0.511578947368421,0.0751438992289348,0.2618214136723921,1
27,01z2fBGB8Hl3Jd3zXe4IXR,come back to earth,mac miller,0.1461077844311377,0.2235318444995864,0.091578947368421,0.8953714407916994,0.2224257704097365,2
28,020wG4EHTwBy5h2rbpxqvK,supreme  lego,marracash thasup sfera ebbasta,0.6059880239520959,0.6608767576509512,0.5021052631578947,0.0690070318138325,0.5697616067811775,1
29,021lWIHJrURZrmvYQ1xcM8,all bad feat lil uzi vert,future lil uzi vert,0.9353293413173654,0.6670802315963607,0.668421052631579,0.0144794557648912,0.5763094093676502,0
30,0247StOpd3AkeBQzANX4Zf,do they know its christmas  1984 version,band aid,0.5377245508982037,0.641232423490488,0.3336842105263157,0.1649836140106775,0.4153229463297843,1
31,02FaKXXL7KUtRc7K0k54tL,cozy little christmas,katy perry,0.747305389221557,0.6060794044665012,0.5557894736842106,0.1287660358231888,0.5488304040532288,0
32,02LZ1fGJE8fB56yTlCVMEV,switch,iggy azalea anitta,0.9149700598802396,0.6226220016542597,0.3305263157894736,0.0034934570480196,0.3824630136820657,1
33,02MWAaffLxlfxAUY7c5dvx,heat waves,glass animals,0.7317365269461079,0.5202646815550042,0.5252631578947369,0.4426517134480908,0.206482505940181,2
34,02RCbjb9czvQKNGBmEmWob,woah,lil baby,0.8778443113772457,0.5967741935483871,0.4010526315789473,0.0177994004320777,0.5819744980320316,1
35,02VBYrHfVwfEWXk5DXyf0T,leave the door open,bruno mars anderson paak silk sonic,0.5221556886227545,0.6143507030603805,0.7231578947368421,0.1830924031044219,0.6128815772767671,0
36,02WacdrRpm4zlP8H7X6bnQ,dancing on my own,calum scott,0.5485029940119761,0.1573614557485525,0.1694736842105263,0.8561357310885866,0.3957520903995792,2
37,02itaCXOdC54J0ISjqqFAp,all around the world la la la,r3hab a touch of class,0.6982035928143714,0.8655913978494624,0.5136842105263159,0.4818874231512035,0.4729774666110435,0
38,02jLfqc9gMo8PkHEGHY3OT,si te la encuentras por ah,feid,0.710179640718563,0.5729942100909843,0.4452631578947368,0.1519050441096399,0.7571206597379669,1
39,02kDW379Yfd5PzW5A6vuGt,lemonade feat nav,internet money gunna don toliver nav,0.7772455089820361,0.6598428453267163,0.4621052631578947,0.257539647156482,0.564223483817919,0
40,02wk5BttM0QL38ERjLPQJB,cool with you,newjeans,0.7209580838323354,0.6495037220843674,0.5263157894736843,0.6569390510573989,0.5337093936480872,2
41,0314PeD1sQNonfVWix3B2K,energy feat beam,beyonc beam,0.9017964071856288,0.5140612076095947,0.5842105263157894,0.2826907431200158,0.4127775863215617,0
42,033if6Adj8fwBYsQzHOfQ8,100k cash,capital bra samra,0.6598802395209581,0.7156741108354011,0.6021052631578947,0.2907390938283466,0.243000259977388,0
43,03B2SfXuvDh1m9F4tqrX07,skin,sabrina carpenter,0.4874251497005989,0.4499586435070306,0.311578947368421,0.4305791873855946,0.3579223574507705,2
44,03LfOYi0icz4souspZVVhq,nicky jam bzrp music sessions vol 41,bizarrap nicky jam,0.5712574850299402,0.8552522746071133,0.8273684210526315,0.0918442269487212,0.2611200793233332,0
45,03NqHNdG3Ur6kciQWK6e8V,oh na na,camila cabello myke towers tainy,0.7113772455089822,0.8686931348221671,0.6905263157894737,0.0719245589456024,0.4129589658945943,0
46,03T4ttRCiLXST6MZjeMwmR,orphans,coldplay,0.4227544910179641,0.8128618693134823,0.263157894736842,0.0259483555242626,0.3703468582034957,1
47,03eJ2DclFWXYU8GWgANdmZ,bad vibes forever feat pnb rock  trippie redd,xxxtentacion pnb rock trippie redd,0.7784431137724552,0.521298593879239,0.751578947368421,0.3360110665627075,0.5027599925029775,0
48,03fs6oV5JAlbytRYf3371S,everything i love,morgan wallen,0.5005988023952096,0.8469809760132341,0.6694736842105263,0.0051634898199983,0.3462233749901752,0
49,03hqMhmCZiNKMSPmVabPLP,groupie love feat aap rocky,lana del rey aap rocky,0.2502994011976048,0.597808105872622,0.171578947368421,0.1136753782450686,0.78099625753481,1
50,03iCbZaM4OkRR4We6wIzvx,idol,bts nicki minaj,0.6694610778443114,0.8635235732009926,0.4357894736842105,0.0021956604963013,0.4795675910978905,1
51,03mMSLEJCPoGJwQhHpN5y0,treat people with kindness,harry styles,0.6023952095808385,0.8759305210918115,0.7,0.1287660358231888,0.4552566823257698,0
52,03rwnftfgpYVO6QDWOZcG6,drew a picasso,drake,0.6670658682634731,0.3227874276261373,0.1168421052631578,0.3772588639429029,0.4910912399712211,2
53,03vyB3AHCuEGfhh7wPc7Yf,when youre ready,shawn mendes,0.407185628742515,0.466501240694789,0.6010526315789474,0.7967791446146469,0.7546418055731898,2
54,03wOsqNRdFZAgwo708sjw2,say yes to heaven,lana del rey,0.4155688622754492,0.3486352357320099,0.1547368421052631,0.7535192595573688,0.3216706267873445,2
55,03x2rVJRFUrvwlfxoHd9Mo,just you and i,tom walker,0.4994011976047904,0.6970636889991728,0.5389473684210526,0.4587484148647525,0.2741431326670657,2
56,03y045SZqaC94yfXl1cU4E,petrouchka feat plk,soso maness plk,0.5676646706586828,0.8066583953680728,0.8273684210526315,0.0600532416508145,0.5270285793747242,0
57,042Sl6Mn83JHyLEqdK7uI0,your power,billie eilish,0.5772455089820361,0.271091811414392,0.1852631578947368,0.9376252820104364,0.5013573238048596,2
58,042x9bsUBWW2fJgJ6fUh61,not going home feat gia koka,dvbbs cmc gia koka,0.6742514970059881,0.7353184449958644,0.4947368421052631,0.0938563146258039,0.3765077177008325,1
59,044qU7kwVZaDwzWnRsmVVL,i dare you,the xx,0.7209580838323354,0.5388751033912325,0.263157894736842,0.6267577359011584,0.4793438896244839,2
60,045ZeOHPIzhxxsm8bq5kyE,out of the woods taylors version,taylor swift,0.4754491017964073,0.8924731182795699,0.1684210526315789,0.0005075189352289,0.273725959649091,1
61,04CqLjewJiSAqM210vZAmT,river,miley cyrus,0.554491017964072,0.8076923076923078,0.4515789473684211,0.0005205975051299,0.4913633093307698,1
62,04CttTezSnv71USiiG9mIo,lighthouse  andrelli remix,hearts  colors andrelli,0.532934131736527,0.6619106699751862,0.4052631578947367,0.0179000048159318,0.2982787078519217,1
63,04CyMEHliadfQWMUJb1w99,burn, kanye west ty dolla ign,0.5389221556886228,0.8924731182795699,0.7410526315789473,0.015787312754995,0.3523902804732797,0
64,04DwTuZ2VBdJCCC5TROn7L,in the name of love,martin garrix bebe rexha,0.407185628742515,0.4789081885856078,0.1726315789473684,0.0595502197315438,0.5270346253604921,1
65,04MLEeAMuV9IlHEsD8vF6A,no stylist feat drake,french montana drake,0.7365269461077846,0.7053349875930521,0.4905263157894737,0.0216223670185348,0.6066360739786818,1
66,04S1pkp1VaIqjg8zZqknR5,enchanted,taylor swift,0.4610778443113773,0.6164185277088503,0.2063157894736842,0.0720251633294566,0.2131633202135441,1
67,04WxWo7XeVyx22xEsrWRUb,gods country,travis scott,0.5676646706586828,0.6495037220843674,0.111578947368421,0.0230308283924927,0.6247317093815561,1
68,04ZTP5KsCypmtCmQg5tH9R,im a mess,bebe rexha,0.5748502994011977,0.694995864350703,0.1936842105263157,0.0028194076761969,0.3040344863028192,1
69,04cd1MHVq1D8v1nuTZoCdv,puntos suspensivos,piso 21,0.8059880239520959,0.7332506203473945,0.9684210526315788,0.1760500962346324,0.6366785772586292,0
70,04ndZkbKGthTgYSv3xS7en,cupido,tini,0.9137724550898206,0.5812655086848635,0.6263157894736842,0.5241412643699404,0.4422940888397149,0
71,04sN26COy28wTXYj3dMoiZ,bored,billie eilish,0.5556886227544912,0.3062448304383788,0.0842105263157894,0.9014077038229475,0.4428140436157413,2
72,053zWWZDziDJd3U94x8RuP,todo mundo menos voc,marlia mendona maiara  maraisa,0.7520958083832336,0.6401985111662531,0.423157894736842,0.7575434349115341,0.5150938034691865,2
73,059bcIhyc2SBwm6sw2AZzd,te vi,piso 21 micro tdh,0.8706586826347306,0.7808105872622002,0.7094736842105263,0.0448619796888401,0.334355104928083,0
74,05CgKydlFJALNy4JTHeMgs,framed,eminem,0.7113772455089822,0.826302729528536,0.7684210526315789,0.011360719865413,0.6001487312498865,0
75,05CwHjIk71RXVU40boRMnR,call you mine,the chainsmokers bebe rexha,0.5281437125748504,0.7032671629445822,0.4936842105263158,0.2263522881617,0.3463442947055302,1
76,05GsNucq8Bngd9fnd4fRa0,begin again taylors version,taylor swift,0.4419161676646708,0.522332506203474,0.2473684210526316,0.0754457123804972,0.1946626037642307,1
77,05KOgYg8PGeJyyWBPi5ja8,free smoke,drake,0.7017964071856289,0.4851116625310173,0.18,0.0685040098945618,0.5759466502215855,1
78,05WVKTdZhlIMX4qqMLuo0f,bellakeo,peso pluma anitta,0.6826347305389222,0.8873035566583954,0.4536842105263158,0.0565320882159197,0.8058875809406345,1
79,05WepN8vrMLJG5r8XRdLeL,intro,dababy,0.8526946107784433,0.685690653432589,0.6736842105263158,0.03439912376801,0.322287317335655,0
80,05X6aMCQR09E6smUmw9qms,thank god its christmas  nonalbum single,queen,0.1748502994011976,0.412737799834574,0.3189473684210526,0.2152858059377451,0.221929999576781,1
81,05Z7jet4VDNVgNQWcYHnrk,party feat usher  gucci mane,chris brown usher gucci mane,0.7329341317365271,0.5729942100909843,0.2989473684210526,0.0559284619127949,0.5766540305564121,1
82,05ZXXyeZFhZtA6DAP3Aw7x,loca feat cali y el dandee,maite perroni cali y el dandee,0.7197604790419163,0.8449131513647643,0.6389473684210526,0.1106572467294445,0.2920271585680687,0
83,05aZ9sAU1YXndHv0FMi9iW,demons feat fivio foreign  sosa geek,drake fivio foreign sosa geek,0.4706586826347306,0.7694375516956162,0.7336842105263157,0.4255489681928878,0.3636720899159003,0
84,05bfbizlM5AX6Mf1RRyMho,am remix,nio garcia j balvin bad bunny,0.710179640718563,0.6546732837055418,0.7926315789473685,0.1146814220836099,0.7576406145139936,0
85,05bnEv2dpFzmGVLGdjD9UP,orlando,xxxtentacion,0.502994011976048,0.0063068651778329,0.2610526315789474,0.8641840817969174,0.2308599205557469,2
86,05mAIVLkIWc2d1UBYZBCp8,1999,charli xcx troye sivan,0.7053892215568863,0.7446236559139785,0.66,0.0228296196247844,0.4673426078755011,0
87,05mDaV9Vb3wrzjF6OPZnhq,sainttropez,post malone,0.5592814371257486,0.6846567411083541,0.2768421052631579,0.0548218136903994,0.5162969546369687,1
88,05r1GGg1Rhs0RcUg27C82a,famous feat reginae carter,lil wayne reginae carter,0.5664670658682636,0.5647229114971051,0.0873684210526315,0.0303749484138446,0.6235466961710772,1
89,05rJdH2MRLJ3sQoEUO78qs,paradinha,anitta,0.6526946107784432,0.7787427626137304,0.8810526315789473,0.0117631374008296,0.8061475583286477,0
90,05t7JMip6JrLuSrMV5yYjX,envy me,calboy,0.4862275449101798,0.4747725392886683,0.5778947368421052,0.2836967869585571,0.6185466659411485,1
91,05tGmdz9dVZ4yGqz4YJdPK,la intencin,christian nodal peso pluma,0.7712574850299403,0.7404880066170388,0.8484210526315789,0.5392319219480607,0.5147491822804249,0
92,05zd5Nv0e02ZqrlC8A2cwx,united in grief,kendrick lamar,0.4538922155688624,0.8511166253101737,0.3147368421052632,0.2454671210939857,0.2352613981946685,1
93,06FCvd7rrRcF3DdvWH5Isp,lust,kendrick lamar,0.6323353293413175,0.5585194375516958,0.5621052631578947,0.1941588853283768,0.2873233816407596,0
94,06GcodDliPWAYFX2LSFLIu,vertigo,khalid,0.4035928143712576,0.4509925558312655,0.1842105263157894,0.5553286233647223,0.4188114801177758,2
95,06Gyf2pFDVmN5K8XAawG96,no cap,future young thug,0.7784431137724552,0.5181968569065344,0.3652631578947368,0.0010789518355204,0.6066481659502172,1
96,06JvOZ39sK8D8SqiqfaxDU,true love,kanye west xxxtentacion,0.6730538922155689,0.8676592224979321,0.3747368421052631,0.0183024223513484,0.2256603727954824,1
97,06Qo2fYR2KS1F7bL338iVT,closer to you feat major lazer,jung kook major lazer,0.7556886227544911,0.6546732837055418,0.4852631578947368,0.1146814220836099,0.4009274542167728,1
98,06qMRF18gwbOYYbnP2du6i,last christmas  single version,wham,0.6982035928143714,0.5957402812241522,0.9505263157894736,0.2132737182606625,0.3688897756334682,0
99,06s3QtMJVXw1AJX3UfvZG1,hasta que dios diga,anuel aa bad bunny,0.6479041916167665,0.7684036393713813,0.8663157894736842,0.4667967655730833,0.7696721261918149,0
100,06scTb0zbkxYNgpAB3J9fN,bitch,megan thee stallion,0.7089820359281438,0.7332506203473945,0.5421052631578948,0.0856067551497648,0.7696600342202795,0
101,073ILU1C3APNRGF66VhtyA,liar,camila cabello,0.7065868263473055,0.4923490488006617,0.6526315789473685,0.0169945653612446,0.3101469779140139,0
102,079Ey5uxL04AKPQgVQwx5h,baila conmigo with rauw alejandro,selena gomez rauw alejandro,0.8059880239520959,0.5399090157154673,0.6652631578947369,0.0216223670185348,0.6238550414452324,0
103,07FkzikE6FuHIa8Ma7zJGc,lie,nf,0.4347305389221557,0.6608767576509512,0.1547368421052631,0.1619654824950535,0.2906486738130218,1
104,07KXEDMj78x68D884wgVEm,high fashion feat mustard,roddy ricch mustard,0.8155688622754492,0.4933829611248966,0.5042105263157894,0.2706182170575196,0.309784218767949,0
105,07MDkzWARZaLEdKxo6yArG,meet me at our spot,the anxiety willow tyler cole,0.7461077844311379,0.4633995037220843,0.3863157894736841,0.0153848952195784,0.2918820549096427,1
106,07Oz5StQ7GRoygNLaXs2pd,good as hell feat ariana grande  remix,lizzo ariana grande,0.6203592814371259,0.8997105045492143,0.4694736842105262,0.2997934883752188,0.2975169136451853,0
107,07rmSXN6vNoquX1AsWd9pP,lalala,y2k bbno,0.8299401197604791,0.3817204301075269,0.488421052631579,0.1820863592658805,0.5033524991082172,1
108,07s9NNOT0sZQp7TyolLLgu,own it feat ed sheeran  burna boy,stormzy burna boy ed sheeran,0.7988023952095809,0.7849462365591399,0.3442105263157894,0.0084230718568723,0.346326156748227,1
109,083Qf6hn6sFL6xiOHlZUyn,ill be there,jess glynne,0.5664670658682636,0.8573200992555832,0.3873684210526316,0.0229302240086386,0.3225231107805972,1
110,086myS9r57YsLbJpU0TgK9,whyd you only call me when youre high,arctic monkeys,0.6479041916167665,0.6298593879239041,0.8084210526315789,0.0485843418914431,0.273798511478304,0
111,08EPQiLMyGB8GJX2EiVoCM,blaues licht,raf camora bonez mc,0.8011976047904192,0.8407775020678246,0.7063157894736841,0.400397872229354,0.5939395038664079,0
112,08F16baYbciTva9P4BvpiI,mafia,travis scott,0.844311377245509,0.4861455748552523,0.371578947368421,0.0779608219768505,0.3824509217105302,1
113,08LwMWf5Tcfsd752EPzFV0,i n t e r l u d e,j cole,0.7425149700598804,0.5709263854425145,0.0757894736842105,0.0620653293278972,0.315866480450305,1
114,08SB2OtZkaliju77WYEKxk,no love with sza,summer walker sza,0.6670658682634731,0.6164185277088503,0.5105263157894737,0.1710198770419257,0.5269560275455112,1
115,08WPvDEsHvTFuB9w8tC2OS,now and later,sage the gemini,0.7556886227544911,0.5667907361455748,0.8694736842105263,0.274642392411685,0.3648208272117727,0
116,08XWh5c0BMyD1nKVxxl91z,fountains with tems,drake tems,0.8299401197604791,0.4789081885856078,0.691578947368421,0.1820863592658805,0.3224626509229196,0
117,08aYFNUTIOMGq93e2VSArQ,que le de,rauw alejandro nicky jam,0.7425149700598804,0.7528949545078578,0.6073684210526316,0.1911407538127527,0.3221240757199258,0
118,08bNPGLD8AhKpnnERrAc6G,friends,marshmello annemarie,0.570059880239521,0.8873035566583954,0.528421052631579,0.206231411390873,0.2923899177141336,0
119,08fa9LFcFBTcilB3iq2e2A,epiphany,taylor swift,0.244311377245509,0.2535153019023987,0.0852631578947368,0.7354104704636244,0.2871903699538691,2
120,08hm0V6cTsWDX62hW42sEv,sick boy,the chainsmokers,0.4766467065868265,0.5771298593879239,0.4526315789473684,0.1046209836981964,0.8062201101578608,1
121,0939D7aT18uBDS2MTjWzct,higher power,coldplay,0.4275449101796408,0.8335401157981803,0.4810526315789474,0.0071453961819247,0.7939225751062584,1
122,093RgZ7RXHZwIrxZhZYX4Q,tesla feat sfera ebbasta  drefgold,capo plaza sfera ebbasta drefgold,0.84311377245509,0.6246898263027295,0.3631578947368421,0.3179022774689631,0.5642839436755966,1
123,09CnYHiZ5jGT1wr1TXJ9Zt,thank you not so bad,dimitri vegas  like mike tisto dido ww dimitri vegas like mike,0.6263473053892217,0.9596774193548386,0.5589473684210525,0.0230308283924927,0.6245563757942914,0
124,09FfQO3PqHO4HIJL511Ksi,nice guy with jessie reyez,eminem jessie reyez,0.598802395209581,0.6381306865177834,0.5589473684210525,0.0947617540804911,0.559302051402971,0
125,09IOPhEh1OMe0HD9b36FJk,over now,post malone,0.5017964071856288,0.7808105872622002,0.1568421052631578,0.1398325180471437,0.7092485444289263,1
126,09IStsImFySgyp0pIQdqAc,the middle,zedd maren morris grey,0.7221556886227546,0.6567411083540117,0.4263157894736842,0.172025920880467,0.364524573909153,1
127,09KlDlkOYuC5x6hOaM7vaP,angel,fifth harmony,0.7041916167664671,0.5202646815550042,0.1031578947368421,0.0034029131025509,0.467294239989359,1
128,09PGubKAMryhOWv1LHpCYz,fuck im lonely,lauv annemarie,0.7892215568862277,0.5430107526881721,0.7210526315789473,0.4627725902189178,0.2919848366676944,0
129,09WAnxdBuebQopKhJT3oZS,trellas,bad bunny,0.3353293413173653,0.4034325889164598,0.0197894736842105,0.2012011921981662,0.2669544555892115,1
130,09gysnJpfQ3ublBmJDfcEC,sad girlz luv money remix feat kali uchis and moliy,amaarae kali uchis moliy,0.8622754491017964,0.5181968569065344,0.3021052631578947,0.4356094065783014,0.3827229910700789,2
131,09mEdoA6zrmBPgTEN5qXmN,call out my name,the weeknd,0.3724550898203593,0.5905707196029777,0.1505263157894736,0.1710198770419257,0.5287335473612294,1
132,09nSCeCs6eYfAIJVfye1CE,oye,tini sebastian yatra,0.6383233532934134,0.5047559966914806,0.2347368421052631,0.4496940203178803,0.2923959636999014,2
133,09oZ9eXQ2fo6YDrPzJqAoP,outta my head with john mayer,khalid john mayer,0.6934131736526947,0.5409429280397023,0.5073684210526316,0.0174975872805153,0.3403527228096905,1
134,09ts3GnICqYEU5PkQCpJK3,say something feat chris stapleton,justin timberlake chris stapleton,0.6670658682634731,0.6308933002481389,0.3578947368421052,0.103614939859655,0.3042460958046905,1
135,09u787BYeYIGd2mFIJ505t,cry your heart out,adele,0.7257485029940121,0.7146401985111662,0.5873684210526315,0.5261533520470231,0.4736788009601024,0
136,0A1JLUlkZkp2EFrosoNQi0,labyrinth,taylor swift,0.3065868263473055,0.2938378825475599,0.0947368421052631,0.7897368377448575,0.3826867151554725,2
137,0A1hoCfMLkiAgvhWkkucJa,body,megan thee stallion,0.9149700598802396,0.7342845326716294,0.4599999999999999,0.0166927522096822,0.2862653341314035,0
138,0A37XY67wSdGqkGjtfW6aV,fantasias  remix,rauw alejandro anuel aa natti natasha farruko lunay,0.7976047904191618,0.7218775847808105,0.7873684210526316,0.2072374552294143,0.285890483013803,0
139,0A5gdlrpAuQqZ2iFgnqBFW,moonlight,gaullin,0.7940119760479043,0.7642679900744417,0.271578947368421,0.0532121435487333,0.4730318804829532,1
140,0AAMnNeIc6CdnfNU85GwCH,self love spiderman across the spiderverse metro boomin  coi leray,metro boomin coi leray,0.7485029940119762,0.2855665839536807,0.0159999999999999,0.2122676744221211,0.4436121137370842,1
141,0AAVJIN4plafvmNKqRCltG,im dat n,future,0.9113772455089822,0.5698924731182795,0.1189473684210526,0.0112601154815589,0.5883227830881688,1
142,0ADG9OgdVTL7fgREP75BrZ,aint my fault,zara larsson,0.5101796407185629,0.7859801488833748,0.3399999999999999,0.0078194455537475,0.5709526659774242,1
143,0AGS6ZRgzobrazmCi6pYMe,na raba toma tapo,niack markim wf,0.9724550898203592,0.7911497105045493,0.9852631578947368,0.6700176209584365,0.5035399246670174,0
144,0ATmjiSoHDCHeeQ9FcvZOW,the return,logic,0.7784431137724552,0.9658808933002482,0.6505263157894737,0.1136753782450686,0.2618335056439277,0
145,0AUvWawuP0ibk4SQ3sIZjk,daisy,ashnikko,0.8191616766467067,0.6629445822994211,0.7810526315789473,0.2364127265471135,0.4544041983325171,0
146,0AYt6NMyyLd0rLuvr0UkMH,slime you out feat sza,drake sza,0.3988023952095809,0.3992969396195202,0.0768421052631578,0.5110626944689028,0.2549108519398544,2
147,0AaV4MJrgmLV3XhoiWXjjb,evermore feat bon iver,taylor swift bon iver,0.2934131736526947,0.2566170388751034,0.2968421052631579,0.942655501203143,0.4487451556539035,2
148,0AcHbiMs86CCgprvc7E1gs,i shyne,carnage lil pump,0.7497005988023954,0.7342845326716294,0.3694736842105263,0.1760500962346324,0.588625082376556,1
149,0AcicReEGm1qcENjqzh1Tg,love scars 3,trippie redd,0.4718562874251498,0.5192307692307693,0.0894736842105263,0.1368143865315197,0.2132056421139184,1
150,0AhJag7VI8uFf3mJFsTwvf,i can show you,lil uzi vert,0.7988023952095809,0.6557071960297768,0.2968421052631579,0.0513006602555047,0.5634677355969504,1
151,0AluA5RNsa4Cx6XRhf2hWZ,10 freaky girls with 21 savage,metro boomin 21 savage,0.7904191616766469,0.3424317617866004,0.0428421052631578,0.5915462015522109,0.2497778100230351,2
152,0ArVfVP8B5svkfj8clHNzB,screw the world  interlude,drake,0.8059880239520959,0.641232423490488,0.628421052631579,0.0647816476919588,0.6049794738783185,0
153,0At2qAoaVjIwWNAqrscXli,bood up,ella mai,0.4922155688622756,0.78287841191067,0.2136842105263157,0.0867134033721603,0.2131028603558667,1
154,0AtP8EkGPn6SwxKDaUuXec,remember the name feat eminem  50 cent,ed sheeran eminem 50 cent,0.8407185628742516,0.6660463192721258,0.7305263157894737,0.1358083426929783,0.2680064571127999,0
155,0B3FovCVaGKS5w1FTidEUP,brown skin girl,blue ivy saint jhn beyonc wizkid,0.5425149700598804,0.5998759305210918,0.5926315789473684,0.049288572578422,0.4412662712591974,0
156,0B48113ZG9UfkWWt7qD9xX,younger now,miley cyrus,0.480239520958084,0.8759305210918115,0.2789473684210526,0.001239918849687,0.4546097618486206,1
157,0B6g379TMw0nYGXA7y5xHz,all the way live spiderman across the spiderverse metro boomin  future lil uzi vert,metro boomin future lil uzi vert,0.747305389221557,0.5450785773366419,0.2610526315789474,0.1790682277502565,0.5338484513207455,1
158,0B7wvvmu9EISAwZnOpjhNI,when i was your man,bruno mars,0.540119760479042,0.2576509511993383,0.3989473684210526,0.942655501203143,0.5971982901952249,2
159,0B8B8cVRFIG1yznoQe7c9s,setting fires,the chainsmokers xyl,0.570059880239521,0.7187758478081059,0.5557894736842106,0.0170951697450987,0.3526079359609187,0
160,0BFQC00Y58JtjMyTXOJazO,s91,karol g,0.591616766467066,0.7125723738626965,0.3673684210526315,0.6358121304480305,0.4927901619719586,2
161,0BGwAKW4u8kWOhWFflZxfl,astronaut in the ocean,masked wolf,0.7520958083832336,0.6960297766749379,0.4631578947368421,0.1760500962346324,0.6244173181216333,1
162,0Be7sopyKMv8Y8npsUkax2,tacones rojos,sebastian yatra,0.7161676646706588,0.8624896608767577,0.9421052631578948,0.0828904367857032,0.4613873118942678,0
163,0BiK5BbYNFLb88CCOxBFJe,lumberjack,tyler the creator,0.2826347305389222,0.7653019023986767,0.4221052631578947,0.1227297727919407,0.7495389935852093,1
164,0BnTBAGmr9FtYwkZrwKhwS,just us feat sza,dj khaled sza,0.5856287425149702,0.8655913978494624,0.5621052631578947,0.1358083426929783,0.2806183834243254,0
165,0Bv7O6fmZk3GrNQFYJaXPn,cay la noche feat cruz cafun abhir hathi bejo el ima remix,la pantera quevedo juseph abhir hathi bejo cruz cafun el ima,0.6251497005988026,0.7477253928866833,0.7442105263157894,0.4406396257710081,0.7693879648607307,0
166,0BwO44CBPFWxAIO5ZbPf3N,roadrunner,bonez mc,0.7724550898203595,0.6050454921422663,0.2294736842105263,0.1287660358231888,0.3161687797386924,1
167,0CBFOvHlyqy30Q5tbyNHfQ,want to,dua lipa,0.5053892215568863,0.6918941273779983,0.3010526315789473,0.0792686789669543,0.2742700983681884,1
168,0CBQ0m3mufWH75LTYB3s6h,let it fly feat travis scott,lil wayne travis scott,0.9005988023952097,0.8242349048800661,0.7505263157894737,0.0412402218700912,0.2556363702319844,0
169,0CYTGMBYkwUxrj1MWDLrC5,chorrito pa las animas,feid,0.710179640718563,0.836641852770885,0.6073684210526316,0.1146814220836099,0.2978071209620371,0
170,0CZ8lquoTX2Dkg7Ak2inwA,1950,king princess,0.5389221556886228,0.5306038047973533,0.2494736842105263,0.6519088318646922,0.1523225654326809,2
171,0CcQNd8CINkwQfe1RDtGV6,believer,imagine dragons,0.7532934131736528,0.7911497105045493,0.711578947368421,0.0527091216294626,0.4731830301271471,0
172,0CfmNX2TXk7yoJqHJiixnp,she bad,cardi b yg,0.7676646706586828,0.4985525227460711,0.3399999999999999,0.0184030267352025,0.6845930144680441,1
173,0Clb9aiXWa0dvVff5aN4VN,think before i talk,astrid s,0.7485029940119762,0.5947063688999172,0.531578947368421,0.3621682063647826,0.4555710735856927,0
174,0CokSRCu5hZgPxcZBaEzVE,glorious feat skylar grey,macklemore skylar grey,0.695808383233533,0.7983870967741936,0.3410526315789474,0.0324876404747814,0.5639453684726026,1
175,0CrcwVLUe8wzLUIXgjXVZJ,kill bill feat doja cat,sza doja cat,0.5736526946107785,0.7466914805624483,0.4410526315789473,0.0773571956737257,0.2557633359331072,1
176,0CsR9Y9SnC6ZWmekmVqSHz,naked,doja cat,0.6982035928143714,0.8686931348221671,0.5305263157894737,0.3762528201043615,0.3891075520408224,0
177,0CtZpaOhtzvLV3FfcsVpQo,besharam rang from pathaan,vishalshekhar shilpa rao caralisa monteiro vishal dadlani shekhar ravjiani kumaar,0.7461077844311379,0.7994210090984285,0.6494736842105263,0.0590471978122731,0.4188598480039178,0
178,0D4GpOPInKiPxEfQMchu4p,karaoke,boomdabash alessandra amoroso,0.9329341317365272,0.6236559139784946,0.5747368421052631,0.2907390938283466,0.4553352801407506,0
179,0D5CXSUx8GOCHSY8KWgi9h,yuck,logic,0.5616766467065869,0.8025227460711333,0.7136842105263157,0.1690077893648429,0.6616303605221314,0
180,0D8ZpOXVjapLXrjz5VfZSD,pray,sam smith,0.2766467065868264,0.369313482216708,0.1273684210526315,0.2937572253439706,0.775996227304881,1
181,0DAQryfUiFZdWFo76RYBc8,madonna,bausa apache 207,0.7856287425149703,0.5616211745244003,0.2936842105263157,0.4728330286043313,0.4247002702555637,2
182,0DGTcMqvVR7fmBXgiG6jz4,just a cloud away,pharrell williams,0.8862275449101799,0.4530603804797353,0.6789473684210526,0.43460336273976,0.398049564991324,0
183,0DJBgBiYeSn6n1AXAkFVE8,i am,jorja smith,0.540119760479042,0.5802315963606286,0.303157894736842,0.1448627372398505,0.6170956293568886,1
184,0DMVrlMUn01M0IcpDbwgu7,girl at home taylors version,taylor swift,0.6479041916167665,0.7384201819685691,0.6105263157894737,0.0096001431479656,0.4738299506042963,0
185,0DWdj2oZMBFSzRsi2Cvfzf,tqg,karol g shakira,0.6826347305389222,0.6288254755996692,0.6052631578947368,0.677059927828226,0.8056638794672277,2
186,0DZJACISivjWjscIp5Kg1q,ransom with juice wrld  remix,lil tecca juice wrld,0.4107784431137725,0.6650124069478909,0.371578947368421,0.0107570935622882,0.8057122473533698,1
187,0DiDStADDVh3SvAsoJAFMk,only human,jonas brothers,0.7724550898203595,0.4902812241521918,0.8863157894736842,0.1086451590523618,0.2859267589284095,0
188,0Dn40gxVCMo5TkgS8Ik18Q,falling down  bonus track,lil peep xxxtentacion,0.621556886227545,0.5709263854425145,0.2536842105263158,0.0175981916643694,0.4431405268471998,1
189,0Dq49j3dELbttQVUJbtn0c,nervous,shawn mendes,0.8275449101796407,0.62055417700579,0.7431578947368421,0.0412402218700912,0.4550813487385051,0
190,0DsPj89zlY3Us7xb5cXK5h,trava na pose chama no zoom da um close feat mc rennan,dj patrick muniz dj olliver mc topre mc rennan,0.8538922155688623,0.7022332506203474,0.7757894736842105,0.6338000427709478,0.5029836939763843,0
191,0DuWDLjriRPjDRoPgaCslY,love in the dark,adele,0.2167664670658683,0.3300248138957816,0.1263157894736842,0.5311835712397298,0.3815198399022968,2
192,0E0DRHf5PfMeor0ZCwB3oT,otro atardecer,bad bunny the maras,0.7508982035928146,0.5926385442514475,0.5410526315789475,0.5935582892292937,0.3706310195345799,2
193,0E4Y1XIbs8GrAT1YqVy6dq,afterglow,ed sheeran,0.5880239520958085,0.3124483043837882,0.2536842105263158,0.7022110237917597,0.3837145327359899,2
194,0E6PsO3ymCfUh7pJQjBgkj,apeshit,the carters,0.6646706586826348,0.7880479735318445,0.3631578947368421,0.0133728075424957,0.6851129692440703,1
195,0E9ZjEAyAwOXZ7wJC0PD33,in my mind,dynoro gigi dagostino,0.651497005988024,0.7735732009925559,0.1378947368421052,0.1770561400731738,0.4787634749907799,1
196,0EDSU9JYeKABA14OcOuM7b,ya salame,luciano samra,0.6754491017964073,0.8221670802315963,0.3957894736842104,0.2766544800887677,0.7701497590674673,1
197,0EPxmvsG1BY5td4aTOkWBF,deu onda,mc g15,0.9353293413173654,0.6019437551695617,0.8757894736842105,0.4587484148647525,0.5030743837629006,0
198,0EQMrxdeiBhry9JCxskko3,im fine,bts,0.4311377245508982,0.848014888337469,0.2842105263157894,0.0085639179942681,0.2472022200859739,1
199,0ERbK7qVqveCaBWIiYCrl3,bella y sensual,romeo santos daddy yankee nicky jam,0.5808383233532936,0.7146401985111662,0.7547368421052632,0.2293704196773241,0.8049988210327754,0
200,0EhpEsp4L0oRGM0vmeaN5e,un dia one day feat tainy,j balvin dua lipa bad bunny tainy,0.5041916167664671,0.6939619520264682,0.38,0.0053848194644774,0.734291017478945,1
201,0EhuGnOS6fTc5l5UNtDEH2,polaris  remix,saiko quevedo feid mora,0.5664670658682636,0.8035566583953682,0.5473684210526316,0.1539171317867227,0.7447626648286871,0
202,0EtuSDTRJYUwlPf4y6coIz,999 with camilo,selena gomez camilo,0.7556886227544911,0.7508271298593879,0.7957894736842105,0.1056270275367377,0.6233471786407414,0
203,0EwS8XJQspgrj1zSUXhFkl,kanga feat kanye west,6ix9ine kanye west,0.8994011976047905,0.5957402812241522,0.3399999999999999,0.0193084661898897,0.4303653589199451,1
204,0F7FA14euOIX8KcbEturGH,old town road,lil nas x,0.9065868263473056,0.5254342431761787,0.5,0.0581417583575859,0.5397856093446756,0
205,0FA4wrjDJvJTTU8AepZTup,watch this  arizonatears pluggnb remix,lil uzi vert sped up nightcore arizonatears,0.6419161676646709,0.9048800661703889,0.3399999999999999,0.0103546760268717,0.5033706370655202,1
206,0FDzzruyVECATHXKHFs9eJ,a sky full of stars,coldplay,0.473053892215569,0.67535153019024,0.1368421052631579,0.0061997149736959,0.4731104782979341,1
207,0FFsgUoFibYISzMxuGS61W,i dont do drugs feat ariana grande,doja cat ariana grande,0.6383233532934134,0.6133167907361456,0.4399999999999999,0.223334156646076,0.1831691848197388,1
208,0FZ4Dmg8jJJAPJnvBIzD9z,zeze feat travis scott  offset,kodak black offset travis scott,0.8514970059880241,0.6009098428453268,0.4968421052631578,0.0524073084779002,0.3103102195297433,0
209,0FfqyjhB6Kspvit1oOo7ax,goldwing,billie eilish,0.6035928143712577,0.2907361455748552,0.1431578947368421,0.7595555225886168,0.6854757283901354,2
210,0FkD2FHEZrZIofVkY6XPFK,dembow blico,tito double p joel de la p luis r conriquez,0.8754491017964073,0.5471464019851118,0.1726315789473684,0.0206163231799935,0.4427656757295993,1
211,0FktnzDqjClqU6iqOZVEs2,bye me fui,bad bunny,0.6730538922155689,0.5967741935483871,0.5852631578947368,0.4144824859689329,0.8045393261144265,0
212,0Fl4eWzVaMUOdXcOrj6F1q,virgos groove,beyonc,0.6383233532934134,0.8562861869313482,0.5957894736842105,0.0785644482799754,0.370437547990012,0
213,0FlfN5cbUUpIHCRH8X1M44,t h e  c l i m b  b a c k,j cole,0.5508982035928145,0.56575682382134,0.2684210526315789,0.0400329692638416,0.209741292268998,1
214,0FlwhvrncUKrEAhzunmCKm,forever,noah kahan,0.2934131736526947,0.2400744416873449,0.2136842105263157,0.7273621197552935,0.2905821679695766,2
215,0Fpen1PTuEnCmOJtUU9Iud,new patek,lil uzi vert,0.8383233532934132,0.7890818858560794,0.7221052631578947,0.0369142333643634,0.5945924703293248,0
216,0FqBNLXlTNimxmVRdDMj6b,1am freestyle,joji,0.5568862275449102,0.5368072787427627,0.0968421052631579,0.7525132157188273,0.4796340969413358,2
217,0FqVtQxRD3HsPltldG5v5M,aquelas coisas,joo gomes,0.6371257485029942,0.880066170388751,0.9810526315789474,0.4044220475835194,0.6244777779793107,0
218,0Fs9cdPDhptWEDJmiCbkEW,she knows feat amber coffman  cults,j cole cults amber coffman,0.7377245508982038,0.7425558312655087,0.1589473684210526,0.0194090705737438,0.431018325382862,1
219,0FuTx2s3YH1ppmtiM6l0zI,september song,jp cooper,0.5664670658682636,0.6536393713813069,0.388421052631579,0.0548218136903994,0.2974806377305788,1
220,0Fv5N0cHBsl4bzCbollCAS,moves,big sean,0.7928143712574852,0.5171629445822995,0.3663157894736841,0.0435541226987363,0.1741606660257921,1
221,0G149jkGWKwrPXUGkEDgWM,numb,21 savage,0.8251497005988025,0.4282464846980975,0.4547368421052631,0.044057144618007,0.2133688837296476,1
222,0G2zPzWqVjR68iNPmx2TBe,volando  remix,mora bad bunny sech,0.6095808383233534,0.6887923904052936,0.631578947368421,0.2082434990679557,0.6484984794345796,0
223,0G9rmRmQDFk9O2tzZLyRkc,emoji a chain,migos,0.8910179640718564,0.3124483043837882,0.394736842105263,0.0401335736476957,0.5638123567857123,1
224,0GAyuCo975IHGxxiLKDufB,l e t  g o  m y  h a n d with bas  6lack,j cole bas 6lack,0.518562874251497,0.6236559139784946,0.5094736842105263,0.5090506067918201,0.260545710675397,2
225,0GJwUAlBMJTbY4VE7iE761,una noche en medelln  remix,karol g cris mj ryan castro,0.8335329341317367,0.7580645161290323,0.8957894736842105,0.0363106070612386,0.2979703625777665,0
226,0GMiRrUnQuoGddKMsxGPIZ,fear and fridays,zach bryan,0.4467065868263474,0.6350289495450786,0.1294736842105263,0.0544193961549829,0.4961759140018983,1
227,0GQ5bFTVFFKpwNPc7KwQnB,you gon learn feat royce da 59  white gold,eminem royce da 59 white gold,0.6347305389221558,0.825268817204301,0.2221052631578947,0.0617635161763348,0.5641811619175447,1
228,0GVuLQtPXFaL18ijEOqoAa,tightrope,michelle williams,0.2407185628742515,0.3196856906534326,0.1673684210526315,0.3018055760523014,0.6943572814829593,2
229,0GjEhVFGZW8afUYGChu3Rr,dancing queen,abba,0.4706586826347306,0.8769644334160464,0.76,0.3601561186876999,0.3270031862344996,0
230,0Gl5s8IhMmQE5YQwM8Qx1J,never enough,loren allred,0.1520958083832335,0.3848221670802316,0.2052631578947368,0.4255489681928878,0.2421961438702772,2
231,0GsZZWhBMIQXAmPYPJ3PRQ,insuperabile,rkomi,0.6191616766467067,0.8542183622828784,0.8505263157894737,0.0346003325357183,0.4553655100695893,0
232,0Gux2yTMWYOlcBUNjGJu5p,pull up n wreck  metro boomin,big sean metro boomin 21 savage,0.4275449101796408,0.434449958643507,0.0789473684210526,0.0129703900070792,0.7636805542959753,1
233,0GxQ1A5L9xnMOytbP6eKBG,what lovers do feat sza,maroon 5 sza,0.7772455089820361,0.5947063688999172,0.4073684210526315,0.0792686789669543,0.3826081173404917,1
234,0GzuHFG4Ql6DoyxFRnIk3F,hawi  remix,maluma the weeknd,0.7377245508982038,0.7921836228287842,0.6073684210526316,0.1056270275367377,0.8057243393249054,0
235,0H1Had94fszD13qsFsP1U5,sex with my ex,lil peep,0.4155688622754492,0.7735732009925559,0.4610526315789472,0.0474776936690476,0.7326162794212783,1
236,0H4ugk6rhnXmTl47ayy9O5,daechwita,agust d,0.598802395209581,0.8325062034739454,0.2010526315789473,0.0230308283924927,0.5941813432971179,1
237,0HC6S4VpCGAZvyxTdrMRIQ,de una vez,selena gomez,0.6179640718562875,0.4447890818858561,0.0082105263157894,0.2122676744221211,0.7072352311682657,1
238,0HD8mbiPjp3o94X3EaZp0o,exes,tate mcrae,0.8239520958083834,0.56575682382134,0.5463157894736842,0.1529110879481813,0.5456320775820893,0
239,0HEckRWFSknIupbGzavk5d,hundred,khalid,0.7449101796407187,0.4768403639371381,0.4705263157894737,0.0524073084779002,0.4430921589610577,1
240,0HEmnAUT8PHznIAAmVXqFJ,faith  remastered,george michael,0.8826347305389223,0.4737386269644333,0.6052631578947368,0.0094492365721844,0.2970271887979975,0
241,0HEytGQM3bG1vKxER7IgVK,spotless feat the lumineers,zach bryan the lumineers,0.5437125748502994,0.4365177832919768,0.1442105263157894,0.4114643544533088,0.1536345443442826,2
242,0HUTL8i4y4MiGCPId7M7wb,freaks,surf curse,0.2347305389221557,0.9534739454094292,0.3905263157894737,3.427591357910388e-05,0.8035840603631219,1
243,0HVv5bEOiI9a0QfgcASXpX,nice for what,drake,0.658682634730539,0.9172870140612076,0.7631578947368421,0.0889266998169513,0.2826558806280569,0
244,0HYAsQwJIO6FLqpyTeD3l6,shinunoga ewa,fujii kaze,0.5389221556886228,0.7632340777502068,0.5126315789473684,0.1680017455263016,0.6732628371392813,1
245,0HZgYFimoJG9Ijy8InUWcV,bad reputation feat joe janiak,avicii joe janiak,0.7125748502994013,0.6360628618693135,0.4357894736842105,0.6599571825730229,0.2616521260708952,2
246,0HqZX76SFLDz2aW8aiqi7G,bones,imagine dragons,0.7461077844311379,0.7446236559139785,0.5673684210526315,0.0207169275638476,0.4072152794152322,0
247,0I20rLT2MJDhcF96AjbNYo,stay,zedd alessia cara,0.6467065868263473,0.62055417700579,0.5378947368421053,0.2545215156408579,0.3344699786576702,0
248,0IGUXY4JbK18bu9oD4mPIm,tomboy,gidle,0.724550898203593,0.8769644334160464,0.6452631578947369,0.0099321376146843,0.467439343647785,0
249,0IKeDy5bT9G0bA7ZixRT4A,bebe dame,fuerza regida grupo frontera,0.4538922155688624,0.5998759305210918,0.7621052631578947,0.3007995322137601,0.6706509712876136,0
250,0Ie5uiv54KgCr7P4sYDTHl,baby its cold outside with michael bubl,idina menzel michael bubl,0.4826347305389222,0.4696029776674937,0.5536842105263159,0.6509027880261508,0.40316446895084,2
251,0IhTEIjFaRt3B2NQYf9azQ,thing for you with martin solveig,david guetta martin solveig,0.747305389221557,0.7249793217535153,0.7757894736842105,0.0397311561122792,0.4494525359887303,0
252,0Iozrbed8spxoBnmtBMshO,wanda,quevedo,0.6874251497005989,0.6298593879239041,0.9736842105263156,0.2504973402866925,0.7820966269445402,0
253,0IpnZchq8ek2A6pGEP2Qb1,bean kobe feat chief keef,lil uzi vert chief keef,0.6982035928143714,0.5636889991728701,0.3021052631578947,0.0129703900070792,0.1739611484954564,1
254,0IqCoZ168iRc9LqfrYgpZy,kesi  remix,camilo shawn mendes,0.8634730538922156,0.8200992555831266,0.8326315789473684,0.1277599919846475,0.4609520009189898,0
255,0IqKeD8ZSP72KbGYyzEcAs,take me to church,hozier,0.4982035928143713,0.663978494623656,0.4263157894736842,0.6378242181251131,0.4971432717247383,2
256,0IuVhCflrQPMGRrOyoY5RW,shes all i wanna be,tate mcrae,0.5556886227544912,0.6433002481389578,0.651578947368421,0.0134734119263499,0.6851190152298381,0
257,0J9g1MMJDhyvOb3NWckHMm,chulo pt2,bad gyal tokischa young miko,0.8407185628742516,0.8883374689826303,0.5515789473684211,0.0605562635700851,0.3039075206016965,0
258,0JAZWvvqttGFm4UMDsPQXC,despeinada,ozuna camilo,0.6994011976047905,0.7787427626137304,0.7242105263157894,0.1871165784585873,0.7214130677936383,0
259,0JP9xo3adEtGSdUEISiszL,moonlight,xxxtentacion,0.9233532934131736,0.532671629445823,0.7147368421052631,0.5593527987188878,0.4914842290461247,0
260,0JXXNGljqupsJaZsgSbMZV,sure thing,miguel,0.6395209580838325,0.6050454921422663,0.4905263157894737,0.0268537949789498,0.2072745300757562,1
261,0JYAsQJWIuaYUvZGF1qapT,rerun feat travis scott,quavo travis scott,0.6395209580838325,0.7952853598014888,0.5231578947368422,0.0944599409289287,0.64857707724956,0
262,0JcNysfWVWaMS7R6vzGB2k,robarte un beso,carlos vives sebastian yatra,0.7089820359281438,0.8655913978494624,0.6526315789473685,0.0828904367857032,0.292190400183798,0
263,0JdkDCdrhMOaeXjIZdeBXN,ela me falou que quer rave,mc levin dj nikolas alves exclusive dj kaioken dj gege,0.8167664670658683,0.6401985111662531,0.9473684210526316,0.2726303047346023,0.5219076294294402,0
264,0Jh6iWjna1wk5le0Ahn7No,la vie quon mne,ninho,0.7784431137724552,0.7590984284532672,0.4463157894736842,0.6911445415678049,0.4019734097545934,2
265,0JiVRyTJcJnmlwCZ854K4p,alone,alan walker,0.6299401197604793,0.9379652605459058,0.131578947368421,0.1871165784585873,0.3041191301035678,1
266,0Jiaz0O4AqnJICa9PxHhaR,mahiye jinna sohna,darshan raval,0.4994011976047904,0.5357733664185278,0.3147368421052632,0.7404406896563311,0.2739375691509622,2
267,0JjM9bKm4wrwohMslcm892,still be friends feat tory lanez  tyga,geazy tory lanez tyga,0.7820359281437127,0.7622001654259719,0.2652631578947367,0.0051131876280712,0.346326156748227,1
268,0Jlcvv8IykzHaSmj49uNW8,the 1,taylor swift,0.7508982035928146,0.34656741108354,0.1473684210526315,0.7615676102656995,0.5632742640523825,2
269,0JmnkIqdlnUzPaf8sqBRs3,moonlight,kali uchis,0.5892215568862277,0.7074028122415219,0.9094736842105264,0.5211231328543163,0.544942835204566,0
270,0JoHqmlqE0W0i9prt6kcHR,cuatro babys feat trap capos noriel bryant myers  juhn,maluma trap capos noriel bryant myers juhn,0.7449101796407187,0.5430107526881721,0.0670526315789473,0.0988865338185107,0.5041203393007212,1
271,0JoWBcL61YWLXM5vW0YTHO,bad energy,juice wrld,0.6035928143712577,0.4447890818858561,0.5263157894736843,0.1710198770419257,0.5520952363678135,1
272,0JzG1wJuB4v9UPkSE7LMXi,hotel,montell fish,0.0934131736526946,0.4189412737799834,0.1684210526315789,0.7565373910729928,0.8079069401870629,2
273,0KAzP1Rbp0Vz5pw8i1KDDI,internet,post malone,0.3820359281437127,0.4830438378825475,0.1778947368421052,0.846075292703173,0.1650251815307227,2
274,0KBwGCY9RYD9t2zjeW4h48,djomb  bien ou quoi,bosh,0.9520958083832336,0.6763854425144749,0.6305263157894737,0.1730319647190083,0.4618588987841522,0
275,0KCSJzsQVxkloxoT7dyrqV,the rumbling tv size,sim,0.3089820359281438,0.8821339950372209,0.6463157894736842,9.326026383278336e-06,0.5940604235817628,0
276,0KKkJNfGyhkQ5aFogxQAPU,thats what i like,bruno mars,0.8419161676646708,0.5564516129032259,0.871578947368421,0.0130709943909333,0.5281047648413837,0
277,0Kdj7nwaYQmvhxnqZaIQuW,bezos i,bo burnham,0.651497005988024,0.9576095947063687,0.7084210526315788,0.0094089948186428,0.4130980235672525,0
278,0KkIkfsLEJbrcIhYsCL7L5,china,anuel aa daddy yankee karol g ozuna j balvin,0.761676646706587,0.8128618693134823,0.6063157894736841,0.0851037332304941,0.3525474761032413,0
279,0KoiMHhqKLoL4xM54rcWYY,taki taki feat selena gomez ozuna  cardi b,dj snake selena gomez ozuna cardi b,0.8287425149700599,0.8056244830438379,0.6157894736842106,0.1579413071408881,0.2972387982998688,0
280,0L7loeTIg6akW84aEQZpCT,light it up feat nyla  fuse odg remix,major lazer nyla fuse odg,0.7137724550898205,0.8842018196856907,0.7568421052631579,0.0377190684351964,0.3704194100327088,0
281,0L87MffumRNWrY2SNUFcvs,cocoon,milky chance,0.710179640718563,0.6588089330024814,0.8126315789473685,0.1003955995763227,0.4069855319560577,0
282,0L8LOav65XwLjCLS11gNPD,typa girl,blackpink,0.9161676646706588,0.6195202646815551,0.5210526315789474,0.0749426904612265,0.5155170224729291,0
283,0LEFmgIj8ABU7CelzGh5Bs,oprahs bank account lil yachty  dababy feat drake,lil yachty dababy drake,0.81437125748503,0.6236559139784946,0.8968421052631579,0.2273583320002414,0.5521677881970266,0
284,0LKErfBZ5FbBiLB4OcZRbL,el clavo,prince royce,0.8107784431137726,0.783912324234905,0.6589473684210526,0.0437553314664446,0.2013131881087552,0
285,0LMwmV37RCmBO2so0szAFs,whatever,kygo ava max,0.5101796407185629,0.7797766749379653,0.5936842105263157,0.1146814220836099,0.3701654786304633,0
286,0LQ1J0BCzA2qnAgp9MkkNE,mala feat anuel aa,6ix9ine anuel aa,0.6814371257485031,0.8304383788254756,0.7968421052631579,0.6931566292448875,0.3221784895918355,0
287,0LThjFY2iTtNdd4wviwVV2,permission to dance,bts,0.6610778443113773,0.7435897435897436,0.6463157894736842,0.0054653029715607,0.4728384089383853,0
288,0Li1OuXXfi7950ilZUFGkF,cardigan,don toliver,0.7149700598802397,0.4913151364764267,0.0361052631578947,0.2494912964481511,0.5763517312680246,1
289,0Lmbke3KNVFXtoH2mMSHCw,the boy is mine,ariana grande,0.7736526946107786,0.6215880893300249,0.4326315789473683,0.1498929564325573,0.3100683800990332,1
290,0LnS7aOdOdI1dNKZqdOLz4,dua lipa,jack harlow,0.8179640718562875,0.6515715467328371,0.3926315789473684,0.0016121550699473,0.6729423998935906,1
291,0Lsis3LB0XAK6XlTHXaJk2,maldita pobreza,bad bunny,0.7329341317365271,0.8676592224979321,0.5852631578947368,0.1398325180471437,0.5218834454863694,0
292,0LtVx5vsq9nfpGsWgjUin6,city of stars  from la la land soundtrack,ryan gosling emma stone,0.3988023952095809,0.1025641025641025,0.4073684210526315,0.9154923175625264,0.358611599828294,2
293,0Lw6aQcBFWTQ9m4MSwwwes,homicide,logic eminem,0.6850299401197606,0.7673697270471465,0.8042105263157895,0.1458687810783918,0.5629598727924594,0
294,0MIcPSq9n2z5H8TAfEstri,quiero repetir,ozuna j balvin,0.5485029940119761,0.7559966914805625,0.4736842105263158,0.103614939859655,0.3077890434645917,1
295,0MLu1cFYL4ikdRTdasCQT9,m manc con geolier  sfera ebbasta,shablo geolier sfera ebbasta,0.6622754491017965,0.7053349875930521,0.7294736842105263,0.0482825287398807,0.5635765633407699,0
296,0MMyJUC3WNnFS1lit5pTjk,jealousy jealousy,olivia rodrigo,0.6526946107784432,0.5719602977667494,0.7021052631578947,0.1991891045210835,0.708656037823687,0
297,0MWiSBKm8Avs8iDIxcertp,kiss my uh oh,annemarie little mix,0.584431137724551,0.8852357320099256,0.4726315789473684,0.0151836864518702,0.346011765488304,1
298,0McI9sOmkpfd4E72njtU0G,borrowed love feat swae lee  wizkid,metro boomin swae lee wizkid,0.44311377245509,0.5916046319272126,0.38,0.4426517134480908,0.4987817338677985,2
299,0MrRAUcB8AZiB9ue2VOBYe,sugar wraith,post malone,0.5461077844311378,0.7787427626137304,0.2894736842105263,0.2635759101877301,0.7092062225285523,1
300,0Mrnt1YqVuW2bqmwu4VxDt,amen feat teezo touchdown,drake teezo touchdown,0.5940119760479043,0.6029776674937966,0.291578947368421,0.0639768126211258,0.2626255297795029,1
301,0N8MGHEDAq29ip7RrlrTeN,beach house,the chainsmokers,0.4634730538922157,0.8428453267162944,0.5273684210526316,0.1911407538127527,0.2621841728184571,1
302,0N9C80kcgL0xXGduKnYKWi,love lost,mac miller the temper trap,0.7005988023952097,0.8169975186104219,0.5810526315789474,0.5311835712397298,0.3816044837030453,0
303,0NBgyml7T0IvUNbXIkcSpH,malvado 3,xam gustah neo beats bagua records,0.8035928143712575,0.6071133167907362,0.5094736842105263,0.380276995458527,0.5224638601200733,0
304,0NJp8GyCOWnQh71xKSPfuV,freaky,tory lanez,0.977245508982036,0.5595533498759305,0.3484210526315789,0.0020246330437493,0.3523177286440668,1
305,0NO2zL0kw8sGGnaMvHKAZF,marisola  remix,cris mj duki nicki nicole standly stars music chile,0.7365269461077846,0.8790322580645161,0.7263157894736841,0.1740380085575497,0.2919062388527136,0
306,0NRHj8hDwwmSPaA41o379r,the moment i knew taylors version,taylor swift,0.5820359281437126,0.3930934656741108,0.1852631578947368,0.0496909901138385,0.479047636321864,1
307,0NTMtAO2BV4tnGvw9EgBVq,bitch better have my money,rihanna,0.7556886227544911,0.7301488833746899,0.3821052631578947,0.0512000558716506,0.3402197111228,1
308,0NZPBYD5qbEWRs3PrGiRkT,unholy feat kim petras,sam smith kim petras,0.6730538922155689,0.45616211745244,0.183157894736842,0.0110589067138506,0.5107709236452458,1
309,0Nhu3zSYbEz32IYiobV75e,now or never,halsey,0.6143712574850301,0.5719602977667494,0.4484210526315789,0.100596808344031,0.382843910785434,1
310,0NiXXAI876aGImAd6rTj8w,mama,jonas blue william singe,0.7053892215568863,0.7963192721257238,0.5421052631578948,0.0915424137971588,0.346422892520511,0
311,0NmyHZZMfVBiUSOfDmz9Bf,la ragazza con il cuore di latta,irama,0.5532934131736528,0.6877584780810588,0.2873684210526316,0.2806786554429331,0.3217734085453962,1
312,0NwGC0v03ysCYINtg6ns58,better than revenge taylors version,taylor swift,0.41437125748503,0.8924731182795699,0.6663157894736842,0.0008837793308434,0.5994292589435244,0
313,0O3U5iwTbiXCREMkvotJuN,el amor de su vida,grupo frontera grupo firme,0.5580838323353294,0.8397435897435898,0.751578947368421,0.0603550548023769,0.6347257238556461,0
314,0O6u0VJ46W86TxN9wgyqDj,i like you a happier song with doja cat,post malone doja cat,0.6982035928143714,0.6701819685690654,0.4631578947368421,0.1217237289533994,0.3279705439573395,1
315,0OEe83mMZ5kaNw5uZQ7ilG,delresto echoes feat beyonc,travis scott beyonc,0.6275449101796409,0.6071133167907362,0.5021052631578947,0.4637786340574592,0.4192770210218925,2
316,0OI7AFifLSoGzpb8bdBLLV,home with machine gun kelly x ambassadors  bebe rexha,mgk x ambassadors bebe rexha,0.6023952095808385,0.7198097601323408,0.1936842105263157,0.0041473855430715,0.2135200333738414,1
317,0OMt4Qyetdbw2eUEvKBdHH,remind me,eminem,0.7353293413173654,0.8738626964433416,0.7736842105263158,0.1257479043075648,0.2856788735119317,0
318,0OTBOHjEaoqroFlfut1ZsH,royalty feat kymani marley stefflon don  vybz kartel,xxxtentacion kymani marley stefflon don vybz kartel,0.9209580838323356,0.5337055417700579,0.5947368421052631,0.0244392897664506,0.4730016505541145,0
319,0OTNHGKcqQbk51bOYe462Y,ultra solo,polim westcoast pailita,0.7808383233532936,0.8521505376344086,0.24,0.2344006388700309,0.3824932436109045,1
320,0OVhQZkNe7lh0fQeH96EFW,dont get too high,bryson tiller,0.8742514970059881,0.4892473118279569,0.4599999999999999,0.0148818733003078,0.467390975761643,1
321,0OWZFobGSIW9GrSlQ9C5pc,marry me,thomas rhett,0.2191616766467066,0.4034325889164598,0.4652631578947368,0.0982829075153859,0.2316217147624834,1
322,0Odu228D0yGcFySGuxU4rY,the take feat chris brown,tory lanez chris brown,0.3760479041916168,0.5430107526881721,0.411578947368421,0.0514012646393588,0.1226428212987986,1
323,0OgGn1ofaj55l2PcihQQGV,drew barrymore,bryce vine,0.7281437125748504,0.5709263854425145,0.2410526315789473,0.4627725902189178,0.636442783813687,2
324,0OlnLZY4cmQzT6ZGttvWBM,so far away feat jamie scott  romy dya,martin garrix david guetta jamie scott romy dya,0.4502994011976049,0.5150951199338296,0.1031578947368421,0.437621494255384,0.6191149886033169,2
325,0OoNzMdPSgbkM5MkcuEZfm,lock on me with travis scott  future,metro boomin travis scott future,0.7137724550898205,0.4913151364764267,0.1442105263157894,0.5140808259845269,0.2856909654834672,2
326,0Oqc0kKFsQ6MhFOLBNZIGX,doin time,lana del rey,0.5880239520958085,0.555417700578991,0.5168421052631579,0.4064341352606022,0.594102745482137,2
327,0OwX5aROoW1Iip8FV51Efg,alarm,annemarie,0.7257485029940121,0.586435070306038,0.8200000000000001,0.0816831841794535,0.6058682337861776,0
328,0OyQns5ayNK2OVaES0Vb8t,righteous,juice wrld,0.6670658682634731,0.62055417700579,0.2010526315789473,0.0399323648799874,0.5817689345159283,1
329,0P6AWOA4LG1XOctzaVu5tt,the weekend  funk wav remix,sza calvin harris funk wav,0.7485029940119762,0.5698924731182795,0.668421052631579,0.4979841245678652,0.3337807362801467,0
330,0PAcdVzhPO4gq1Iym9ESnK,thinkin bout me,morgan wallen,0.6059880239520959,0.7601323407775021,0.4178947368421052,0.4949659930522411,0.5638063107999445,2
331,0PB0O24JqAuNdOAFVJljMS,coco chanel,eladio carrion bad bunny,0.6383233532934134,0.7673697270471465,0.1105263157894737,0.0429504963956115,0.624133156790549,1
332,0PDUDa38GO8lMxLCRc4lL1,pillowtalk,zayn,0.5197604790419162,0.7011993382961125,0.4273684210526315,0.117699553599234,0.4729532826679726,1
333,0PG9fbaaHFHfre2gUVo7AN,please me,cardi b bruno mars,0.7149700598802397,0.5667907361455748,0.6505263157894737,0.0645804389242506,0.5276573618945701,0
334,0PKpNkxX3FkcfgxCQUXXds,down hill,drake,0.6802395209580839,0.3072787427626137,0.6389473684210526,0.9708247286823009,0.3825657954401175,2
335,0PQsrLxPbOBBwwmXCnGvcF,diamonds with normani,megan thee stallion normani,0.7604790419161678,0.7559966914805625,0.48,0.18912866613567,0.2859388508999449,0
336,0PZ04XgQ14FmKZBg3Gxlhr,radio,lana del rey,0.3580838323353295,0.8428453267162944,0.1842105263157894,0.2243402004846173,0.1711920870138271,1
337,0PowxVSTY2uh1CPc8EPKyX,project dreams,marshmello roddy ricch,0.7508982035928146,0.836641852770885,0.7989473684210526,0.4225308366772637,0.6858263955646648,0
338,0PurA4JVJ8YQgSVopY8fn6,tolerate it,taylor swift,0.1988023952095809,0.3507030603804797,0.1989473684210526,0.8832989147292032,0.1707023621666394,2
339,0PvFJmanyNQMseIFrU708S,for the night feat lil baby  dababy,pop smoke lil baby dababy,0.8059880239520959,0.5833333333333334,0.331578947368421,0.1146814220836099,0.4791625100514513,1
340,0PwFN7vRvY80Hnkoew2x3f,2catorce,rauw alejandro mr naisgai,0.740119760479042,0.5564516129032259,0.3578947368421052,0.7132775060157146,0.395201905694714,2
341,0Px86mRlxdB3YqpK6KXWlr,once an addict  interlude,j cole,0.5664670658682636,0.466501240694789,0.111578947368421,0.6297758674167824,0.2258054764539084,2
342,0Q2n5yzl2XRqYbV77tZNYp,goodmorningtokyo,tokyos revenge,0.9065868263473056,0.5347394540942929,0.6652631578947369,0.0410390131023829,0.4727960870380112,0
343,0Q5VnK2DYzRyfqQRJuUtvi,love dive,ive,0.6622754491017965,0.7105045492142267,0.5326315789473685,0.0038053306379675,0.4306132443364228,0
344,0QBzMgT7NIeoCYy3sJCof1,bam bam feat ed sheeran,camila cabello ed sheeran,0.7257485029940121,0.6980976013234077,0.9726315789473684,0.1830924031044219,0.2918881008954104,0
345,0QHEIqNKsMoOY5urbzN48u,made you look,meghan trainor,0.8239520958083834,0.5202646815550042,0.8968421052631579,0.3470775487866623,0.5940966994963695,0
346,0QIjsbm2fh1cJ45XO9eGqq,wake up in the sky,gucci mane bruno mars kodak black,0.7784431137724552,0.575062034739454,0.3526315789473684,0.0038254515147383,0.5821800615481352,1
347,0QPRDC97rIQB3Jh3hrVJoH,snap,rosa linn,0.4946107784431138,0.6381306865177834,0.511578947368421,0.1076391152138204,0.7452705276331781,1
348,0QRHOAeU8JRaVVn3UoZBih,reina,mora saiko,0.6874251497005989,0.575062034739454,0.7631578947368421,0.6358121304480305,0.7331785560976791,0
349,0QS5rZpm5zN9wV9lJgjyUE,el prstamo,maluma,0.7712574850299403,0.7373862696443342,0.7842105263157895,0.1770561400731738,0.2859690808287836,0
350,0QV16pno66L6K3fn4W13b7,no sleep leak,lil uzi vert,0.7640718562874254,0.6898263027295285,0.6831578947368422,0.0112601154815589,0.5400697706757598,0
351,0QglpM23kl9ldvVdoYNZwF,mds,kawe mc lele jp original quality,0.8814371257485031,0.5585194375516958,0.6505263157894737,0.260557778672106,0.5641025641025641,0
352,0Qh38w01QRXK6KHIv0e3hb,what about us,pnk,0.4083832335329341,0.5854011579818031,0.1694736842105263,0.0282622563529077,0.4044159880047642,1
353,0QosomGFiJYOxj2ViZfqng,selfish,justin timberlake,0.6467065868263473,0.5388751033912325,0.3621052631578947,0.0727293940164355,0.2496145684073059,1
354,0QsvXIfqM0zZoerQfsI9lm,dont let me down,the chainsmokers daya,0.4694610778443114,0.8655913978494624,0.3905263157894737,0.1609594386565121,0.683674024631346,1
355,0QwKxajohg1rAMMmv1AWe1,burn,juice wrld,0.244311377245509,0.4685690653432588,0.0076842105263157,0.1498929564325573,0.4126808505492778,1
356,0R6Jlsq25eZB3Wftpxi3oF,jonestown interlude,post malone,0.2754491017964072,0.4468569065343258,0.2694736842105263,0.7595555225886168,0.1866637645934981,2
357,0R6NfOiLzLj4O5VbYSJAjf,la diabla,xavi,0.7197604790419163,0.8242349048800661,0.7,0.2565336033179406,0.5146584924939088,0
358,0RAvy97QRPzO2AfK5Dw6j3,we cry together,kendrick lamar taylour paige,0.5964071856287426,0.6805210918114145,0.4968421052631578,0.2937572253439706,0.363799055617023,1
359,0RDgqtvOHLwcI6yz9bjsZV,perreo en la luna,rich music ltd sech dalex justin quiles lenny tavrez feid,0.6718562874251498,0.7601323407775021,0.7284210526315789,0.2696121732189782,0.7696237583056731,0
360,0RFFFGtPn6a58RHY3ccVYX,si tu novio te deja sola,j balvin bad bunny,0.6778443113772455,0.4540942928039702,0.5294736842105263,0.5482863164949329,0.4550934407100405,2
361,0RLLvYBopDwooCyvnTwgYu,fn,lil tjay,0.4994011976047904,0.5099255583126552,0.3042105263157895,0.3561319433335345,0.443666527608994,1
362,0ROE31C8Wu4neZoR9stM9e,sasuke,lil uzi vert,0.8491017964071857,0.4706368899917286,0.1273684210526315,0.0041574459814569,0.6001305932925836,1
363,0RSZ8EmUPEN3ySfCgytPke,auf  ab,montez,0.6754491017964073,0.4168734491315136,0.2989473684210526,0.4054280914220608,0.3163017914255829,2
364,0RTzJVkunbGwuRjXDFHnjf,dreamer,axwell  ingrosso,0.5712574850299402,0.8531844499586435,0.6094736842105263,0.0238356634633258,0.4794406253967677,0
365,0RUTnY2B3s05fZuCHsNaUP,alien,sabrina carpenter jonas blue,0.6826347305389222,0.6588089330024814,0.5631578947368421,0.0591478021961273,0.3581460589241772,0
366,0RYHqnmtNRfbYxP6Dn8Vse,masquerade,siouxxie sixxsta,0.5485029940119761,0.7963192721257238,0.6094736842105263,0.0006704980370726,0.6915761280297947,0
367,0RYXEibxMami3QuT8kn4Iz,marmalade feat lil yachty,macklemore lil yachty,0.9245508982035928,0.5802315963606286,0.4863157894736842,0.009851654107601,0.5400576787042244,0
368,0RbW8kWozrVSIGb4V13o0o,hurricane,kanye west,0.5233532934131737,0.5574855252274608,0.3357894736842105,0.0468740673659228,0.2012769121941486,1
369,0RiRZpuVRbi7oqRdSMwhQY,sunflower  spiderman into the spiderverse,post malone swae lee,0.724550898203593,0.5171629445822995,0.94,0.5362137904324367,0.2614405165690239,0
370,0RoA7ObU6phWpqhlC9zH4Z,a million dreams,ziv zaifman hugh jackman michelle williams,0.1377245508982036,0.3000413564929693,0.0713684210526315,0.2444610772554444,0.0485432197292607,2
371,0Rx0DJI556Ix5gBny6EWmn,paradise,bazzi,0.8311377245508983,0.6433002481389578,0.588421052631579,0.0832928543211197,0.4555227056995508,0
372,0Ryd8975WihbObpp5cPW1t,boyfriend with social house,ariana grande social house,0.2994011976047904,0.7994210090984285,0.7052631578947368,0.1197116412763167,0.866867393394156,0
373,0S9ZVNTNRzLMgb96tmmG1u,enchule,rauw alejandro,0.7317365269461079,0.6681141439205956,0.5747368421052631,0.1539171317867227,0.2619423333877472,0
374,0SCMVUZ21uYYB8cc0ScfbV,bombonzinho  ao vivo,israel  rodolffo ana castela,0.6035928143712577,0.9576095947063687,0.7094736842105263,0.3018055760523014,0.6731358714381586,0
375,0SErdEdRcVX1uJCf1eTGYH,somebodys problem,morgan wallen,0.6071856287425151,0.5357733664185278,0.6242105263157894,0.6659934456042711,0.5456623075109281,2
376,0SGkqnVQo9KPytSri1H6cF,bounce back,big sean,0.754491017964072,0.5719602977667494,0.2536842105263158,0.1066330713752791,0.2103035689453986,1
377,0STK94RxUulYqWzwFlyAb5,sober,demi lovato,0.295808383233533,0.2907361455748552,0.1452631578947368,0.802815407645895,0.7466913342885992,2
378,0SVsEdvot6vU4byv5yW0oj,thats how you feel,drake,0.7904191616766469,0.4437551695616211,0.3442105263157894,0.1529110879481813,0.2339736032261379,1
379,0SaYeGhSXN0dDWstyNTQ56,bella  remix,wolfine maluma,0.9185628742514972,0.4696029776674937,0.8821052631578947,0.3058297514064669,0.2857877012557512,0
380,0SfG57HqtBNqKN9O27fo1s,racks on racks,lil pump,0.8047904191616767,0.4778742762613729,0.0646315789473684,0.0312803878685318,0.624810307196537,1
381,0Sfn2TYbpQtCGMBf6C0Y6T,playa del ingls,quevedo myke towers,0.7700598802395211,0.7384201819685691,0.6568421052631579,0.0826892280179949,0.4006977067575982,0
382,0Snbzbd74RLfL0i4nn1vU5,favorito,camilo,0.5520958083832336,0.8573200992555832,0.8326315789473684,0.2303764635158655,0.7939225751062584,0
383,0So2sgVa8aJiARPl2P29u2,pope is a rockstar,sales,0.6886227544910181,0.4385856079404466,0.2936842105263157,0.8551296872500452,0.2618274596581599,2
384,0SqqAgdovOE24BzxIClpjw,yo perreo sola,bad bunny,0.8502994011976049,0.761166253101737,0.4431578947368421,0.0211193450992641,0.3040889001747289,1
385,0SuG9kyzGRpDqrCWtgD6Lq,give me love,ed sheeran,0.4502994011976049,0.3165839536807279,0.0821052631578947,0.6981868484375943,0.419289112993428,2
386,0SvxydoxEEkXt9aMAqTfpB,wait feat a boogie wit da hoodie,maroon 5 a boogie wit da hoodie,0.6670658682634731,0.6060794044665012,0.4021052631578947,0.0631719775502927,0.4800694079166137,1
387,0Szp49tpFasIjX04Mcsydp,t foto,ozuna,0.7005988023952097,0.4758064516129032,0.8031578947368422,0.206231411390873,0.7810748553497906,0
388,0T2pB7P1VdXPhLdQZ488uH,normal,feid,0.6694610778443114,0.5564516129032259,0.5357894736842106,0.0341979150003017,0.7458569882526498,1
389,0T5iIrXA4p5GsubkhuBIKV,until i found you,stephen sanchez,0.465868263473054,0.5026881720430108,0.2052631578947368,0.731386295109459,0.3303526623498328,2
390,0T6RSXxFhW8dRTWHI604ld,one minute feat kanye west  travis barker,xxxtentacion kanye west travis barker,0.5005988023952096,0.6350289495450786,0.891578947368421,0.0067429786465082,0.403744883584544,0
391,0TCnOEVeLQMXOUrpPlM7uY,guatemala  from swaecation,rae sremmurd swae lee slim jxmmi,0.837125748502994,0.7001654259718776,0.0482105263157894,0.1861105346200459,0.3281216936015332,1
392,0TFVOjSvPTjFHkiZZekK5k,pineapple feat gucci mane  quavo,ty dolla ign gucci mane quavo,0.9748502994011976,0.5512820512820513,0.3221052631578948,0.0302743440299904,0.5036245684677658,1
393,0TK2YIli7K1leLovkQiNik,seorita,shawn mendes camila cabello,0.7293413173652696,0.5357733664185278,0.7557894736842106,0.0372160465159258,0.4246035344832798,0
394,0TL0LFcwIBF5eX7arDIKxY,husn,anuv jain,0.4514970059880241,0.3662117452440033,0.2189473684210525,0.6861143223750982,0.6360981626249251,2
395,0TMGV2zMZXOILVtQLtkI3G,what am i,why dont we,0.5556886227544912,0.6464019851116626,0.3536842105263157,0.0691076361976866,0.7082509567772477,1
396,0TUW9faHNaBmi89wsYGp9y,mamichula  con nicki nicole,trueno nicki nicole bizarrap taiu tatool,0.6538922155688623,0.6784532671629446,0.3305263157894736,0.5855099385209628,0.2736836377487167,2
397,0Tcw8w9pvPrZoORgxsNASW,over your head,future lil uzi vert,0.7461077844311379,0.7446236559139785,0.3347368421052631,0.0019843912902076,0.6180871710227995,1
398,0TlLq3lA83rQOYtrqBqSct,nonstop,drake,0.9125748502994014,0.4034325889164598,0.411578947368421,0.0165921478258281,0.6545686491453999,1
399,0TrPqhAMoaKUFLR7iYDokf,know your worth,khalid disclosure,0.7664670658682636,0.694995864350703,0.5010526315789474,0.1458687810783918,0.3403224928808517,0
400,0TvQLMecTE8utzoNmvXRbK,bad blood,taylor swift,0.6011976047904193,0.8066583953680728,0.2768421052631579,0.0876188428268475,0.7463104371852309,1
401,0TyUOnU4H4GLqOcrH0auc8,sharks,imagine dragons,0.9305389221556888,0.641232423490488,0.9147368421052632,0.0079502312527578,0.4670584465444168,0
402,0U1W2LZVUX7qTm7dDpqxh6,when youre gone,shawn mendes,0.5425149700598804,0.6918941273779983,0.5736842105263157,0.0249423116857213,0.6071983506550824,0
403,0U6Vg6RUmzADUO0Y9fVKft,golden trunks,arctic monkeys,0.4095808383233533,0.5605872622001654,0.0606315789473684,0.1297720796617302,0.2770633437928887,1
404,0U6bQIAh6MCGo1xjbIIx2S,instagram,dimitri vegas  like mike david guetta daddy yankee afro bros natti natasha dimitri vegas like mike,0.7365269461077846,0.914185277088503,0.966315789473684,0.1257479043075648,0.2983875355957412,0
405,0U9CZWq6umZsN432nh3WWT,gol bolinha gol quadrado 2,mc pedrinho dj 900,0.9293413173652696,0.6515715467328371,0.6789473684210526,0.420518749000181,0.5213997666249492,0
406,0U9dP3BUlAgq9KkJXOijBH,skrr,kalim ufo361,0.7820359281437127,0.6484698097601324,0.5810526315789474,0.1639775701721362,0.473521605330141,0
407,0UKUfxIkDAMZz7hMdiVX3m,cover me in sunshine,pnk willow sage hart,0.3868263473053892,0.5895368072787428,0.2736842105263157,0.0531115391648791,0.6830875640118743,1
408,0UQwlF2pRkr1lMN6kNNUj3,la boca,mau y ricky camilo,0.5604790419161677,0.7994210090984285,0.7663157894736842,0.0658882959143543,0.8414984371126792,0
409,0URaKGzNTtzKRtsJN1RkA9,light,big sean jeremih,0.4251497005988025,0.609181141439206,0.151578947368421,0.8309846351250528,0.2371598377257419,2
410,0UTHr20nqVFMoji8xYE9yl,perfectly wrong,shawn mendes,0.377245508982036,0.2990074441687345,0.2936842105263157,0.8802807832135792,0.282075465994353,2
411,0UTyLmkQgPOEIz95OVAJTR,range brothers with kendrick lamar,baby keem kendrick lamar,0.6191616766467067,0.5791976840363937,0.1147368421052631,0.0046805887774984,0.454984612966221,1
412,0UXlu64mDLvfzR8IXMz06J,ya no somos ni seremos,christian nodal,0.5245508982035929,0.4447890818858561,0.7389473684210526,0.4396335819324667,0.563697483056125,0
413,0UbesRsX2TtiCeamOIVEkp,ch y la pizza,fuerza regida natanael cano,0.5724550898203594,0.6681141439205956,0.8557894736842104,0.3309808473700007,0.6168598359119464,0
414,0UeYCHOETPfai02uskjJ3x,shooting stars,bag raiders,0.5820359281437126,0.7218775847808105,0.4136842105263157,0.0898321392716385,0.4729532826679726,1
415,0UioblV1x795s55Ur58c6c,the race,tayk,0.7640718562874254,0.5523159636062863,0.4726315789473684,0.0191072574221814,0.2012950501514519,1
416,0UnTaVkntyh3vqvLEvbpQx,in your eyes with doja cat  remix,the weeknd doja cat,0.6335329341317367,0.7332506203473945,0.731578947368421,0.0052037315735399,0.3220454779049449,0
417,0Uv5Kp8sEnriJjkX4oLfNI,paul  skit,paul rosenberg,0.5820359281437126,0.3238213399503722,0.5568421052631579,0.9989939561614588,0.6950586158320184,2
418,0UvZcEfpzVyx47QsRbjyBz,el apagn,bad bunny,0.5736526946107785,0.6991315136476427,0.5968421052631578,0.0512000558716506,0.4295491508412989,0
419,0UwQTbq7ZtBJ7v530mpaxP,stay gold,bts,0.6874251497005989,0.6298593879239041,0.5431578947368422,0.0878200515945558,0.4975906746715519,0
420,0UyljEbX9dqI1K0sqdv6B6,slow dancing in the dark,joji,0.4371257485029941,0.4727047146401985,0.2652631578947367,0.5472802726563916,0.2554187147443454,2
421,0V3wPSX9ygBnCm8psDIegu,antihero,taylor swift,0.5832335329341318,0.6422663358147229,0.5273684210526316,0.1307781235002716,0.3040526242601224,1
422,0V9cosR5jWa4fr2koARmhD,summer air,italobrothers,0.724550898203593,0.7539288668320927,0.4831578947368421,0.0638762082372716,0.3342462771842634,1
423,0VJYhKhrHgJ7fgjGaC2k07,the explanation,xxxtentacion,0.5353293413173653,0.0942928039702233,0.2957894736842105,0.4637786340574592,0.2091487856637585,2
424,0VKkyBKCXyR99navhVRqcP,la player bandolera,zion  lennox,0.7413173652694612,0.8438792390405293,0.6,0.1609594386565121,0.2858421151276609,0
425,0VO8gYVDSwM1Qdd2GsMoYK,moth to a flame with the weeknd,swedish house mafia the weeknd,0.4826347305389222,0.6588089330024814,0.0768421052631578,0.0027087428539574,0.4439446429543105,1
426,0VOMBffX1llDu37yQUt3u3,pop out feat nardo wick,lil baby nardo wick,0.3880239520958084,0.5729942100909843,0.2663157894736842,0.0024874132094783,0.6724889509610095,1
427,0VQ3GSPdl4njPOr3lyaoaD,dancing with the devil,demi lovato,0.3149700598802395,0.6391645988420183,0.123157894736842,0.274642392411685,0.17247383599659,1
428,0VSzREd1OjEWJ9tXoFHRQH,those kinda nights feat ed sheeran,eminem ed sheeran,0.7712574850299403,0.6360628618693135,0.38,0.0281616519690536,0.345528086626884,1
429,0VTfHLWzaUUb2Lbw84xOdX,walk em down feat roddy ricch,nle choppa roddy ricch,0.8586826347305391,0.7466914805624483,0.6452631578947369,0.2696121732189782,0.2254366713220756,0
430,0VWLId2RwPCno9s1cJm2Vy,travesuras  remix,nio garcia casper magico ozuna wisin  yandel myke towers flow la movie,0.7053892215568863,0.7921836228287842,0.4642105263157894,0.0516024734070671,0.7816129480831204,1
431,0VgkVdmE4gld66l8iyGjgx,mask off,future,0.8179640718562875,0.4261786600496278,0.2621052631578947,0.0102540716430175,0.6248163531823048,1
432,0VhgEqMTNZwYL1ARDLLNCX,can i be him,james arthur,0.6538922155688623,0.5388751033912325,0.4705263157894737,0.3098539267606323,0.3703226742604247,1
433,0VjIjW4GlUZAMYd2vXMi3b,blinding lights,the weeknd,0.4359281437125749,0.7322167080231596,0.3178947368421052,0.0014612484941661,0.7514374331162825,1
434,0Vl4eICpXMjtiK0RhdaWov,zu ende,samra elif,0.6670658682634731,0.749793217535153,0.4831578947368421,0.308847882922091,0.2013736479664327,0
435,0VsGaRXR5WAzpu51unJTis,best part of me feat yebba,ed sheeran yebba,0.4970059880239521,0.2287014061207609,0.2178947368421052,0.7625736541042409,0.2112286047678643,2
436,0VtxQUpwnkeedz0QhhuOgA,gummo,6ix9ine,0.6479041916167665,0.7818444995864351,0.6873684210526316,0.0467734629820686,0.1921293357275436,0
437,0VuDtcT7H4CAljLZEH021x,stop the rain,ed sheeran,0.6419161676646709,0.7684036393713813,0.7484210526315789,0.0122661593201002,0.3221301217056935,0
438,0Vz146N2GxkVJw4kSGXrNi,you  me coachella ver,jennie,0.7173652694610779,0.6515715467328371,0.6242105263157894,0.005083006312915,0.3943615136729967,0
439,0W6I02J9xcqK8MtSeosEXb,get into it yuh,doja cat,0.9125748502994014,0.6546732837055418,0.8010526315789473,0.3168962336304218,0.2734236603607035,0
440,0WCEaydwN65cvwaW8aqptF,history,olivia holt,0.7305389221556887,0.6288254755996692,0.4947368421052631,0.0965726329898656,0.3280491417723203,1
441,0WCxpmafw3tOlUmiilGbsy,lady gaga,peso pluma gabito ballesteros junior h,0.5940119760479043,0.7384201819685691,0.8852631578947369,0.2172978936148279,0.5645741509924487,0
442,0WFgtxiLNr99YaoSdYR3Ud,honda civic,the cratez bonez mc,0.6634730538922157,0.7859801488833748,0.3305263157894736,0.2836967869585571,0.2819364083216948,1
443,0WFryfbNKPXVtVQlz5dZ8H,hotline edit,billie eilish,0.4383233532934133,0.2400744416873449,0.2863157894736842,0.8209241967396392,0.0611309620977151,2
444,0WIv5qV41y6YjjB9V1biuC,made for me,muni long,0.7604790419161678,0.4633995037220843,0.0262105263157894,0.137820430370061,0.4430982049468255,1
445,0WSEq9Ko4kFPt8yo3ICd6T,praise god,kanye west,0.776047904191617,0.5409429280397023,0.1894736842105263,0.0090870607903096,0.4311452910839847,1
446,0WSa1sucoNRcEeULlZVQXj,can you feel my heart,bring me the horizon,0.0,0.8655913978494624,0.3389473684210525,0.0020145726053639,0.7485474519192983,1
447,0WdR2AyLW1Drd3OUdwezM0,everytime,ariana grande,0.6706586826347306,0.6122828784119106,0.6589473684210526,0.1871165784585873,0.613268520365903,0
448,0WoVfPjxsf9MTvPt9ptqeE,slut me out,nle choppa,0.9437125748502996,0.6040115798180314,0.7094736842105263,0.117699553599234,0.4497608812628855,0
449,0Ws8D3EWUDgY962Xftb0h5,cash out feat schoolboy q partynextdoor  dram,calvin harris schoolboy q partynextdoor dram funk wav,0.6850299401197606,0.794251447477254,0.423157894736842,0.1529110879481813,0.2917006753366103,1
450,0WtM2NBVQNNJLh6scP13H8,calm down with selena gomez,rema selena gomez,0.7796407185628744,0.8107940446650125,0.8105263157894738,0.3843011708126924,0.3644580680657077,0
451,0Wv5wuenRLI3BcwgT3HPIP,a different way with lauv,dj snake lauv,0.7556886227544911,0.7684036393713813,0.5599999999999999,0.537219834270978,0.3522935447009958,0
452,0X8DcetL926BYiPJYstJTc,lucid dreams,juice wrld,0.4323353293413174,0.5626550868486352,0.1957894736842105,0.3511017241408277,0.2248199807737652,1
453,0XER3HPMx223xWaAgNKp4Y,my mind  me,selena gomez,0.5389221556886228,0.379652605459057,0.223157894736842,0.5694132371043011,0.585608135478449,2
454,0XLOf9LhyazPX9Ld8jPiUq,fetish feat gucci mane,selena gomez gucci mane,0.6682634730538923,0.6081472291149711,0.2873684210526316,0.0205157187961393,0.461429633794642,1
455,0XOnMqLQDO89iAg7dWWwnG,pete davidson,ariana grande,0.6011976047904193,0.2979735318444995,0.2863157894736842,0.4325912750626773,0.4425359282704248,2
456,0XPsOSYzDJZJArevQNm2AR,speechless full,naomi scott,0.3880239520958084,0.4830438378825475,0.2084210526315789,0.4698148970887074,0.4723486840911976,2
457,0Xek5rqai2jcOWCYWJfVCF,enemies feat dababy,post malone dababy,0.4694610778443114,0.6743176178660051,0.668421052631579,0.0591478021961273,0.1793843977291277,0
458,0XfOi87h82i09rQjWYG0Bm,instruction feat demi lovato  stefflon don,jax jones demi lovato stefflon don,0.7389221556886229,0.9431348221670804,0.9084210526315788,0.1046209836981964,0.4495250878179432,0
459,0XinBYhf1X3kdvKQHOX971,t me dejaste de querer,c tangana nio de elche la hngara,0.7928143712574852,0.749793217535153,0.48,0.311866014437715,0.7334203955283891,0
460,0XkmeG97T4mtYlWRJcrxec,party girl remix,staysolidrocky lil uzi vert,0.7209580838323354,0.3651778329197684,0.588421052631579,0.5362137904324367,0.5034915567808753,2
461,0XySogm94T51XF5F2jumXm,all girls are the same,juice wrld,0.6239520958083834,0.5244003308519438,0.18,0.0773571956737257,0.6969268254342529,1
462,0Y4hwUppbGc8aIBmiTz30A,familiar,liam payne j balvin,0.5820359281437126,0.8097601323407776,0.9221052631578948,0.0161897302904115,0.2795663819007369,0
463,0Y7di9ZCmB6Elad5WISaPc,dedicate,lil wayne,0.873053892215569,0.6619106699751862,0.7284210526315789,0.0331918711617604,0.4308188078525263,0
464,0YFqKxV9uNu6LUeYkLOKRS,on time with john legend,metro boomin john legend,0.2562874251497006,0.6184863523573201,0.4831578947368421,0.7404406896563311,0.2006420836885349,2
465,0YHUITU3w6ws1v8ehT264g,shout out to my ex,little mix,0.747305389221557,0.7415219189412738,0.8326315789473684,0.0317834097878025,0.4793499356102516,0
466,0YWUHZPJVg4iujddsJDwhM,my only wish this year,britney spears,0.621556886227545,0.8490488006617039,0.7052631578947368,0.1700138332033843,0.6067872236228757,0
467,0YammaEkYSeo9vQYZ1OwS6,say my name,david guetta bebe rexha j balvin,0.6622754491017965,0.6598428453267163,0.7978947368421053,0.137820430370061,0.2920997103972817,0
468,0YbI9lWxUBsCJLb6EBydkr,leave your life,ed sheeran,0.5125748502994012,0.5543837882547561,0.5347368421052632,0.2374187703856549,0.1715185702452856,1
469,0YeUVm23SAkUruwEx9LWnt,savior,kendrick lamar baby keem sam dew,0.5449101796407186,0.6929280397022333,0.6873684210526316,0.4979841245678652,0.4723245001481267,0
470,0YevRlTDW9tyIwViCyke8Q,anxiety  intro,juice wrld,0.1880239520958084,0.5233664185277089,0.5768421052631578,0.9778670355520904,0.7743517191760532,2
471,0YkUwXxnTkeJBvt5upeEtP,from florida with love,drake,0.7628742514970062,0.4706368899917286,0.4673684210526315,0.7726340924896544,0.2042817671207201,2
472,0Ymjv0OJeIIPXr6s9wi3iW,mathematical disrespect,lil mabu,0.7724550898203595,0.5016542597187759,0.471578947368421,0.0615623074086265,0.6049190140206409,1
473,0YqTL3nSL36OFdHwHoqCag,modo turbo,lusa sonza pabllo vittar anitta,0.6047904191616768,0.72808105872622,0.7726315789473684,0.3360110665627075,0.685288302831335,0
474,0YwBZKT8JE4U5TwmYE9BV9,radio ga ga  live aid,queen,0.3065868263473055,0.9431348221670804,0.3821052631578947,0.0138758294617664,0.4359458037835779,1
475,0YxKKO272sacGBJKjf6FnB,saari duniya jalaa denge,jaani b praak,0.4371257485029941,0.4685690653432588,0.6757894736842106,0.7867187062292333,0.2123168822060592,2
476,0Z0kNthq0sS4lvGz9SSlBF,7 summers,morgan wallen,0.5688622754491018,0.7787427626137304,0.5852631578947368,0.4335973189012186,0.3339983917677857,0
477,0Z26mbSHJ1dkUu7g9DDgif,trigger,major lazer khalid death stranding timefall diplo,0.502994011976048,0.5822994210090984,0.3642105263157894,0.1287660358231888,0.305727362317789,1
478,0Z5ok0QLLttAKsujOZYOXf,chasing pavements,adele,0.5580838323353294,0.4633995037220843,0.3084210526315789,0.2927511815054293,0.2014038778952714,1
479,0Z9HQ8YvHqdeOjTwsR3cS7,two high,moon taxi,0.598802395209581,0.7684036393713813,0.4663157894736841,0.0938563146258039,0.3645548038379917,1
480,0ZExP2I5Ej92PsnG4G1jVG,uh huh,julia michaels,0.7353293413173654,0.6722497932175352,0.5221052631578947,0.1368143865315197,0.5515752815917871,0
481,0ZKKJTv21zJpNrKiL0LYyV,out for the night,21 savage,0.8275449101796407,0.6960297766749379,0.3957894736842104,0.0009984683284371,0.7657240974854747,1
482,0ZLuW8uOXdFNWcI40C0OC2,whats poppin feat dababy tory lanez  lil wayne remix  bonus track,jack harlow tory lanez dababy lil wayne,0.902994011976048,0.7249793217535153,0.8452631578947368,0.0634737907018551,0.5942901710409374,0
483,0ZNU020wNYvgW84iljPkPP,mirrorball,taylor swift,0.4826347305389222,0.4044665012406947,0.3652631578947368,0.6911445415678049,0.3832489918318731,2
484,0ZNrc4kNeQYD9koZ3KvCsy,big bank feat 2 chainz big sean nicki minaj,yg 2 chainz big sean nicki minaj,0.7125748502994013,0.3351943755169561,0.0842105263157894,0.005545786478644,0.9503866407898476,1
485,0Zbbxnx4SGGHoIow4PpISP,stargazing,kygo justin jesso,0.6311377245508983,0.4913151364764267,0.4073684210526315,0.1529110879481813,0.3169245279596611,1
486,0ZiRSqlSsDlY0UyDYU9CTE,unforgettable,thomas rhett,0.6107784431137726,0.7477253928866833,0.8378947368421052,0.0295701133430115,0.5039691896565277,0
487,0ZoHHROTzwIYeNAHRPedTY,driving home for christmas,chris rea,0.5425149700598804,0.706368899917287,0.903157894736842,0.5593527987188878,0.2624078742918639,0
488,0Zp10WiPeEi6EUJZvWcNT9,mad love,mabel,0.5652694610778444,0.8004549214226634,0.6189473684210526,0.6710236647969778,0.9128652531151944,2
489,0ZqHo6eTBHUcOVjZzPvftT,chiamami per nome,francesca michielin fedez,0.5880239520958085,0.6350289495450786,0.2663157894736842,0.2907390938283466,0.2606303544761455,1
490,0Zx8khUcEfCFK2AEoIhC92,dont leave,snakehips m,0.6071856287425151,0.7043010752688171,0.3221052631578948,0.223334156646076,0.4574574211452306,1
491,0ZxhtATQ0a6EvQNZ0z6NKV,princess diana with nicki minaj,ice spice nicki minaj,0.8958083832335332,0.6763854425144749,0.7473684210526316,0.1408385618856851,0.6122951166572954,0
492,0a4MMyCrzT0En247IhqZbD,hype boy,newjeans,0.5305389221556887,0.9441687344913152,0.7905263157894737,0.2696121732189782,0.321997110018803,0
493,0a4SMs889NwP8oWI7Vemle,looove feat kid cudi,travis scott kid cudi,0.6323353293413175,0.7415219189412738,0.0799999999999999,0.07162274579404,0.3884485395921378,1
494,0aCTSZQTlmnjQucALTF00s,tak tiki tak,harry nach,0.7808383233532936,0.5760959470636889,0.2126315789473684,0.3370171104012488,0.3220938457910871,1
495,0aPs3kmiqmt9QG7gWXdefA,no soy eterno,bizarrap milo j,0.4958083832335329,0.3930934656741108,0.6273684210526316,0.4426517134480908,0.4518286083954558,2
496,0ada5XsQGLPUVbmTCkAP49,hate the other side with marshmello  the kid laroi,juice wrld marshmello the kid laroi polo g,0.6598802395209581,0.6495037220843674,0.6473684210526316,0.2927511815054293,0.2617004939570372,0
497,0afhq8XCExXpqazXczTSve,galway girl,ed sheeran,0.5676646706586828,0.8831679073614558,0.7884210526315789,0.0739366466226851,0.3217975924884672,0
498,0aoUM0zcu0kCX7Cv7O939I,merry christmas,ed sheeran elton john,0.5317365269461078,0.9441687344913152,0.6,0.2444610772554444,0.4067255545680445,0
499,0as7lPxkBPctZ7uVmchRNM,miss you with major lazer  tory lanez,cashmere cat major lazer tory lanez,0.7221556886227546,0.6453680727874277,0.4273684210526315,0.2323885511929481,0.322142213677229,1
500,0azC730Exh71aQlOt9Zj3y,this is what you came for,calvin harris rihanna,0.5760479041916169,0.935897435897436,0.4557894736842105,0.2001951483596249,0.4670161246440426,1
501,0b18g3G5spr4ZCkz7Y6Q0Q,rasputin,majestic boney m,0.7281437125748504,0.9214226633581472,0.6589473684210526,0.0036544240621863,0.4916716546049249,0
502,0b6UoVjUzFyZNpHI0aAhKt,celebrate feat travis scott  post malone,dj khaled travis scott post malone,0.2538922155688623,0.7156741108354011,0.291578947368421,0.2706182170575196,0.1250430776485952,1
503,0b93tWwuoAC0nXe1CfR30I,star treatment,arctic monkeys,0.5161676646706588,0.7704714640198511,0.6747368421052632,0.2444610772554444,0.4434851480359614,0
504,0b9oOr2ZgvyQu88wzixux9,this is america,childish gambino,0.84311377245509,0.45616211745244,0.5442105263157895,0.117699553599234,0.443207032690645,0
505,0bAkKNCQfWkexHFn7fIKns,in my feelings,drake,0.7005988023952097,0.4758064516129032,0.2978947368421052,0.0062600776040084,0.8178828167038497,1
506,0bBd6K5X4W7t9GyXcaVOA7,sigue,j balvin ed sheeran,0.8850299401197607,0.6401985111662531,0.5852631578947368,0.0518036821747754,0.2495299246065573,0
507,0bI7K9Becu2dtXK1Q3cZNB,dont be shy,tisto karol g,0.7425149700598804,0.7911497105045493,0.5063157894736843,0.1991891045210835,0.4429772852314705,0
508,0bMbDctzMmTyK2j74j3nF3,alone pt ii,alan walker ava max,0.6227544910179642,0.6681141439205956,0.6063157894736841,0.5392319219480607,0.2497899019945706,2
509,0bYVPJvXr8ACmw313cVvhB,tally,blackpink,0.644311377245509,0.6360628618693135,0.4157894736842105,0.007809385115362,0.5029292801044745,1
510,0bYg9bo50gSsH3LtXe2SQn,all i want for christmas is you,mariah carey,0.2227544910179641,0.6257237386269645,0.3347368421052631,0.1649836140106775,0.6260920561792997,1
511,0bcEHhsuLRDm712CQHomdm,awful things,lil peep lil tracy,0.2610778443113772,0.8004549214226634,0.1568421052631578,0.015787312754995,0.74556073495003,1
512,0bhnUFDQFCEHCBlsQfHnj5,photograph,j cole,0.6479041916167665,0.4809760132340777,0.3431578947368421,0.0300731352622822,0.3522512228006215,1
513,0bjgQ24UZGwKikldIyEOgf,yea yea,pop smoke,0.6790419161676647,0.4675351530190239,0.4378947368421052,0.0512000558716506,0.4666775494410486,1
514,0bkV1iQHSxBaksUqgEkcbc,skitzo feat young thug,travis scott young thug,0.3856287425149701,0.5471464019851118,0.331578947368421,0.103614939859655,0.2208719520674247,1
515,0boodYr1uIpSVmGSP65Fmk,25k jacket feat lil baby,gunna lil baby,0.9017964071856288,0.532671629445823,0.7421052631578947,0.1609594386565121,0.4129105980084523,0
516,0bzbvANY6oETSJLc0wlVGY,lover,taylor swift,0.2502994011976048,0.5388751033912325,0.4431578947368421,0.4949659930522411,0.1317178459361906,2
517,0c7K73roy6RW4ebDkf4yGh,valentino,24kgoldn,0.7113772455089822,0.7198097601323408,0.5442105263157895,0.1981830606825422,0.6310799944376932,0
518,0cDwUAF7yQrOLRcFfJpSc2,zero  from the original motion picture ralph breaks the internet,imagine dragons,0.5796407185628744,0.652605459057072,0.24,0.0004471563049164,0.261754907828947,1
519,0cGpKQ8RxxLOFqhktEURIj,wherever u r ft v of bts,umi v,0.5892215568862277,0.4261786600496278,0.4757894736842105,0.7847066185521506,0.3514410607077431,2
520,0cNSq9T5l8gZnpY14rsTR2,prc,peso pluma natanael cano,0.7592814371257487,0.8314722911497104,0.9063157894736842,0.0970756549091362,0.5523612597415946,0
521,0cOa970mzTWAxKtltpkpLc,minteme,tini maria becerra,0.8383233532934132,0.5368072787427627,0.9305263157894736,0.1619654824950535,0.2737924654925361,0
522,0cRgJuB6TRtb5RZ2HkjSLh,anaranjado,jowell  randy j balvin,0.7341317365269462,0.5771298593879239,0.6063157894736841,0.0468740673659228,0.7812562349228231,0
523,0cVyQfDyRnMJ0V3rjjdlU3,lil boo thang,paul russell,0.8383233532934132,0.7001654259718776,0.9294736842105265,0.1529110879481813,0.4096941335800095,0
524,0caJ2wkqp4UmXBwdR2JvB5,dial drunk,noah kahan,0.6502994011976049,0.5926385442514475,0.6463157894736842,0.0974780724445528,0.3948149626055779,0
525,0chdEzeIcgfNYbWJBpgvzR,arose,eminem,0.5532934131736528,0.9121174524400332,0.5505263157894738,0.1830924031044219,0.1758354040834587,0
526,0cqRj7pUJDkTCEsJkx8snD,shake it off,taylor swift,0.5952095808383234,0.804590570719603,0.9578947368421052,0.0650834608435212,0.6853729466320837,0
527,0ct6r3EGTcMLPtrXHDvVjc,the nights,avicii,0.4514970059880241,0.8407775020678246,0.6547368421052632,0.0166927522096822,0.4792350618806644,0
528,0cu0rhnlCnJ7JIeHRiLpj3,ball if i want to,dababy,0.9005988023952097,0.6691480562448305,0.6273684210526316,0.1619654824950535,0.563673299113054,0
529,0d0d2CuQSQDF7Q7vNhwA3i,neymar,capital bra ufo361,0.7173652694610779,0.6598428453267163,0.5368421052631579,0.5613648863959705,0.467004032672507,2
530,0d2iYfpKoM0QCKvcLCkBao,eastside with halsey  khalid,benny blanco halsey khalid,0.4910179640718565,0.6805210918114145,0.3021052631578947,0.5583467548803464,0.2580003506671746,2
531,0dDboLfmRNsTBscy4j3Rnl,hasta que salga el sol,ozuna,0.8095808383233534,0.8211331679073615,0.5957894736842105,0.0202139056445769,0.2982122020084765,0
532,0dIoGTQXDh1wVnhIiSyYEa,bartier cardi feat 21 savage,cardi b 21 savage,0.9077844311377248,0.5192307692307693,0.0810526315789473,0.0011091331506766,0.5519803626382263,1
533,0dKg2vGC1hFqcK5LGTaKzX,tusa,karol g nicki minaj,0.7772455089820361,0.7022332506203474,0.6052631578947368,0.3108599705991736,0.32786171621352,0
534,0dLToDou8YHYJpQltj3Ijy,cupido feat quavo,sfera ebbasta quavo,0.7820359281437127,0.6960297766749379,0.4484210526315789,0.0625683512471678,0.4429289173453285,1
535,0dS2u2UFd88TIzDDaZDLvS,here with me,d4vd,0.5077844311377245,0.4623655913978494,0.2694736842105263,0.537219834270978,0.5157528159178713,2
536,0dSIrRkA4PadGll16TgbnV,pick it up feat aap rocky,famous dex aap rocky,0.9233532934131736,0.4602977667493796,0.2684210526315789,0.0149824776841619,0.5397674713873724,1
537,0dZpw3h6KZhcHec61qwevZ,banana feat shaggy dj fle minisiren remix,conkarah shaggy dj fle,0.807185628742515,0.8604218362282878,0.9094736842105264,0.0160891259065574,0.2926015272160049,0
538,0dbTQYW3Ad1FTzIA9t90E8,mona lisa feat kendrick lamar,lil wayne kendrick lamar,0.8455089820359282,0.694995864350703,0.4810526315789474,0.3732346885887375,0.455637579429138,0
539,0dcnrLo8s1rhjm8euGjI4n,darari,treasure,0.6778443113772455,0.6370967741935484,0.5473684210526316,0.488929730020993,0.2311803578014377,2
540,0dj1CtyRxZ4bnIT4Q20jNT,wake up alone,the chainsmokers jhen aiko,0.5904191616766469,0.5150951199338296,0.2084210526315789,0.0102540716430175,0.1720082950924734,1
541,0dy5NFDnx5fuZvE8ZXEX35,shotz fired,bonez mc,0.8251497005988025,0.5916046319272126,0.5768421052631578,0.2504973402866925,0.1770808771516152,0
542,0dyiHoYbYjYaOEXLpmzQZG,supercut,lorde,0.5233532934131737,0.434449958643507,0.1326315789473684,0.2263522881617,0.4725723855646044,1
543,0e5UZadoZ5me957hKsxRYh,golden hour,jvke,0.4323353293413174,0.5916046319272126,0.1168421052631578,0.6549269633803162,0.2887260503388775,2
544,0e7ipj03S05BNilyu5bRzt,rockstar feat 21 savage,post malone 21 savage,0.5209580838323353,0.5150951199338296,0.1021052631578947,0.1247418604690234,0.683698208574417,1
545,0e8nrvls4Qqv5Rfa2UhqmO,thats what i want,lil nas x,0.702994011976048,0.8521505376344086,0.5410526315789475,0.0061695336585396,0.2494755107346476,0
546,0eFMbKCRw8KByXyWBw8WO7,still with you,jung kook,0.4538922155688624,0.4623655913978494,0.3284210526315789,0.0904357655747633,0.2487681303998211,1
547,0eHCArTPhwUxatY7cEXRiK,new freezer feat kendrick lamar,rich the kid kendrick lamar,0.8790419161676649,0.6991315136476427,0.571578947368421,0.0407371999508205,0.5643927714194161,0
548,0ecC8p17cDNlxHXkuYqeR6,surrender,natalie taylor,0.2874251497005988,0.4406534325889164,0.0473684210526315,0.8048274953229777,0.593546514791504,2
549,0eeKDrQxjqNl5bX5VCHDcn,pam,justin quiles daddy yankee el alfa,0.8850299401197607,0.869727047146402,0.7831578947368422,0.2907390938283466,0.4004558673268883,0
550,0eeeyCAGnGZInPtpkdYiPa,jamais vu,bts,0.5485029940119761,0.4633995037220843,0.22,0.2273583320002414,0.2072684840899884,1
551,0eu4C55hL6x29mmeAjytzC,life goes on,oliver tree,0.658682634730539,0.4840777502067824,0.5652631578947368,0.1871165784585873,0.2011136705784194,0
552,0evt4UZbdhnHtcAnxkm6A1,normal,eminem,0.9065868263473056,0.6391645988420183,0.8115789473684211,0.2625698663491888,0.4490776848711298,0
553,0ezwvY7TkCwDEkKR49084k,gang gang with lil wayne,polo g lil wayne,0.7209580838323354,0.5595533498759305,0.5463157894736842,0.1468748249169332,0.5945138725143442,0
554,0f0SbtoKGe41cX5LzlnX6X,tinnitus wanna be a rock,tomorrow x together,0.8982035928143713,0.7270471464019851,0.7989473684210526,0.1800742715887978,0.3222329034637453,0
555,0f1G5SHFoFC9lO03gHCGVS,pretty boy feat lil yachty,joji lil yachty,0.6059880239520959,0.7797766749379653,0.6378947368421053,0.1609594386565121,0.6610136699738209,0
556,0fABszUFNbNq9IW503Gj8v,t ok,dennis mc kevin o chris,0.8538922155688623,0.9700165425971876,0.5831578947368421,0.4999962122449479,0.5042352130303085,0
557,0fWBFDRTIuk8ZgNdZqhCer,so good  metro boomin,big sean metro boomin kash doll,0.5616766467065869,0.3951612903225806,0.5621052631578947,0.0144794557648912,0.261730723885876,1
558,0fX4oNGBWO3dSGUZcVdVV2,n95,kendrick lamar,0.7664670658682636,0.6701819685690654,0.3957894736842104,0.3792709516199856,0.563715621013428,1
559,0fcq51a3gOI6gPvzc0YLsk,wow  remix,post malone roddy ricch tyga,0.7748502994011978,0.6391645988420183,0.4778947368421052,0.1488869125940159,0.3221543056487645,1
560,0fea68AdmYNygeTGI4RC18,la cancin,j balvin bad bunny,0.7233532934131738,0.6453680727874277,0.4178947368421052,0.1529110879481813,0.7821752247595211,1
561,0fg8CqpjdojMyXLNzM2PaJ,run up feat partynextdoor  nicki minaj,major lazer partynextdoor nicki minaj,0.7820359281437127,0.7456575682382134,0.6757894736842106,0.1056270275367377,0.3705403297480638,0
562,0fgsKar6uBO08vzHXkTjWi,p fkn r,bad bunny kendo kaponi arcngel,0.8023952095808384,0.6339950372208437,0.5221052631578947,0.4114643544533088,0.3283333031034045,0
563,0fioLzGM8ngbD1w6fMmm45,im not the only one,sam smith,0.362874251497006,0.4902812241521918,0.4936842105263158,0.557340711041805,0.2072322081753819,2
564,0fv2KH6hac06J86hBUTcSf,new magic wand,tyler the creator,0.5640718562874253,0.7322167080231596,0.4547368421052631,0.0972768636768445,0.5613576865640058,1
565,0fyP96TikhD9sM4eKqw5Yp,dangerous,21 savage lil durk metro boomin,0.724550898203593,0.8407775020678246,0.571578947368421,0.0638762082372716,0.6362493122691188,0
566,0fySG6A6qLE8IvDpayb5bM,vibez,dababy,0.740119760479042,0.6515715467328371,0.7842105263157895,0.1136753782450686,0.6497560444742714,0
567,0g2Bbgy7P41pFjMWJuzsf4,staying alive feat drake  lil baby,dj khaled drake lil baby,0.6802395209580839,0.4540942928039702,0.1568421052631578,0.0684034055107077,0.5032376253786299,1
568,0gD6lWJhbXHWNVwQziSVvl,plug walk,rich the kid,0.8766467065868265,0.4975186104218362,0.151578947368421,0.2253462443231587,0.2919787906819267,1
569,0gO3E51A3fqp0ypJ26QbVP,td lil yachty  tierra whack feat aap rocky  tyler the creator,lil yachty tierra whack aap rocky tyler the creator,0.7592814371257487,0.6308933002481389,0.751578947368421,0.1569352633023467,0.47089160152117,0
570,0gWbAFRcUyZKdfUxEOuOiD,por primera vez,camilo evaluna montaner,0.6778443113772455,0.5854011579818031,0.7105263157894737,0.1529110879481813,0.7205484918288503,0
571,0gWrMbx6pbdH3n3nsLjE55,mourning,post malone,0.5341317365269461,0.6505376344086022,0.2347368421052631,0.0976792812122611,0.1646986982992642,1
572,0gb1J5UrTpzaU1s3nupgCd,no money,galantis,0.6239520958083834,0.924524400330852,0.8115789473684211,0.0283628607367619,0.4793983034963936,0
573,0gbBzIqrECJOEPvQJIBFs5,green light,lorde,0.5580838323353294,0.7156741108354011,0.2189473684210525,0.0162903346742656,0.4970163060236156,1
574,0giiXonRhODYy4J1iy4Lb3,sexo virtual,rauw alejandro,0.6634730538922157,0.7415219189412738,0.4136842105263157,0.3299748035314593,0.8050895108192915,1
575,0gplL1WMoJ6iYaPgMCL0gX,easy on me,adele,0.5437125748502994,0.3558726220016542,0.1031578947368421,0.5814857631667975,0.5759587421931209,2
576,0gucTLf7trAf37Ua1uAyAu,smells like teen spirit,nirvana,0.4059880239520959,0.9265922249793218,0.6936842105263157,2.793783739629336e-05,0.4232976015574459,0
577,0h7QMc9ZRzA9QJrbEHytn2,the astronaut,jin,0.4670658682634732,0.7642679900744417,0.1926315789473684,0.0044793800097902,0.4732193060417536,1
578,0hCHNYL8ApQCGNwJrYN1FY,bad girls feat gucci mane,lil skies gucci mane,0.7437125748502995,0.7642679900744417,0.2578947368421053,0.209249542906497,0.5096282323351411,1
579,0hDE81j4N2DPLbEY4tiCDs,la baby,tainy daddy yankee feid sech,0.7185628742514971,0.8356079404466501,0.6905263157894737,0.1156874659221513,0.3519912454126082,0
580,0hGH0S74Eoyv6mXZcOKtdQ,on the road feat meek mill  lil baby,post malone meek mill lil baby,0.3497005988023953,0.739454094292804,0.1873684210526315,0.0592484065799814,0.40031680965423,1
581,0hL9gOw6XBWsygEUcVjxEc,hyaena,travis scott,0.5485029940119761,0.7570306038047974,0.4452631578947368,0.030676761565407,0.3044335213634907,1
582,0hNduWmlWmEmuwEFcYvRu1,sunset lover,petit biscuit,0.7580838323353295,0.4602977667493796,0.2147368421052631,0.7333983827865417,0.266748892073108,2
583,0hPLZrnDgtKxrym1BHjDhd,cant leave without it,21 savage,0.8646706586826348,0.5885028949545078,0.6989473684210525,0.1116632905679858,0.5155049305013937,0
584,0hQNbQKW2dDATH1ngj4TI6,wa da da,kep1er,0.7604790419161678,0.9152191894127378,0.6873684210526316,0.0012197979729162,0.4793620275817871,0
585,0hVXuCcriWRGvwMV1r5Yn9,i dont care with justin bieber,ed sheeran  justin bieber justin bieber,0.776047904191617,0.6763854425144749,0.8536842105263157,0.0907375787263257,0.333968161838947,0
586,0hWzB4dR1zwcokPvccww0k,when i grow up,nf,0.7988023952095809,0.8190653432588916,0.2263157894736842,0.3219264528231285,0.3825657954401175,1
587,0hYFc3HSZHDaDzquLVRwBH,to the moon,jnr choi sam tompkins,0.7113772455089822,0.6474358974358975,0.3736842105263157,0.0452643972242566,0.5883832429458462,1
588,0heeNYlwOGuUSe7TgUD27B,question,taylor swift,0.7197604790419163,0.4964846980976012,0.0778947368421052,0.2012011921981662,0.3762114643982128,1
589,0hluyTCTSua59xYuIRqpe5,ovunque sarai,irama,0.2502994011976048,0.4261786600496278,0.3084210526315789,0.5855099385209628,0.1959806286616001,2
590,0hquQWY3xvYqN4qtiquniF,vegas from the original motion picture soundtrack elvis,doja cat,0.7796407185628744,0.5988420181968569,0.7452631578947368,0.0781620307445588,0.684713934183399,0
591,0i0wnv9UoFdZ5MfuFGQzMy,last hurrah,bebe rexha,0.4359281437125749,0.6164185277088503,0.388421052631579,0.1760500962346324,0.226972351707084,1
592,0i4UV3HjjvsUuV3BajEXoD,baile no morro,mc tairon mc vitin da igrejinha dj win,0.6754491017964073,0.3951612903225806,0.7894736842105263,0.4597544587032938,0.504053833457276,0
593,0ibOcbkp2XG46Do8jcy0bL,nephew feat lil pump,smokepurpp lil pump,0.7688622754491019,0.4468569065343258,0.6757894736842106,0.0042379294885402,0.6969510093773239,0
594,0jAfdqv18goRTUxm3ilRjb,startender feat offset and tyga,a boogie wit da hoodie tyga offset,0.7017964071856289,0.62055417700579,0.4989473684210526,0.0236344546956175,0.8781975707229186,1
595,0jLeyuu6mtsD384054xLah,ciao ciao,la rappresentante di lista,0.7149700598802397,0.8242349048800661,0.6368421052631579,0.1257479043075648,0.4309336815821136,0
596,0jOfl1nZf6sVBTG08Q4brn,call casting,migos,0.8407185628742516,0.729114971050455,0.488421052631579,0.0967738417575738,0.5036124764962302,0
597,0jWm0VyD8p3MrSInczpows,blame it on baby,dababy,0.8682634730538924,0.6877584780810588,0.8757894736842105,0.2374187703856549,0.3813384603292644,0
598,0jdny0dhgjUwoIp5GkqEaA,praying,kesha,0.4706586826347306,0.380686517783292,0.2852631578947368,0.491947861536617,0.1614096820416085,2
599,0jiPKUSdsJNCxMPHjMqptk,christmas baby please come home,darlene love,0.2275449101796407,0.8097601323407776,0.3252631578947368,0.2766544800887677,0.4845676213278193,1
600,0jo6Nd4iJU0UFHqS0Xd4l4,fighting demons,juice wrld,0.6670658682634731,0.6701819685690654,0.2136842105263157,0.0817837885633077,0.7036378696364549,1
601,0jqBo5RYn008f4ZY8kPewW,indica badu,logic wiz khalifa,0.7089820359281438,0.7218775847808105,0.9873684210526316,0.0404353867992581,0.1831510468624356,0
602,0k0GtcnyQLMiXrdEDbLXmJ,please dont change feat dj snake,jung kook dj snake,0.7748502994011978,0.7456575682382134,0.7747368421052632,0.1649836140106775,0.4120943899298061,0
603,0k0vFacOHNuArLWMiH60p7,tell me why taylors version,taylor swift,0.5125748502994012,0.9172870140612076,0.5357894736842106,0.0223265977055138,0.3222812713498872,0
604,0k1WUmIRnG3xU6fvvDVfRG,way 2 sexy with future  young thug,drake future young thug,0.7820359281437127,0.5947063688999172,0.3147368421052632,0.0006151656259528,0.5398460692023532,1
605,0k4d5YPDr1r7FX77VdqWez,you right,doja cat the weeknd,0.8119760479041916,0.6195202646815551,0.4252631578947368,0.0164915434419739,0.497391157141216,1
606,0k664IuFwVP557Gnx7RhIl,juice,lizzo,0.7389221556886229,0.8966087675765095,0.8536842105263157,0.0061393523433834,0.4426387100284766,0
607,0k7wmahjkn389wAZdz19Cv,drankin n smokin,future lil uzi vert,0.7209580838323354,0.6577750206782466,0.3736842105263157,0.0423468700924867,0.6362372202975835,1
608,0kCBorRrKZkSztd9m0QI3r,chanel go get it feat gunna  lil baby,young thug young stoner life gunna lil baby,0.9437125748502996,0.4944168734491315,0.4526315789473684,0.0018334847144264,0.5640481502306542,1
609,0kHTkvGavvk2MjBTSUtOZx,ricchi x sempre,sfera ebbasta,0.5377245508982037,0.7363523573200993,0.1063157894736842,0.1971770168440008,0.9983373539138692,1
610,0kHyKhJMukHEPfeh8s7rdM,born to be yours,kygo imagine dragons,0.644311377245509,0.6887923904052936,0.4410526315789473,0.3018055760523014,0.4068525202691672,1
611,0kLA41xkWzzYzMIEGFuDkP,haifischnikez allstars,lx maxwell bonez mc gzuz sa4,0.7353293413173654,0.7466914805624483,0.5,0.1629715263335948,0.2467971390395346,0
612,0kN8xEmgMW9mh7UmDYHlJP,versace on the floor,bruno mars,0.5125748502994012,0.5709263854425145,0.283157894736842,0.1971770168440008,0.7704641503273901,1
613,0kNYrbMehFxp1eleTwUjkP,genius feat lil tjay  swae lee,pop smoke lil tjay swae lee,0.6862275449101797,0.6670802315963607,0.3831578947368421,0.257539647156482,0.5823856250642387,1
614,0kTMK4gNFfLXaTb62w1UaJ,baby otaku,pablito pesadilla polim westcoast nickoog clk fran c,0.8203592814371258,0.749793217535153,0.4210526315789473,0.0494897813461303,0.3342523231700312,1
615,0kdqcbwei4MDWFEX5f33yG,blingbangbangborn,creepy nuts,0.8419161676646708,0.8273366418527709,0.751578947368421,0.0846007113112235,0.6668420002539315,0
616,0kqTXMHiQiB7IECD0WwcPq,talk that talk,twice,0.747305389221557,0.913151364764268,0.7747368421052632,0.1438566934013091,0.44284427354458,0
617,0kzN7YAMSbmlHOvxlbQW9y,di que si,grupo marca registrada grupo frontera,0.502994011976048,0.586435070306038,0.8042105263157895,0.0757475255320596,0.8198356701068328,0
618,0l8vhDaEztxLCQsFOAX64d,pablo,rvssian sfera ebbasta,0.7940119760479043,0.6629445822994211,0.3273684210526316,0.0714215370263317,0.5640783801594931,1
619,0lEjxUUlKqjqXrVlIHFduD,p power feat drake,gunna drake,0.8119760479041916,0.5885028949545078,0.1789473684210526,0.0200126968768687,0.4385334856921747,1
620,0lJCqIx5BhZtf6QtYI2fbv,vuelve,daddy yankee bad bunny,0.6946107784431138,0.5337055417700579,0.1926315789473684,0.18912866613567,0.5036608443823722,1
621,0lJE8f0lx8mUSfMyxeYpiC,bar,tini lgante,0.4467065868263474,0.6918941273779983,0.6789473684210526,0.1337962550158956,0.2867611049643588,0
622,0lLdorYw7lVrJydTINhWdI,its beginning to look a lot like christmas,michael bubl,0.2263473053892216,0.1987179487179487,0.3484210526315789,0.9134802298854438,0.2905519380407379,2
623,0lMbuWUpfTWhEmOKxppEau,rollin feat future  khalid,calvin harris future khalid funk wav,0.7221556886227546,0.7632340777502068,0.6578947368421053,0.4486879764793389,0.2734901662041487,0
624,0lSVjlxmAMSJGFSjVB1FtU,abracadabra feat future,sfera ebbasta future,0.8335329341317367,0.6815550041356494,0.8178947368421053,0.0463710454466521,0.5155412064160001,0
625,0lSZh5W0wDeurkGzLYY6hf,turks feat travis scott,nav gunna travis scott,0.8898203592814372,0.6164185277088503,0.3757894736842105,0.0831922499372656,0.4376144958554768,1
626,0lTurWECr2XL607eJAj1A3,ill be home,meghan trainor,0.4694610778443114,0.3600082712985938,0.2705263157894736,0.3199143651460458,0.2302190460643655,2
627,0lYBSQXN6rCTvUZvg9S0lU,let me love you,dj snake justin bieber,0.5976047904191618,0.717741935483871,0.1378947368421052,0.0868140077560145,0.3220696618480159,1
628,0lizgQ7Qw35od7CYaoMBZb,santa tell me,ariana grande,0.4491017964071857,0.6195202646815551,0.588421052631579,0.0491879681945679,0.8777683057334085,1
629,0ll8uFnc0nANY35E0Lfxvg,somewhere only we know,keane,0.362874251497006,0.6546732837055418,0.3536842105263157,0.0798723052700791,0.7575257407844063,1
630,0lmdsH1MIoLsMymnNpd6HU,let me hold you turn me on,cheat codes dante klein,0.6347305389221558,0.7777088502894955,0.3147368421052632,0.1016028521825723,0.3399718257063223,1
631,0lnpnsrVaW9elGgRxpDCgE,fancy like,walker hayes,0.5976047904191618,0.7632340777502068,0.8536842105263157,0.1146814220836099,0.2013313260660584,0
632,0lodMO0qK83vfPiiD7FMEt,topia twins feat rob49  21 savage,travis scott rob49 21 savage,0.6766467065868265,0.5636889991728701,0.3157894736842105,0.0603550548023769,0.6854938663474388,1
633,0lsRatBUs9HNIZAmoGABzk,trampoline,shaed,0.6455089820359282,0.4034325889164598,0.531578947368421,0.4909418176980757,0.4838965169075992,2
634,0m0Ew7RcwZaBS8psxgE00P,derdim olsun,reynmen,0.5736526946107785,0.5781637717121588,0.3747368421052631,0.5513044480105569,0.4671370443593975,2
635,0m2orA1i5lLZUOt9XLwSd0,he like that,fifth harmony,0.5293413173652696,0.6815550041356494,0.4831578947368421,0.3641802940418653,0.6064002805337396,1
636,0mBP9X2gPCuapvpZ7TGDk3,left and right feat jung kook of bts,charlie puth jung kook bts,0.8754491017964073,0.5895368072787428,0.7231578947368421,0.6227335605469929,0.328538866619508,0
637,0mHC3BK9vFGoEU0EcGPWRZ,cenere,lazza,0.6011976047904193,0.6267576509511994,0.2999999999999999,0.3068357952450082,0.442191307081663,1
638,0mJBiaODgK0XjOLCN5fItq,like i can,sam smith,0.6059880239520959,0.6257237386269645,0.4726315789473684,0.3450654611095797,0.3217371326307898,1
639,0mKGwFMHzTprtS2vpR3b6s,cozy,beyonc,0.4862275449101798,0.6288254755996692,0.3526315789473684,0.000825428788208,0.6192842762048139,1
640,0mL82sxCRjrs3br407IdJh,is there someone else,the weeknd,0.6610778443113773,0.5833333333333334,0.6063157894736841,0.0390269254253002,0.5334554622458418,0
641,0mb3uDw5vfFUcZfJYFOMRu,gifted feat roddy ricch,cordae roddy ricch,0.6023952095808385,0.6009098428453268,0.5463157894736842,0.1760500962346324,0.6305842236047376,0
642,0mel2N9Ws9r4yLQn5QE21Y,too good at goodbyes,sam smith,0.6023952095808385,0.3682795698924731,0.5347368421052632,0.6619692702501057,0.2727767398835543,2
643,0mfCH4nfpshBQR9ueZP5eP,girls need love with drake  remix,summer walker drake,0.6059880239520959,0.4241108354011579,0.0607368421052631,0.4456698449637148,0.304137268060871,2
644,0mflMxspEfB0VbI1kyLiAv,stick season,noah kahan,0.6131736526946109,0.4820099255583126,0.8263157894736841,0.7867187062292333,0.4304439567349258,2
645,0mjAU3yKR1QnXnHtjGJqTM,rescue me,onerepublic,0.7293413173652696,0.6029776674937966,0.64,0.1569352633023467,0.4494041681025884,0
646,0n2moJpAEWHwaPYYjkzMDl,blue  grey,bts,0.4754491017964073,0.6029776674937966,0.3494736842105262,0.4225308366772637,0.4548697392366338,2
647,0n2nEtLP3OzDdi12ziIekx,sos,avicii aloe blacc,0.7808383233532936,0.6443341604631928,0.3621052631578947,0.2736363485731437,0.3221482596629968,1
648,0nAZGkBGKQCXyaoSJfRhC1,a keeper,drake,0.5389221556886228,0.4758064516129032,0.3063157894736842,0.5150868698230682,0.4546037158628529,2
649,0nFCpnM7nistUWXRZpzOWM,ho paura di uscire 2  prod mace,machete salmo lazza,0.8239520958083834,0.8593879239040529,0.6947368421052631,0.1690077893648429,0.4426931239003863,0
650,0nbXyq5TXYPCO7pr3N8S4I,the box,roddy ricch,0.8934131736526948,0.5833333333333334,0.6421052631578947,0.1046209836981964,0.4247486381417059,0
651,0nrRP2bk19rLc0orkWPQk2,wake me up,avicii,0.4574850299401198,0.7870140612076096,0.6431578947368422,0.0038153910763529,0.467729550964637,0
652,0o3ua5ufFK7nfRzbDUNoGA,dont wanna break up again,ariana grande,0.311377245508982,0.72808105872622,0.5515789473684211,0.4587484148647525,0.8901988524719013,2
653,0oA9wBGDY4uyILLg4GymWP,toms diner,annenmaykantereit giant rooks,0.6347305389221558,0.4199751861042183,0.3178947368421052,0.3782649077814443,0.3113924509821703,2
654,0oBtwScT4B4BR5kZitNWd5,punto g,quevedo,0.7197604790419163,0.7642679900744417,0.548421052631579,0.2525094279637752,0.2739677990798009,0
655,0oO1AbL92F6329z13C2qQH,talk,yeat,0.6562874251497006,0.7663358147229116,0.231578947368421,0.0878200515945558,0.5636128392553763,1
656,0oOPa0AlLnjCO6eci0HIdH,coco mama,dardan,0.4371257485029941,0.5874689826302729,0.36,0.1770561400731738,0.3208423267371628,1
657,0oPOuDmmkVp3h6puekhs6P,use this gospel,kanye west clipse kenny g,0.5520958083832336,0.4520264681555004,0.1526315789473684,0.6177033413542862,0.614042406544175,2
658,0oQCRjrWGvkqkdf82UlXI3,pocpoc,pedro sampaio,0.8227544910179642,0.6350289495450786,0.8684210526315789,0.2404369019012789,0.5028627742610294,0
659,0oQc0F6KUE7QY7k5TU6bic,chromatica ii,lady gaga,0.0407185628742515,0.2845326716294458,0.0852631578947368,0.4758511601199554,0.1759744617561169,2
660,0oR0Wr9N52K1vbAOuGvMJz,blun7 a swishland,thasup,0.6491017964071857,0.7963192721257238,0.5621052631578947,0.1307781235002716,0.5028144063748874,0
661,0oT9ElXYSxvnOOagP9efDq,jump feat youngboy never broke again,dababy youngboy never broke again,0.8934131736526948,0.7218775847808105,0.983157894736842,0.1700138332033843,0.5645862429639841,0
662,0oWraSo5ASJ0h1BEagTyEw,hold my hand,lady gaga,0.4419161676646708,0.6153846153846154,0.1999999999999999,0.0389263210414461,0.6105841026850223,1
663,0oaY19dUwZimIgzn3ZZLZO,2 much,justin bieber,0.518562874251497,0.4365177832919768,0.1421052631578947,0.5965764207449177,0.4405830748674418,2
664,0ofHAoxe9vBkTCp2UQIavz,dreams  2004 remaster,fleetwood mac,0.8119760479041916,0.4861455748552523,0.7968421052631579,0.0647816476919588,0.4439748728831492,0
665,0ofbQMrRDsUaVKq2mGLEAb,havana feat young thug,camila cabello young thug,0.740119760479042,0.511993382961125,0.4063157894736842,0.1871165784585873,0.3523237746298345,1
666,0oiCeOPwm4zhwfyIpAE37y,love on the weekend,john mayer,0.6802395209580839,0.5802315963606286,0.4105263157894736,0.6267577359011584,0.4428865954449543,2
667,0oiv4E896TUTTeQU0cmIui,massive,drake,0.4179640718562875,0.6712158808933003,0.0249473684210526,0.1146814220836099,0.47325558195636,1
668,0ono6UCNVZ1XqOm6j78Blu,filter,bts,0.7556886227544911,0.7653019023986767,0.871578947368421,0.0223265977055138,0.3828560027569694,0
669,0or0gNaKAXYYCsOrpvRzAu,liability,lorde,0.4598802395209582,0.2028535980148883,0.3294736842105262,0.928570887463564,0.1813614350751818,2
670,0osvOdeD3YXZiWkT8MKolJ,lifestyle feat adam levine,jason derulo adam levine,0.7173652694610779,0.6743176178660051,0.7147368421052631,0.02101874071541,0.4615324155526938,0
671,0otRX6Z89qKkHkQ9OqJpKt,cars outside,james arthur,0.2251497005988025,0.5585194375516958,0.2389473684210526,0.0392281341930085,0.6238792253883034,1
672,0p3euGPg5LgFeQGC7bBFuR,xxl,miksu  macloud summer cem luciano jamule,0.776047904191617,0.522332506203474,0.5431578947368422,0.2283643758387827,0.406834382311864,0
673,0pDaqgIForVNO4jrtTxcWT,agora vai sentar,mcs jhowzinho  kadinho,0.7952095808383234,0.652605459057072,0.7094736842105263,0.1901347099742114,0.5041203393007212,0
674,0pJPdSVti6cTM1Q6xYGmcf,faking it feat kehlani  lil yachty,calvin harris kehlani lil yachty funk wav,0.7497005988023954,0.586435070306038,0.6694736842105263,0.3209204089845872,0.4432674925483226,0
675,0pSBuHjILhNEo55xK1zrRt,rolex,ayo  teo,0.7832335329341319,0.8935070306038049,0.7968421052631579,0.0841982937758069,0.5938850899944981,0
676,0pYacDCZuRhcrwGUA5nTBe,eightprodfeat suga of bts,iu suga,0.6299401197604793,0.8759305210918115,0.591578947368421,0.1156874659221513,0.4432372626194837,0
677,0paWX66K9n7sYR9AkKkyzB,standing next to you  sped up  remix,beat record,0.6646706586826348,0.8076923076923078,0.7768421052631579,0.047075276133631,0.3585813698994552,0
678,0pk1hxhJLBSZZ5RKBhcwOa,levitating feat madonna and missy elliott the blessed madonna remix,dua lipa madonna missy elliott the blessed madonna,0.7880239520958086,0.6546732837055418,0.5557894736842106,0.0375178596674882,0.4190533195484857,0
679,0prNGof3XqfTvNDxHonvdK,scars to your beautiful,alessia cara,0.5065868263473055,0.7415219189412738,0.4410526315789473,0.0286646738883243,0.3045181651642392,1
680,0psS4i5YooJrXfDnGvWRLi,lo vas a olvidar with rosala,billie eilish rosala,0.2311377245508983,0.2287014061207609,0.0,0.7253500320782108,0.534682797356695,2
681,0q2vG0UVuy6ajjcpkQHdZM,unaccommodating feat young ma,eminem young ma,0.8407185628742516,0.7549627791563276,0.3757894736842105,0.0169945653612446,0.2613800567113465,1
682,0q75NwOoFiARAVp4EXU4Bs,love galore feat travis scott,sza travis scott,0.7724550898203595,0.5916046319272126,0.3968421052631579,0.1126693344065272,0.5337638075199971,1
683,0q85C1JiECyYIQthz1posA,obvious,ariana grande,0.5676646706586828,0.6722497932175352,0.24,0.0972768636768445,0.6840065538485722,1
684,0qCPD6ilr9nXkI4KVZgcns,abcdario,eden muoz junior h,0.6622754491017965,0.4210090984284532,0.4042105263157894,0.7877247500677748,0.497681364458068,2
685,0qFX9pVJQB4lBMxRoFXqGr,end of discussion feat lil wayne,rich the kid lil wayne,0.7592814371257487,0.5771298593879239,0.3221052631578948,0.1770561400731738,0.1799648123628316,1
686,0qJeyYAgv6UpvewUxRXAhb,rags2riches 2 feat lil baby,rod wave lil baby,0.8670658682634732,0.4354838709677419,0.2799999999999999,0.1478808687554745,0.430994141439791,1
687,0qOnSQQF0yzuPWsXrQ9paz,stereo hearts feat adam levine,gym class heroes adam levine,0.5940119760479043,0.7994210090984285,0.8042105263157895,0.0320852229393649,0.2616218961420564,0
688,0qXP5fMhxGzxALOkXYUxfP,loverboy,awall,0.5437125748502994,0.4592638544251447,0.491578947368421,0.6529148757032335,0.4433339983917678,2
689,0qYTZCo5Bwh1nsUFGZP3zn,felices los 4,maluma,0.724550898203593,0.7932175351530191,0.7421052631578947,0.2323885511929481,0.2857030574550027,0
690,0qYW2jULeN9giEty0ee9Fy,botadinha saliente,mc rogerinho,1.0,0.6991315136476427,0.9284210526315788,0.1428506495627678,0.4428140436157413,0
691,0qaWEvPkts34WF68r8Dzx9,turn me on feat vula,riton oliver heldens vula,0.702994011976048,0.8335401157981803,0.5105263157894737,0.0149824776841619,0.4675542173773723,0
692,0qc4QlcCxVTGyShurEv1UU,post malone feat rani,sam feldt rani,0.5269461077844312,0.641232423490488,0.651578947368421,0.077558404441434,0.3666164849847943,0
693,0qxLQ6opocOGyFnlXqJ53x,bipolar,mc davi mc pedrinho mc don juan dj 900,0.540119760479042,0.3496691480562447,0.3189473684210526,0.5895341138751282,0.4732495359705923,2
694,0r9d60ZYPAlFHq8qnUtkXN,madura,cosculluela bad bunny,0.8718562874251498,0.5512820512820513,0.7568421052631579,0.1388264742086024,0.2497657180514996,0
695,0rDQZJtSGgsB2rdkObpdFa,vou 787,bad bunny,0.8191616766467067,0.5512820512820513,0.5589473684210525,0.0490873638107137,0.4733825476574828,0
696,0rFQ5cKYJ9WtHSKp9sxVYt,heartless feat morgan wallen,diplo morgan wallen,0.7353293413173654,0.5512820512820513,0.2347368421052631,0.2766544800887677,0.3886722410655446,1
697,0rHToGels2lt8Y0mCYoF90,deck the hall,nat king cole,0.6395209580838325,0.4292803970223325,0.9810526315789474,0.7464769526875792,0.3681340274124995,2
698,0rIAC4PXANcKmitJfoqmVm,motivation,normani,0.5377245508982037,0.8945409429280398,0.8936842105263157,0.0193084661898897,0.7509114323544883,0
699,0rKWJnmo6Q0ovoPOLoLm0t,too much,the kid laroi jung kook central cee,0.7281437125748504,0.7043010752688171,0.4557894736842105,0.2535154718023166,0.2918215950519652,1
700,0rTV5WefWd1J3OwIheTzxM,talk,khalid disclosure,0.8982035928143713,0.391025641025641,0.3221052631578948,0.0503952208008175,0.5398037473019788,1
701,0rhI6gvOeCKA502RdJAbfs,sugar rush ride,tomorrow x together,0.6730538922155689,0.9007444168734492,0.8378947368421052,0.0079200499376016,0.473424869557857,0
702,0ri0Han4IRJhzvERHOZTMr,at my worst,pink sweat,0.7940119760479043,0.4065343258891645,0.668421052631579,0.7816884870365266,0.2732966946595808,2
703,0rqY8g1Y1zaA4YwU6vhBQg,boot,apache 207,0.4598802395209582,0.5616211745244003,0.488421052631579,0.0668943397528957,0.8906583473902503,1
704,0rrfXLr1p1yxsUy7LrKoYT,mutual,shawn mendes,0.9185628742514972,0.4675351530190239,0.8094736842105263,0.260557778672106,0.4131524374391622,0
705,0rt63HYAAIzUZo5O2D0uA6,visiting hours,ed sheeran,0.3844311377245509,0.3868899917287014,0.2431578947368421,0.7746461801667371,0.6220775216295142,2
706,0rvbMTIWwMZaMC9UnubDPb,domingo de bote,mora,0.7940119760479043,0.7756410256410257,0.4326315789473683,0.1217237289533994,0.4430014691745415,1
707,0rzaRSujxA0bKyjJl6vHYq,satellite,harry styles,0.5101796407185629,0.4499586435070306,0.283157894736842,0.1438566934013091,0.5578389228471756,1
708,0s5DNDV6LAKn2u2Ufa3VjQ,desconocidos,mau y ricky manuel turizo camilo,0.6694610778443114,0.7746071133167908,0.7126315789473684,0.1468748249169332,0.7695814364052989,0
709,0sKEilrw1GrBlG6qsTCrP4,865,morgan wallen,0.4574850299401198,0.5812655086848635,0.3526315789473684,0.7273621197552935,0.2496085224215382,2
710,0sPJELXHyWpFgkxlzvvRFI,hard 2 face reality,poo bear justin bieber jay electronica,0.5688622754491018,0.6246898263027295,0.263157894736842,0.2213220689689933,0.5763335933107214,1
711,0sPTfDSZgE3KvcvqaKPtEx,tanta falta,bryant myers,0.8455089820359282,0.7301488833746899,0.8052631578947369,0.1358083426929783,0.2616763100139661,0
712,0sSRLXxknVTQDStgU1NqpY,hours in silence,drake 21 savage,0.4203592814371258,0.3941273779983457,0.0831578947368421,0.2354066827085722,0.4330981444869679,1
713,0sTlGEld0h8kIPZaKDYUf4,notion,the rare occasions,0.1904191616766467,0.8904052936311001,0.2947368421052632,0.0676991748237288,0.6818058150291115,1
714,0sXvAOmXgjR2QUqLK1MltU,la bicicleta,carlos vives shakira,0.7017964071856289,0.9741521918941274,0.9694736842105264,0.1991891045210835,0.8054280860222855,0
715,0sXvjZV7p4uvyPN4uQo3FH,neon gravestones,twenty one pilots,0.6946107784431138,0.4189412737799834,0.3789473684210526,0.3812830392970683,0.6211162098924419,2
716,0sY6ZUTh4yoctD8VIXz339,champagne problems,taylor swift,0.3736526946107785,0.2255996691480562,0.303157894736842,0.92555275594794,0.7533358726473558,2
717,0sci7ppTZFm4mjcH3nu8yO,nasty,ariana grande,0.7449101796407187,0.500620347394541,0.4463157894736842,0.0818843929471618,0.4907889406828337,1
718,0sdbFOyfgAhAhWq8DpzkaW,the light is coming feat nicki minaj,ariana grande nicki minaj,0.8706586826347306,0.5430107526881721,0.6894736842105263,0.0122661593201002,0.3163017914255829,0
719,0sfk352FO8bJUjWjIsyzSR,donde se aprende a querer,mora,0.6850299401197606,0.5140612076095947,0.7863157894736842,0.5583467548803464,0.7457118845942237,0
720,0siYMEsGrzzzlWLXK5zJfS,bed,joel corry raye david guetta,0.6239520958083834,0.7859801488833748,0.6168421052631579,0.0142782469971829,0.4671793662597718,0
721,0skYUMpS0AcbpjcGsAbRGj,pink venom,blackpink,0.776047904191617,0.6980976013234077,0.7505263157894737,0.0203145100284311,0.2618697815585342,0
722,0t1kP63rueHleOhQkYSXFY,dynamite,bts,0.7137724550898205,0.7684036393713813,0.7421052631578947,0.0112601154815589,0.407052037799503,0
723,0t3ZvGKlmYmVsDzBJAXK8C,goodbyes feat young thug,post malone young thug,0.4766467065868265,0.652605459057072,0.1378947368421052,0.4587484148647525,0.6248526290969112,2
724,0t5cfOZxePTvuYXTywHzjH,penhasco2,lusa sonza demi lovato,0.4119760479041917,0.2617866004962779,0.1421052631578947,0.7263560759167522,0.4666110435976033,2
725,0tBbt8CrmxbjRP0pueQkyU,wolves,selena gomez marshmello,0.6874251497005989,0.8087262200165427,0.2884210526315789,0.1247418604690234,0.4732132600559858,1
726,0tDfp0vFR95Gg6Mrhza3lX,call it what you want,taylor swift,0.5377245508982037,0.5026881720430108,0.2494736842105263,0.1941588853283768,0.708825325425184,1
727,0tICYNayWWhH9GPeFrfjfD,this girl kungs vs cookin on 3 burners,kungs cookin on 3 burners,0.7700598802395211,0.7311827956989247,0.48,0.0804759315732039,0.454984612966221,0
728,0tKcYR2II1VCQWT79i5NrW,thunder,imagine dragons,0.5389221556886228,0.8149296939619521,0.2799999999999999,0.0068637039071332,0.7325437275920652,1
729,0tMSssfxAL2oV8Vri0mFHE,listen before i go,billie eilish,0.2023952095808383,0.0354631927212572,0.0526315789473684,0.9406434135260604,0.19979564568105,2
730,0tPQPaOKM32WgMSbPCYyRH,dirty sexy money feat charli xcx  french montana,david guetta afrojack charli xcx french montana,0.6838323353293414,0.880066170388751,0.5473684210526316,0.0793692833508084,0.2008778771334772,0
731,0tXPhc8LvM4dPvoRwI66XQ,ill be home for christmas,michael bubl,0.1580838323353293,0.0818858560794044,0.1147368421052631,0.939637369687519,0.2201464337752948,2
732,0taOCiup4HNG9LmbduVlJj,rubbin off the paint,ybn nahmir,0.6838323353293414,0.7115384615384616,0.5031578947368421,0.0006584255110101,0.3706552034776509,1
733,0tdCy39PgWN8LFWu34ORn3,rap saved me feat quavo,21 savage offset metro boomin quavo,0.8323353293413175,0.3899917287014061,0.1221052631578947,0.0052741546422378,0.5824158549930774,1
734,0tgVpDi06FyKpA1z0VMD4v,perfect,ed sheeran,0.5377245508982037,0.4406534325889164,0.1431578947368421,0.1639775701721362,0.2922145841268689,1
735,0tjZv2hChdHZCW1zFXpy1J,hoy cobr,bad bunny,0.8502994011976049,0.7270471464019851,0.3610526315789474,0.0466728585982145,0.5942176192117243,1
736,0todbbT9g5uQGbeFCiBf2F,imagine,ariana grande,0.6754491017964073,0.4675351530190239,0.3621052631578947,0.3762528201043615,0.0953210116143386,2
737,0tp6mwUt99QnfY95T30Lqj,blah blah blah,armin van buuren,0.2730538922155688,0.9731182795698924,0.1347368421052631,0.0088657311458305,0.3427348412021838,1
738,0u2P5u6lvoDfwTYjAADbn4,lovely with khalid,billie eilish khalid,0.2407185628742515,0.2834987593052109,0.0926315789473684,0.939637369687519,0.4145490601515124,2
739,0u8rZGtXJrLtiSe34FPjGG,like crazy english version,jimin,0.5664670658682636,0.7580645161290323,0.303157894736842,0.0030709186358323,0.4428019516442058,1
740,0uDdI4fAXCuNhQbmxENdsO,can i,kehlani,0.5077844311377245,0.7952853598014888,0.6105263157894737,0.4215247928387224,0.440262637621751,0
741,0uFForNKQPvgSCnxlZIhQy,let me get me,selena gomez,0.8095808383233534,0.5678246484698097,0.4663157894736841,0.2504973402866925,0.4494706739460335,1
742,0uHrMbMv3c78398pIANDqR,europapa,joost,0.6682634730538923,0.9524400330851944,0.4926315789473684,0.1690077893648429,0.6854515444470644,0
743,0uI7yAKUf52Cn7y3sYyjiX,3 nights,dominic fike,0.7964071856287426,0.5130272952853598,0.8894736842105263,0.2243402004846173,0.6358744611515184,0
744,0uIfrUwwg0Z7KTitul7E3T,yo le llego,j balvin bad bunny,0.7604790419161678,0.7963192721257238,0.5221052631578947,0.0104552804107258,0.6548890863910906,0
745,0uRrG2jRR5tuifsYIJHEao,sand in my boots,morgan wallen,0.302994011976048,0.532671629445823,0.4021052631578947,0.5935582892292937,0.1400189843953106,2
746,0uUNN1nSoUx1A4fkDCWDQ7,so am i,ava max,0.6371257485029942,0.6557071960297768,0.6052631578947368,0.0741378553903934,0.5040598794430438,0
747,0ubdf6zWT1It2saK41SkO0,problems,lil wayne,0.7820359281437127,0.5678246484698097,0.0726315789473684,0.0169945653612446,0.5639937363587446,1
748,0udOCZp7yk0Ml92C0k8H8D,thats on me,mac miller,0.518562874251497,0.4933829611248966,0.3263157894736842,0.594564333067835,0.655874582071234,2
749,0ug5NqcwcFR2xrfTkc7k8e,style,taylor swift,0.5245508982035929,0.7952853598014888,0.4789473684210525,0.002457231894322,0.2915072037920422,1
750,0usLRFLmYXYahKNgXxsuJc,trivia   just dance,bts,0.6862275449101797,0.914185277088503,0.3852631578947368,0.0912406006455964,0.4734067316005538,1
751,0utlOiJy2weVl9WTkcEWHy,neighbors,j cole,0.8958083832335332,0.2700578990901571,0.4599999999999999,0.3209204089845872,0.5577542790464272,1
752,0uxDHazXSSu9bSZ28LsnAN,tough love,avicii agnes vargas  lagola,0.3017964071856288,0.7570306038047974,0.62,0.1438566934013091,0.3715379173997424,0
753,0v2LUO8oTHnkjQ8MmKuXyk,raindrops an angel cried,ariana grande,0.2227544910179641,0.2162944582299421,0.4178947368421052,0.9476857203958496,0.7374107461351036,2
754,0v36cov6Z6aEV5ZgIlqZMk,rockstar in his prime,juice wrld,0.6407185628742517,0.7311827956989247,0.368421052631579,0.417500617484557,0.7455123670638881,1
755,0v4z1tuZvn6LGknom9Qx7d,babe taylors version from the vault,taylor swift,0.5197604790419162,0.7456575682382134,0.751578947368421,0.0541175830034205,0.7323260721044262,0
756,0v9Wz8o0BT8DU38R4ddjeH,no problem feat lil wayne  2 chainz,chance the rapper lil wayne 2 chainz,0.6011976047904193,0.7994210090984285,0.7957894736842105,0.1569352633023467,0.5338605432922812,0
757,0vQcyuMEfRBd21ojZ62N2L,boys will be boys,dua lipa,0.740119760479042,0.4799421009098428,0.5126315789473684,0.4104583106147675,0.4734188235720893,2
758,0vR2rIVORmgeKiGIgNT0fV,by your side feat tom grennan,calvin harris tom grennan,0.6982035928143714,0.9700165425971876,0.8200000000000001,0.0517030777909212,0.4673063319608946,0
759,0vVMlbdYx2080Oa9FndPZr,long story short,taylor swift,0.4742514970059881,0.7342845326716294,0.5673684210526315,0.6780659716667673,0.672162467729551,2
760,0veNpTQFqfmTX0rsJmO2rO,the man the myth the legend  interlude,juice wrld,0.6191616766467067,0.4396195202646815,0.8389473684210526,0.9215285805937746,0.2225890120254657,2
761,0vjeOZ3Ft5jvAi9SBFJm1j,superhero heroes  villains with future  chris brown,metro boomin future chris brown,0.4502994011976049,0.6040115798180314,0.4842105263157894,0.1529110879481813,0.4226385891087612,1
762,0vmANNClszGQZ0FISySK61,i saw mommy kissing santa claus,the jackson 5,0.5041916167664671,0.5822994210090984,0.7368421052631579,0.3028116198908428,0.494374210243109,0
763,0vrmHPfoBadXVr2n0m1aqZ,heaven,avicii,0.5293413173652696,0.880066170388751,0.5094736842105263,0.0719245589456024,0.4552204064111633,1
764,0w1ZtnzQmtmuuoKxHT0pLL,summer games,drake,0.7497005988023954,0.4758064516129032,0.1010526315789473,0.4838995108282862,0.5398883911027272,2
765,0w3Mfe4PIVjuFjJbe3OlYv,8am in charlotte,drake,0.4994011976047904,0.6825889164598843,0.6694736842105263,0.6468786126719853,0.1954364899425026,2
766,0w5Bdu51Ka25Pf3hojsKHh,hard times,paramore,0.6526946107784432,0.8232009925558312,0.9305263157894736,0.0065015281252583,0.4428503195303478,0
767,0wEC0GNF74lAqrEFZJMl1m,puppet,tyler the creator,0.42874251497006,0.5533498759305212,0.1757894736842105,0.0023566275104679,0.1865428448781431,1
768,0wHFktze2PHC5jDt3B17DC,first class,jack harlow,0.9005988023952097,0.5791976840363937,0.3157894736842105,0.1116632905679858,0.3644943439803143,1
769,0wYOlCybpxFc2azWLyYj0S,lets link,whoheem,0.8251497005988025,0.6836228287841192,0.5157894736842106,0.0067027368929666,0.4430800669895223,0
770,0wavGRldH0AWyu2zvTz8zb,sweet nothing,taylor swift,0.2239520958083833,0.1387510339123242,0.3768421052631578,0.9698186848437594,0.7855972527040671,2
771,0wbnC9AUenxp613TYaJsGK,narcos,migos,0.9413173652694612,0.5822994210090984,0.2210526315789473,0.0142782469971829,0.4732374439990568,1
772,0wdV94AXGRphrbkDWLNzVC,roaring 20s,panic at the disco,0.1449101796407186,0.9576095947063687,0.508421052631579,0.0469746717497769,0.2205091929213598,1
773,0wfbD5rAksdXUzRvMfM3x5,the one,the chainsmokers,0.7305389221556887,0.2907361455748552,0.1242105263157894,0.2394308580627376,0.3220877998053192,1
774,0wihfILRNOwE2156Shezc8,agosto,bad bunny,0.837125748502994,0.5812655086848635,0.7284210526315789,0.0934538970903874,0.4129408279372911,0
775,0wshkEEcJUQU33RSRBb5dv,backoutsideboyz,drake,0.837125748502994,0.4251447477253928,0.3821052631578947,0.0409384087185288,0.5767386743571608,1
776,0xBQvhJAm6f7J142ympKOn,no no vou,mari fernandez,0.5760479041916169,0.8676592224979321,0.831578947368421,0.4295731435470532,0.6241392027763166,0
777,0xG0SHshCStMEyNbNC5d4k,issues,julia michaels,0.6227544910179642,0.4065343258891645,0.4347368421052631,0.3923495215210232,0.408067763408485,2
778,0xGZjxYqcNQ8WqxyeZ4eSN,rubicon,peso pluma,0.7281437125748504,0.8211331679073615,0.9294736842105265,0.1368143865315197,0.5637337589707314,0
779,0xIVvRmjztR1AwuHrkhH41,addicted to you,avicii,0.5017964071856288,0.7890818858560794,0.2852631578947368,0.050797638336234,0.4916172407330153,1
780,0xIuPDzJSnJywALez8dwKR,with you,ap dhillon,0.754491017964072,0.7466914805624483,0.94,0.1619654824950535,0.42479096004208,0
781,0xPaZrF25ltzvz1a2Pm5DQ,all i want for christmas is you,michael bubl,0.4227544910179641,0.4582299421009098,0.1168421052631578,0.4225308366772637,0.574822096868784,2
782,0xUvi7wldroBzaZCengPa5,24 feat lil baby,money man lil baby,0.8598802395209583,0.6370967741935484,0.4494736842105263,0.1468748249169332,0.4795192232117486,1
783,0xfMlIW8lS40qvpsUw1l0X,never going home,kungs,0.821556886227545,0.8521505376344086,0.9578947368421052,0.0912406006455964,0.4554078319699635,0
784,0xl1w2q4VLojeXp4JfazPL,sacrifices,drake 2 chainz young thug,0.9017964071856288,0.4313482216708023,0.5263157894736843,0.0409384087185288,0.5586128090254476,0
785,0xxZY5C9xxij3D1HkzbnfC,monster mash,bobby boris pickett the cryptkickers,0.4682634730538924,0.4985525227460711,0.7105263157894737,0.3772588639429029,0.1315848342493001,0
786,0xzI1KAr0Yd9tv8jlIk3sn,bad decisions with bts  snoop dogg,benny blanco bts snoop dogg,0.7329341317365271,0.8676592224979321,0.9715789473684208,0.0186042355029108,0.443352136349071,0
787,0y1QJc3SJVPKJ1OvFmFqe6,way down we go,kaleo,0.4059880239520959,0.499586435070306,0.3210526315789473,0.5824918070053388,0.7045810434162239,2
788,0y60itmpH0aPKsFiGxmtnh,wait a minute,willow,0.7353293413173654,0.706368899917287,0.6736842105263158,0.0373166508997799,0.3282063374022817,0
789,0y675KDleCZEudjoeL1sQQ,feelings,lauv,0.651497005988024,0.4592638544251447,0.2252631578947368,0.0939569190096581,0.340388998724297,1
790,0y6kdSRCVQhSsHSpWvTUm7,the last time feat gary lightbody of snow patrol taylors version,taylor swift gary lightbody,0.4215568862275449,0.5295698924731184,0.1294736842105263,0.0401335736476957,0.2861685983591194,1
791,0y7Ao3CVJsyKFmqdjutiIF,wunna,gunna,0.8862275449101799,0.4478908188585608,0.2957894736842105,0.0218235757862431,0.6124039444011149,1
792,0y8Pu7x5jXgUjOIJvQIF5L,link up metro boomin  don toliver wizkid feat beam  toian  spiderverse remix spiderman across the spiderverse ,metro boomin don toliver wizkid beam toian,0.925748502994012,0.499586435070306,0.591578947368421,0.4144824859689329,0.3281640155019075,0
793,0y8mJFmm4ogCHnfe0oTuT6,fuckst mich nur ab,bonez mc,0.7988023952095809,0.4613316790736145,0.2157894736842105,0.2344006388700309,0.3516163942950078,1
794,0y9uTzK9cNKSAEHnpeRG8C,duckworth,kendrick lamar,0.4814371257485031,0.7332506203473945,0.631578947368421,0.0539163742357122,0.772664889146851,0
795,0yFvWTLs3iIwDbc91noXGT,groceries,chance the rapper tisakorean murda beatz,0.9053892215568864,0.5936724565756824,0.7042105263157894,0.0581417583575859,0.5883953349173816,0
796,0yL7K9MzC20uBesZTPY81r,pandora,dj matt d menor mc mc gp vulgo fk,0.644311377245509,0.4509925558312655,0.5547368421052632,0.1408385618856851,0.4705893022327825,1
797,0yLdNVWF3Srea0uzk55zFn,flowers,miley cyrus,0.6670658682634731,0.6815550041356494,0.6463157894736842,0.0635743950857092,0.4309639115109523,0
798,0yUaLqhsVsguBpoOPL4cO7,in ha mood,ice spice,0.740119760479042,0.7425558312655087,0.5263157894736843,0.700198936114677,0.5703843433152558,2
799,0yYwS7CXKIPC4kWPvZQfsT,no way,bazzi,0.6167664670658685,0.7105045492142267,0.3421052631578947,0.175044052396091,0.1773892224257704,1
800,0yc6Gst2xkRu0eMLeRMGCX,apocalypse,cigarettes after sex,0.2634730538922156,0.4602977667493796,0.1578947368421052,0.0206163231799935,0.2887986021680904,1
801,0ypCvaP431mEM6znlVHNRP,puerto rico,fero47,0.6431137724550899,0.7694375516956162,0.628421052631579,0.311866014437715,0.5642174378321512,0
802,0yt31hMKZMiyIEfiBiLD2N,whatever it takes,imagine dragons,0.6287425149700601,0.6743176178660051,0.5652631578947368,0.041139617486237,0.5333950023881644,0
803,0yyZN5ASdrYu0XYWFzfxUu,3 am,jesse  joy gente de zona,0.6610778443113773,0.8459470636889992,0.6231578947368421,0.0112601154815589,0.3341737253550504,0
804,0z8hI3OPS8ADPWtoCjjLl6,summer of love shawn mendes  tainy,shawn mendes tainy,0.7497005988023954,0.8128618693134823,0.4863157894736842,0.0298719264945739,0.4671733202740041,0
805,0zCfmceT1YvtZXGbR6Roht,another day of sun,la la land cast,0.5197604790419162,0.7549627791563276,0.7989473684210526,0.0181012135836401,0.4781105085278629,0
806,0zCgWGmDF0aih5qexATyBn,after dark,mrkitty,0.5137724550898204,0.5988420181968569,0.007578947368421,0.0676991748237288,0.5640965181167963,1
807,0zLCBJZSiELJf02ucPP9wb,roses  imanbek remix,saint jhn imanbek,0.7413173652694612,0.7208436724565757,0.8747368421052631,0.0143788513810371,0.4548818312081693,0
808,0zl3PdjIl320fK0pxBGWNR,keke,6ix9ine fetty wap a boogie wit da hoodie,0.5377245508982037,0.8635235732009926,0.4599999999999999,0.0322864317070731,0.8540982714526693,1
809,0zlGnseLGzRIBA0TJcb3Bo,manike from thank god,yohani jubin nautiyal tanishk bagchi rashmi virag surya ragunaathan,0.480239520958084,0.575062034739454,0.5021052631578947,0.5251473082084818,0.3630856292964287,2
810,0zo975x58DlXbZllWvfYhg,when emma falls in love taylors version from the vault,taylor swift,0.3880239520958084,0.7663358147229116,0.2094736842105263,0.1599533948179708,0.1899346428938506,1
811,0zzVTGyRrWpQu8Fr28NRAv,ok not to be ok,marshmello demi lovato,0.710179640718563,0.8428453267162944,0.2431578947368421,0.017296378512807,0.3407154819557554,1
812,0zzsyWc45eUcSjw4FNHxeN,sine from above with elton john,lady gaga elton john,0.5892215568862277,0.7963192721257238,0.0613684210526315,0.1589473509794294,0.4609882768335964,1
813,1000nHvUdawXuUHgBod4Wv,panini,lil nas x,0.6622754491017965,0.5916046319272126,0.4663157894736841,0.3440594172710383,0.6477064552990044,1
814,104buTcnP2AsxqB7U1FIZ4,heavy feat kiiara,linkin park kiiara,0.5269461077844312,0.6712158808933003,0.4273684210526315,0.0486849462752972,0.6243326743208846,1
815,1058fW9H3fZA6QjYCdOBad,dont go yet,camila cabello,0.6179640718562875,0.8004549214226634,0.608421052631579,0.0494897813461303,0.383255037817641,0
816,107CfwBqfICzcKur8k7UCA,tragic endings feat skylar grey,eminem skylar grey,0.5796407185628744,0.7746071133167908,0.5157894736842106,0.4315852312241359,0.2070931505027237,0
817,10IfXtjKQmOiON7tNAHv0y,yours,jin,0.4047904191616767,0.4189412737799834,0.131578947368421,0.3561319433335345,0.1530662216821141,2
818,10Igtw8bSDyyFs7KIsKngZ,freaky friday feat chris brown,lil dicky chris brown,0.724550898203593,0.5967741935483871,0.7610526315789473,0.1478808687554745,0.5224034002623956,0
819,10ImcQk9tihY1EKMDIbvXJ,to be loved,adele,0.2467065868263473,0.1594292803970223,0.2705263157894736,0.8480873803802558,0.7479307613709878,2
820,10SRMwb9EuVS1K9rYsBfHQ,yet to come,bts,0.4898203592814373,0.8924731182795699,0.6852631578947369,0.0434535183148822,0.7576285225424579,0
821,10hMM5nsZQf66ldBlgWBfG,all for us  from the hbo original series euphoria,labrinth zendaya,0.237125748502994,0.6515715467328371,0.1473684210526315,0.0165921478258281,0.1465426030387124,1
822,10hcDov7xmcRviA8jLwEaI,need to know,doja cat,0.6155688622754493,0.6071133167907362,0.1705263157894737,0.3058297514064669,0.5037696721261917,1
823,10xV5l9nhLvFpR8mqzs0bL,numb,marshmello khalid,0.9125748502994014,0.7777088502894955,0.631578947368421,0.1217237289533994,0.4428563655161155,0
824,113PlnpZbHd3WIqeYjhZWv,definitivamente,daddy yankee sech,0.7940119760479043,0.7673697270471465,0.4178947368421052,0.5895341138751282,0.3224263750083132,2
825,116H0KvKr2Zl4RPuVBruDO,mia,bad bunny drake,0.7988023952095809,0.5347394540942929,0.1326315789473684,0.0141776426133288,0.304379107491581,1
826,1175r6ZmkUjX8dRJLz9Ohk,i love you so,the walters,0.5125748502994012,0.6691480562448305,0.4957894736842105,0.6539209195417749,0.1770083253224021,2
827,11BKm0j4eYoCPPpCONAVwA,bloody mary,lady gaga,0.5281437125748504,0.6360628618693135,0.4210526315789473,0.0107570935622882,0.3221301217056935,1
828,11EDhDAVDtGPoSar6ootYA,strangers,halsey lauren jauregui,0.6467065868263473,0.7880479735318445,0.2652631578947367,0.0100528628753093,0.3824146457959237,1
829,11EnQRgRMJwMAesfkB5pnu,se te nota with guaynaa,lele pons guaynaa,0.9041916167664672,0.686724565756824,0.98,0.0912406006455964,0.3403587687954583,0
830,11Ey4yJVeWEsA73KjACkVY,ring,selena gomez,0.865868263473054,0.5047559966914806,0.883157894736842,0.5684071932657598,0.3883638957913893,0
831,11GGSyTB8cS9TgONHBOhEX,home with you,madison beer,0.5760479041916169,0.5967741935483871,0.731578947368421,0.0673973616721664,0.7460988276833598,0
832,11KJSRSgaDxqydKYiD2Jew,too good,drake rihanna,0.7832335329341319,0.6474358974358975,0.3789473684210526,0.0576387364383152,0.4308671757386683,1
833,11OwAR3GlBj9E35Cznf7Lj,vulnerable,selena gomez,0.6526946107784432,0.5698924731182795,0.3663157894736841,0.1327902111773543,0.3223296392360292,1
834,11P4sSu6BH2lAbWk1sL6cK,step into christmas  remastered 1995,elton john,0.4670658682634732,0.9369313482216708,0.8042105263157895,0.0892285129685137,0.5665149124238962,0
835,11VApNQCWLJdzxWrlmwzUa,say so feat nicki minaj,doja cat nicki minaj,0.8455089820359282,0.6401985111662531,0.7505263157894737,0.1197116412763167,0.3886722410655446,0
836,11ZRYISCsAsLyyJo47DudZ,ahora me llama,karol g bad bunny,0.6059880239520959,0.5647229114971051,0.0936842105263157,0.0098717749843718,0.5330141052847961,1
837,11ZulcYY4lowvcQm4oe3VJ,slumber party feat princess nokia,ashnikko princess nokia,0.9748502994011976,0.3889578163771712,0.5589473684210525,0.0015115506860932,0.3524446943451895,0
838,11cDEev79fPKi6uJCjUhu8,who do you love,the chainsmokers 5 seconds of summer,0.4311377245508982,0.8407775020678246,0.4242105263157895,0.0079502312527578,0.5641267480456351,1
839,11iIikXxC6NP0Ma8vMD27x,alien blues,vundabar,0.3796407185628744,0.7601323407775021,0.4221052631578947,0.0811801622601829,0.2150194378442432,1
840,11jGgkrtDbYaKlN0y1nPbC,tik tok feat marracash  gu,sfera ebbasta marracash gu,0.6862275449101797,0.6732837055417701,0.2842105263157894,0.099087742586219,0.4433400443775355,1
841,11kDth1aKUEUMq9r1pqyds,5 tint,travis scott,0.6730538922155689,0.4747725392886683,0.031578947368421,0.1740380085575497,0.5639816443872092,1
842,11o2y87vqODipLK98a1v34,all day and night,jax jones martin solveig madison beer europa,0.5209580838323353,0.7859801488833748,0.5147368421052632,0.2706182170575196,0.4545976698770851,0
843,11pEKMLmavDu8fxOB5QjbQ,pipe down,drake,0.4407185628742516,0.6908602150537634,0.5873684210526315,0.1287660358231888,0.1881450311065967,0
844,11xC6P3iKYpFThT6Ce1KdG,attention,doja cat,0.7293413173652696,0.5636889991728701,0.4094736842105263,0.1187055974377753,0.2494755107346476,1
845,123hB20IVD2yw1NMIgrqb3,imdat,cakal,0.761676646706587,0.7508271298593879,0.5578947368421053,0.2686061293804369,0.5275062122503764,0
846,127QTOFJsJQp5LbJbu3A1y,toosie slide,drake,0.8191616766467067,0.4468569065343258,0.8473684210526315,0.3229324966616699,0.2110049032944576,0
847,127UT7AiWflJwjXWUBBVTQ,o me voy o te vas,natanael cano,0.6395209580838325,0.5037220843672457,0.8042105263157895,0.0764517562190385,0.3175472644937393,0
848,12M5uqx0ZuwkpLp5rJim1a,cornelia street,taylor swift,0.807185628742515,0.6226220016542597,0.2273684210526315,0.785712662390692,0.3343067370419409,2
849,12REd1n8PeiHHWOh066tpr,never be like you,flume kai,0.4119760479041917,0.555417700578991,0.2442105263157894,0.4386275380939254,0.4385093017491037,2
850,12SJpYZEdj4kzWZ8FPFg4Y,all the stars with sza,kendrick lamar sza,0.6766467065868265,0.6184863523573201,0.4463157894736842,0.0323870360909273,0.3028676110496436,1
851,12YCtLHGk6tP6RbHDHflCs,carto black,mc caverinha kayblack wall hein,0.8287425149700599,0.4613316790736145,0.5421052631578948,0.2565336033179406,0.3688595457046295,0
852,12cZWGf5ZgLcKubEW9mx5q,hope,nf,0.4742514970059881,0.7911497105045493,0.4894736842105263,0.3983857845522713,0.3255219197214009,1
853,12hD59WtTU92K1VcCXqLlw,still life with anderson paak,rm anderson paak,0.8155688622754492,0.7229114971050455,0.4326315789473683,0.2786665677658504,0.4672881940035914,0
854,12iDo4Kdw9vA2X1lN3UTVu,focus feat 21 savage,bazzi 21 savage,0.7209580838323354,0.7043010752688171,0.5326315789473685,0.0069743687293727,0.1832115067201131,0
855,12ip0ceCeszDTDFxDY1AXJ,you be love feat billy raffoul,avicii billy raffoul,0.8095808383233534,0.4592638544251447,0.5431578947368422,0.0353045632226972,0.4729895585825791,0
856,12mGwph2YzDIlChtq3EdXP,alone,marshmello,0.5820359281437126,0.9627791563275434,0.3842105263157894,0.0245398941503047,0.5761401217661533,1
857,12nBPF4Rh4XLFJV0YLN7uj,innocent taylors version,taylor swift,0.4455089820359282,0.5957402812241522,0.123157894736842,0.1016028521825723,0.5254505770893416,1
858,12o6dxWGk29uIAP3OWY0pM,homemade dynamite,lorde,0.7329341317365271,0.4292803970223325,0.1947368421052631,0.2535154718023166,0.3642525045496043,1
859,132ALUzVLmqYB4UsBj5qD6,adan y eva,paulo londra,0.7389221556886229,0.7105045492142267,0.7242105263157894,0.3249445843387526,0.757410867054819,0
860,135Lf4Q0CzlMNfOxbEUsLH,ghost town,benson boone,0.288622754491018,0.3238213399503722,0.0884210526315789,0.3913434776824818,0.7706636678577259,2
861,137mSruegm1u6x9NvwiagR,unstable feat the kid laroi,justin bieber the kid laroi,0.4131736526946108,0.3217535153019024,0.3557894736842105,0.7414467334948724,0.3206730391356658,2
862,13CVSGLSFl4UxpDVR6u3dq,strangers by nature,adele,0.2838323353293414,0.23904052936311,0.1073684210526315,0.802815407645895,0.1286948530523159,2
863,13EW51DKru044OJDJ9Bm8o,tragic feat youngboy never broke again  internet money,the kid laroi youngboy never broke again internet money,0.7532934131736528,0.641232423490488,0.3747368421052631,0.0385239035060295,0.215509162691431,1
864,13HVjjWUZFaWilh2QUJKsP,let it go,james bay,0.4742514970059881,0.2990074441687345,0.2252631578947368,0.822936284416722,0.6091088821576913,2
865,13HsOwrwTA5HgLuoaDHncP,runitup feat teezo touchdown,tyler the creator teezo touchdown,0.6167664670658685,0.4623655913978494,0.1157894736842105,0.5684071932657598,0.4179831800675941,2
866,13Irp51zj01BZu2XtDrnAg,2 be loved am i ready,lizzo,0.6838323353293414,0.772539288668321,0.9294736842105265,0.0927496664034084,0.6603062896389942,0
867,13X0XdLMOdtbXVtAj2ox4h,besndote,piso 21,0.6874251497005989,0.8138957816377173,0.488421052631579,0.0347009369195724,0.2921359863118882,1
868,13Z5Q40pa1Ly7aQk1oW8Ce,69,nicky jam feid,0.7604790419161678,0.6153846153846154,0.5768421052631578,0.1096512028909031,0.2788771395232135,0
869,13ZyrkCDmRz5xY3seuAWYk,hear me calling,juice wrld,0.6574850299401198,0.6877584780810588,0.491578947368421,0.3098539267606323,0.2552252431997775,0
870,13e6f8t7RKXuxZ0JdaaJRG,jorja interlude,drake,0.7005988023952097,0.3631100082712986,0.2157894736842105,0.7665978294584063,0.4616896111826553,2
871,13hvHEstJ4sNbzdroPrPI3,kiss and make up,dua lipa blackpink,0.6287425149700601,0.7311827956989247,0.6294736842105263,0.0560290662966491,0.3220575698764805,0
872,13jRSCLoWbCoU1XEdJRbgn,saturn returns interlude,ariana grande,0.4347305389221557,0.3558726220016542,0.9536842105263156,0.8973835284687821,0.4699061058410268,2
873,13vDU8nPsvTGEVTMB8Vw7g,djadja feat maluma  remix,aya nakamura maluma,0.7676646706586828,0.6825889164598843,0.6736842105263158,0.1760500962346324,0.3102376677005302,0
874,13wNEvWmBsWaWVtiLPRIW5,hurt you,the weeknd gesaffelstein,0.4,0.717741935483871,0.3505263157894737,0.3018055760523014,0.8307970423037625,1
875,1418IuVKQPTYqt7QNJ9RXN,maan meri jaan,king,0.6562874251497006,0.499586435070306,0.3831578947368421,0.3561319433335345,0.297160200484888,1
876,142PiXzA84lmEw2RstFHFa,supernatural,ariana grande,0.502994011976048,0.7311827956989247,0.5126315789473684,0.0976792812122611,0.1804243072811806,1
877,149BxWeweaCqmsyedkNiiE,wrecked,imagine dragons,0.5688622754491018,0.5585194375516958,0.2073684210526315,0.1498929564325573,0.2858542070991964,1
878,14Bcv6siTBPw3TlP84dasC,holiday,ksi,0.2467065868263473,0.6846567411083541,0.331578947368421,0.1529110879481813,0.2446810440208224,1
879,14JzyD6FlBD5z0wV5P07YI,when the partys over,billie eilish,0.4167664670658684,0.0849875930521091,0.1821052631578947,0.9849093424218798,0.4672519180889848,2
880,14LdhxElpZS0rKVV4nxtdA,queen of kings,alessandra,0.4946107784431138,0.9162531017369728,0.1463157894736842,0.0700130756523739,0.479168556037219,1
881,14WWzenpaEgQZlqPq2nk4v,work,rihanna drake,0.6886227544910181,0.5295698924731184,0.5536842105263159,0.0756469211482054,0.2736171319052715,0
882,14boA065HMHWvqyPPEeN4y,i dont even speak spanish lol  feat rio santana judah andrez babii,xxxtentacion rio santana judah andrez babii,0.7389221556886229,0.5574855252274608,0.5368421052631579,0.1187055974377753,0.2618093217008567,0
883,14f1n3XCW3fQhAODW0CwLK,wolke 10,mero,0.7425149700598804,0.8014888337468984,0.38,0.0665925266013333,0.3221603516345322,1
884,14gkWVFMwdxBMyqBw1wmIg,safety net feat ty dolla ign,ariana grande ty dolla ign,0.4814371257485031,0.5967741935483871,0.0627368421052631,0.0707173063393528,0.6962919969286392,1
885,14kYOiFVPb7E7NfFbqhdln,goodnight n go,ariana grande,0.6682634730538923,0.4468569065343258,0.2189473684210525,0.0218235757862431,0.3884243556490668,1
886,14kyXBpg91RVq8bNRDS1q2,true story,ariana grande,0.6886227544910181,0.521298593879239,0.3631578947368421,0.4808813793126621,0.5516599253925356,2
887,14mHfNsSHN0FbLftyjrV9g,leave me alone,flipp dinero,0.7688622754491019,0.7456575682382134,0.7473684210526316,0.1076391152138204,0.6245866057231302,0
888,14msK75pk3pA33pzPVNtBF,7 rings,ariana grande,0.6886227544910181,0.3093465674110835,0.3021052631578947,0.5814857631667975,0.1416211706237642,2
889,14rWuS6yllHOdfZ8sZsZUj,feel special,twice,0.6694610778443114,0.9689826302729528,0.6442105263157895,0.0297713221107198,0.4973730191839129,0
890,14sOS5L36385FJ3OL8hew4,happy now,kygo sandro cavazza,0.6502994011976049,0.5719602977667494,0.4842105263157894,0.3762528201043615,0.4309639115109523,1
891,14wf185UxfNbSy8dwt4r4q,mamacita,black eyed peas ozuna j rey soul,0.8910179640718564,0.6339950372208437,0.4168421052631579,0.1941588853283768,0.3524507403309573,1
892,152lZdxL1OR0ZMW6KquMif,location,khalid,0.7017964071856289,0.4416873449131513,0.3094736842105263,0.3319868912085421,0.2019842925289753,1
893,1597vvneWf0zoQrg2D8yH6,evoque prata,mc menor hr mc menor sg dj escobar,0.8646706586826348,0.5140612076095947,0.5136842105263159,0.3078418390835496,0.2421417299983675,0
894,15EH2glphTjcarRjAsc0EB,straightenin,migos,0.8359281437125748,0.6236559139784946,0.0778947368421052,0.0320852229393649,0.5395377239281978,1
895,15JINEqzVMv3SvJTAXAKED,love the way you lie,eminem rihanna,0.7173652694610779,0.933829611248966,0.6410526315789474,0.2424489895783617,0.2434778928530402,0
896,15OCqNPYoLziEAsbVnqRj5,good without,mimi webb,0.5580838323353294,0.5729942100909843,0.2494736842105263,0.0727293940164355,0.2614526085405594,1
897,15OjBeqNX3bShsGYQbteRv,la txica,farruko,0.6095808383233534,0.7022332506203474,0.6221052631578947,0.088725491049243,0.2735929479622005,0
898,15coTBAzEN1bOeipoNDZAR,merry christmas happy holidays,nsync,0.5904191616766469,0.9483043837882548,0.7621052631578947,0.1046209836981964,0.3523660965302087,0
899,15dnkAHcHC0vrIUlbiPiqU,i dont know why,imagine dragons,0.3892215568862276,0.6567411083540117,0.0407368421052631,0.0058274787534356,0.5160430232347233,1
900,15fZrZhdK0g1BS9sDeW6sD,love no more,loud luxury anders,0.7389221556886229,0.6784532671629446,0.1947368421052631,0.0222259933216596,0.4491683746576461,1
901,15k1TDabqSEmyXOwMq9RM7,investe em mim,jonas esticado,0.5772455089820361,0.9627791563275434,0.8063157894736842,0.3189083213075044,0.685270164874032,0
902,15kQGEy89K8deJcZVFEn0N,this feeling,the chainsmokers kelsea ballerini,0.465868263473054,0.6505376344086022,0.4652631578947368,0.0654858783789378,0.3533334542530487,1
903,15qKrPi4Kg0z7g9HlwWyeb,the jackie with j cole  lil tjay,bas j cole lil tjay,0.7592814371257487,0.4675351530190239,0.64,0.3350050227241661,0.491502367003428,0
904,15xWRPHQMeqgdkGzInx3PY,falling like the stars,james arthur,0.1748502994011976,0.3403639371381306,0.1663157894736842,0.8279665036094287,0.7880458769400058,2
905,161DnLWsx1i3u1JT05lzqU,talking to the moon,bruno mars,0.4167664670658684,0.5874689826302729,0.0488421052631578,0.5140808259845269,0.5994534428865954,2
906,167NczpNbRF7oWakJaY3Hh,slow hands,niall horan,0.6922155688622755,0.4179073614557485,0.8547368421052631,0.0142782469971829,0.2369421822381029,0
907,16dUQ4quIHDe4ZZ0wF1EMN,cairo,karol g ovy on the drums,0.9664670658682636,0.6774193548387097,0.4599999999999999,0.4859115985053689,0.4128320001934715,0
908,16oi4OiKmkO51l60F5R9kR,lightskin sht feat future  jetsonmade,dababy future jetsonmade,0.9365269461077846,0.575062034739454,0.6221052631578947,0.1156874659221513,0.5034673728378045,0
909,16wAOAZ2OkqoIDN7TpChjR,yummy,justin bieber,0.6299401197604793,0.500620347394541,0.4894736842105263,0.3470775487866623,0.5993022932424017,1
910,16x6tqeSkIjoLEf7SJLlYy,ratchet happy birthday,drake,0.5964071856287426,0.5306038047973533,0.4336842105263158,0.4607605025418352,0.7334506254572277,2
911,16x9bQHw8TBNaGDyULvwad,before i close my eyes,xxxtentacion,0.2467065868263473,0.1253101736972704,0.3178947368421052,0.9818912109062556,0.1741485740542567,2
912,170DNUSnQRp1tGpppF26pA,epidemic,polo g,0.5580838323353294,0.6153846153846154,0.4673684210526315,0.1287660358231888,0.7812078670366811,1
913,1797zYiX4cKosMH836X9Gt,la corriente,bad bunny tony dize,0.6143712574850301,0.7901157981803144,0.5757894736842105,0.2303764635158655,0.9032823656733112,0
914,17CWWoszMuoGecCJzmOubE,j christ,lil nas x,0.7149700598802397,0.6102150537634409,0.903157894736842,0.0592484065799814,0.623794581587555,0
915,17Fd6Yb7mSbinKG8LoWfFl,i took a pill in ibiza  seeb remix,mike posner seeb,0.6143712574850301,0.7146401985111662,0.6926315789473684,0.0355057719904055,0.3340225757108567,0
916,17FyWGvqby379Q92sn23jW,queen,shawn mendes,0.8706586826347306,0.6887923904052936,0.9357894736842104,0.1941588853283768,0.5097007841643539,0
917,17IBDpAl3J39swaoPlfGpp,another late night feat lil yachty,drake lil yachty,0.6395209580838325,0.5368072787427627,0.191578947368421,0.0349021456872807,0.6730875035520165,1
918,17JYzDCW1UTndfURuTydF2,dance to this feat ariana grande,troye sivan ariana grande,0.7017964071856289,0.7590984284532672,0.7157894736842105,0.0063506215494771,0.4250207075012546,0
919,17UUYZ290omPaJY4wKeyHh,me dijeron,ozuna,0.7784431137724552,0.8469809760132341,0.8063157894736842,0.0274574212820747,0.2860053567433901,0
920,17UfXrL7Run3GyZJW4uRjC,paradigmas,jorge  mateus,0.6419161676646709,0.7932175351530191,0.831578947368421,0.3239385405002112,0.6723982611744932,0
921,17Yq72h0p15OhCbZ5lJ5gd,bickenhead,cardi b,0.8790419161676649,0.8190653432588916,0.9210526315789472,0.154923175625264,0.6603425655536006,0
922,17cia5k4BpGVlyEfqrFH50,cant catch me now  from the hunger games the ballad of songbirds  snakes,olivia rodrigo,0.4407185628742516,0.357940446650124,0.2126315789473684,0.8601599064427521,0.5756745808620367,2
923,17js0w8GTkTUFGFM6PYvBd,igualito a mi ap,fuerza regida peso pluma,0.7281437125748504,0.8169975186104219,0.8031578947368422,0.18912866613567,0.5936553425353237,0
924,17phhZDn6oGtzMe56NuWvj,lose control,teddy swims,0.4922155688622756,0.6019437551695617,0.2210526315789473,0.2001951483596249,0.6844176808807791,1
925,17vGPZ5EsdvtgAOCD4FLWI,ap  music from the film boogie,pop smoke,0.7197604790419163,0.7466914805624483,0.6336842105263157,0.1529110879481813,0.6124341743299537,0
926,1839RWzPRZCVgvamu4sHSN,all my love feat conor maynard,cash cash conor maynard,0.5269461077844312,0.8779983457402812,0.2863157894736842,0.1488869125940159,0.5334856921746804,1
927,186NCtNk1tUYS7c2DxgJ7O,christmas tree,v,0.3437125748502995,0.3744830438378825,0.1568421052631578,0.703217067630301,0.5579900724913693,2
928,18HNGxDOcshRU2Hdu8tMOM,popopop,gambi,0.8179640718562875,0.6515715467328371,0.4010526315789473,0.0488861550430055,0.5035338786812495,1
929,18HOjcvTVV7W8YzBuOsAPS,un verano sin ti,bad bunny,0.4227544910179641,0.4902812241521918,0.3999999999999999,0.697180804599053,0.8532457874594164,2
930,18W92Zm1KjLCbUIszOhpkD,i wanna know feat bea miller,notd bea miller,0.6119760479041918,0.7270471464019851,0.6031578947368421,0.0254453336049919,0.4426205720711734,0
931,18XlJEroUwFo0tLZxscgXE,lost,maroon 5,0.7377245508982038,0.7074028122415219,0.7726315789473684,0.2243402004846173,0.5820530958470125,0
932,18asYwWugKjjsihZ0YvRxO,the motto,tisto ava max,0.7233532934131738,0.7663358147229116,0.4547368421052631,0.0302743440299904,0.4306857961656358,1
933,18ddJHQ7CUzNBiy55L0Xjj,wfm,realestk,0.3437125748502995,0.1677005789909015,0.2263157894736842,0.7243439882396695,0.2017545450698008,2
934,18ssFhD04lWo1RzpcohnrG,anyone,demi lovato,0.4874251497005989,0.3775847808105873,0.2999999999999999,0.8812868270521205,0.503400866994359,2
935,18uSfZqFBxQFi8CsXOIbhy,dj play a christmas song,cher,0.458682634730539,0.7632340777502068,0.4568421052631579,0.1579413071408881,0.5271978669762212,1
936,18uwL0vNUanqZH0ro2QcOP,comethru,jeremy zucker,0.7724550898203595,0.1614971050454921,0.6063157894736841,0.6106610344844967,0.2857574713269125,2
937,18vXApRmJSgQ6wG2ll9AOg,rapstar,polo g,0.7652694610778444,0.5316377171215881,0.4263157894736842,0.4124703982918502,0.2075042775349306,2
938,18zQTt3ifDv6iLni2YuXMg,born again,rihanna,0.377245508982036,0.2462779156327543,0.2389473684210526,0.4778632477970381,0.4227595088241162,2
939,193Dm5SqYy3hTSbuzxbwKc,writer in the dark,lorde,0.2095808383233533,0.2576509511993383,0.26,0.734404426625083,0.1519779442439192,2
940,19CSr8rwW05VJL2F91KFNK,ivy,taylor swift,0.4371257485029941,0.5409429280397023,0.5294736842105263,0.8601599064427521,0.2547657482814284,2
941,19Ec2gbNtQTE44IizcPjtD,wassup feat future,lil uzi vert future,0.7329341317365271,0.62055417700579,0.6252631578947369,0.3541198556564518,0.5036366604393014,0
942,19Fg3WrTfo35Ji3PtfZE6J,auntie diaries,kendrick lamar,0.44311377245509,0.3651778329197684,0.5863157894736841,0.7494950842032033,0.4886728456641213,2
943,19GVttbvglsRrRB8FGGM05,komang,raim laode,0.6526946107784432,0.4044665012406947,0.3294736842105262,0.4074401790991435,0.5271978669762212,2
944,19HA9J80qZfIkAnp2g8N2S,famous,21 savage,0.7532934131736528,0.5947063688999172,0.6463157894736842,0.7273621197552935,0.7694605166899438,2
945,19MBk3PbNFE36wqIqkMq9H,la cintura,alvaro soler,0.6610778443113773,0.8500827129859387,0.7936842105263158,0.0295701133430115,0.3224021910652422,0
946,19OXtYzrJyCrQvTbfukt4H,madrid feat myke towers,maluma myke towers,0.7353293413173654,0.7435897435897436,0.8105263157894738,0.2404369019012789,0.745850942266882,0
947,19WjVVgXjdKXfLXoaDPwTM,ready for it,taylor swift,0.5580838323353294,0.7735732009925559,0.3999999999999999,0.0576387364383152,0.685197613044819,1
948,19a3JfW8BQwqHWUMbcqSx8,famous,kanye west,0.377245508982036,0.7373862696443342,0.3968421052631579,0.0715221414101859,0.7691521714157885,1
949,19hh7DkfRBrpRGYfKlw7jb,valentine,5 seconds of summer,0.7137724550898205,0.7704714640198511,0.78,0.060455659186231,0.2859086209711062,0
950,1A85fOmviQuGgkF6Lww6Nd,midnight train,sam smith,0.6742514970059881,0.5947063688999172,0.3863157894736841,0.3792709516199856,0.2983210297522959,1
951,1ABS9lKaZ1uXkXCqr9zFO7,kids again,sam smith,0.6179640718562875,0.72808105872622,0.4589473684210526,0.488929730020993,0.4916958385479961,2
952,1AGjF8pckOxTGeb5zubyqH,genick,loredana,0.9233532934131736,0.5771298593879239,0.5947368421052631,0.3299748035314593,0.352263314772157,0
953,1AI7UPw3fgwAFkvAlZWhE0,take me back to london feat stormzy,ed sheeran stormzy,0.8802395209580839,0.7653019023986767,0.6031578947368421,0.2203160251304519,0.5522403400262395,0
954,1AT4xjNarTswd0UZ5FlmKF,motiv8,j cole,0.8610778443113775,0.3755169561621174,0.5936842105263157,0.1358083426929783,0.623818765530626,0
955,1AVu7Kc2MRrLfOG1RCEf07,aura,ozuna arthur hanlon,0.4514970059880241,0.4799421009098428,0.2347368421052631,0.9527159395885564,0.3699417771570566,2
956,1AZjCZSGEjlxUufFQwSszF,wild flower with youjeen,rm youjeen,0.4023952095808384,0.7694375516956162,0.4052631578947367,0.0283628607367619,0.6546230630173095,1
957,1AhDOtG9vPSOmsWgNW0BEY,bohemian rhapsody  remastered 2011,queen,0.3161676646706587,0.3951612903225806,0.2021052631578947,0.2726303047346023,0.1474434549181071,1
958,1AkTW13ysu0AJrwuM6UY0I,gyal you a party animal  remix,charly black daddy yankee,0.6862275449101797,0.8966087675765095,0.7042105263157894,0.0676991748237288,0.3283816709895464,0
959,1Al4Z4K76RCKj31mExavs7,maybe feat bring me the horizon,mgk bring me the horizon,0.4455089820359282,0.9307278742762616,0.5242105263157895,0.000741927149609,0.7822719605318049,1
960,1Ame8XTX6QHY0l0ahqUhgv,the loneliest,mneskin,0.4419161676646708,0.5926385442514475,0.2157894736842105,0.0015115506860932,0.5022279457554157,1
961,1AnkdcHl86kEhDvhaKDuIe,stay high,juice wrld,0.7125748502994013,0.4944168734491315,0.4221052631578947,0.4416456696095495,0.1828910694744224,2
962,1AqemxWsT0iGg5Lvkm16Bt,fukk sleep feat fka twigs,aap rocky fka twigs,0.776047904191617,0.4034325889164598,0.2863157894736842,0.4456698449637148,0.5395498158997334,2
963,1ArLnG0bHaHPXqf08sEKM0,consequences  orchestra,camila cabello,0.4754491017964073,0.2762613730355665,0.1905263157894736,0.648890700349068,0.3514712906365818,2
964,1Av69kr9JitqPWo7WJLS5q,can we kiss forever,kina adriana proenza,0.4107784431137725,0.1118693134822167,0.091578947368421,0.9034197915000304,0.381707265461097,2
965,1B4gJRq61xTs6r1O0Uq2iY,casper,takeoff,0.9233532934131736,0.6050454921422663,0.7589473684210526,0.5281654397241058,0.5644109093767193,0
966,1BAU6v0fuAV914qMUEESR1,born with a beer in my hand,morgan wallen,0.4562874251497006,0.8149296939619521,0.6063157894736841,0.0504958251846716,0.6125067261591668,0
967,1BCBBO8VUEFOb6RBct4XDp,broken smile my all,lil peep,0.473053892215569,0.511993382961125,0.0873684210526315,0.0461698366789438,0.443327952406,1
968,1BKT2I9x4RGKaKqW4up34s,ruff ryders anthem,dmx,0.8742514970059881,0.5740281224152192,0.7452631578947368,0.056733296983628,0.2676739278955737,0
969,1BSMpVGWs3v5BZKnAQziAc,light switch,charlie puth,0.6467065868263473,0.6246898263027295,0.9263157894736842,0.1056270275367377,0.8300594320400969,0
970,1BYZxKSf0aTxp8ZFoeyM3d,we fell in love in october,girl in red,0.4982035928143713,0.3558726220016542,0.2157894736842105,0.1136753782450686,0.5032739012932363,1
971,1Bdptrvb7nQkq8kCw3siE9,feels feat young thug  j hus,ed sheeran young thug j hus,0.6167664670658685,0.6805210918114145,0.6926315789473684,0.1126693344065272,0.2717610142745724,0
972,1Bf8wk84B42gGewriwJlT9,montagem  pr funk,s3bzs mc gw mc menor do alvorada,0.8742514970059881,0.8025227460711333,0.8010526315789473,0.7253500320782108,0.5040236035284373,0
973,1BkY0N8ChFk2mdLbAUu8ZK,pass the dutchie,musical youth,0.7844311377245511,0.4096360628618692,0.983157894736842,0.4617665463803765,0.6227728099928052,0
974,1Bqxj0aH5KewYHKUg1IdrF,some kind of drug feat marc e bassy,geazy marc e bassy,0.5796407185628744,0.5202646815550042,0.4821052631578947,0.0709185151070611,0.5051602488527742,1
975,1BuZAIO8WZpavWVbbq3Lci,powerglide feat juicy j  from sr3mm,rae sremmurd swae lee slim jxmmi juicy j,0.6742514970059881,0.836641852770885,0.5810526315789474,0.0168939609773905,0.7692307692307694,0
976,1BxfuPKGuaTgP7aM0Bbdwr,cruel summer,taylor swift,0.4814371257485031,0.7032671629445822,0.5599999999999999,0.117699553599234,0.7453249415050878,0
977,1BxkZE73h9BN3qwuA15TA3,drip too hard lil baby  gunna,lil baby gunna,0.8982035928143713,0.652605459057072,0.3863157894736841,0.0950635672320535,0.397735173731401,1
978,1Bxzw8ag71snOU9IbhXVD6,kids in love feat the night game,kygo the night game,0.4179640718562875,0.6732837055417701,0.283157894736842,0.4014039160678954,0.4543679224179106,1
979,1C7lXfx4Y5maVl4AgUVlHA,acho pr,bad bunny arcngel de la ghetto engo flow,0.4682634730538924,0.8004549214226634,0.4599999999999999,0.3189083213075044,0.232691854243375,1
980,1CCDIow4pPYyJYzhtTUYz2,raw shit feat migos,dababy migos,0.8670658682634732,0.7156741108354011,0.8610526315789473,0.0274574212820747,0.5037999020550306,0
981,1CKd1PnqfYx0H12V9MSaIY,get low with liam payne,zedd liam payne,0.6778443113772455,0.9255583126550868,0.4936842105263158,0.0216223670185348,0.3703226742604247,0
982,1CUVN2kn7mW5FjkqXTR2W1,perfect strangers,jonas blue jp cooper,0.7089820359281438,0.8242349048800661,0.7126315789473684,0.3742407324272788,0.4308853136959715,0
983,1CnPYaKxTVb4LWOtiGOm0m,all time low,jon bellion,0.5592814371257486,0.5636889991728701,0.4978947368421053,0.0587453846607107,0.2631696684986003,1
984,1Crj1zkRMpsEjb9NOR6Zof,lgante bzrp music sessions vol38,bizarrap lgante,0.4826347305389222,0.8242349048800661,0.7673684210526316,0.3702165570731134,0.2490643837024407,0
985,1CsuHmKOfCYxPoO4xjlAWV,lenfer,stromae,0.2994011976047904,0.5430107526881721,0.6042105263157894,0.3319868912085421,0.7912804793257517,1
986,1Cv1YLb4q0RzL6pybtaMLo,sunday best,surfaces,0.8718562874251498,0.5202646815550042,0.6968421052631578,0.1840984469429632,0.3948270545771136,0
987,1D2L6MefbXon28PzIk9I3r,92 explorer,post malone,0.776047904191617,0.7353184449958644,0.8726315789473684,0.2665940417033541,0.6005356743390227,0
988,1D3ODoXHBLpdxolZRHWV1j,by your side,jonas blue raye,0.6538922155688623,0.7456575682382134,0.6442105263157895,0.0782626351284129,0.461066874648577,0
989,1D3z6HTiQsNmZxjl7F7eoG,m y  l i f e with 21 savage  morray,j cole 21 savage morray,0.5353293413173653,0.5843672456575683,0.045578947368421,0.0625683512471678,0.5641086100883317,1
990,1DAibqbopEYULPEtE8WHTE,what would pluto do,drake,0.8167664670658683,0.5512820512820513,0.4642105263157894,0.0508982427200882,0.2956487040429507,1
991,1DFD5Fotzgn6yYXkYsKiGs,piece of your heart,meduza goodboys,0.6311377245508983,0.7466914805624483,0.6305263157894737,0.0406365955669664,0.467729550964637,0
992,1DIXPcTDzTj8ZMHt3PDt8p,gangstas paradise,coolio lv,0.5952095808383234,0.5088916459884202,0.3726315789473684,0.0658882959143543,0.2010713486780451,1
993,1DMEzmAoQIikcL52psptQL,test drive,joji,0.5940119760479043,0.6474358974358975,0.4568421052631579,0.7142835498542559,0.1710167534265624,2
994,1DRJZUVcs6i6TkdNUXAi6m,estamos bien,bad bunny,0.7712574850299403,0.5729942100909843,0.4484210526315789,0.8038214514844364,0.4435879297940132,2
995,1DRW9bQzt2SE8f7H4KJZyL,sky walker feat travis scott,miguel travis scott,0.5736526946107785,0.7187758478081059,0.1021052631578947,0.0881218647461182,0.6000096735772285,1
996,1DUSuNhF8P5vUGNPpQiZa5,my bad,khalid,0.5928143712574852,0.5647229114971051,0.3778947368421053,0.5462742288178501,0.2314463811752187,2
997,1DWZUa5Mzf2BwzpHtgbHPY,good news,mac miller,0.7712574850299403,0.3083126550868486,0.22,0.8581478187656694,0.7700772072382542,2
998,1DadkoAI2gicYJfindPY20,wonderwall  remastered,oasis,0.3053892215568863,0.901778329197684,0.6421052631578947,0.0007982656045674,0.7725802453461026,0
999,1DcxnVNFAyVl2sDQ646pXS,ppp,kevin roldan,0.761676646706587,0.6495037220843674,0.7157894736842105,0.3651863378804066,0.2796691636587887,0
1000,1DdgqEZk4Hqfpl3drdXJun,no mistakes,kanye west,0.5868263473053893,0.6422663358147229,0.3189473684210526,0.0392281341930085,0.2013736479664327,1
1001,1DhRbox3xkceP64k3JeYfW,antisocial with travis scott,ed sheeran travis scott,0.6778443113772455,0.8283705541770058,0.9242105263157896,0.1327902111773543,0.6362734962121899,0
1002,1Dk3CfJEtqvj7Xg2AWwfEn,took his time,lil wayne,0.7221556886227546,0.7043010752688171,0.6421052631578947,0.1448627372398505,0.6243870881927944,0
1003,1DmW5Ep6ywYwxc2HMT5BG6,tattoo,loreen,0.473053892215569,0.78287841191067,0.2852631578947368,0.2444610772554444,0.6244535940362397,1
1004,1Dp7JGFNjvg8Nk0CtMCcnr,hard feelingsloveless,lorde,0.4035928143712576,0.4375516956162117,0.1557894736842105,0.0329906623940521,0.3041916819327807,1
1005,1DxEbt6OSbrkRthk6pjZue,mercho,lil cake migrantes nico valdi,0.8239520958083834,0.794251447477254,0.9789473684210526,0.4335973189012186,0.2793789563419368,0
1006,1E1uGhNdBe6Dddbgs2KqtZ,jumpsuit,twenty one pilots,0.5628742514970061,0.6081472291149711,0.2136842105263157,0.0085337366791118,0.4856982206663886,1
1007,1E5Xu8dur0fAjSP1VpVhAZ,best friends,the weeknd,0.702994011976048,0.5605872622001654,0.5221052631578947,0.4386275380939254,0.2616823559997339,2
1008,1E6DEDWDKHoOW0fcFuDghV,dont pretend,khalid safe,0.6550898203592815,0.5471464019851118,0.1968421052631578,0.2595517348335647,0.2556363702319844,1
1009,1EHUQesfVKwbthtNcpBi9g,without you with miley cyrus,the kid laroi miley cyrus,0.6047904191616768,0.4623655913978494,0.4578947368421052,0.1740380085575497,0.2771600795651727,1
1010,1EJIcDYXwSqipW5dFe4uJz,every chance i get feat lil baby  lil durk,dj khaled lil baby lil durk,0.3916167664670659,0.729114971050455,0.2052631578947368,0.0008636584540725,0.6248163531823048,1
1011,1ELsaYdj2NlxLvkx9g24xZ,haja colrio feat hugo  guilherme  ao vivo,guilherme  benuto hugo  guilherme,0.6754491017964073,0.7508271298593879,0.7010526315789473,0.5935582892292937,0.3525595680747768,0
1012,1ENdcyhqdylaLsPVgB83qq,rags2riches feat atr son son,rod wave atr son son,0.902994011976048,0.2380066170388751,0.2052631578947368,0.2957693130210533,0.4309336815821136,1
1013,1EQFOouqdKYdpbNoOHRVO2,abcdefu angrier,gayle,0.6239520958083834,0.5967741935483871,0.4378947368421052,0.0661901090659167,0.4542409567167879,1
1014,1EYeZGTMCjV7uVey5fNWXM,love nwantiti feat elgrande toto  north african remix,ckay elgrandetoto,0.5892215568862277,0.7249793217535153,0.4789473684210525,0.5834978508438802,0.8423569670916995,2
1015,1EaKU4dMbesXXd3BrLCtYG,element,kendrick lamar,0.7161676646706588,0.706368899917287,0.4747368421052631,0.2052253675523316,0.8656219203259996,0
1016,1Eck97uRMlprKOOJN9oO1E,good life with geazy  kehlani,geazy kehlani,0.4970059880239521,0.7746071133167908,0.5694736842105262,0.0046604679007276,0.7355969504047788,0
1017,1Ej96GIBCTvgH7tNX1r3qr,otro trago,sech darell,0.7137724550898205,0.7011993382961125,0.6178947368421053,0.1368143865315197,0.7819031553999722,0
1018,1EoEU4HY57qaITp06TkC6B,goteo,duki,0.3868263473053892,0.78287841191067,0.4273684210526315,0.1871165784585873,0.3722452977345692,1
1019,1F2HXIJrE2Xn81OzT2zZvW,unforgettable,french montana swae lee,0.6898203592814373,0.772539288668321,0.7378947368421053,0.0294695089591574,0.3099595523552137,0
1020,1F9kEuwT29fgqlovIclu81,love race feat kellin quinn,mgk kellin quinn,0.4395209580838324,0.8542183622828784,0.4178947368421052,0.005837539191821,0.2973899479440625,1
1021,1FBi1YWCAxlRmfuUbMINqO,runaway,lil peep,0.2982035928143713,0.5885028949545078,0.1505263157894736,0.4426517134480908,0.2005695318593219,2
1022,1FEiijYPJtyswChfcpv3p0,summertime sadness,lana del rey,0.5005988023952096,0.6453680727874277,0.1884210526315789,0.0466728585982145,0.3943615136729967,1
1023,1FP9s72rDYty6mfoOEYKnE,all we got feat kiddo,robin schulz kiddo,0.4239520958083833,0.7632340777502068,0.64,0.2877209623127225,0.829599937121748,0
1024,1FUViuNSldssMIawrOXF2i,i got you,bebe rexha,0.5497005988023953,0.8945409429280398,0.2989473684210526,0.0506970339523799,0.3099897822840524,1
1025,1Fid2jjqsHViMX6xNH70hE,atlantis,seafret,0.2994011976047904,0.4727047146401985,0.1905263157894736,0.0532121435487333,0.7221385860857683,1
1026,1FlL8ycld6uVDDyhV7P5FA,crame,rauw alejandro,0.7365269461077846,0.6236559139784946,0.2421052631578947,0.5875220261980455,0.3348448297752707,2
1027,1FmdAhS8FqRoEJ4jcSfuKZ,iconic ft jaden smith,logic jaden,0.2850299401197605,0.7808105872622002,0.1684210526315789,0.0057771765615085,0.7812320509797521,1
1028,1Ft13La2daEGqz5yWJC7lx,bella,wolfine,0.908982035928144,0.4871794871794871,0.8547368421052631,0.1287660358231888,0.285963034843016,0
1029,1Fuc3pBiPFxAeSJoO8tDh5,en paris,el chachito junior h,0.6610778443113773,0.4768403639371381,0.7757894736842105,0.3682044693960307,0.5569803928681554,0
1030,1G1R0XgChe18Zr1o6tlmN6,watercolor eyes  from euphoria an hbo original series,lana del rey,0.3520958083832336,0.2462779156327543,0.0936842105263157,0.9698186848437594,0.4457403007273321,2
1031,1G2CAJeP7rCwOZjlSJ0Zw3,que calor,major lazer j balvin el alfa diplo,0.7724550898203595,0.8924731182795699,0.4505263157894736,0.037417255283634,0.4795675910978905,0
1032,1GN6qqehnqUfUHH1gfK81v,thousand miles feat brandi carlile,miley cyrus brandi carlile,0.4227544910179641,0.7239454094292804,0.3389473684210525,0.206231411390873,0.7574894648697998,1
1033,1GO9vCm5Cra5uWGSWQ5mGK,in the dark,camila cabello,0.3293413173652695,0.544044665012407,0.263157894736842,0.2112616305835797,0.7801619114988605,1
1034,1GQ3cCJMAhLqWARyVZWxnO,mele kalikimaka  single version,bing crosby the andrews sisters,0.4347305389221557,0.1387510339123242,0.5863157894736841,0.8128758460313086,0.9749575269499816,2
1035,1GWxwShcDEdSvlr0jcpYI1,mahvettim,cakal,0.6000000000000001,0.706368899917287,0.5073684210526316,0.3641802940418653,0.5704145732440946,0
1036,1GYJpuLq41vEVKXiHGEY9j,como si no importara,emilia duki,0.8299401197604791,0.5295698924731184,0.5221052631578947,0.4698148970887074,0.2918155490661975,2
1037,1GeNui6m825V8jP4uKiIaH,bad bad bad feat lil baby,young thug lil baby,0.9868263473053894,0.5936724565756824,0.9052631578947368,0.0981823031315317,0.3944461574737453,0
1038,1GfBLbAhZUWdseuDqhocmn,rumble,skrillex fred again flowdan,0.7904191616766469,0.8418114143920595,0.0278947368421052,0.0518036821747754,0.5638546786860865,1
1039,1GkHyypTFkUf0QQKwYoXH4,you with marshmello  vance joy,benny blanco marshmello vance joy,0.6203592814371259,0.5595533498759305,0.2873684210526316,0.0495903857299844,0.3409815053295364,1
1040,1GpWY5RiInhezB8wGWs6oN,7969 santa,drake,0.4035928143712576,0.4840777502067824,0.3084210526315789,0.557340711041805,0.5723795186186131,2
1041,1GtVGc1UYin3zpMUdNSSpM,midnight,logic,0.5005988023952096,0.6050454921422663,0.2494736842105263,0.087216425291431,0.2922508600414754,1
1042,1H3oIeKUEHpBhXUiso0IMH,kokain,bonez mc raf camora gzuz,0.5568862275449102,0.6774193548387097,0.6063157894736841,0.2323885511929481,0.746068597754521,0
1043,1H7KnK26kc1YyellpbINEn,the woo feat 50 cent  roddy ricch,pop smoke 50 cent roddy ricch,0.407185628742515,0.6164185277088503,0.2673684210526316,0.0222259933216596,0.3203284179469042,1
1044,1HCdems7PQZRj42QDWLA0A,timeless taylors version from the vault,taylor swift,0.5676646706586828,0.5822994210090984,0.6505263157894737,0.3018055760523014,0.581412221355631,0
1045,1HF6P40Z7nfExGaB1Gk99v,got the guap feat young thug,lil uzi vert young thug,0.8227544910179642,0.5988420181968569,0.7547368421052632,0.2112616305835797,0.5819805440177994,0
1046,1HII0EIufOG0nGpWCQixbO,tuya,rosala,0.6826347305389222,0.5285359801488835,0.5442105263157895,0.6066368591303313,0.7157298411719539,2
1047,1HLL8X0LH20F6Z9SLXLIjr,no more feat travis scott kodak black  21 savage,metro boomin travis scott kodak black 21 savage,0.5820359281437126,0.4954507857733664,0.1726315789473684,0.4154885298074743,0.2151826794599725,2
1048,1HLaJowFbNM3MPyqnk5vjW,labios mordidos with karol g,kali uchis karol g,0.6766467065868265,0.8935070306038049,0.7536842105263157,0.2887270061512639,0.2617125859285726,0
1049,1HNywa8Bk0TmzRwQrzhtPo,i guess i just feel like,john mayer,0.4742514970059881,0.4706368899917286,0.1347368421052631,0.5623709302345118,0.6849013597421991,2
1050,1HTtUBEY3tuw2btgwwI2Ja,i get the bag feat migos,gucci mane migos,0.8862275449101799,0.6319272125723739,0.4136842105263157,0.0233326415440551,0.5636672531272862,1
1051,1HagMz5nWk1HmevNCBOxF3,answerphone feat yxng bane,banx  ranx ella eyre yxng bane,0.6239520958083834,0.8397435897435898,0.4442105263157895,0.0389263210414461,0.4008669943590953,1
1052,1HbA4N1MiOsPthALesGFR1,monster shawn mendes  justin bieber,shawn mendes justin bieber,0.5868263473053893,0.3827543424317617,0.4947368421052631,0.0596508241153979,0.5992781092993307,1
1053,1Hd2XLitkt1PYCWSbfF5qV,wish wish feat cardi b  21 savage,dj khaled cardi b 21 savage,0.8514970059880241,0.6660463192721258,0.8642105263157894,0.0021856000579159,0.5944594586424343,0
1054,1HfMVBKM75vxSfsQ5VefZ5,lose you to love me,selena gomez,0.4251497005988025,0.3289909015715467,0.0627368421052631,0.5794736754897147,0.3341918633123537,2
1055,1HhNoOuqm1a5MXYEgAFl8o,enemy with jid  from the series arcane league of legends,imagine dragons jid arcane league of legends,0.6922155688622755,0.7870140612076096,0.5505263157894738,0.2384248142241962,0.1831510468624356,0
1056,1Hohk6AufHZOrrhMXZppax,alien superstar,beyonc,0.473053892215569,0.6401985111662531,0.4547368421052631,0.0045498030784881,0.4545009341048011,1
1057,1HpzOCZbNWzxvvXfSGtSrX,find u again feat camila cabello,mark ronson camila cabello,0.5449101796407186,0.663978494623656,0.1389473684210526,0.0055055447251023,0.3463080187909237,1
1058,1Hs1uUl8o2VtDp1DABFq0O,los del espacio,lit killah tiago pzk maria becerra duki emilia rusherking big one fmk,0.7940119760479043,0.6825889164598843,0.6336842105263157,0.1076391152138204,0.4431284348756643,0
1059,1HvTxgCj0mTzQlEo0zLvFb,in my head,lil tjay,0.6395209580838325,0.5409429280397023,0.394736842105263,0.1599533948179708,0.5824158549930774,1
1060,1HwDRgozGBMyfJTQUfz09A,ticking,zach bryan,0.4119760479041917,0.3165839536807279,0.183157894736842,0.7223319005625868,0.4541502669302716,2
1061,1I3ZAmPmbFV78oNKnibOiW,jumpin on a jet,future,0.807185628742515,0.5926385442514475,0.131578947368421,0.057437527670607,0.5642174378321512,1
1062,1I4dwH7C0jBAEtz5DjlJgQ,come back home,sofia carson,0.4814371257485031,0.5264681555004136,0.4273684210526315,0.2424489895783617,0.5938850899944981,1
1063,1I55Ea0zVoSKs6MqW7DQ3i,war,drake,0.7173652694610779,0.7963192721257238,0.2178947368421052,0.2937572253439706,0.5885525305473431,1
1064,1IBUPdwV9TvaipSODdt8QY,maghreb gang feat french montana  khaled,farid bang french montana khaled,0.7041916167664671,0.5647229114971051,0.3863157894736841,0.024741102918013,0.3217371326307898,1
1065,1IF5UcqRO42D12vYwceOY6,from the dining table,harry styles,0.6239520958083834,0.1387510339123242,0.1778947368421052,0.8088516706771431,0.2863499779321519,2
1066,1IHWl5LamUGEuP4ozKQSXZ,tit me pregunt,bad bunny,0.598802395209581,0.7167080231596361,0.163157894736842,0.099892577657052,0.3624810307196537,1
1067,1IIKrJVP1C9N7iPtG6eOsK,go crazy,chris brown young thug,0.724550898203593,0.575062034739454,0.5778947368421052,0.3179022774689631,0.2867611049643588,0
1068,1IPRghUN3LFPNbCTsfBJx9,baller los,mero,0.5892215568862277,0.5957402812241522,0.5010526315789474,0.5080445629532787,0.7464797247867279,2
1069,1IWNylpZ477gIVUDpJL66u,sour candy with blackpink,lady gaga blackpink,0.7209580838323354,0.8769644334160464,0.791578947368421,0.0607574723377934,0.4430982049468255,0
1070,1IcR6RlgvDczfvoWJSSY2A,its the most wonderful time of the year,andy williams,0.1005988023952096,0.521298593879239,0.6494736842105263,0.8762566078594137,0.9372547597022958,2
1071,1Ijpng3ZLhTRcEd8iqh4p4,gold stacks,future,0.7341317365269462,0.521298593879239,0.3473684210526315,0.0094190552570282,0.8170424246821324,1
1072,1InCpEliLCkWHOBdXW7XSx,kings  queens,ava max,0.5832335329341318,0.6908602150537634,0.4473684210526315,0.0078999290608308,0.5026572107449259,1
1073,1Iq8oo9XkmmvCQiGOfORiz,is it over now taylors version from the vault,taylor swift,0.5341317365269461,0.6577750206782466,0.151578947368421,0.0506970339523799,0.3222147655064419,1
1074,1IthE5GNiRzFN5CVaCa445,born singer,bts,0.5413173652694612,0.8469809760132341,0.6863157894736842,0.0356063763742596,0.672428491103332,0
1075,1J14CdDAvBTE1AJYUOwl6C,arcade,duncan laurence,0.362874251497006,0.3393300248138957,0.26,0.8319906789635941,0.1529573939382946,2
1076,1JDhNQ0oOT7XpclZn3aQ8F,west coast shit feat tyga  quavo,pop smoke tyga quavo,0.8155688622754492,0.7653019023986767,0.4873684210526315,0.0890273042008054,0.3221361676914612,0
1077,1JIgaRnqtzS7DuGM3hVZU9,keanu reeves,logic,0.6730538922155689,0.8986765922249793,0.8073684210526316,0.0560290662966491,0.7461471955695016,0
1078,1JSTJqkT5qHq8MDJnJbRE1,every breath you take,the police,0.8023952095808384,0.4447890818858561,0.7452631578947368,0.5462742288178501,0.4273484120218381,0
1079,1JXBNvlDEl2epKSJ9EOgKX,not sober feat polo g  stunna gambino,the kid laroi polo g stunna gambino,0.6239520958083834,0.6381306865177834,0.371578947368421,0.0933532927065332,0.4419736515940241,1
1080,1JgknGBbrfmEHeOZH051SS,ecstacy slowed,suicidalidol,0.480239520958084,0.6774193548387097,0.171578947368421,0.0173969828966611,0.3609211663915743,1
1081,1JkrD47SDpAbyvqKtolcea,thotiana remix,blueface cardi b yg,0.9113772455089822,0.7229114971050455,0.6926315789473684,0.036612420212801,0.3469912151826794,0
1082,1Jl21sidRpEdlVBvYbssLx,sin feat jaden smith,young thug jaden,0.8850299401197607,0.3755169561621174,0.2136842105263157,0.0054653029715607,0.4793076137098773,1
1083,1Jo0Zg7XlrA6z0mFTZVdkn,dont stop the music,rihanna,0.8203592814371258,0.6691480562448305,0.5368421052631579,0.0337954974648852,0.4591926190605748,0
1084,1Jrj3k5L36dPkU6KAclU7g,blue tint,drake,0.8838323353293415,0.3672456575682382,0.0989473684210526,0.0126685768555168,0.5276815458376412,1
1085,1K39ty6o1sHwwlZwO6a7wK,wildest dreams taylors version,taylor swift,0.5161676646706588,0.6722497932175352,0.5073684210526316,0.0413408262539453,0.5643504495190419,1
1086,1K5KBOgreBi5fkEHvg5ap3,life is good feat drake,future drake,0.7724550898203595,0.5709263854425145,0.531578947368421,0.0673973616721664,0.5763940531683989,0
1087,1KFN3kB4hc6r7ILpifFsqf,veneno,anitta,0.7688622754491019,0.7715053763440861,0.2768421052631579,0.0462704410627979,0.2611805391810107,1
1088,1KSqYYJFyfTecXFk9M0prc,escpate conmigo feat ozuna,wisin ozuna,0.7113772455089822,0.8655913978494624,0.7947368421052632,0.0257471467565544,0.2736352698625747,0
1089,1KT0xdIjm7t053xByACrrg,beauty and the beast,ariana grande john legend,0.4335329341317366,0.5275020678246485,0.2642105263157894,0.1267539481461062,0.209402717066004,1
1090,1KVczjazCcCCgM3gXXUl47,roses with juice wrld feat brendon urie,benny blanco juice wrld brendon urie,0.5532934131736528,0.5988420181968569,0.5189473684210526,0.1690077893648429,0.6064123725052752,1
1091,1KXFoiT2n4QXRsFvhWNI4I,why,shawn mendes,0.6502994011976049,0.4075682382133994,0.2136842105263157,0.6529148757032335,0.4855470710221948,2
1092,1KdwnsWOvhM53vezy5ROuf,no te deb besar,c tangana paloma mami,0.6251497005988026,0.6846567411083541,0.6189473684210526,0.1257479043075648,0.1724012841673771,0
1093,1KeZgPUr54C8iz3FjqzVoz,young,the chainsmokers,0.5568862275449102,0.5605872622001654,0.4442105263157895,0.0105558847945799,0.3403164468950839,1
1094,1KixkQVDUHggZMU9dUobgm,my head  my heart,ava max,0.5556886227544912,0.9431348221670804,0.4252631578947368,0.070113680036228,0.4188840319469888,1
1095,1Kjer1JoWuJGNwGV6Pbgv1,cristina,sebastian yatra,0.5976047904191618,0.4964846980976012,0.6978947368421052,0.2877209623127225,0.2435443986964854,0
1096,1Knctxx9vGZxpZfF66BIEa,legends,juice wrld,0.5317365269461078,0.8025227460711333,0.3673684210526315,0.1156874659221513,0.5763698692253278,1
1097,1KqvRRQd3lfM0pAlkGPrgD,shape of you feat nyla  kranium  major lazer remix,ed sheeran nyla kranium major lazer,0.6371257485029942,0.8169975186104219,0.331578947368421,0.0057671161231231,0.3517131300672918,1
1098,1L0OmJV0LnPDWuHCIGmBV6,on the radar freestyle,drake central cee,0.5568862275449102,0.6308933002481389,0.1705263157894737,0.1086451590523618,0.6252032962714407,1
1099,1L3NV7VrCiuE8C5QlhdeQL,filthy,justin timberlake,0.7125748502994013,0.5760959470636889,0.6452631578947369,0.0356063763742596,0.304016348345516,0
1100,1L8LtC2s161XwY6YrtnQjw,affalterbach,shindy shirin david,0.8011976047904192,0.6319272125723739,0.8168421052631579,0.0126685768555168,0.2434355709526659,0
1101,1LCm0lFnEsxR2oPqyHLGX9,thique,beyonc,0.8059880239520959,0.5316377171215881,0.531578947368421,0.061964724944043,0.4972037315824159,0
1102,1LIqNVhaIgxXUt2eVoIQJ3,hp,maluma,0.8227544910179642,0.7952853598014888,0.6168421052631579,0.2535154718023166,0.2736534078198779,0
1103,1LLXZFeAHK9R4xUramtUKw,london boy,taylor swift,0.6526946107784432,0.7115384615384616,0.5526315789473685,0.024741102918013,0.672355939274119,0
1104,1LXbv9jiTtdBdHadZ317Gt,designer,lil pump,0.8550898203592815,0.4778742762613729,0.528421052631579,0.206231411390873,0.6852157510021222,0
1105,1LiN0Z98FkR1t0m8KmLcAH,amanece,anuel aa haze,0.7664670658682636,0.6298593879239041,0.9021052631578949,0.4396335819324667,0.2861020925156742,0
1106,1LmkdWSxjCV7wKTPsCvYWN,winter wonderland  spotify singles holiday,laufey,0.4526946107784432,0.2679900744416874,0.5073684210526316,0.8440632050260904,0.4891142026251671,2
1107,1Lo0QY9cvc8sUB2vnIOxDT,fast car,luke combs,0.6730538922155689,0.6009098428453268,0.671578947368421,0.1871165784585873,0.3100139662271234,0
1108,1LszjjoVwDDZcWUQbzeDLG,explcale feat bad bunny,yandel bad bunny,0.7880239520958086,0.6908602150537634,0.64,0.0586447802768566,0.473811812646993,0
1109,1M4OcYkxAtu3ErzSgDEfoi,up,cardi b,0.8598802395209583,0.7994210090984285,0.8284210526315788,0.0011996770961454,0.7211772743486962,0
1110,1M4qEo4HE3PRaCOM7EXNJq,adore you,harry styles,0.6299401197604793,0.7746071133167908,0.5652631578947368,0.0238356634633258,0.3163864352263315,0
1111,1M5OUvKG03C0QtzvxRS4Zk,depende,dj guuga wesley safado z felipe,0.8814371257485031,0.9172870140612076,0.8252631578947368,0.1257479043075648,0.5036850283254433,0
1112,1MB8kTH7VKvAMfL9SHgJmG,vagabundo,sebastian yatra manuel turizo bele,0.7988023952095809,0.8573200992555832,0.8989473684210526,0.0353045632226972,0.4854987031360528,0
1113,1MIGkQxcdAt2lDx6ySpsc5,suvs black on black,jack harlow pooh shiesty,0.7796407185628744,0.6887923904052936,0.4926315789473684,0.1448627372398505,0.7026040060701697,0
1114,1MJErNPIQUoEMu4YUUmecm,neon guts feat pharrell williams,lil uzi vert pharrell williams,0.8491017964071857,0.5595533498759305,0.3999999999999999,0.0544193961549829,0.4426628939715476,1
1115,1MJHXJ8bdoynpEtCLCbkWf,overdrive,drake,0.4215568862275449,0.6443341604631928,0.511578947368421,0.4466758888022562,0.3810240690693414,2
1116,1MTXYvJ9TSqg9x6WPCDx2n,3am on glenwood,21 savage,0.3892215568862276,0.6929280397022333,0.22,0.0536145610841498,0.812876740488153,1
1117,1MUL6DO2gVimj2YrVedubd,creep on me,gashi french montana dj snake,0.3580838323353295,0.5947063688999172,0.4978947368421053,0.349089636463745,0.5313212292698264,1
1118,1MgV7FIyNxIG7WzMRJV5HC,my tears ricochet,taylor swift,0.3664670658682636,0.249379652605459,0.0831578947368421,0.8108637583542259,0.5026753487022293,2
1119,1MksGqIztTT6M9R1ErKVs8,no favors,big sean eminem,0.3976047904191617,0.7849462365591399,0.3199999999999999,0.6327939989324064,0.0680112939014141,2
1120,1MpCaOeUWhox2Fgigbe1cL,im that girl,beyonc,0.4838323353293414,0.5306038047973533,0.1094736842105263,0.061964724944043,0.3576019202050798,1
1121,1N1ZpYUJc9fwrqk53FGgWv,santas coming for us,sia,0.4754491017964073,0.8190653432588916,0.7284210526315789,0.0216223670185348,0.279735669502234,0
1122,1N7YeVU0ZwAFbOhwM61ef6,head above water,avril lavigne,0.5125748502994012,0.694995864350703,0.2484210526315789,0.0112601154815589,0.5030441538340618,1
1123,1N8TTK1Uoy7UvQNUazfUt5,spit in my face,thxsomch,0.6946107784431138,0.7890818858560794,0.6494736842105263,0.0466728585982145,0.2864346217329004,0
1124,1NDxZ7cFAo481dtYWdrUnR,pretty girl  cheat codes x cade remix,maggie lindemann cheat codes cade,0.6622754491017965,0.8748966087675766,0.7378947368421053,0.1508990002710986,0.4492892943730011,0
1125,1NF9EkR5OpMaoVWbsllcm9,under enemy arms,trippie redd,0.7197604790419163,0.7797766749379653,0.6010526315789474,0.2243402004846173,0.5034431888947333,0
1126,1NHlyKgtR4roNylOhidKSv,girls have fun feat geazy  rich the kid,tyga geazy rich the kid,0.8838323353293415,0.7425558312655087,0.6652631578947369,0.0058878413837481,0.3221603516345322,0
1127,1NgCWYuBLfqBDA3b8MgSVU,twenty one,khalid,0.7497005988023954,0.4375516956162117,0.3926315789473684,0.2132737182606625,0.3824871976251368,1
1128,1NghHeg0wE32eBYrQBVQXL,shake up christmas,train,0.3688622754491019,0.836641852770885,0.5684210526315789,0.0031111603893739,0.2104789025326634,1
1129,1NhjYYcYTRywc0di98xHxf,here we go again feat tyler the creator,the weeknd tyler the creator,0.3820359281437127,0.6215880893300249,0.1747368421052631,0.3470775487866623,0.5334070943597,1
1130,1Nj2oBISdFDSF8eDuXcALz,start again feat logic,onerepublic logic,0.4958083832335329,0.7239454094292804,0.2568421052631578,0.1629715263335948,0.3165980447282027,1
1131,1NlK2NtpuUazpziLhnJwEV,phantom regret by jim,the weeknd,0.2922155688622755,0.5140612076095947,0.22,0.7545253033959101,0.3832852677464797,2
1132,1NvpO1o8SpkdH3txtJQQc7,lemon tree,post malone,0.5520958083832336,0.5812655086848635,0.1568421052631578,0.083494063088828,0.4195188604526025,1
1133,1O2pcBJGej0pmH2Y9XZMs6,una noche en medelln,cris mj,0.8622754491017964,0.544044665012407,0.8421052631578947,0.0929508751711167,0.2980670983500504,0
1134,1OAh8uOEOvTDqkKFsKksCi,wild thoughts feat rihanna  bryson tiller,dj khaled rihanna bryson tiller,0.6239520958083834,0.6722497932175352,0.631578947368421,0.0330912667779062,0.3099232764406072,0
1135,1OAiWI2oPmglaOiv9fdioU,hymn for the weekend  seeb remix,coldplay seeb,0.4958083832335329,0.8552522746071133,0.4157894736842105,0.0087248850084347,0.334403472814225,1
1136,1ODFVLQszq0hCOdZtqV5wq,mr october,bad bunny,0.7844311377245511,0.6102150537634409,0.4136842105263157,0.18912866613567,0.4794164414536968,1
1137,1ODZGydlown4VesUP8HLJX,sleigh ride,the ronettes,0.4514970059880241,0.7715053763440861,0.8073684210526316,0.4597544587032938,0.2722628310932956,0
1138,1OUPXna2MCgAt3VNmXJBtg,bola rebola,tropkillaz j balvin anitta zaac,0.8191616766467067,0.7808105872622002,0.8768421052631579,0.2213220689689933,0.5034250509374301,0
1139,1OZ4uv7OAP24Ix6j3vojLt,casei com a putaria,mc paiva zs mc ryan sp kotim,0.5209580838323353,0.597808105872622,0.6157894736842106,0.117699553599234,0.6887405607047201,0
1140,1OilOIju6R9ia8vilNjChh,beautiful,bazzi,0.6179640718562875,0.6774193548387097,0.1536842105263157,0.2152858059377451,0.3222268574779774,1
1141,1OjmlSFuzYflWjSMTCyTJv,like its christmas,jonas brothers,0.6886227544910181,0.5678246484698097,0.608421052631579,0.0184030267352025,0.6004691684955774,0
1142,1Ol5LmdNDNpFu1oNwfgkux,tutu,camilo pedro cap,0.6910179640718563,0.8438792390405293,0.9484210526315788,0.2987874445366774,0.6002273290648674,0
1143,1OuN92HcVG6NVpWbeESNB3,everybody,mac miller,0.8682634730538924,0.5967741935483871,0.0842105263157894,0.0334936843133228,0.636902278732036,1
1144,1P17dC1amhFzptugyAO7Il,look what you made me do,taylor swift,0.7377245508982038,0.7105045492142267,0.4989473684210526,0.2052253675523316,0.4918530341779575,0
1145,1PAvhqefivTNdxZ4u8RT1d,muecas,tini la joaqui steve aoki,0.635928143712575,0.7125723738626965,0.8357894736842104,0.0279604432013453,0.2610172975652815,0
1146,1PDP7mLiAMwhfmgIwzhOm2,yebbas heartbreak,drake yebba,0.3904191616766468,0.1439205955334987,0.0618947368421052,0.9728368163593836,0.4407281785258678,2
1147,1PH2MDbcBAU094DlgTIND1,thank god,travis scott,0.6071856287425151,0.5492142266335815,0.5726315789473684,0.2555275594793993,0.5332982666158805,0
1148,1PIgY9ybyFT9uWLM5POYGY,all the parties feat chief keef,drake chief keef,0.598802395209581,0.3961952026468155,0.171578947368421,0.5553286233647223,0.4717622234717259,2
1149,1PNs0uGru3TcrA94kpyGnc,do we have a problem,nicki minaj lil baby,0.8287425149700599,0.499586435070306,0.5326315789473685,0.474845116281414,0.4430196071318448,2
1150,1PSBzsahR2AKwLJgx8ehBj,bad things with camila cabello,mgk camila cabello,0.6550898203592815,0.6918941273779983,0.2873684210526316,0.2152858059377451,0.5510009129438509,1
1151,1PZDyestTVydtHpaIcfUJg,chemtrails over the country club,lana del rey,0.2203592814371258,0.2628205128205128,0.4178947368421052,0.8822928708906618,0.9329379258641226,2
1152,1PckUlxKqWQs3RlWXVBLw3,about damn time,lizzo,0.821556886227545,0.7456575682382134,0.7263157894736841,0.1000937864247603,0.376350522070871,0
1153,1PfUKiMDKIlPEF9FfdJawc,hope is a dangerous thing for a woman like me to have  but i have it,lana del rey,0.4095808383233533,0.1263440860215053,0.2547368421052631,0.9708247286823009,0.7141578848723391,2
1154,1PnAx788sAvcI3ZxTlEyX8,second emotion feat travis scott,justin bieber travis scott,0.7736526946107786,0.7808105872622002,0.9768421052631576,0.0277592344336371,0.5758922363496757,0
1155,1Pz3QmQFBFuI60rxCQBeW6,kills you slowly,the chainsmokers,0.6538922155688623,0.4210090984284532,0.2210526315789473,0.0521054953263378,0.6242419845343685,1
1156,1QCqedB1ibmRO9x7Ikb5LI,ok ok pt 2,kanye west,0.5880239520958085,0.466501240694789,0.3999999999999999,0.4084462229376849,0.215098035659224,2
1157,1QL7nSDZCwZMnbisV4KOXt,t r a n s p a r e n t s o u l feat travis barker,willow travis barker,0.2874251497005988,0.8356079404466501,0.1673684210526315,0.0021051165508326,0.2618093217008567,1
1158,1QLZKzC2pjP4ySf4ALrNhm,christmas without you,ava max,0.6035928143712577,0.5936724565756824,0.368421052631579,0.4265550120314292,0.4314415443866045,2
1159,1Qg9jWGDkKAGZXj5v2OG59,wait,maroon 5,0.6095808383233534,0.6019437551695617,0.394736842105263,0.089429721736222,0.4801540517173623,1
1160,1QgTBfRN5m81a5K01qens6,444222,lil uzi vert,0.7676646706586828,0.5078577336641853,0.4726315789473684,0.0236344546956175,0.1830664030616871,1
1161,1Qi2wh8fFgDV7tl4Sj3f2K,have yourself a merry little christmas,sam smith,0.3449101796407187,0.1614971050454921,0.3284210526315789,0.96277637797397,0.1724919739538933,2
1162,1QoG0Yqz1onMsdbOibZVke,titanic,juice wrld,0.5005988023952096,0.5409429280397023,0.2126315789473684,0.1690077893648429,0.7704157824412483,1
1163,1Qrg8KqiBpW07V7PNxwwwL,kill bill,sza,0.591616766467066,0.7373862696443342,0.4063157894736842,0.0524073084779002,0.2555154505166294,1
1164,1R0a2iXumgCiFb7HEZ7gUE,dont blame me,taylor swift,0.5568862275449102,0.5295698924731184,0.1694736842105263,0.1066330713752791,0.539295884497488,1
1165,1R4xkZXQUQ8QJtAdwHkSgC,mon ami,samra,0.7796407185628744,0.7332506203473945,0.531578947368421,0.18912866613567,0.3563987690372976,0
1166,1R6VwZ8TuHRzxZUxe88n4I,rule the world feat ariana grande,2 chainz ariana grande,0.5293413173652696,0.5812655086848635,0.4368421052631579,0.1589473509794294,0.2500317414252807,1
1167,1RDvyOk4WtPCtoqciJwVn8,dreamers music from the fifa world cup qatar 2022 official soundtrack,jung kook bts fifa sound,0.6706586826347306,0.8862696443341604,0.3252631578947368,0.1589473509794294,0.4127896782930972,1
1168,1RSzyxqtIO4yX3EyiV4zT5,whoopty,cj,0.6754491017964073,0.6071133167907362,0.7852631578947369,0.1951649291669181,0.5652271174553654,0
1169,1RagpNpkD3KcjXMLGMe99V,fr fr feat lil skies,wiz khalifa lil skies,0.917365269461078,0.4871794871794871,0.3105263157894736,0.120717685114858,0.5643262655759709,1
1170,1RsD951uUUlJx0MRioZfev,cry about it later,katy perry,0.6491017964071857,0.6701819685690654,0.4347368421052631,0.0800735140377874,0.4793620275817871,1
1171,1Rweq7vNjK4kZBbGrmxQsl,bye,ariana grande,0.584431137724551,0.6464019851116626,0.5031578947368421,0.2183039374533692,0.3826202093120273,1
1172,1RzjXhgnzqb3dMa5852itx,la people,peso pluma tito double p,0.7017964071856289,0.8686931348221671,0.8073684210526316,0.4667967655730833,0.5942176192117243,0
1173,1SC5rEoYDGUK4NfG82494W,montero call me by your name,lil nas x,0.5305389221556887,0.4975186104218362,0.7136842105263157,0.294763269182512,0.7984510184463027,0
1174,1SJtlNRJDeYHioymcvsqev,crying in the club,camila cabello,0.2203592814371258,0.6153846153846154,0.6010526315789474,0.3360110665627075,0.2328248659302655,2
1175,1SOClUWhOi8vHZYMz3GluK,infinity,jaymes young,0.6239520958083834,0.6732837055417701,0.4863157894736842,0.1488869125940159,0.4549301990943112,1
1176,1SSzM044DUbVpYNNHWIhYJ,vermissen feat henning may,juju henning may,0.6802395209580839,0.6670802315963607,0.471578947368421,0.1700138332033843,0.2558117038192491,1
1177,1SV1fxF65n9NhRHp3KlBuu,wonderful christmastime  edited version  remastered 2011,paul mccartney,0.747305389221557,0.5057899090157155,0.7778947368421053,0.3239385405002112,0.2903161445957956,0
1178,1Sl3njkhhz8nrSPZroDQ82,complicated feat kiiara,dimitri vegas  like mike david guetta dimitri vegas kiiara,0.6323353293413175,0.8242349048800661,0.491578947368421,0.192146797651294,0.2617065399428049,0
1179,1Slwb6dOYkBlWal1PGtnNg,thinking out loud,ed sheeran,0.7556886227544911,0.4375516956162117,0.588421052631579,0.4768572039584968,0.1951644205829539,2
1180,1SmiQ65iSAbPto6gPFlBYm,its nice to have a friend,taylor swift,0.702994011976048,0.1583953680727874,0.54,0.9768609917135488,0.1408110085308858,2
1181,1Spmq0UazGU6ovMIlGldZX,dumb blonde feat nicki minaj,avril lavigne nicki minaj,0.6910179640718563,0.858354011579818,0.936842105263158,0.1669957016877603,0.3827048531127757,0
1182,1SxagO9GK0UUeEYLmH8Pln,toxic waste,trippie redd,0.6922155688622755,0.511993382961125,0.3652631578947368,0.0558278575289408,0.3945368472602615,1
1183,1SymEzIT3H8UZfibCs3TYi,afterglow,taylor swift,0.7257485029940121,0.4416873449131513,0.3863157894736841,0.1307781235002716,0.3887145629659187,1
1184,1Szfm2XAx3Kgl55dyl8sTU,time feat meek mill,lil baby meek mill,0.7556886227544911,0.4809760132340777,0.3284210526315789,0.033694893081031,0.2972267063283333,1
1185,1T8IRUJBga0JXioJZvxjBR,deutschland,rammstein,0.444311377245509,0.902812241521919,0.2157894736842105,4.8159318550974536e-05,0.4437693093670458,1
1186,1TEKUj8c5iyRNUUxo9SdSD,modo dnd,xavi tony aguirre,0.7257485029940121,0.8169975186104219,0.5673684210526315,0.1830924031044219,0.5330685191567059,0
1187,1TEL6MlSSVLSdhOSddidlJ,needy,ariana grande,0.5952095808383234,0.2969396195202646,0.171578947368421,0.7847066185521506,0.2438164680560342,2
1188,1TUuhV75FeOF6UObRsABo2,dont think jesus,morgan wallen,0.5125748502994012,0.4230769230769231,0.1873684210526315,0.47182698476579,0.4247970060278478,2
1189,1TZv3bujNaYz646eezRE91,seeing green with drake  lil wayne,nicki minaj drake lil wayne,0.5065868263473055,0.8738626964433416,0.2094736842105263,0.0858079639174731,0.1701521774617742,1
1190,1TaQciB8qqRZ9fxWGhS65X,dont know what to do,blackpink,0.5724550898203594,0.6391645988420183,0.3968421052631579,0.0997919732731979,0.5024032793426805,1
1191,1ThmUihH9dF8EV08ku5AXN,faucet failure,ski mask the slump god,0.9401197604790422,0.5481803143093467,0.6136842105263157,0.1116632905679858,0.3220998917768546,0
1192,1ToprX3cpBiXoAe5eNSk74,eleven,khalid,0.6598802395209581,0.3868899917287014,0.0873684210526315,0.1126693344065272,0.4974999848850355,1
1193,1Tt4sE4pXi57mTD1GCzsqm,needed me,rihanna,0.6239520958083834,0.3021091811414392,0.2778947368421052,0.1106572467294445,0.3880313665741631,1
1194,1U3A66OHQyTu4N2QTMsP86,gracias por nada,bad bunny,0.7520958083832336,0.5512820512820513,0.251578947368421,0.3269566720158353,0.5876577246537162,1
1195,1UMm1Qs3u59Wvk53zBUE8r,sabor fresa,fuerza regida,0.7604790419161678,0.869727047146402,0.9789473684210526,0.0888260954330972,0.504319856831057,0
1196,1USJRpWDFhxwhCajPXBeel,you owe me,the chainsmokers,0.6335329341317367,0.4272125723738627,0.3094736842105263,0.2384248142241962,0.2616581720566629,1
1197,1UZOjK1BwmwWU14Erba9CZ,malibu,miley cyrus,0.5065868263473055,0.7849462365591399,0.3273684210526316,0.0771559869060175,0.5635826093265377,1
1198,1UdzJEpgJxtuXAlCOvD4S0,fuera del mercado,danny ocean,0.362874251497006,0.6732837055417701,0.2463157894736842,0.3219264528231285,0.2741370866812979,1
1199,1Ukxccao1BlWrPhYkcXbwZ,from the start,laufey,0.6155688622754493,0.3961952026468155,0.7484210526315789,0.8822928708906618,0.2126494114232854,2
1200,1UsQe17Ef7tV1ahFqHEFR3,walk em down dont kill civilians with 21 savage  feat mustafa,metro boomin 21 savage mustafa,0.444311377245509,0.521298593879239,0.1547368421052631,0.1317841673388129,0.6943996033833337,1
1201,1UwUhKmFxGKs59xiWO60Sx,i aint quite where i think i am,arctic monkeys,0.4718562874251498,0.325889164598842,0.668421052631579,0.3591500748491585,0.8825144045610918,2
1202,1V0qqWBbIWt8hlAjxTZedR,what christmas means to me,stevie wonder,0.444311377245509,0.7001654259718776,0.8105263157894738,0.0986853250508024,0.2225587820966268,0
1203,1V7JaMp11LKGwKiVmSetf0,baby,joker bra vize,0.7437125748502995,0.9296939619520266,0.5557894736842106,0.1669957016877603,0.4915567808753378,0
1204,1V8XneTrX6kKeoxYbk4x6h,hablamos maana,bad bunny duki pablo chille,0.6383233532934134,0.6774193548387097,0.5073684210526316,0.0874176340591393,0.6608322904007884,1
1205,1VEMUkGFio5uURvN8x1DZJ,tilidin,capital bra samra,0.5760479041916169,0.6732837055417701,0.7252631578947368,0.4094522667762261,0.2224076324524331,0
1206,1VGzxJnVQND7Cg5H5wGj14,yeah right,joji,0.6251497005988026,0.5854011579818031,0.1810526315789473,0.6227335605469929,0.7395147491822804,2
1207,1VJwtWR6z7SpZRwipI12be,candy,doja cat,0.6455089820359282,0.5109594706368901,0.1863157894736841,0.5160929136616096,0.4725421556357657,2
1208,1VLtjHwRWOVJiE5Py7JxoQ,martin  gina,polo g,0.8167664670658683,0.5295698924731184,0.0884210526315789,0.3470775487866623,0.285406804152383,1
1209,1VNWdmXSbaNrnWod10WIL0,one of the girls with jennie lily rose depp,the weeknd jennie lilyrose depp,0.4562874251497006,0.6515715467328371,0.1547368421052631,0.0527091216294626,0.2466943572814829,1
1210,1VSuFS7PahCN3SWbOcQ98m,forget me too feat halsey,mgk halsey,0.6035928143712577,0.8821339950372209,0.5157894736842106,0.0004119447705675,0.3219910640330352,0
1211,1VauUM5CBX7nkLcgafQL2B,eladio carrion bzrp music sessions vol 40,bizarrap eladio carrion,0.7580838323353295,0.5192307692307693,0.8494736842105263,0.2424489895783617,0.4279227806697742,0
1212,1VdZ0vKfR5jneCmWIUAMxK,the a team,ed sheeran,0.5892215568862277,0.2762613730355665,0.394736842105263,0.6730357524740606,0.2314282432179153,2
1213,1Vej0qeQ3ioKwpI6FUbRv1,papercut,linkin park,0.4479041916167665,0.9483043837882548,0.6621052631578948,0.0002137541343748,0.6255539634459701,0
1214,1VsHc0qIeyjYOyvN5HIEQG,mejor que yo,anuel aa dj luian mambo kingz,0.5676646706586828,0.6546732837055418,0.5610526315789474,0.1810803154273392,0.7942309203804134,0
1215,1VsqQEYObJsOPaeZwEXRPg,love thru the computer feat justin bieber,gucci mane justin bieber,0.7257485029940121,0.9162531017369728,0.7873684210526316,0.0853049419982024,0.3222691793783517,0
1216,1VuAamHM7P3VQQEXYGG3Uu,joy to the world,nat king cole,0.4826347305389222,0.325889164598842,0.6631578947368422,0.822936284416722,0.3337384143797725,2
1217,1VvoSJiPG9dFsDQjTkACvG,amg,natanael cano peso pluma gabito ballesteros,0.7449101796407187,0.7322167080231596,0.7936842105263158,0.1529110879481813,0.5408557488255674,0
1218,1Vy9Wn5sbiduZKBqBlH3Mc,ballena,vulgo fk mc ph veigh pedro lotto fepache,0.6155688622754493,0.5026881720430108,0.2063157894736842,0.308847882922091,0.4449543225775247,1
1219,1W1N3usYjgI3XGQA0iX9Vq,sehnsucht,miksu  macloud tlow,0.7832335329341319,0.6443341604631928,0.9263157894736842,0.645872568833444,0.5766177546418056,0
1220,1W6wxOOYyJyyok8fqYSZ3m,top off feat jay z future  beyonc,dj khaled jayz future beyonc,0.5065868263473055,0.5885028949545078,0.2105263157894736,0.0107570935622882,0.2418575686672833,1
1221,1WCEAGGRD066z2Q89ObXTq,crazy what love can do,david guetta becky hill ella henderson,0.540119760479042,0.7146401985111662,0.4547368421052631,0.0283628607367619,0.4604260001571956,1
1222,1WIZiOuNO3woKfdlSK2gNn,transportin,kodak black,0.7832335329341319,0.6598428453267163,0.2368421052631578,0.0320852229393649,0.2861867363164227,1
1223,1WP1r7fuvRqZRnUaTi2I1Q,stitches,shawn mendes,0.7137724550898205,0.7570306038047974,0.7705263157894737,0.0152842908357243,0.6237280757441097,0
1224,1WSGTYKLEpKfNQYYW5Oymt,i cant get enough benny blanco selena gomez j balvin tainy,benny blanco selena gomez j balvin tainy,0.4682634730538924,0.4613316790736145,0.6926315789473684,0.4064341352606022,0.2935205170527028,2
1225,1WedZeiezCmCEOzLwhx0hV,poblado  remix,j balvin karol g nicky jam crissin totoy el frio natan  shander,0.7940119760479043,0.8138957816377173,0.6463157894736842,0.1026088960211137,0.2798505432318212,0
1226,1Wf14bTyb6UeKojy8ykPYm,happy holiday  the holiday season,andy williams,0.3736526946107785,0.3930934656741108,0.7031578947368421,0.8299785912865114,0.6181294929231735,2
1227,1WnqWQcWcuQbVzgE7ecfCY,every hour,kanye west sunday service choir,0.5245508982035929,0.7973531844499587,0.6968421052631578,0.468808853250166,0.1830664030616871,0
1228,1WoM4mof0Nl1xPtwf6h6ow,fly,kc rebell summer cem,0.8203592814371258,0.5936724565756824,0.9105263157894736,0.137820430370061,0.3264106796292601,0
1229,1Wolb8MRcXR2IMMaELTRpE,envolvimento,mc loma e as gmeas lacrao,0.8407185628742516,0.9100496277915632,0.9821052631578946,0.4496940203178803,0.7149559549936819,0
1230,1WqLtczgKdbHFHhefOU0y7,self,khalid,0.5604790419161677,0.6939619520264682,0.4284210526315789,0.4426517134480908,0.5880446677428521,1
1231,1WvrDdouh6C51In1SdATbq,bichota,karol g,0.8550898203592815,0.6577750206782466,0.8768421052631579,0.2052253675523316,0.7086137159233128,0
1232,1Wwh6gmMeolwzbRzfZMY5b,ready for love,blackpink,0.6299401197604793,0.7032671629445822,0.5368421052631579,0.0143788513810371,0.3700929268012503,1
1233,1XBc4r6ltXjkFJBrsttwIF,rockin around the christmas tree,brenda lee,0.6479041916167665,0.3930934656741108,0.8547368421052631,0.7072412429844664,0.5624822399168072,2
1234,1XGmzt0PVuFgQYYnV2It7A,payphone,maroon 5 wiz khalifa,0.710179640718563,0.7549627791563276,0.54,0.0189060486544732,0.3826927611412402,0
1235,1XJ93XskwJf7PCyIVLbNBt,anxiety with selena gomez,julia michaels selena gomez,0.7820359281437127,0.3744830438378825,0.4957894736842105,0.5764555439740906,0.5756262129758947,2
1236,1XM5PgxjpYcF0JuE9nfUbS,por perro,sebastian yatra luis figueroa lary over,0.6407185628742517,0.7653019023986767,0.9189473684210526,0.4215247928387224,0.7575559707132451,0
1237,1XjHRolIXL2M1EEOUsGGR4,cowboy like me,taylor swift,0.5437125748502994,0.511993382961125,0.5042105263157894,0.7726340924896544,0.4912302976438793,2
1238,1Xnn1TPyr5h0hpRAT4B4EA,bellaquita  remix,dalex lenny tavrez anitta natti natasha farruko justin quiles,0.7724550898203595,0.7167080231596361,0.7642105263157895,0.1418446057242264,0.7208205611883991,0
1239,1XnpzbOGptRwfJhZgLbmSr,pretty savage,blackpink,0.6598802395209581,0.5523159636062863,0.3168421052631579,0.0089059728993721,0.6368055429597519,1
1240,1Y3LN4zO1Edc2EluIoSPJN,until i found you with em beihold  em beihold version,stephen sanchez em beihold,0.480239520958084,0.5461124896608769,0.3263157894736842,0.7816884870365266,0.3293369367408509,2
1241,1Y500yrabUJY2mIQS3RDt4,rondo feat tory lanez  young thug,6ix9ine tory lanez young thug,0.7365269461077846,0.8056244830438379,0.7526315789473684,0.0598520328831062,0.2923415498279917,0
1242,1Y5Jvi3eLi4Chwqch9GMem,super gremlin,kodak black,0.8083832335329342,0.4055004135649296,0.0778947368421052,0.0026584406620303,0.1588582760476181,1
1243,1Y62KpDaP5MEL43ZcI6IaG,sin seal,quevedo ovy on the drums,0.8047904191616767,0.8573200992555832,0.7547368421052632,0.3350050227241661,0.4309215896105781,0
1244,1YDebgap5OFwXEBG18NJvy,red light green light,dababy,0.9377245508982038,0.6557071960297768,0.9494736842105264,0.1297720796617302,0.4429833312172382,0
1245,1YNQscOx6OqBQjxgJVhEeW,girls feat cardi b bebe rexha  charli xcx,rita ora bebe rexha charli xcx cardi b,0.6922155688622755,0.6908602150537634,0.403157894736842,0.0164915434419739,0.286035586672229,1
1246,1YZfcVLbbJwfizR5cDOp3q,motorsport,migos nicki minaj cardi b,0.8994011976047905,0.5244003308519438,0.12,0.0522060997101919,0.5519078108090132,1
1247,1Yk0cQdMLx5RzzFTYwmuld,hello,adele,0.5125748502994012,0.4220430107526881,0.2694736842105263,0.3319868912085421,0.1951220986825796,2
1248,1YmF9PvLhIISIANoMLIYGq,aap forever feat moby,aap rocky moby,0.3820359281437127,0.783912324234905,0.4336842105263158,0.2253462443231587,0.4793317976529482,1
1249,1YnChEM51BVZ5dRhbVFEMl,seda,bad bunny bryant myers,0.665868263473054,0.5626550868486352,0.2084210526315789,0.2696121732189782,0.4785881414035152,1
1250,1YscJ7yVTlFxW3eF6pv5ba,allergic,post malone,0.6167664670658685,0.7435897435897436,0.5663157894736841,0.154923175625264,0.5940181016813886,0
1251,1YzlPeHWPU0JeM0u4ya5zj,90min,salmo,0.6766467065868265,0.67535153019024,0.5294736842105263,0.0352039588388431,0.456508201379694,0
1252,1ZDmxwg7Lywlx68b7SsJjj,megatron,nicki minaj,0.8898203592814372,0.6401985111662531,0.7778947368421053,0.1287660358231888,0.2859690808287836,0
1253,1ZEm9cJC05rawV2tptNfTS,bed feat ariana grande,nicki minaj ariana grande,0.525748502994012,0.7156741108354011,0.4084210526315789,0.0554254399935243,0.434664054800815,1
1254,1ZMGp9MTXbtAPvcKa0U3zS,brividi,mahmood blanco,0.4467065868263474,0.6122828784119106,0.3263157894736842,0.4507000641564216,0.460970138876293,2
1255,1ZMiCix7XSAbfAJlEZWMCp,falling,harry styles,0.4994011976047904,0.2535153019023987,0.0286315789473684,0.8440632050260904,0.3826685771981692,2
1256,1ZPWWSwCkxKfqdp4H0RFCo,roxanne,arizona zervas,0.5640718562874253,0.5988420181968569,0.4473684210526315,0.0525079128617543,0.4233217855005169,1
1257,1ZPpGPko8oULTmi34rozMh,trivia   seesaw,bts,0.6670658682634731,0.7952853598014888,0.68,0.1820863592658805,0.3643734242649593,0
1258,1ZY1PqizIl78geGM4xWlEA,gorgeous,taylor swift,0.7784431137724552,0.5306038047973533,0.4410526315789473,0.0717233501778942,0.2739375691509622,1
1259,1ZdhOMWyFR8Iv9eylMGYg2,mount everest,labrinth,0.4119760479041917,0.4199751861042183,0.4294736842105263,0.2374187703856549,0.2479216923923361,1
1260,1ZemPoaj7LBj1RAQrb89EC,blame it on me,post malone,0.6011976047904193,0.5885028949545078,0.2547368421052631,0.1458687810783918,0.4543860603752139,1
1261,1Znlc3UZAbSodFaMBjdpsX,love yourself interlude,xxxtentacion,0.7137724550898205,0.3269230769230769,0.4599999999999999,0.6780659716667673,0.4433823662779098,2
1262,1ZvBVbsaNqHEP6ymXaPGlj,lion king on ice,j cole,0.6970059880239522,0.6629445822994211,0.2052631578947368,0.0823874148664325,0.56376398889957,1
1263,1a0wEEHipnBR7WOHFA6ucQ,who dat boy feat aap rocky,tyler the creator aap rocky,0.665868263473054,0.4789081885856078,0.1178947368421052,0.3390291980783315,0.4153350383013198,1
1264,1a5Yu5L18qNxVhXx38njON,hear me now,alok zeeba bruno martini,0.7640718562874254,0.4220430107526881,0.4515789473684211,0.540237965786602,0.455129716624647,2
1265,1a73gcEg6h6Re6hHXoVltJ,ftcu,nicki minaj,0.931736526946108,0.4509925558312655,0.2210526315789473,0.0175981916643694,0.5941813432971179,1
1266,1aF9TeHZbe6OVo9dtjPuzK,junya,kanye west,0.7209580838323354,0.6908602150537634,0.3831578947368421,0.2716242608960609,0.6127727495329476,1
1267,1aKuG1GG76xPLUkjBbQo3W,ugh,bts,0.6826347305389222,0.8294044665012407,0.3168421052631579,0.039630551728425,0.7211651823771608,1
1268,1aLNpg2kKvUncflV8xE5AA,linger,the cranberries,0.3449101796407187,0.4199751861042183,0.1863157894736841,0.0846007113112235,0.2910900307740675,1
1269,1aOl53hkZGHkl2Snhr7opL,how do i say goodbye,dean lewis,0.2994011976047904,0.6401985111662531,0.38,0.2152858059377451,0.2106058682337862,1
1270,1aU1wpYBSpP0M6IiihY5Ue,renegade,big red machine taylor swift,0.4574850299401198,0.7094706368899917,0.5831578947368421,0.437621494255384,0.7331301882115371,0
1271,1aUq8rjW1EwkAkMri4VfJy,lokera,rauw alejandro lyanno brray,0.821556886227545,0.8314722911497104,0.5757894736842105,0.2142797620992038,0.3343853348569217,0
1272,1abwytAhbWeHrbsA9eODOy,feeling like the end,joji,0.7712574850299403,0.6681141439205956,0.631578947368421,0.3007995322137601,0.6124462663014891,0
1273,1ahCrpeTt94LL7y1aXw0Y8,linda,tokischa rosala,0.887425149700599,0.7539288668320927,0.7147368421052631,0.0689064274299784,0.413110115538788,0
1274,1ahVFh0ViDZr8LvkEVlq3B,no sleep feat bonn,martin garrix bonn,0.3473053892215569,0.6339950372208437,0.3105263157894736,0.1297720796617302,0.4922339312813258,1
1275,1b6tPXXCV2fSNtR3SKWUQA,available,justin bieber,0.6610778443113773,0.6060794044665012,0.5947368421052631,0.0740372510065393,0.1710651213127044,0
1276,1bDbXMyjaUIooNwFE9wn0N,rich flex,drake 21 savage,0.4922155688622756,0.5150951199338296,0.4126315789473683,0.0505964295685258,0.6434863572331151,1
1277,1bRO28yzxgO3y3UmNR29TZ,i do it ft big sean lil baby,lil wayne big sean lil baby,0.7832335329341319,0.5233664185277089,0.3042105263157895,0.1257479043075648,0.5519199027805488,1
1278,1bRpSCFv6P2OUhciByeRYR,jangueo,alex rose rafa pabn,0.8514970059880241,0.6784532671629446,0.7273684210526316,0.2545215156408579,0.3462898808336205,0
1279,1bWBG6IkMnDr3qvCKSvQT7,baby me atende  ao vivo,matheus fernandes dilsinho,0.598802395209581,0.7963192721257238,0.8842105263157894,0.6106610344844967,0.6487886867514314,0
1280,1bhUWB0zJMIKr9yVPrkEuI,perfect duet ed sheeran  beyonc,ed sheeran beyonc,0.5233532934131737,0.2866004962779156,0.3410526315789474,0.7837005747136093,0.2918639169523395,2
1281,1bjeWoagtHmUKputLVyDxQ,saturn,sza,0.3125748502994012,0.6174524400330852,0.3210526315789473,0.6237396043855342,0.7933482064583222,2
1282,1bjhYUwKUHEg5fHknxFObO,lost,frank ocean,0.9125748502994014,0.5916046319272126,0.5073684210526316,0.0320852229393649,0.4616231053392099,0
1283,1c0hsvHLELX6y8qymnpLKL,soltera remix,lunay daddy yankee bad bunny,0.7724550898203595,0.7870140612076096,0.8073684210526316,0.363174250203324,0.2738347873929105,0
1284,1c1sdxrYLIiuJOlE7PPttb,love me now feat zoe wees,kygo zoe wees,0.6131736526946109,0.4830438378825475,0.4989473684210526,0.1639775701721362,0.334476024643438,1
1285,1c39AwcrkN9srI7Az5662I,night rider,joji,0.740119760479042,0.7570306038047974,0.0071578947368421,0.6207214728699102,0.2315491629332705,2
1286,1c4htMHiolERc0YJvZNdlc,vai l em casa hoje,george henrique  rodrigo marlia mendona,0.3664670658682636,0.8356079404466501,0.6178947368421053,0.5331956589168125,0.6705602815010974,0
1287,1cA4wEmLkKlttS6N89LbJh,wandered to la with justin bieber,juice wrld justin bieber,0.6431137724550899,0.6422663358147229,0.4063157894736842,0.0521054953263378,0.5341628425806686,1
1288,1cCXT1cErAY6tmIqHbodrt,the remorse,drake,0.3868263473053892,0.5254342431761787,0.6368421052631579,0.816900021385474,0.1693722452977345,2
1289,1cEhrSF6EylAEqdhUGuNpX,let it go feat justin bieber  21 savage,dj khaled 21 savage justin bieber,0.8706586826347306,0.4365177832919768,0.6589473684210526,0.2414429457398203,0.4978385600880295,0
1290,1cG0umU5TKStygKsPFZ9pY,shed a light,robin schulz david guetta cheat codes,0.3988023952095809,0.7911497105045493,0.5768421052631578,0.1126693344065272,0.4555045677422476,0
1291,1cImYkHOQMFE7AZC9aOk4y,jingle bell rock,bobby helms,0.7077844311377246,0.3289909015715467,0.8484210526315789,0.6177033413542862,0.4406798106397256,2
1292,1cKHdTo9u0ZymJdPGSh6nq,i was never there,the weeknd gesaffelstein,0.207185628742515,0.739454094292804,0.1294736842105263,0.1428506495627678,0.4023119849575874,1
1293,1cS0TgbR263ey9jn0MwD2s,river feat ed sheeran,eminem ed sheeran,0.7161676646706588,0.7518610421836228,0.66,0.1428506495627678,0.2622264947188314,0
1294,1cVlW9WQiGlFdWUXFdFZGh,pa olvidarme de ella,piso 21 christian nodal,0.6922155688622755,0.5378411910669976,0.6368421052631579,0.260557778672106,0.261779091772018,0
1295,1ckLp8lCl8LipXI0ypX72m,im gonna be,post malone,0.7137724550898205,0.555417700578991,0.3536842105263157,0.7072412429844664,0.4306253363079583,2
1296,1crSsvtU9wZB15dIQXV2QH,moving on and getting over,john mayer,0.8383233532934132,0.4540942928039702,0.62,0.594564333067835,0.2860900005441387,2
1297,1d7q712nXjG98HiwHk7HFS,a p p l y i n g  p r e s s u r e,j cole,0.6574850299401198,0.7622001654259719,0.391578947368421,0.0818843929471618,0.2199166863161204,1
1298,1dIWPXMX4kRHj6Dt2DStUQ,chosen feat ty dolla ign,blxst tyga ty dolla ign,0.5041916167664671,0.7704714640198511,0.6031578947368421,0.3380231542397902,0.282365673311205,0
1299,1dLXLETYiZohIZWnse4ypG,better,zayn,0.5832335329341318,0.4096360628618692,0.0512631578947368,0.3551258994949931,0.2271900071947231,2
1300,1dPNJDYuW9QAtkOpK3eBvO,god breathed,kanye west,0.2095808383233533,0.2990074441687345,0.0493684210526315,0.2907390938283466,0.2782725409464385,2
1301,1dUHF4RyMmMTveJ0Rby6Xm,cant take a joke,drake,0.7317365269461079,0.5957402812241522,0.4357894736842105,0.1267539481461062,0.7689224239566139,1
1302,1daDRI9ahBonbWD8YcxOIB,angels like you,miley cyrus,0.6251497005988026,0.641232423490488,0.4863157894736842,0.0986853250508024,0.4550390268381307,1
1303,1dg3qy5DjoJodawfOCgrTP,run it up feat offset  moneybagg yo,lil tjay offset moneybagg yo,0.8742514970059881,0.5719602977667494,0.6726315789473685,0.417500617484557,0.4432493545910193,0
1304,1diS6nkxMQc3wwC4G1j0bh,were good,dua lipa,0.6850299401197606,0.5854011579818031,0.5873684210526315,0.0320852229393649,0.5277661896383896,0
1305,1dm6z1fWB0cErMszU25dy2,despus de la playa,bad bunny,0.4958083832335329,0.9110835401157984,0.6052631578947368,0.3581440310106172,0.1909020006166905,0
1306,1dp8aQANyTRKssDeAYPiZe,scrape it off feat lil uzi vert  don toliver,pusha t lil uzi vert don toliver,0.5317365269461078,0.6794871794871795,0.6610526315789473,0.4869176423439103,0.3628075139511121,0
1307,1dw7qShk971xMD6r6mA4VN,pero t,karol g quevedo,0.8514970059880241,0.794251447477254,0.6831578947368422,0.3963736968751886,0.5630445165932079,0
1308,1e0Wxoraz9IzFhREDqgJAe,butter  instrumental,bts,0.3341317365269461,0.3775847808105873,0.3978947368421052,0.0001715002931561,0.3819551508775748,1
1309,1e1JKLEDKP7hEQzJfNAgPl,magnolia,playboi carti,0.7676646706586828,0.5791976840363937,0.4326315789473683,0.0114613242492672,0.702984903173538,1
1310,1e4rwBPVI32vZtTJu7mJ4J,chunli,nicki minaj,0.6419161676646709,0.7322167080231596,0.4652631578947368,0.2796726116043918,0.4971311797532029,1
1311,1e9oZCCiX42nJl0AcqriVo,watermelon sugar,harry styles,0.4766467065868265,0.8211331679073615,0.5526315789473685,0.1227297727919407,0.2942702192879038,0
1312,1eIS75JS5rfbJpSu6ZC9EO,voce,madame,0.5568862275449102,0.8397435897435898,0.3252631578947368,0.1056270275367377,0.3983337263224082,1
1313,1eIXYZWEfJO3Na2LCCnIJE,love language,sza,0.6670658682634731,0.2473118279569892,0.54,0.8581478187656694,0.1107624592651708,2
1314,1eMNW1HQjF1dbb4GtnmpaX,slay3r,playboi carti,0.8802395209580839,0.6608767576509512,0.4252631578947368,0.1659896578492189,0.5641509319887061,1
1315,1eThXFmkENeSkdeLO8S86F,hoodrat, kanye west ty dolla ign,0.4790419161676648,0.5078577336641853,0.2073684210526315,0.0615623074086265,0.2480244741503878,1
1316,1eaqMiiUn2P7MnqJK4XeK0,talking, kanye west ty dolla ign,0.3748502994011977,0.445822994210091,0.3178947368421052,0.4094522667762261,0.6168296059831075,2
1317,1ei3hzQmrgealgRKFxIcWn,in the stars,benson boone,0.2538922155688623,0.5357733664185278,0.2821052631578947,0.3400352419168729,0.1891728486871142,2
1318,1ere9b9vDw2N3m9d4uiXxa,facas  ao vivo,diego  victor hugo bruno  marrone,0.3508982035928144,0.5037220843672457,0.6926315789473684,0.6187093851928275,0.6908506097376648,2
1319,1eyek0KJEh2v5HQ9uQSybb,modern loneliness,lauv,0.6610778443113773,0.5026881720430108,0.1168421052631578,0.1448627372398505,0.2133688837296476,1
1320,1f38Gx6xQz6r4H1jGVNBJo,loco contigo feat j balvin  tyga,dj snake j balvin tyga,0.8047904191616767,0.7456575682382134,0.3399999999999999,0.2867149184741812,0.2981094202504248,1
1321,1f5PNhkNgUpvDEeZfcIlO1,i do feat sza,cardi b sza,0.8814371257485031,0.466501240694789,0.4273684210526315,0.2716242608960609,0.5341447046233654,1
1322,1f5cbQtDrykjarZVrShaDI,drowning feat kodak black,a boogie wit da hoodie kodak black,0.8251497005988025,0.8149296939619521,0.823157894736842,0.5040203875991133,0.4975604447427131,0
1323,1fLhGF1JfGQYj6EZLndD86,baby feat marina  luis fonsi,clean bandit marina luis fonsi,0.724550898203593,0.7425558312655087,0.3136842105263158,0.3581440310106172,0.424597488497512,1
1324,1fPnUpoXCpD2NDI4vPVeLw,stupid again,tory lanez,0.7485029940119762,0.8283705541770058,0.6505263157894737,0.0886248866653889,0.4434186421925163,0
1325,1fXnu2HzxbDtoyvFPWG3Bw,stand by me feat morgan wallen,lil durk morgan wallen,0.7257485029940121,0.5791976840363937,0.6031578947368421,0.0595502197315438,0.5281289487844545,0
1326,1fewSx2d5KIZ04wsooEBOz,space cadet feat gunna,metro boomin gunna,0.8994011976047905,0.4571960297766749,0.6378947368421053,0.3702165570731134,0.3765802695300456,0
1327,1fipvP2zmef6vN2IwXfJhY,im ready with demi lovato,sam smith demi lovato,0.4203592814371258,0.6743176178660051,0.1263157894736842,0.0034733361712488,0.6549797761776068,1
1328,1foCxQtxBweJtZmdxhEHVO,santa baby with henri ren  his orchestra,eartha kitt henri ren and his orchestra,0.658682634730539,0.1211745244003308,0.4821052631578947,0.9074439668541956,0.2283387444905955,2
1329,1foNLbvX6yP0tMs3eAXspd,plebada,el alfa peso pluma,0.8359281437125748,0.9865591397849462,0.7736842105263158,0.2877209623127225,0.4132673111687495,0
1330,1fvC3CmNAbsx0V9ULMU8NB,sarahs place feat noah kahan,zach bryan noah kahan,0.5101796407185629,0.6836228287841192,0.4221052631578947,0.4124703982918502,0.6339095157769998,1
1331,1fvCggAYrW0VtCljtqv4h2,last memory,takeoff,0.84311377245509,0.7094706368899917,0.1473684210526315,0.1760500962346324,0.4311634290412879,1
1332,1fxYz1s15pyZLsJT0Hdh1m,late at night,roddy ricch,0.5904191616766469,0.3941273779983457,0.0831578947368421,0.3450654611095797,0.3133150744563147,2
1333,1fzAuUVbzlhZ1lJAx9PtY6,daylight,taylor swift,0.4874251497005989,0.4902812241521918,0.2452631578947368,0.8128758460313086,0.6243387203066524,2
1334,1fzf9Aad4y1RWrmwosAK5y,last train home,john mayer,0.5245508982035929,0.8562861869313482,0.7747368421052632,0.1690077893648429,0.2798384512602856,0
1335,1g3ErLqysBJ5EIGdYYMWFZ,all day long,chance the rapper john legend,0.7389221556886229,0.891439205955335,0.7210526315789473,0.0281616519690536,0.4612603461931451,0
1336,1g3J9W88hTG173ySZR6E9S,tilidin weg,bonez mc,0.8766467065868265,0.5254342431761787,0.1463157894736842,0.1136753782450686,0.377100224306072,1
1337,1gH1h30wkQdd9zhY3j7a8T,the shade,rex orange county,0.8958083832335332,0.5037220843672457,0.731578947368421,0.3933555653595645,0.4422699048966439,0
1338,1gOyBTO1fDLDTH8Ap12Wyp,motion,khalid,0.4838323353293414,0.5885028949545078,0.5178947368421053,0.0965726329898656,0.2071294264173302,1
1339,1gVCEnryJhkdQcuC0Kbvor,find my way,dababy,0.821556886227545,0.6226220016542597,0.7031578947368421,0.1881226222971286,0.3402801709804775,0
1340,1gZFRYcPz3wKevEaNYRwfW,time  edit,nf,0.6167664670658685,0.7043010752688171,0.2368421052631578,0.1287660358231888,0.309856770597162,1
1341,1ga4PztXOIw1yBbdUt2X8v,gatbela,karol g maldy,0.5712574850299402,0.8645574855252275,0.3263157894736842,0.2645819540262715,0.2769363780917659,1
1342,1ggYjU6zdFHgANcku82boU,afterthought,joji benee,0.6203592814371259,0.5430107526881721,0.1684210526315789,0.400397872229354,0.2223834485093621,2
1343,1gnwGVoG7V08vMX3hyr90x,tints feat kendrick lamar,anderson paak kendrick lamar,0.7844311377245511,0.8387096774193549,0.7063157894736841,0.0864115902205979,0.3770155805053234,0
1344,1h9P5WJwyvK8OB7O2YiXgp,ibiza,ozuna romeo santos,0.6467065868263473,0.7115384615384616,0.7305263157894737,0.2515033841252339,0.8787840313423905,0
1345,1hJIbOjWpid6LtnozHmzRS,diamonds,sam smith,0.5832335329341318,0.6660463192721258,0.5231578947368422,0.1619654824950535,0.3464470764635819,1
1346,1hR8BSuEqPCCZfv93zzzz9,welcome to new york taylors version,taylor swift,0.7317365269461079,0.6050454921422663,0.6757894736842106,0.0096605057782781,0.4248030520136156,0
1347,1hSOt9IeshMkuKP9ri4hOf,bloom,troye sivan,0.6682634730538923,0.7022332506203474,0.4968421052631578,0.0311797834846777,0.4486967877677616,1
1348,1hZsWUnLbqRw09jLAMQSsb,classy 101,feid young miko,0.8479041916167666,0.6650124069478909,0.66,0.1267539481461062,0.3226863523963264,0
1349,1haJsMtoBhHfvuM7XWuT3W,el azul,junior h peso pluma,0.4886227544910181,0.6474358974358975,0.8547368421052631,0.2273583320002414,0.5874158852230063,0
1350,1hg3RlqFZXJb5YgRoK9qmF,gangstas,pop smoke,0.4766467065868265,0.500620347394541,0.5526315789473685,0.2042193237137903,0.4429833312172382,1
1351,1hjRhYpWyqDpPahmSlUTlc,style taylors version,taylor swift,0.5089820359281437,0.8294044665012407,0.2736842105263157,0.000412950814406,0.2917369512512167,1
1352,1hoLUVBx0ixX3kn0EX0P5n,kein wort,juju loredana miksu  macloud,0.7137724550898205,0.5895368072787428,0.628421052631579,0.4647846778960006,0.6852943488171028,0
1353,1hz7SRTGUNAtIQ46qiNv2p,gone gone  thank you,tyler the creator,0.4407185628742516,0.4861455748552523,0.4621052631578947,0.2172978936148279,0.1942575227177915,1
1354,1i4F583d9v9RabcfOlKKVL,love in slow motion,ed sheeran,0.4011976047904192,0.5357733664185278,0.414736842105263,0.6720297086355193,0.0962097715221977,2
1355,1i9lZvlaDdWDPyXEE95aiq,telekinesis feat sza  future,travis scott sza future,0.3688622754491019,0.5306038047973533,0.1936842105263157,0.5784676316511733,0.2183084541018989,2
1356,1iLbUmb2b2btyAAcQ68a1p,milo j bzrp music sessions vol 57,bizarrap milo j,0.7724550898203595,0.5492142266335815,0.7442105263157894,0.5301775274011885,0.4679048845519017,0
1357,1iQDltZqI7BXnHrFy4Qo1k,trampoline with zayn,shaed zayn,0.5616766467065869,0.4520264681555004,0.4905263157894737,0.5633769740730532,0.4841927702102189,2
1358,1iSZPndzmY6NvL1jAtIvY1,im upset,drake,0.8970059880239521,0.5843672456575683,0.4821052631578947,0.2806786554429331,0.6243991801643298,0
1359,1iSqfoUFnQwV0QW1EfUit8,suicidal,ynw melly,0.7005988023952097,0.3589743589743589,0.2136842105263157,0.3360110665627075,0.56400582833028,1
1360,1iWHabUgUuuKLBa0TzTHfk,a whole new world end title  from aladdin,zayn zhavia,0.1820359281437125,0.4055004135649296,0.0768421052631578,0.0578399452060235,0.3856734321247407,1
1361,1icgLGTpX2fQXKRe4D7w2b,back to me, kanye west ty dolla ign,0.7892215568862277,0.7921836228287842,0.3284210526315789,0.0010789518355204,0.2957635777725378,1
1362,1is8gU4RVcN4J8xItxWoOY,i guess im in love,clinton kane,0.325748502994012,0.3289909015715467,0.2010526315789473,0.8822928708906618,0.184372335987521,2
1363,1j4kHkkpqZRBwE0A4CN4Yv,dusk till dawn feat sia  radio edit,zayn sia,0.1305389221556886,0.4292803970223325,0.0664210526315789,0.1026088960211137,0.8060750064994349,1
1364,1j6xOGusnyXq3l6IryKF3G,djala que vuelva feat manuel turizo,piso 21 manuel turizo,0.635928143712575,0.7921836228287842,0.8494736842105263,0.0484837375075889,0.7454760911492815,0
1365,1jDbQz6tr52WgScCTXMnaN,pop,lil uzi vert,0.7077844311377246,0.5967741935483871,0.2568421052631578,0.0096605057782781,0.5633226319385243,1
1366,1jHgfC8T5KxUyC5Ldw6lk9,zona de perigo,leo santana,0.7844311377245511,0.7704714640198511,0.9873684210526316,0.7525132157188273,0.5341144746945266,0
1367,1jIMjbzcGCcCQn5iMu9CUc,thats hilarious,charlie puth,0.6754491017964073,0.434449958643507,0.5410526315789475,0.7464769526875792,0.3707458932641672,2
1368,1jQsKN68yE94tMYml0wHMd,jump out the window,big sean,0.7149700598802397,0.7053349875930521,0.4863157894736842,0.1368143865315197,0.5454567439948246,1
1369,1jQvUmf16VE9WQCPuK2e8K,stoopid feat bobby shmurda,6ix9ine bobby shmurda,0.6982035928143714,0.6288254755996692,0.8421052631578947,0.1307781235002716,0.624374996221259,0
1370,1jaTQ3nqY3oAAYyCTbIvnM,whats poppin,jack harlow,0.925748502994012,0.6019437551695617,0.8357894736842104,0.0170951697450987,0.5945864243435572,0
1371,1jg9clsGCDqOumfS0X5xm9,living proof,camila cabello,0.7005988023952097,0.5088916459884202,0.5105263157894737,0.1096512028909031,0.1865065689635366,1
1372,1jlnBQGP2DtSEhMgQaz7a7,haute feat j balvin  chris brown,tyga j balvin chris brown,0.9532934131736528,0.7249793217535153,0.3336842105263157,0.0782626351284129,0.3400141476066965,1
1373,1jo3TwNGCXfNdB5uba3ZVv,killshot,eminem,0.8898203592814372,0.6505376344086022,0.5978947368421053,0.1000937864247603,0.3574205406320472,0
1374,1k1Bqnv2R0uJXQN4u6LKYt,aint no sunshine,bill withers,0.4514970059880241,0.4065343258891645,0.508421052631579,0.4597544587032938,0.1901522983814895,2
1375,1k1CJlU1eAEpAbNK0TVeKD,que mas pues  remix,sech justin quiles maluma nicky jam farruko dalex lenny tavrez,0.5964071856287426,0.6608767576509512,0.8221052631578947,0.1217237289533994,0.4029347214916656,0
1376,1kBMIYqe0ILRUJZ7K2PV0k,cigarettes,juice wrld,0.5233532934131737,0.6122828784119106,0.4410526315789473,0.0307773659492611,0.6853548086747803,1
1377,1kBbgxAUc4HQv7cgIayIDH,ransom,lil tecca,0.7125748502994013,0.641232423490488,0.2042105263157894,0.0205157187961393,0.8056638794672277,1
1378,1kK6DwzyXJSp58u5HYWwuD,go loko feat tyga jon z,yg tyga jon z,0.8742514970059881,0.6701819685690654,0.1042105263157894,0.3269566720158353,0.3282365673311204,1
1379,1kKYjjfNYxE0YYgLa7vgVY,higher love,kygo whitney houston,0.6502994011976049,0.6784532671629446,0.391578947368421,0.0151836864518702,0.346035949431375,1
1380,1kMUGCt7XLDc5Q64Vl0H8S,bellacoso,residente bad bunny,0.747305389221557,0.8573200992555832,0.6978947368421052,0.0654858783789378,0.8063410298732159,0
1381,1kaxyXcAi5ZHF3Q94QXsHK,demon,lil wayne,0.7233532934131738,0.6133167907361456,0.3336842105263157,0.2766544800887677,0.5641992998748482,1
1382,1kjs5eR4DMzyB0gm1Z8waV,dance crip,trueno,0.8467065868263474,0.7694375516956162,0.8757894736842105,0.1086451590523618,0.3585632319421519,0
1383,1klq7dgG1Pz0ijci5Pmae1,case 143,stray kids,0.7796407185628744,0.8924731182795699,0.6463157894736842,0.0940575233935122,0.3225835706382746,0
1384,1kqH58eGh2ZTOHwqBIB2tM,una foto remix feat emilia,mesita nicki nicole tiago pzk emilia,0.7305389221556887,0.7043010752688171,0.7442105263157894,0.3148841459533391,0.2981577881365667,0
1385,1kuGVB7EU95pJObxwvfwKS,vampire,olivia rodrigo,0.4323353293413174,0.5275020678246485,0.3347368421052631,0.1780621839117151,0.5519199027805488,1
1386,1kwnxJNVl7cwcU98RvMBaR,surf,mac miller,0.8119760479041916,0.1656327543424317,0.2094736842105263,0.7585494787500755,0.6079903747906577,2
1387,1l9G7M8gNyQsgOGWZGoQsT,look what i found,lady gaga,0.837125748502994,0.4871794871794871,0.4368421052631579,0.4587484148647525,0.3040768082031934,2
1388,1lCRw5FEZ1gPDNPzy1K4zW,we are the champions  remastered 2011,queen,0.1413173652694611,0.4520264681555004,0.1505263157894736,0.380276995458527,0.1055568655191385,2
1389,1lItf5ZXJc1by9SbPeljFd,juju on that beat tz anthem,zay hilfigerrr zayion mccall,0.7868263473053894,0.8945409429280398,0.7873684210526316,0.0038254515147383,0.6880271343841255,0
1390,1lO9CZo6eDrOy0S7khgryG,no regrets feat don toliver,eminem don toliver,0.7257485029940121,0.749793217535153,0.0386315789473684,0.0048214349148942,0.533358726473558,1
1391,1lWWoec2z1j88GRblI5anV,zitti e buoni,mneskin,0.5628742514970061,0.9534739454094292,0.5894736842105263,0.0014008858638536,0.3404252746389035,0
1392,1lXQskY1Op1KzFG4GVcVpe,criminal,natti natasha ozuna,0.8047904191616767,0.7983870967741936,0.8473684210526315,0.041843848173216,0.2011197165641872,0
1393,1lntL1cI2UIWlxjL5QiN8g,the other,lauv,0.2754491017964072,0.5492142266335815,0.3705263157894737,0.4235368805158051,0.8035780143773541,2
1394,1louJpMmzEicAn7lzDalPW,no promises feat demi lovato,cheat codes demi lovato,0.7077844311377246,0.6670802315963607,0.5926315789473684,0.0578399452060235,0.4004740052841916,0
1395,1lsBTdE6MGsKeZCD6llNu7,done for me feat kehlani,charlie puth kehlani,0.8455089820359282,0.6308933002481389,0.7,0.1941588853283768,0.3947484567621328,0
1396,1lxswgIpzV6HhENRvkflES,chillax feat kymani marley,farruko kymani marley,0.8107784431137726,0.6453680727874277,0.5052631578947369,0.0728299984002897,0.2741189487239947,0
1397,1m0UFnuTktOkksvjbF9z0m,ramenez la coupe  la maison,vegedream,0.7880239520958086,0.6608767576509512,0.8126315789473685,0.0360087939096761,0.370461731933083,0
1398,1m69ELEgE6k5ZWsap40ozt,se prepar,ozuna,0.7053892215568863,0.826302729528536,0.6957894736842105,0.223334156646076,0.7518727440915605,0
1399,1m6lqaLvUTxPjOo98fJH8U,dont come out the house with 21 savage,metro boomin 21 savage,0.8622754491017964,0.3393300248138957,0.1505263157894736,0.0066423742626541,0.1707688680100846,1
1400,1mCsF9Tw4AkIZOjvZbZZdT,break my stride,matthew wilder,0.9185628742514972,0.5854011579818031,0.8378947368421052,0.1961709730054595,0.3830676122588407,0
1401,1mF6sMUsRU9MisrdB9qWvg,mejor,dalex sech,0.4479041916167665,0.5740281224152192,0.1663157894736842,0.1861105346200459,0.7779853566224706,1
1402,1mFpMoeZfkIqtqW2AfQ8ba,the girls  blackpink the game ost,blackpink,0.6766467065868265,0.7404880066170388,0.3452631578947368,0.001994451728593,0.6853245787459417,1
1403,1mH6tZC6iXIHPI6EixCwxw,i wish it could be christmas everyday,wizzard,0.2790419161676647,0.9224565756823822,0.5221052631578947,0.0042379294885402,0.5637095750276604,1
1404,1mSdbey7RstGLY2udgXv74,essence feat justin bieber  tems,wizkid justin bieber tems,0.8203592814371258,0.6918941273779983,0.5778947368421052,0.0159885215227032,0.3463201107624592,0
1405,1mSviQV9iQnGSRyvTIuxAj,problemn,alvaro diaz rauw alejandro,0.665868263473054,0.7415219189412738,0.3568421052631578,0.2676000855418955,0.2732060048730645,1
1406,1mT47pKLXUwPYGwB91GcNz,creme,karol g maluma,0.6766467065868265,0.8790322580645161,0.6842105263157895,0.154923175625264,0.3036354512421477,0
1407,1mWdTewIgB3gtBM3TOSFhB,butter,bts,0.7293413173652696,0.4520264681555004,0.6978947368421052,0.0032419460883843,0.3825839333974207,0
1408,1mauYRwbpoGQX6itP2FAJC,fan de tus fotos,nicky jam romeo santos,0.6922155688622755,0.6898263027295285,0.4199999999999999,0.294763269182512,0.745899310153024,1
1409,1mdJ39D1lrR3aWIOhgeNaE,wir ticken,capital bra samra,0.5748502994011977,0.6929280397022333,0.8294736842105263,0.2766544800887677,0.8050774188477561,0
1410,1mea3bSkSGXuIRvnydlB5b,viva la vida,coldplay,0.4023952095808384,0.6153846153846154,0.4052631578947367,0.0959690066867408,0.5519803626382263,1
1411,1mjAD7IYvI5UGiB7WnppMf,bbl love  interlude,drake,0.4215568862275449,0.3817204301075269,0.5705263157894737,0.8500994680573385,0.5205654205889998,2
1412,1mmAqhLcvPrknbslMiDlyU,particular taste,shawn mendes,0.9784431137724552,0.3413978494623655,0.6105263157894737,0.0380208815867589,0.3945852151464035,0
1413,1mohfLaTJtB2RplHLQVM70,la jeepeta  remix,nio garcia anuel aa myke towers brray juanka,0.7964071856287426,0.7167080231596361,0.7936842105263158,0.3018055760523014,0.7816794539265655,0
1414,1mpD5Q8IM32I4bF6eCpU74,up all night,khalid,0.6167664670658685,0.7136062861869313,0.6705263157894737,0.0010286496435933,0.28581793118459,0
1415,1mqlc0vEP9mU1kZgTi6LIQ,september,earth wind  fire,0.6502994011976049,0.9193548387096776,1.0,0.1840984469429632,0.4787030151331023,0
1416,1mrGEef8GuaEnDdw8J5BQp,anuel aa bzrp music sessions vol 46,bizarrap anuel aa,0.3053892215568863,0.8428453267162944,0.6557894736842106,0.349089636463745,0.1707870059673878,0
1417,1msEuwSBneBKpVCZQcFTsU,forever  always taylors version,taylor swift,0.5365269461077845,0.826302729528536,0.6747368421052632,0.023232037160201,0.4916111947472476,0
1418,1mw0RgNXIpYRyyCdBQbLgA,love of my life,harry styles,0.4850299401197606,0.5316377171215881,0.18,0.6730357524740606,0.4313145786854818,2
1419,1n4jwRVXdkK2U34nBDUKKT,blood,kendrick lamar,0.2479041916167665,0.2235318444995864,0.4863157894736842,0.1428506495627678,0.66620112576255,1
1420,1nH2PkJL1XoUq8oE6tBZoU,sacrifice,the weeknd,0.7005988023952097,0.7994210090984285,0.9189473684210526,0.0297713221107198,0.455153900567718,0
1421,1nO2NjuFkGaAWcMdJ1pNrp,cocky feat london on da track,aap rocky gucci mane 21 savage london on da track,0.7748502994011978,0.6319272125723739,0.5736842105263157,0.2243402004846173,0.6608081064577174,0
1422,1nO67wic65N413c11zKxM7,silhouettes  original radio edit,avicii,0.5449101796407186,0.804590570719603,0.8463157894736841,0.1559292194638054,0.4918772181210286,0
1423,1nX9KhK3Fff27SnrIor2Yb,4 am,2 chainz travis scott,0.7736526946107786,0.4944168734491315,0.2052631578947368,0.1187055974377753,0.1710651213127044,1
1424,1nXZnTALNXiPlvXotqHm66,a boy is a gun,tyler the creator,0.3197604790419162,0.6898263027295285,0.4978947368421053,0.5784676316511733,0.1986106324705711,2
1425,1nYeVF5vIBxMxfPoL0SIWg,hallucinate,dua lipa,0.5712574850299402,0.6908602150537634,0.6263157894736842,0.0331918711617604,0.4554743378134088,0
1426,1nYzjrdVQ8RpF93M0jPFW7,remember that night,sara kays,0.6335329341317367,0.6081472291149711,0.5494736842105263,0.5885280700365869,0.4671128604163265,2
1427,1nahzW3kfMuwReTka28tH5,hold on,justin bieber,0.6083832335329342,0.6329611248966088,0.2842105263157894,0.0104552804107258,0.5639937363587446,1
1428,1ndyl3wJCFs872XZ3ztPk6,dj no pare feat zion dalex lenny tavrez  remix,justin quiles natti natasha farruko lenny tavrez dalex zion,0.710179640718563,0.7105045492142267,0.8410526315789473,0.0453650016081107,0.745367263405462,0
1429,1nfyE13arjOuO54HH0zmqj,esperndote,manuel turizo,0.6550898203592815,0.6474358974358975,0.2957894736842105,0.4275610558699705,0.8428527379246551,1
1430,1oFAF1hdPOickyHgbuRjyX,save your tears remix with ariana grande  bonus track,the weeknd ariana grande,0.598802395209581,0.8304383788254756,0.5905263157894737,0.0216223670185348,0.4315201422015852,0
1431,1oJ8EDr2pv94IvSd6ZmDgo,mama feat nicki minaj  kanye west,6ix9ine kanye west nicki minaj,0.7317365269461079,0.6722497932175352,0.4263157894736842,0.0898321392716385,0.6853669006463159,1
1432,1oOEkBNp4zWnkD7nWjJdog,snow on tha bluff,j cole,0.5221556886227545,0.5068238213399504,0.2136842105263157,0.7273621197552935,0.1761739792864527,2
1433,1oUudyBYVGMIC8JXeIsFzq,close feat travis scott  from sr3mm,rae sremmurd swae lee slim jxmmi travis scott,0.6479041916167665,0.7384201819685691,0.0078947368421052,0.1046209836981964,0.5641872079033126,1
1434,1oWkcc7hQdVYPQMyQ6AFov,mi bello angel,natanael cano,0.791616766467066,0.7746071133167908,0.916842105263158,0.0055357260402586,0.4907526647682271,0
1435,1oc92BMKYkNxK17C2GtyRM,distraction,polo g,0.6742514970059881,0.6898263027295285,0.6294736842105263,0.1609594386565121,0.6663643673782791,0
1436,1odExI7RdWc4BT515LTAwj,daylight,david kushner,0.42874251497006,0.4220430107526881,0.3073684210526316,0.8350088104792183,0.5040659254288116,2
1437,1ojBtNRMzjL7ptLPZCzfRz,thinking with my dick feat juicy j,kevin gates juicy j,0.7425149700598804,0.7001654259718776,0.6989473684210525,0.0599526372669603,0.2072866220472917,0
1438,1onfcprzpSGh2LqrBh17AA,lips,the xx,0.4467065868263474,0.5885028949545078,0.171578947368421,0.4969780807293238,0.7691824013446273,2
1439,1orjH4IkSH9VrWmRCToKV8,shotta flow 5,nle choppa,0.7856287425149703,0.7518610421836228,0.7768421052631579,0.0842988981596611,0.5641751159317772,0
1440,1p1SbqeipOd4ezKUpxqaz6,baby you make me crazy,sam smith,0.4347305389221557,0.6474358974358975,0.4894736842105263,0.0074270884567163,0.7438073990773826,1
1441,1pGAvZo2axYXAXYiSeYEqY,911  mr lonely feat frank ocean  steve lacy,tyler the creator frank ocean steve lacy,0.3952095808383233,0.6081472291149711,0.2789473684210526,0.0458680235273814,0.2618879195158375,1
1442,1pJQAHpD51J7GYaFrrFO9S,dont say,the chainsmokers emily warren,0.4994011976047904,0.4571960297766749,0.291578947368421,0.0200126968768687,0.3209692924382856,1
1443,1pZdegOXTZ2ftINo3oUuRZ,bedroom floor,liam payne,0.6323353293413175,0.6794871794871795,0.1957894736842105,0.3028116198908428,0.4429228713595608,1
1444,1pacwLXyRO47ka0v6LTIiY,raindrops insane with travis scott,metro boomin travis scott,0.7736526946107786,0.5347394540942929,0.0957894736842105,0.103614939859655,0.39462149106101,1
1445,1pbbsI2KGPOMu0HmuGccBu,wilshire,tyler the creator,0.4850299401197606,0.7136062861869313,0.5505263157894738,0.0453650016081107,0.1949225811522439,1
1446,1pfgsjmxVZhoZpeDx6POKv,bones feat onerepublic,galantis onerepublic,0.6083832335329342,0.8087262200165427,0.5010526315789474,0.0046504074623422,0.4433460903633032,1
1447,1piak4R3yW4otWWyaSqyCH,el tsurito,junior h peso pluma gabito ballesteros,0.6131736526946109,0.8056244830438379,0.8368421052631578,0.257539647156482,0.412360413303587,0
1448,1pqnQ41XbfKjaFu6M0eGJp,agua with j balvin,tainy j balvin,0.7305389221556887,0.6577750206782466,0.5610526315789474,0.1629715263335948,0.3233635028023143,0
1449,1q0PYXTbDsirp2l74ng6pn,in da getto,j balvin skrillex,0.9269461077844312,0.7249793217535153,0.6431578947368422,0.0177994004320777,0.48537173743493,0
1450,1qCmZnC1FUpNgOydIzqIPC,bad child,tones and i,0.7257485029940121,0.5502481389578164,0.5936842105263157,0.4044220475835194,0.4309215896105781,0
1451,1qDrWA6lyx8cLECdZE7TV7,somebody that i used to know,gotye kimbra,0.8562874251497007,0.5161290322580646,0.7536842105263157,0.5513044480105569,0.4978325141022617,0
1452,1qE8DOtw7zdXHMgZm20eLM,the feels,twice,0.7880239520958086,0.9110835401157984,0.936842105263158,0.0904357655747633,0.443327952406,0
1453,1qEmFfgcLObUfQm0j1W2CK,late night talking,harry styles,0.6754491017964073,0.7301488833746899,0.9147368421052632,0.2997934883752188,0.4128078162504004,0
1454,1qMMYpVatbRITKCfq1gasi,puffin on zootiez,future,0.8778443113772457,0.6567411083540117,0.2652631578947367,0.0606568679539393,0.4732434899848246,1
1455,1qOLh0tI7trd1zdDKxYZTe,starving,hailee steinfeld grey zedd,0.5820359281437126,0.6319272125723739,0.5052631578947369,0.3732346885887375,0.3204553836480269,1
1456,1qrpoAMXodY6895hGKoUpA,you belong with me taylors version,taylor swift,0.5772455089820361,0.7766749379652605,0.4652631578947368,0.062668955631022,0.5037213042400497,1
1457,1qtHdSxiavDgUPZgpGqehx,,trippie redd,0.6886227544910181,0.5388751033912325,0.6957894736842105,0.0297713221107198,0.4428261355872768,0
1458,1qwMkkRiD5jqLeUUjfgblh,lock it up feat anderson paak,eminem anderson paak,0.8359281437125748,0.7477253928866833,0.5094736842105263,0.0954659847674701,0.5459887907423866,0
1459,1qyFlfPREPbRcS2BNszdYI,dreams money can buy,drake,0.3269461077844312,0.5843672456575683,0.3136842105263158,0.7696159609740304,0.8078222963863144,2
1460,1r0faljjM2b876iNoaDUh5,sacrifices,big sean migos,0.7532934131736528,0.5564516129032259,0.4094736842105263,0.2595517348335647,0.5762670874672762,1
1461,1r8ZCjfrQxoy2wVaBUbpwg,thousand miles,the kid laroi,0.2706586826347306,0.6567411083540117,0.18,0.0863109858367438,0.2046384802810174,1
1462,1rCcsYnmqbMYdkG7kS9GC5,speechless feat erika sirola,robin schulz erika sirola,0.5077844311377245,0.7301488833746899,0.2463157894736842,0.0161897302904115,0.4735760192020508,1
1463,1rIKgCH4H52lrvDcz50hS8,lush life,zara larsson,0.651497005988024,0.7136062861869313,0.8073684210526316,0.1327902111773543,0.3101892998143882,0
1464,1rX5L6pyl3rVWb55D8Cprr,gold roses feat drake,rick ross drake,0.4215568862275449,0.6319272125723739,0.5473684210526316,0.0099623189298405,0.2207268484089988,1
1465,1rXq0uoV4KTgRN64jXzIxo,one thing at a time,morgan wallen,0.554491017964072,0.9224565756823822,0.9305263157894736,0.0052439733270816,0.5759406042358177,0
1466,1rgnBhdG2JDFTbYkYRZAku,dance monkey,tones and i,0.8095808383233534,0.5905707196029777,0.5357894736842106,0.6921505854063461,0.3105520589604532,2
1467,1ri9ZUkBJVFUdgwzCnfcYs,mamiii,becky g karol g,0.8299401197604791,0.7011993382961125,0.9126315789473683,0.0939569190096581,0.2858118851988222,0
1468,1rlIrbWboTRGeKfHhgbJRZ,flip the switch feat drake,quavo drake,0.8419161676646708,0.6360628618693135,0.488421052631579,0.1297720796617302,0.2377886202455879,0
1469,1rqqCSm0Qe4I9rUvWncaom,high hopes,panic at the disco,0.5137724550898204,0.9121174524400332,0.6831578947368422,0.1941588853283768,0.2133991136584864,0
1470,1rsAFUCa6BVMgRQ3FCQQsi,boss,lil pump,0.7820359281437127,0.7932175351530191,0.6473684210526316,0.0305761571815528,0.4430558830464513,0
1471,1s2B5cndbqK8rPJEIcKJRQ,vaina loca,ozuna manuel turizo,0.7233532934131738,0.8097601323407776,0.5505263157894738,0.3168962336304218,0.2857635173126803,0
1472,1sBhJGPUKrdRycgKxve70v,hot2touch,felix jaehn hight alex aiono,0.724550898203593,0.7208436724565757,0.8221052631578947,0.0008727128486194,0.4550692567669696,0
1473,1sCxVKWImDZSZKvG0U9B23,bad liar,selena gomez,0.9616766467065868,0.40136476426799,0.7221052631578947,0.1760500962346324,0.449555317746782,0
1474,1sOW4PuG5X3Ie3EXUhAopJ,escape from la,the weeknd,0.3041916167664671,0.5192307692307693,0.1431578947368421,0.0458680235273814,0.5986856026940912,1
1475,1sPLURKAosM3Jampgp9AWq,sandras rose,drake,0.4035928143712576,0.8562861869313482,0.5168421052631579,0.0472764849013393,0.6371501641485136,1
1476,1sTUEdVO85YU8Ymk2jeAls,oh lord,mic lowry,0.1473053892215569,0.7983870967741936,0.3631578947368421,0.0218235757862431,0.2973657640009915,1
1477,1sXr6moCwVxwKEgSPxhVvF,apaga el cel,calle 24 chino pacas,0.7113772455089822,0.848014888337469,0.823157894736842,0.1016028521825723,0.4748517221990458,0
1478,1sYSP7gKa5kdKIfhANfori,lights down low,max,0.5664670658682636,0.4871794871794871,0.591578947368421,0.0635743950857092,0.2073833578195757,1
1479,1sbEeUY8KsdvgiQi26JBFz,popstar feat drake,dj khaled drake,0.7820359281437127,0.5616211745244003,0.4652631578947368,0.0561296706805032,0.7035532258357065,1
1480,1sgDyuLooyvEML4oHspNza,lose somebody,kygo onerepublic,0.5149700598802396,0.5833333333333334,0.5,0.3460715049481209,0.6122769786999922,1
1481,1skUhc3JS3jLCfugI3gm41,kein plan,loredana mero,0.8718562874251498,0.7001654259718776,0.7873684210526316,0.0693088449653949,0.3342946450704055,0
1482,1sl5tSzfK1JrcQIcA8rYDy,i miss you feat bahari,grey bahari,0.598802395209581,0.7673697270471465,0.7073684210526315,0.3702165570731134,0.3342946450704055,0
1483,1snWlbcbgQpJfknoI30DWG,darkside,alan walker aura tomine harket,0.3293413173652695,0.641232423490488,0.0842105263157894,0.1649836140106775,0.7454095853058362,1
1484,1sx0XsWUusUoPstbvokZjP,aok,tai verdes,0.695808383233533,0.6246898263027295,0.8736842105263157,0.1257479043075648,0.2162649109123997,0
1485,1syf62zw48zu4FrPwMtDHk,gris,j balvin,0.837125748502994,0.7105045492142267,0.9305263157894736,0.2303764635158655,0.2801830724490474,0
1486,1t67WYNfUxfOiwaz7SJ66b,one point perspective,arctic monkeys,0.6754491017964073,0.5822994210090984,0.8526315789473684,0.0573369232867528,0.1837133235388363,0
1487,1tC5WMSlsGDFfqnrquB1ty,spirit  from disneys the lion king,beyonc,0.3568862275449103,0.4272125723738627,0.0153684210526315,0.0099321376146843,0.2063555402390582,1
1488,1tT55K6VEyO6XFDxK4lDQe,in my head,peter manos,0.4179640718562875,0.1645988420181968,0.0449473684210526,0.7494950842032033,0.3944280195164421,2
1489,1tkg4EHVoqnhR6iFEXb60y,what you know bout love,pop smoke,0.6694610778443114,0.544044665012407,0.5378947368421053,0.6539209195417749,0.2253762114643981,2
1490,1tp1xMJ1uaOktksskS0Fzs,curve feat the weeknd,gucci mane the weeknd,0.7305389221556887,0.4696029776674937,0.3389473684210525,0.2957693130210533,0.606364004619133,1
1491,1tpbAGsGpZee5jDHMcLrUJ,bellaquita,dalex lenny tavrez,0.5197604790419162,0.6991315136476427,0.771578947368421,0.0905363699586175,0.7214614356797804,0
1492,1trFxVLL8WKhYap543e74l,airplane pt2,bts,0.7413173652694612,0.8221670802315963,0.8778947368421053,0.026954399362804,0.5638546786860865,0
1493,1u0CD4fcBUB1xrG9fNgejh,clout feat 21 savage,ty dolla ign 21 savage,0.8742514970059881,0.7301488833746899,0.7189473684210526,0.1368143865315197,0.6908022418515227,0
1494,1u0MOgWF1bbylVxpJG2ZjB,owe me,big sean,0.5628742514970061,0.6071133167907362,0.391578947368421,0.4426517134480908,0.5763275473249536,2
1495,1u8c2t2Cy7UBoG4ArRcF5g,blank space,taylor swift,0.7305389221556887,0.7043010752688171,0.5663157894736841,0.103614939859655,0.2979401326489277,0
1496,1u9oZzM8CTeCMXsdTXaOtY,ali cabbar,emir can irek,0.2778443113772455,0.34656741108354,0.431578947368421,0.3028116198908428,0.4984189747217335,2
1497,1uA914Md6wsy9NDryyBypH,man of the year,juice wrld,0.5640718562874253,0.6960297766749379,0.2799999999999999,0.0058677205069772,0.7693395969745889,1
1498,1uAOCTevGnyKIDbgZdOCnE,voil,barbara pravi,0.3556886227544911,0.325889164598842,0.6010526315789474,0.7776643116823612,0.5360431441544387,2
1499,1uJ7IQJdeAvmUDpIyZb0be,berlin lebt,capital bra,0.6000000000000001,0.6546732837055418,0.38,0.1398325180471437,0.1931511073222934,1
1500,1uL78kFWxhz3umTMWJu8n5,sauce it up,lil uzi vert,0.7940119760479043,0.5233664185277089,0.1042105263157894,0.0719245589456024,0.1983929769829321,1
1501,1uMHCAyGmHqyygoNRuo7MV,edamame,bbno rich brian,0.7964071856287426,0.8542183622828784,0.6863157894736842,0.0231314327763468,0.358611599828294,0
1502,1uN0f4NqMDcReSwXO6PLuG,where have you been,rihanna,0.6814371257485031,0.8531844499586435,0.4336842105263158,0.0020145726053639,0.4912061137008083,1
1503,1udwFobQ1JoOdWPQrp2b6u,surround sound feat 21 savage  baby tate,jid 21 savage baby tate,0.5089820359281437,0.5564516129032259,0.4621052631578947,0.1740380085575497,0.1767725318774599,1
1504,1uoL9GX45dTnmrWQ7Ii1Ft,not afraid anymore,halsey,0.4766467065868265,0.7332506203473945,0.4684210526315789,0.0030910395126031,0.5154505166294838,1
1505,1uru26I2JKd2mQZt0MDCUe,empty space,james arthur,0.3041916167664671,0.5264681555004136,0.3042105263157895,0.2162918497762865,0.7142122987442487,1
1506,1usK5eLBzpQTMwDt8SR2dr,snake skin,trippie redd,0.621556886227545,0.5533498759305212,0.548421052631579,0.0577393408221694,0.5884255648462204,1
1507,1v1IXPXl73Z7zy6f5tUa9n,emotionless,drake,0.3149700598802395,0.6763854425144749,0.0533684210526315,0.0240368722310341,0.7663891559199272,1
1508,1v1oIWf2Xgh54kIWuKsDf6,runaway,aurora,0.325748502994012,0.2897022332506203,0.0957894736842105,0.6327939989324064,0.4073241071590517,2
1509,1v7L65Lzy0j0vdpRjJewt1,lose yourself,eminem,0.6419161676646709,0.7373862696443342,0.0290526315789473,0.0092580882428616,0.7535535281349948,1
1510,1vBeIXlzbAieGoDqInav5j,money bag,cardi b,0.954491017964072,0.7921836228287842,0.4442105263157895,0.1076391152138204,0.5033827290370558,0
1511,1vG3YuKRYqPwTmNmYgqkpg,liberdade provisria  live  ibirapuera  2019,henrique  juliano,0.6203592814371259,0.6846567411083541,0.7031578947368421,0.6307819112553237,0.3713444458551745,2
1512,1vVNlXi8gf8tZ7OhnEs4VE,a lie,french montana the weeknd max b,0.4383233532934133,0.7963192721257238,0.5178947368421053,0.0236344546956175,0.4502506061100732,1
1513,1vYXt7VSjH9JIM5oRRo7vA,dance the night  from barbie the album,dua lipa,0.6239520958083834,0.8511166253101737,0.7821052631578947,0.0208175319477017,0.382940646557718,0
1514,1vYh9x8UmFTLbXiizk9Qc5,i believe,jonas brothers,0.7173652694610779,0.7777088502894955,0.3347368421052631,0.0862103814528896,0.3162111016390668,1
1515,1vi9adPJiD4d22ybGp25hy,cops shot the kid,nas kanye west,0.3497005988023953,0.7115384615384616,0.5010526315789474,0.0265519818273874,0.957672053639986,1
1516,1vvNmPOiUuyCbgWmtc6yfm,my way,calvin harris,0.8,0.9214226633581472,0.5305263157894737,0.0935545014742415,0.4429772852314705,0
1517,1vvcEHQdaUTvWt0EIUYcFK,angel pt 1 feat jimin of bts jvke  muni long,kodak black nle choppa jimin jvke muni long fast  furious the fast saga,0.6766467065868265,0.6815550041356494,0.2578947368421053,0.1297720796617302,0.2309929322426375,1
1518,1w7cgGZR86yWz1pA2puVJD,heated,beyonc,0.7604790419161678,0.7342845326716294,0.488421052631579,0.0639768126211258,0.3883578498056215,0
1519,1wC93sZRGcTgKLN2UWRSwW,perfect places,lorde,0.5640718562874253,0.5709263854425145,0.531578947368421,0.0028998911832802,0.3484059758523328,1
1520,1wGnp7ejkCuXRsehXx0PNP,rip luv,21 savage metro boomin,0.5748502994011977,0.3899917287014061,0.0354736842105263,0.1056270275367377,0.8240557681727216,1
1521,1wJRveJZLSb1rjhnUHQiv6,swervin feat 6ix9ine,a boogie wit da hoodie 6ix9ine,0.5161676646706588,0.6619106699751862,0.423157894736842,0.0153848952195784,0.2799593709756406,1
1522,1wTopxO5eQBpxrBXPSbsUn,aw,lana del rey,0.318562874251497,0.2338709677419354,0.1073684210526315,0.6509027880261508,0.6949800180170376,2
1523,1wUnuiXMMvhudmzvcCtlZP,get up,newjeans,0.4491017964071857,0.521298593879239,0.5578947368421053,0.6378242181251131,0.2331090272613498,2
1524,1whfVLMKWqAX3uk97VXsNN,west side,ariana grande,0.644311377245509,0.4478908188585608,0.5526315789473685,0.1871165784585873,0.2487741763855886,1
1525,1wjzFQodRWrPcQ0AnYnvQ9,i like me better,lauv,0.7209580838323354,0.499586435070306,0.4073684210526315,0.5382258781095194,0.2735929479622005,2
1526,1wsLHgXJ4SKIfd5ePSX1hD,polaroid,jonas blue liam payne lennon stella,0.6011976047904193,0.9048800661703889,0.4663157894736841,0.294763269182512,0.4069855319560577,0
1527,1wsf1YFQSYND45y0GzJmf7,yes indeed,lil baby drake,0.9748502994011976,0.3351943755169561,0.5578947368421053,0.0352039588388431,0.4428079976299735,0
1528,1wtOxkiel43cVs0Yux5Q4h,snow on the beach feat lana del rey,taylor swift lana del rey,0.6143712574850301,0.3072787427626137,0.1694736842105263,0.6941626730834288,0.3823420939667107,2
1529,1x3Qb8np6S1UvpSLthwEJN,mi fai impazzire,blanco sfera ebbasta,0.3916167664670659,0.8500827129859387,0.18,0.0027389241691136,0.7450045042593971,1
1530,1x4MJYA9mJRph3fygU51K4,next,ufo361 rin,0.8083832335329342,0.7518610421836228,0.2926315789473683,0.0200126968768687,0.6543268097146899,1
1531,1x5sYLZiu9r5E43kMlt9f8,symphony feat zara larsson,clean bandit zara larsson,0.6670658682634731,0.6277915632754343,0.4473684210526315,0.260557778672106,0.4603715862852859,1
1532,1xK1Gg9SxG8fy2Ya373oqb,bandido,myke towers juhn,0.6742514970059881,0.6153846153846154,0.6842105263157895,0.1227297727919407,0.7333962115853179,0
1533,1xK59OXxi2TAAAbmZK0kBL,romantic homicide,d4vd,0.5041916167664671,0.5399090157154673,0.1936842105263157,0.4557302833491284,0.515928149505136,2
1534,1xQ6trAsedVPCdbtDAmk0c,savage love laxed  siren beat,jawsh 685 jason derulo,0.7389221556886229,0.4747725392886683,0.7673684210526316,0.2354066827085722,0.624900996983053,0
1535,1xWH8zYtDeS9mW1JJG23VZ,rem,ariana grande,0.8155688622754492,0.4789081885856078,0.6210526315789474,0.3772588639429029,0.2013555100091294,0
1536,1xYpVRspgaLxdJLOTQkTjg,stop trying to be god,travis scott,0.5245508982035929,0.5636889991728701,0.0852631578947368,0.2223281128075346,0.6244959159366139,1
1537,1xcOYJxDa5pObgxY1r0I9c,im sorry,lil uzi vert,0.8479041916167666,0.5430107526881721,0.2852631578947368,0.2142797620992038,0.4915507348895702,1
1538,1xemKSmCnH59ze3KX5wwgH,demons,doja cat,0.8035928143712575,0.3300248138957816,0.3284210526315789,8.025211700044367e-05,0.5632863560239179,1
1539,1xfXXujIlLZAx5wpu46Nyk,moon,bts,0.6622754491017965,0.6453680727874277,0.64,0.0104552804107258,0.5752876377729008,0
1540,1xgWArLVFD1AKsLzftZYc2,elvira,oscar maydon gabito ballesteros chino pacas,0.7305389221556887,0.7125723738626965,0.8063157894736842,0.0816831841794535,0.4922399772670934,0
1541,1xndOD8CreR5ctkOv5G1LN,scooby doo pa pa,dj kass,0.910179640718563,0.7570306038047974,0.6294736842105263,0.0398317604961333,0.4487391096681358,0
1542,1xs8bOvm3IzEYmcLJVOc34,rush,ayra starr,0.7688622754491019,0.4975186104218362,0.3673684210526315,0.0371154421320716,0.3219608341041964,1
1543,1xwAWUI6Dj0WGC3KiUPN0O,vigilante shit,taylor swift,0.776047904191617,0.2638544251447477,0.1378947368421052,0.1740380085575497,0.2002914165140055,1
1544,1xy4apMFecGGkgBeaHFZ2M,chasing fire,lauv,0.6694610778443114,0.5585194375516958,0.3726315789473684,0.0451637928404025,0.4791262341368449,1
1545,1xzBco0xcoJEDXktl7Jxrr,mo bamba,sheck wes,0.6934131736526947,0.6236559139784946,0.2410526315789473,0.1951649291669181,0.6004631225098096,1
1546,1xzUQMiCoY5pdego0pHMeV,she knows this,kid cudi,0.2874251497005988,0.7260132340777502,0.2947368421052632,0.1629715263335948,0.7208447451314699,1
1547,1xzi1Jcr7mEi9K2RfzLOqS,cuff it,beyonc,0.754491017964072,0.6898263027295285,0.6421052631578947,0.0370148377482175,0.413085931595717,0
1548,1xznGGDReH1oQq0xzbwXa3,one dance,drake wizkid kyla,0.7676646706586828,0.6174524400330852,0.3568421052631578,0.0078798081840599,0.3462596509047818,1
1549,1y4jsQt7MjnZhiD1L6qFBC,cradles,sub urban,0.4598802395209582,0.586435070306038,0.631578947368421,0.257539647156482,0.1928548540196736,0
1550,1yFiaFeSLpw4nDYTeErRZ6,leave out all the rest,linkin park,0.4359281437125749,0.6360628618693135,0.1557894736842105,0.2142797620992038,0.2036469386151064,1
1551,1yHVHoz6Ny29gbbWJYVnFt,heaven,niall horan,0.5041916167664671,0.7642679900744417,0.6831578947368422,0.0712203282586235,0.2737199136633232,0
1552,1yHdZ9S6rBlNPH3LDNMy2P,lifes a mess feat halsey,juice wrld halsey,0.5820359281437126,0.4406534325889164,0.1621052631578947,0.3370171104012488,0.5828693039256585,1
1553,1yOL7ZiXGx5ULeLoktAUAg,bubblegum bitch,marina,0.4131736526946108,0.8624896608767577,0.6073684210526316,0.0002127480905363,0.6729544918651262,0
1554,1yYBOIXO2H9LDqEPui42GM,baebae,samra,0.5724550898203594,0.7136062861869313,0.4399999999999999,0.2836967869585571,0.2412892460051148,1
1555,1yYzuNd0KRyHVJ3NH8apBt,donald trump,mac miller,0.5772455089820361,0.9059139784946236,0.8052631578947369,0.1287660358231888,0.7028821214154861,0
1556,1yeB8MUNeLo9Ek1UEpsyz6,rich baby daddy feat sexyy red  sza,drake sexyy red sza,0.5928143712574852,0.7311827956989247,0.1157894736842105,0.0379202772029047,0.6003180188513835,1
1557,1yfyIdEw5U2bD5I6gxQCxW,tough love feat agnes vargas  lagola,avicii agnes vargas  lagola,0.3017964071856288,0.7570306038047974,0.62,0.1438566934013091,0.3715379173997424,0
1558,1yoMvmasuxZfqHEipJhRbp,hawi,maluma,0.7580838323353295,0.729114971050455,0.5536842105263159,0.1861105346200459,0.8062261561436286,0
1559,1yxcKrEcxt4O03IIC25yHk,winter wonderland,tony bennett,0.362874251497006,0.445822994210091,0.5831578947368421,0.8762566078594137,0.4194704925664604,2
1560,1yxgsra98r3qAtxqiGZPiX,butterfly effect,travis scott,0.7341317365269462,0.5957402812241522,0.1578947368421052,0.0718239545617483,0.5699490323399778,1
1561,1z9kQ14XBSN0r2v6fx4IdG,diamonds,rihanna,0.4958083832335329,0.7115384615384616,0.38,0.0012499792880724,0.2736050399337359,1
1562,1zU8j1x3yi9xalMF96pzKp,dear john taylors version,taylor swift,0.3221556886227545,0.4633995037220843,0.1063157894736842,0.0237350590794717,0.4387934630801879,1
1563,1zaDh3qaGSeSmulNyWlUxm,si ella sale,bad bunny,0.8610778443113775,0.729114971050455,0.9347368421052632,0.0592484065799814,0.6121500129988695,0
1564,1zayuwd1YLZsYDArkruHdL,the heart part 4,kendrick lamar,0.621556886227545,0.4261786600496278,0.5452631578947369,0.5040203875991133,0.4994467923022509,2
1565,1zejeOnykpCoyVSit6Bwp3,hope ur ok,olivia rodrigo,0.3508982035928144,0.2855665839536807,0.1473684210526315,0.3903374338439405,0.184614175418231,2
1566,1zmgEIHE0eXH0IhBGuoTkP,run,joji,0.3568862275449103,0.7218775847808105,0.3463157894736841,0.0429504963956115,0.6723196633595125,1
1567,1zsG4eaZmkA1dvjDDsAGLK,chame la culpa,luis fonsi demi lovato,0.6874251497005989,0.902812241521919,0.64,0.0323870360909273,0.2980912822931215,0
1568,1zsPaEkglFvxjAhrM8yhpr,hey mor,ozuna feid,0.8994011976047905,0.586435070306038,0.3863157894736841,0.0030306768822906,0.3100623341132655,1
1569,1zv3WFUbZ5vPxFq9I2jAU1,we found love,rihanna calvin harris,0.6994011976047905,0.7694375516956162,0.5978947368421053,0.0251435204534295,0.4913451713734666,0
1570,1zzxoZVylsna2BQB65Ppcb,x gon give it to ya,dmx,0.7317365269461079,0.9069478908188586,0.6747368421052632,0.013574016310204,0.2920755264542107,0
1571,204U3zjm9kkzX25Pr4Rdld,kelly price feat travis scott,migos travis scott,0.7125748502994013,0.686724565756824,0.4263157894736842,0.5311835712397298,0.4550208888808275,2
1572,205HNJ73cgpC0LAOnuQiWT,bande organise,kofs soso maness elams jul sch naps solda houari 13 organis,0.8994011976047905,0.9483043837882548,0.8136842105263158,0.117699553599234,0.5818052104305347,0
1573,2093eVNfimjmNjU1gk1ES7,unsainted,slipknot,0.3317365269461079,0.9534739454094292,0.2273684210526315,0.0001906151260884,0.328659786334863,1
1574,209gZgcfLq2aUuu51vOWBl,hey dj,cnco yandel,0.7688622754491019,0.8242349048800661,0.4221052631578947,0.0310791791008235,0.2615614362843789,1
1575,20BOju91NaEFK5Py4VJ2pp,best friend feat doja cat,saweetie doja cat,0.8263473053892217,0.7694375516956162,0.3894736842105263,0.0030306768822906,0.2859751268145514,1
1576,20GrahbI4AzAOWxpYfDKkf,i did it feat post malone megan thee stallion lil baby  dababy,dj khaled post malone dababy megan thee stallion lil baby,0.7269461077844313,0.7229114971050455,0.3494736842105262,0.0019642704134368,0.467463527590856,1
1577,20H2Hd5AkUcRjB4yL3UQtJ,down feat gucci mane,fifth harmony gucci mane,0.4550898203592816,0.5068238213399504,0.388421052631579,0.0162903346742656,0.9032884116590792,1
1578,20JtELGPfOAMq7FpUt8eSM,yellow hearts,ant saunders,0.8574850299401199,0.3899917287014061,0.7168421052631578,0.117699553599234,0.4977599622730488,0
1579,20McUFi8KCIVdNDLrkTDuZ,goosebumps,hvme,0.7389221556886229,0.6588089330024814,0.4284210526315789,0.3269566720158353,0.4729653746395081,1
1580,20MuVazoNMv6xjKPnRFOxG,wake up,travis scott,0.7077844311377246,0.6443341604631928,0.48,0.1931528414898354,0.6188187353006971,1
1581,20R4HfKloPKgXDqU7UKk3x,therefore i am,billie eilish,0.873053892215569,0.3548387096774193,0.6642105263157895,0.2283643758387827,0.285963034843016,0
1582,20ZAJdsKB5IGbGj4ilRt2o,dile que tu me quieres,ozuna,0.6838323353293414,0.6877584780810588,0.8347368421052631,0.1003955995763227,0.7811171772501648,0
1583,20ZP3Om9DvDazXrNUC7WM2,these days feat jess glynne macklemore  dan caplen,rudimental jess glynne macklemore dan caplen,0.6035928143712577,0.8025227460711333,0.5705263157894737,0.18912866613567,0.2750258465891571,0
1584,20dP2DaMHIAmwWAbp7peSr,pick up the phone,young thug travis scott,0.6718562874251498,0.7415219189412738,0.4189473684210526,0.1146814220836099,0.5453539622367729,1
1585,20on25jryn53hWghthWWW3,do it to it,acraze cherish,0.84311377245509,0.8107940446650125,0.6368421052631579,0.02101874071541,0.4728505009099209,0
1586,210JJAa9nJOgNa0YNrsT5g,gods,league of legends newjeans,0.5245508982035929,0.7684036393713813,0.4842105263157894,0.006883824783904,0.6001850071644932,1
1587,214nt20w5wOxJnY462klLw,miss americana  the heartbreak prince,taylor swift,0.6131736526946109,0.749793217535153,0.4789473684210525,0.0281616519690536,0.6249735488122661,1
1588,21AJQhGZpujjZQXByZAXpr,repeat it with gunna,lil tecca gunna,0.635928143712575,0.6877584780810588,0.5852631578947368,0.0558278575289408,0.3743855766963525,0
1589,21N4Buj4xsyLb218lYle61,chica ideal,sebastian yatra guaynaa,0.5077844311377245,0.8986765922249793,0.7105263157894737,0.0852043376143483,0.328055187758088,0
1590,21N77gfWYoQDvrLvaeiQgi,baby hello,rauw alejandro bizarrap,0.7461077844311379,0.9007444168734492,0.8526315789473684,0.1649836140106775,0.5036003845246948,0
1591,21UkXrc9kD48rNpTMI2ecz,never left,lil tecca,0.7868263473053894,0.6588089330024814,0.4273684210526315,0.022527806473222,0.2161258532397414,1
1592,21YnmkSDhUkmkkni22Svc4,in my blood,shawn mendes,0.5652694610778444,0.7105045492142267,0.48,0.0585441758930024,0.5640904721310287,1
1593,21aOLk12MksET8AsbU0SI6,loerloer,tomorrow x together,0.591616766467066,0.8738626964433416,0.6894736842105263,0.0009984683284371,0.4732737199136633,0
1594,21afd9hCjpQ6lE5DPbcPHP,blast off,bruno mars anderson paak silk sonic,0.3976047904191617,0.544044665012407,0.3305263157894736,0.0365118158289468,0.1771413370092926,1
1595,21jGcNKet2qwijlDFuPiPb,circles,post malone,0.6526946107784432,0.7653019023986767,0.548421052631579,0.1931528414898354,0.4433158604344645,0
1596,21szgNA72iLwvBxHQLgwBh,die first,nessa barrett,0.3520958083832336,0.6691480562448305,0.4294736842105263,0.0672967572883122,0.8266253121240152,1
1597,221qmpQeBNV87sUjQeUTVH,around me feat don toliver,metro boomin don toliver,0.6502994011976049,0.6701819685690654,0.0547368421052631,0.0963714242221573,0.4424996523558183,1
1598,222B3aljXx6fFwKmFjuBED,woman like me feat nicki minaj,little mix nicki minaj,0.7233532934131738,0.8604218362282878,0.8084210526315789,0.1780621839117151,0.1710046614550269,0
1599,224EVTFiLsdQignUFLvDeH,pa m  remix,dalex rafa pabn khea sech feid cazzu lenny tavrez,0.644311377245509,0.6184863523573201,0.731578947368421,0.7575434349115341,0.7454700451635137,2
1600,228BxWXUYQPJrJYHDLOHkj,gasolina,daddy yankee,0.8407185628742516,0.8014888337468984,0.7463157894736842,0.3239385405002112,0.2980066384923729,0
1601,22An65gG31JLf9n18qjdhZ,bad,xxxtentacion,0.754491017964072,0.4861455748552523,0.36,0.0646810433081047,0.5880628057001553,1
1602,22LAwLoDA5b4AaGSkg6bKW,blueberry faygo,lil mosey,0.747305389221557,0.5502481389578164,0.3336842105263157,0.2082434990679557,0.3163017914255829,1
1603,22Sh5dlwbERqJAq1fZk5b2,de cora 3,rauw alejandro j balvin,0.791616766467066,0.6836228287841192,0.5673684210526315,0.4627725902189178,0.781860833499598,0
1604,22VHOlVYBqytsrAqV8yXBK,dial drunk with post malone,noah kahan post malone,0.6191616766467067,0.6112489660876758,0.6831578947368422,0.1217237289533994,0.3949721582355395,0
1605,22VdIZQfgXJea34mQxlt81,cant feel my face,the weeknd,0.6646706586826348,0.772539288668321,0.58,0.1136753782450686,0.3702017545450698,0
1606,22bPsP2jCgbLUvh82U0Z3M,the way i loved you taylors version,taylor swift,0.3017964071856288,0.7342845326716294,0.4631578947368421,0.0033123691570822,0.6911408170545168,1
1607,22dUzMFttcR3uU17NcOAIv,desire with sam smith,calvin harris sam smith,0.5233532934131737,0.9327956989247312,0.5021052631578947,0.0312803878685318,0.5640360582591188,1
1608,22eADXu8DfOAUEDw4vU8qy,ahora dice,chris jedi j balvin ozuna arcngel,0.6682634730538923,0.6939619520264682,0.4157894736842105,0.2474792087710684,0.5879539779563359,1
1609,22fRl49GSpRdu3J2EPj1i6,benz truck ,lil peep,0.5413173652694612,0.7653019023986767,0.0842105263157894,0.0500934076492551,0.2738952472505879,1
1610,22oEJW6r2rMb9z4IntfyEa,hey look ma i made it,panic at the disco,0.5113772455089821,0.8387096774193549,0.5768421052631578,0.0137752250779123,0.370123156730089,0
1611,22ppznuzVF9LKamaaqMMqu,fuego,eleni foureira,0.525748502994012,0.761166253101737,0.5863157894736841,0.0651840652273754,0.3284119009183853,0
1612,22ryCgQttpV7oCrn7llGRu,magic shop,bts,0.4682634730538924,0.6608767576509512,0.2663157894736842,0.103614939859655,0.6239940991178905,1
1613,22sAwsBH0NoNJXnrBenQuO,sem aliana no dedo,mc xenon os gemeos da putaria,0.4574850299401198,0.3444995864350703,0.3863157894736841,0.7364165143021657,0.2176252577101433,2
1614,22skzmqfdWrjJylampe0kt,cant hold us feat ray dalton,macklemore  ryan lewis macklemore ryan lewis ray dalton,0.5784431137724552,0.935897435897436,0.8926315789473684,0.0268537949789498,0.6008440196131779,0
1615,22vgEDb5hykfaTwLuskFGD,sucker,jonas brothers,0.8287425149700599,0.7363523573200993,0.9684210526315788,0.0429504963956115,0.5516357414494646,0
1616,2374M0fQpWi3dLnB54qaLX,africa,toto,0.6239520958083834,0.3631100082712986,0.7368421052631579,0.2585456909950233,0.2781153453164771,0
1617,239yM7BAQ2CkNc61ogPGXo,shot in the dark,john mayer,0.7077844311377246,0.5523159636062863,0.5842105263157894,0.0632725819341468,0.4552022684538601,0
1618,23Lyy7ZXRvzfgH4JtDkKrX,no se va  en vivo,grupo frontera,0.5317365269461078,0.522332506203474,0.6947368421052631,0.1217237289533994,0.7617579308218307,0
1619,23OXdR7YuUBVWh5hSnYJau,chlorine,twenty one pilots,0.5497005988023953,0.6743176178660051,0.2978947368421052,0.0739366466226851,0.2617367698716437,1
1620,23OYT3SFtoJqhiAUqktbc1,no return with the kid laroi  lil durk,polo g the kid laroi lil durk,0.3940119760479043,0.6443341604631928,0.3673684210526315,0.1358083426929783,0.6550160520922133,1
1621,23RoR84KodL5HWvUTneQ1w,it goes like nanana  edit,peggy gou,0.6239520958083834,0.8831679073614558,0.9810526315789474,0.120717685114858,0.5035096947381785,0
1622,23XjN1s3DZC8Q9ZwuorYY4,te deseo lo mejor,bad bunny,0.7341317365269462,0.5947063688999172,0.1705263157894737,0.1589473509794294,0.4796643268701745,1
1623,23Z3bbYcl1PdcPJemLa4zc,flights booked,drake,0.5305389221556887,0.40136476426799,0.1778947368421052,0.891347265437534,0.4586847562560838,2
1624,23d8v6tU6lR77pFKsApMtF,nadie sabe,bad bunny,0.4538922155688624,0.7125723738626965,0.5789473684210525,0.5754495001355493,0.7472052430788578,2
1625,23luOrEVHMfoX0AhfbQuS6,fear,kendrick lamar,0.5245508982035929,0.4727047146401985,0.423157894736842,0.6076429029688726,0.6269445401725524,2
1626,249gnXrbfmV8NG6jTEMSwD,life goes on,bts,0.4982035928143713,0.717741935483871,0.4399999999999999,0.0069441874142165,0.2076796111221954,1
1627,24FR8mXTaiGZPrxnkf1kcP,hit my line,logic,0.5628742514970061,0.7901157981803144,0.6810526315789474,0.1438566934013091,0.7094299240019588,0
1628,24FUBxaAYSBlWsbSnEzDcn,members only feat partynextdoor,drake partynextdoor,0.5952095808383234,0.3289909015715467,0.151578947368421,0.2464731649325271,0.2737622355636974,1
1629,24MGEzm6xAO1nFgVVp37YI,the night we met,lord huron,0.4718562874251498,0.357940446650124,0.0736842105263157,0.9748489040364662,0.2434839388388079,2
1630,24NuEDgyRIljwSyY0lsr7b,black swan,bts,0.6814371257485031,0.761166253101737,0.4821052631578947,0.137820430370061,0.6064426024341139,1
1631,24OeEKPQ8qqNZnPevRHxUT,red eye feat troyboi,justin bieber troyboi,0.7964071856287426,0.8211331679073615,0.7810526315789473,0.0503952208008175,0.2981577881365667,0
1632,24bnCCysWnbNRNUT4LpHcP,everything we need,kanye west ty dolla ign ant clemons,0.8910179640718564,0.4075682382133994,0.4536842105263158,0.3138781021147977,0.4246821322982605,1
1633,24snQ8Ew7aIKYCt0ulXHvx,pineapple,karol g,0.7568862275449103,0.6712158808933003,0.668421052631579,0.0510994514877964,0.2917974111088942,0
1634,24ySl2hOPGCDcxBxFIqWBu,rain on me with ariana grande,lady gaga ariana grande,0.6251497005988026,0.8614557485525227,0.6463157894736842,0.0211193450992641,0.4615384615384615,0
1635,2500EpUpryOBJX0rO8fDuB,a tu manera,junior h peso pluma,0.7149700598802397,0.5740281224152192,0.4936842105263158,0.6730357524740606,0.3039800724309094,2
1636,25141FAgU1OmwoC9W2i5E3,rol,tarcsio do acordeon marcynho sensao,0.635928143712575,0.7787427626137304,0.9768421052631576,0.3018055760523014,0.6853064407886384,0
1637,25B5fGr9K0VdZJiRFsnMO4,celebration station,lil uzi vert,0.7161676646706588,0.7746071133167908,0.8,0.1016028521825723,0.5765935706987346,0
1638,25C5CowdsfXld2jJanbiex,sorry not sorry,demi lovato,0.6598802395209581,0.6370967741935484,0.88,0.0253447292211378,0.588673450262698,0
1639,25GyyK9CyZRiDCsPY51fIT,not in the mood feat fivio foreign  kay flock,lil tjay fivio foreign kay flock,0.473053892215569,0.825268817204301,0.3421052631578947,0.0956671935351784,0.5755173852320752,1
1640,25Jf61edvM78rQHYaWRiIL,gatita,bellakath,0.8922155688622756,0.8149296939619521,0.7684210526315789,0.1519050441096399,0.3281821534592107,0
1641,25OeKzcqakFPaJlXHPE5lm,primera cita,carin leon,0.4610778443113773,0.3858560794044665,0.48,0.6006005960990831,0.6715699611243116,2
1642,25ZAibhr3bdlMCLmubZDVt,que pretendes,j balvin bad bunny,0.5856287425149702,0.7952853598014888,0.9547368421052632,0.0276586300497829,0.2774200569531859,0
1643,25khomWgBVamSdKw7hzm3l,the hills,the weeknd,0.2467065868263473,0.5636889991728701,0.0810526315789473,0.0866127989883062,0.5370951456780271,1
1644,25leEEaz1gIpp7o21Fqyjo,here comes santa claus right down santa claus lane  1947 version,gene autry,0.8191616766467067,0.3610421836228287,0.9936842105263156,0.8038214514844364,0.3017551496683776,2
1645,25oOaleife6E2MIKmFkPvg,relationship feat future,young thug future,0.8287425149700599,0.5947063688999172,0.2799999999999999,0.0025276549630199,0.600209191107564,1
1646,25qk9xa71F1POdI4vj7rbi,black hearted,polo g,0.4263473053892216,0.5595533498759305,0.1273684210526315,0.0327894536263438,0.7341519598062867,1
1647,25r6MZ4Gtd76l43qnZI1DG,flocky flocky feat travis scott,don toliver travis scott,0.7784431137724552,0.5368072787427627,0.1705263157894737,0.0253447292211378,0.5397372414585337,1
1648,25sgk305KZfyuqVBQIahim,sweet but psycho,ava max,0.6814371257485031,0.7053349875930521,0.6273684210526316,0.0695100537331032,0.5216718359844981,0
1649,25uBGaikHi0DhMiGMfuXYE,painting pictures,polo g,0.4455089820359282,0.4592638544251447,0.4494736842105263,0.3329929350470834,0.1917303006668722,2
1650,25zlnOAzbVoOzIeXSvQFf1,got it on me,pop smoke,0.644311377245509,0.6464019851116626,0.171578947368421,0.0081916817740078,0.254632736594538,1
1651,260R90ctQ1SiPax90PuEsT,hobby hobby,mero,0.702994011976048,0.7528949545078578,0.8684210526315789,0.3812830392970683,0.2130424004981891,0
1652,267NGliXM8YLVZiKAD9Otm,de museo,bad bunny,0.5293413173652696,0.488213399503722,0.2094736842105263,0.2384248142241962,0.5158374597186199,1
1653,26AuyrZGzWWiYZPSd3XBIg,bloodstream,the chainsmokers,0.5628742514970061,0.6257237386269645,0.1389473684210526,0.0318840141716566,0.2674562724079347,1
1654,26Fqtv4Aa7kyd1WWGHai6A,privilege,the weeknd,0.288622754491018,0.5926385442514475,0.3652631578947368,0.9185104490781504,0.2845361822018271,2
1655,26G5nmIx7Yvq79bIIluyZV,once a day,mac miller,0.7329341317365271,0.0332919768403639,0.3231578947368421,0.9527159395885564,0.303024806679605,2
1656,26LC5kDFE0vWJzVyaENajX,holy smokes feat lil uzi vert,trippie redd lil uzi vert,0.325748502994012,0.4851116625310173,0.671578947368421,0.1961709730054595,0.8320848372722931,0
1657,26QApq0cuO9brJigr0C0W4,haciendo que me amas,bad bunny,0.5197604790419162,0.4023986765922249,0.3999999999999999,0.874244520182331,0.7449621823590227,2
1658,26QLJMK8G0M06sk7h7Fkse,love is embarrassing,olivia rodrigo,0.44311377245509,0.836641852770885,0.6789473684210526,0.0026181989084887,0.6851129692440703,0
1659,26Qhn2T88XqVinXQpmSarj,atrvete,nicky jam sech,0.4814371257485031,0.67535153019024,0.5831578947368421,0.3128720582762563,0.8287051312281211,0
1660,26b3oVLrRUaaybJulow9kz,people,libianca,0.5065868263473055,0.4137717121588088,0.6957894736842105,0.554322579526181,0.4694042890223036,2
1661,26cvTWJq2E1QqN4jyH2OTU,tak segampang itu,anggi marito,0.4263473053892216,0.4303143093465674,0.1536842105263157,0.7635796979427822,0.500728541285014,2
1662,26hOm7dTtBi0TdpDGl141t,die for you,joji,0.3856287425149701,0.5130272952853598,0.1284210526315789,0.3853072146512337,0.6111705633044939,2
1663,26hcyzSE154xMZCbFdtInA,taped up heart feat clara mae,kream clara mae,0.6287425149700601,0.946236559139785,0.5631578947368421,0.1529110879481813,0.3460903633032847,0
1664,26w9NTiE9NGjW1ZvIOd1So,booker t,bad bunny,0.8778443113772457,0.597808105872622,0.6936842105263157,0.1146814220836099,0.4061995538062503,0
1665,26wLOs3ZuHJa2Ihhx6QIE6,teeth,5 seconds of summer,0.7257485029940121,0.4406534325889164,0.4199999999999999,0.0510994514877964,0.5581230841782598,1
1666,272vIYVYzfAgHUQRUYWmhP,para siempre,daddy yankee sech,0.7712574850299403,0.8335401157981803,0.3536842105263157,0.1004962039601768,0.2617730457862502,1
1667,27356GVuMPFWiJSZCragoM,make up,ariana grande,0.6239520958083834,0.7156741108354011,0.4684210526315789,0.0849025244627859,0.3532004425661582,1
1668,273QnyCvJB65rScHJ1nPZb,make you feel my love,adele,0.2,0.1552936311000827,0.0676842105263157,0.9124741860469024,0.1116209892441913,2
1669,2771LMNxwf62FTAdpJMQfM,bodak yellow,cardi b,0.9329341317365272,0.7249793217535153,0.4484210526315789,0.0675985704398746,0.473424869557857,0
1670,278kSqsZIiYp8p3QjYAqa8,ni bien ni mal,bad bunny,0.8095808383233534,0.4416873449131513,0.3210526315789473,0.5593527987188878,0.491599102775712,2
1671,27GmP9AWRs744SzKcpJsTZ,jumpman,drake future,0.8407185628742516,0.5492142266335815,0.6568421052631579,0.0562302750643573,0.5765512487983604,0
1672,27NovPIUIRrOZoCHxABJwK,industry baby feat jack harlow,lil nas x jack harlow,0.7017964071856289,0.7053349875930521,0.9073684210526316,0.0204151144122852,0.6244112721358654,0
1673,27OeeYzk6klgBh83TSvGMA,without you,the kid laroi,0.6131736526946109,0.4044665012406947,0.4578947368421052,0.2142797620992038,0.2798505432318212,1
1674,27P4XoNXXEV4lTc3sB61RK,up to something feat travis scott  young thug,metro boomin travis scott young thug,0.7772455089820361,0.6143507030603805,0.668421052631579,0.3209204089845872,0.4068706582264704,0
1675,27RSJHEA99Y0Vsow7nA37A,911 remix,sech jhayco,0.7976047904191618,0.7115384615384616,0.791578947368421,0.1659896578492189,0.2799412330183374,0
1676,27RYrbL6S02LNVhDWVl38b,happy xmas war is over  remastered 2010,john lennon yoko ono,0.2047904191616767,0.6391645988420183,0.4021052631578947,0.2816846992814745,0.601297468545759,1
1677,27SdWb2rFzO6GWiYDBTD9j,cheap thrills,sia,0.5724550898203594,0.6991315136476427,0.7368421052631579,0.0474776936690476,0.2615372523413079,0
1678,27UcQ6dAvQrgH9C880rCM3,love you different feat beam,justin bieber beam,0.7293413173652696,0.5812655086848635,0.36,0.0655864827627919,0.486218175442415,1
1679,27X3qzgB0Show6qfw5wNOK,esquema preferido,dj ivis tarcsio do acordeon,0.621556886227545,0.8169975186104219,0.9315789473684212,0.257539647156482,0.6845023246815276,0
1680,27ZZdyTSQWI7Cug2d2PkqV,billie eilish,armani white,0.8982035928143713,0.5037220843672457,0.771578947368421,0.1156874659221513,0.3221845355776032,0
1681,27a1mYSG5tYg7dmEjWBcmL,cant say,travis scott,0.6610778443113773,0.7094706368899917,0.7168421052631578,0.2022072360367076,0.6122286108138502,0
1682,27oFpFktCq9JIXjJQRuv7a,gotti,6ix9ine,0.6922155688622755,0.5812655086848635,0.3505263157894737,0.0527091216294626,0.6963887327009233,1
1683,27oVCAziETRbNuo5A8LNpg,solo dolo pt iii,kid cudi,0.525748502994012,0.729114971050455,0.5136842105263159,0.2404369019012789,0.6368841407747325,1
1684,27qAMKrDdKEs8HDXcvR24R,driving home for christmas  2019 remaster,chris rea,0.4347305389221557,0.5802315963606286,0.8778947368421053,0.3571379871720758,0.8069274904926873,0
1685,27qRmG3zOWPvMYUkpPdQ1g,ganga  remix,bryant myers anuel aa,0.8526946107784433,0.5688585607940446,0.3894736842105263,0.3772588639429029,0.2620027932454247,1
1686,27rdGxbavYJeBphck5MZAF,nothing breaks like a heart feat miley cyrus,mark ronson miley cyrus,0.540119760479042,0.7983870967741936,0.223157894736842,0.0099220771762989,0.4071850494863935,1
1687,27u7t9d7ZQoyjsCROHuZJ3,tick tock feat 24kgoldn,clean bandit mabel 24kgoldn,0.7532934131736528,0.706368899917287,0.9621052631578948,0.3712226009116548,0.328321211131869,0
1688,27ycaQnQAxaPiyeg3nr2aB,midnight sky,miley cyrus,0.6646706586826348,0.8190653432588916,0.2389473684210526,0.0011493749042183,0.382602071354724,1
1689,28BSTgZH1ckI8Xfy8LXaRz,yankee 150,yandel feid daddy yankee,0.6826347305389222,0.826302729528536,0.6273684210526316,0.0958684023028866,0.7332571539126598,0
1690,28FGV3ORH14MYORd7s5dlU,not alike feat royce da 59,eminem royce da 59,0.902994011976048,0.7590984284532672,0.3263157894736842,0.0696106581169573,0.5640118743160478,1
1691,28GCbKgjlVD9eDmasGbe0T,me fui de vacaciones,bad bunny,0.6754491017964073,0.6443341604631928,0.423157894736842,0.2303764635158655,0.2317305425063029,1
1692,28aEiMfveru430xmXhDCy3,fuck it i love you,lana del rey,0.444311377245509,0.445822994210091,0.1768421052631578,0.9074439668541956,0.5029171881329391,2
1693,28fRkU3vhqAJdl9i9458pQ,marylean feat marracash  prod low kidd,machete salmo nitro marracash,0.6850299401197606,0.6453680727874277,0.6621052631578948,0.0780614263607047,0.5455716177244119,0
1694,28irpKCCK9nn9DZSik2zEx,glow,drake kanye west,0.644311377245509,0.3744830438378825,0.4210526315789473,0.2012011921981662,0.6975858378829378,1
1695,28n8z9IQKyjMPxmvYMBqZa,the kind of love we make,luke combs,0.5485029940119761,0.7477253928866833,0.4547368421052631,0.0227290152409303,0.3343853348569217,1
1696,28xX6K8LnkZve4RiuEB3iK,sweet melody,little mix,0.3568862275449103,0.8294044665012407,0.4073684210526315,0.0743390641581017,0.4428503195303478,1
1697,295SxdR1DqunCNwd0U767w,blanka,pnl,0.776047904191617,0.5605872622001654,0.3810526315789473,0.2313825073544068,0.3705342837622961,1
1698,296nXCOv97WJNRWzIBQnoj,fearless,le sserafim,0.8538922155688623,0.6184863523573201,0.4210526315789473,0.0510994514877964,0.3461508231609623,1
1699,299lFlaAsNQdgbIZNPmIA0,christmas time is here,vince guaraldi trio,0.2850299401197605,0.1273779983457403,0.0622105263157894,0.9839032985833384,0.1738583667374046,2
1700,29TPjc8wxfz4XMn21O7VsZ,sky,playboi carti,0.7604790419161678,0.9110835401157984,0.5610526315789474,0.2595517348335647,0.5638607246718541,0
1701,29YW2xXlo6Pc6M0SBTCXYN,more ms,drake 21 savage,0.6634730538922157,0.4985525227460711,0.0413684210526315,0.0407371999508205,0.2165611642150194,1
1702,29ZXwWOOLz9t5fa3eT3i7T,223s feat 9lokknine,ynw melly 9lokknine,0.9365269461077846,0.5430107526881721,0.6978947368421052,0.0390269254253002,0.2919001928669459,0
1703,29fRTIKsJhLUJoldM89GZS,you need to calm down,taylor swift,0.740119760479042,0.6784532671629446,0.7094736842105263,0.0084230718568723,0.2316035768051802,0
1704,29m79w9xPMH4YCD6r8JSmV,excuses,ap dhillon gurinder gill intense,0.8227544910179642,0.7187758478081059,0.4863157894736842,0.0847013156950776,0.2918155490661975,0
1705,29tc0GbW0pTSBZSCZF3NWk,lean wit me,juice wrld,0.6167664670658685,0.6505376344086022,0.2157894736842105,0.0416426394055077,0.7086923137382934,1
1706,2A0G0bPmlkUXUbvWqrAXzg,not finished,lil baby,0.7604790419161678,0.5192307692307693,0.0563157894736842,0.0123667637039544,0.5761159378230825,1
1707,2AAyBZmMVZSZfgzXRYJOWQ,emo girl feat willow,mgk willow,0.311377245508982,0.8883374689826303,0.3421052631578947,0.0004008782883435,0.7151675644955533,1
1708,2AHJLtc81zIfj9EKcVEzmJ,la haine,luciano,0.8275449101796407,0.6546732837055418,0.5757894736842105,0.2404369019012789,0.334089081554302,0
1709,2AHnmlkyZbnxqSA66B7jK3,dont shut me down,abba,0.6814371257485031,0.6019437551695617,0.5610526315789474,0.1056270275367377,0.3220998917768546,0
1710,2AIWoHr9DF6y4KALCBKWQS,idol,bts,0.6994011976047905,0.8614557485525227,0.4105263157894736,0.0048314953532796,0.4795494531405873,1
1711,2ANLarE8yHVsLWW21nj79M,you was right,lil uzi vert,0.8299401197604791,0.3486352357320099,0.1305263157894736,0.0694094493492491,0.2132358720427571,1
1712,2Ab1wPTEqulaCGoBak1gUo,ao vivo e a cores,matheus  kauan anitta,0.6203592814371259,0.521298593879239,0.4084210526315789,0.0131715987747875,0.5339451870930296,1
1713,2AceGjiX9isUbXmMZa0Dl1,floating through space,sia david guetta,0.5089820359281437,0.8500827129859387,0.2578947368421053,0.0017228198921869,0.35185218773995,1
1714,2Ae5awwKvQpTBKQHr1TYCg,dynamite feat pretty sister,nause pretty sister,0.791616766467066,0.8056244830438379,0.6957894736842105,0.0551236268419618,0.3527046717332028,0
1715,2AfWCBwGGCsZtvVnGF3QYE,intro,j cole,0.4335329341317366,0.2669561621174524,0.54,0.8158939775469326,0.3913445667748897,2
1716,2AlYncTpVHKwHb55F9lF6O,deep end freestyle,sleepy hallow foushe,0.8598802395209583,0.4727047146401985,0.7831578947368422,0.7072412429844664,0.527270418805434,2
1717,2AuWgceaQyfMoI3EGavwGb,no me ame,rvssian anuel aa juice wrld,0.6347305389221558,0.7694375516956162,0.2610526315789474,0.0413408262539453,0.6854757283901354,1
1718,2AwyHlbA6f641SEkizD5JG,dope niggaz feat snoop dogg,lil wayne snoop dogg,0.7209580838323354,0.7105045492142267,0.6442105263157895,0.040334782415404,0.231295231531025,0
1719,2Az5ykbQiZtFWtACCMvWlP,rich  interlude,kendrick lamar,0.3964071856287425,0.3972291149710504,0.7463157894736842,0.8692143009896243,0.2712894273846879,2
1720,2B1fuWoWaYnCXbjYp1gXg5,boomerang,imagine dragons,0.3341317365269461,0.555417700578991,0.331578947368421,0.1398325180471437,0.3225835706382746,1
1721,2B4GHvToeLTOBB4QLzW3Ni,pepas,farruko,0.7329341317365271,0.7694375516956162,0.431578947368421,0.0077993246769766,0.503527832695482,1
1722,2B94bbI1a4LyBpK1439oP7,cuerpo en venta,noriel myke towers rauw alejandro almighty,0.6538922155688623,0.5988420181968569,0.3957894736842104,0.1619654824950535,0.273314832616884,1
1723,2B9wgj9XzbJZLty03PRbVo,bezerk feat aap ferg,big sean hitboy aap ferg,0.6395209580838325,0.6877584780810588,0.2452631578947368,0.0164915434419739,0.8301622137981488,1
1724,2BEcap3xJtmiPaHKyfQi4e,nostlgico,rvssian rauw alejandro chris brown,0.6994011976047905,0.8521505376344086,0.6021052631578947,0.1669957016877603,0.3102074377716914,0
1725,2BITQ360Knh6qNAOqR7Dyq,miss the rage,trippie redd playboi carti,0.5197604790419162,0.8655913978494624,0.3547368421052631,0.0144794557648912,0.1831147709478291,1
1726,2BJSMvOGABRxokHKB0OI8i,shoota feat lil uzi vert,playboi carti lil uzi vert,0.6263473053892217,0.6484698097601324,0.4610526315789472,0.18912866613567,0.6430329083005337,1
1727,2BJWxD8xKrDv8vneTvTIm9,beat the odds,lil tjay,0.4167664670658684,0.6236559139784946,0.4694736842105262,0.0543187917711288,0.2303701957085592,1
1728,2BLdelIp46CHvKkyWeqZHL,ere,juan karlos,0.3952095808383233,0.5678246484698097,0.2368421052631578,0.5291714835626472,0.6005659042678613,2
1729,2BM7nF0pMIpLQOT04o691Z,hurts 2b human feat khalid,pnk khalid,0.3748502994011977,0.6184863523573201,0.1326315789473684,0.1317841673388129,0.2195478811842877,1
1730,2BNkTvg1kHAAfGvqh56x5a,getting over you,lauv,0.5437125748502994,0.5016542597187759,0.0863157894736842,0.274642392411685,0.273677591762949,1
1731,2BSbCCbaSCzkOEZa6N5901,flaws and sins,juice wrld,0.6694610778443114,0.6619106699751862,0.4284210526315789,0.0097108079702052,0.6247196174100205,1
1732,2BVVmJQZv4fOPWavI9mkIj,broken arrows,avicii,0.5796407185628744,0.6743176178660051,0.2799999999999999,0.0489867594268596,0.4188477560323823,1
1733,2BcMwX1MPV6ZHP4tUT9uq6,knife talk with 21 savage ft project pat,drake 21 savage project pat,0.837125748502994,0.4158395368072787,0.1273684210526315,0.0638762082372716,0.5995743626019505,1
1734,2BcnxwxBuar5wjCaLqm5N3,until i bleed out,the weeknd,0.1137724550898204,0.3848221670802316,0.1221052631578947,0.4255489681928878,0.4142407148773572,2
1735,2BgEsaKNfHUdlh97KmvFyo,2002,annemarie,0.6550898203592815,0.6836228287841192,0.6010526315789474,0.037417255283634,0.2987623867133416,0
1736,2BkyYZmU4JuWW2sYi9EzpC,7 minutes,dean lewis,0.554491017964072,0.7415219189412738,0.7157894736842105,0.5291714835626472,0.3521665789998729,0
1737,2BrzlUj1u1CtvaJDGIKpsP,make me cry,noah cyrus labrinth,0.5245508982035929,0.4644334160463192,0.1863157894736841,0.5955703769063764,0.6418599870615904,2
1738,2ByBBvpR9b7IynvRmnG7kG,clean taylors version,taylor swift,0.7437125748502995,0.3765508684863523,0.2178947368421052,0.277660523927309,0.3460843173175169,1
1739,2C0KFbb4v9CNWR5c9jWcKC,andromeda feat dram,gorillaz dram,0.7640718562874254,0.4654673283705541,0.2368421052631578,0.0030105560055198,0.5040296495142051,1
1740,2C0hTkdEoikhKzDCJl32QZ,crowded room feat 6lack,selena gomez 6lack,0.6874251497005989,0.4065343258891645,0.311578947368421,0.768609917135489,0.2616763100139661,2
1741,2C6WXnmZ66tHhHlnvwePiK,die for me feat future  halsey,post malone halsey future,0.5556886227544912,0.6598428453267163,0.4421052631578948,0.1911407538127527,0.594272033083634,1
1742,2CIYemjFXdmCWpJnfbtrD6,new normal,khalid,0.2874251497005988,0.5295698924731184,0.223157894736842,0.0811801622601829,0.2740584888663172,1
1743,2CPqh63wRVscbceKcPxwvv,the ocean feat shy martin,mike perry shy martin,0.5772455089820361,0.5719602977667494,0.1642105263157894,0.0226284108570762,0.2619060574731407,1
1744,2CRbiMK0W14l71SpDKqKZM,loca  remix,khea bad bunny duki cazzu,0.7724550898203595,0.7539288668320927,0.531578947368421,0.3390291980783315,0.4009395461883082,0
1745,2CSRrnOEELmhpq8iaAi9cd,blind,sza,0.3724550898203593,0.2659222497932175,0.5968421052631578,0.9164983614010678,0.4081463612234656,2
1746,2CTN6UuO2dNEVZXR0DJVk2,only want you,rita ora,0.6035928143712577,0.5233664185277089,0.3621052631578947,0.0602544504185227,0.2133991136584864,1
1747,2CVChktEKBsM6v4IfdFU5k,double take,dhruv,0.6035928143712577,0.4261786600496278,0.2010526315789473,0.8420511173490077,0.3769732586049493,2
1748,2CWnuF7ht55Ajyeg4WPvWu,ddudu ddudu,blackpink,0.6167664670658685,0.8666253101736973,0.3578947368421052,0.0323870360909273,0.5638184027714799,1
1749,2CYVETnhM9aytqrazYYwrK,mr perfectly fine taylors version from the vault,taylor swift,0.6107784431137726,0.8221670802315963,0.7178947368421053,0.1629715263335948,0.5394470341416817,0
1750,2CdTLdDjwZdVcm0bresVWx,otra noche sin ti,j balvin khalid,0.4227544910179641,0.544044665012407,0.4305263157894736,0.0755463167643513,0.2860839545583709,1
1751,2Ce5IyMlVRVvN997ZJjJJA,selfish feat rihanna,future rihanna,0.3173652694610779,0.3589743589743589,0.0624210526315789,0.0304755527976987,0.2964225902212226,1
1752,2CeKVsFFXG4QzA415QygGb,feliz cumpleaos ferxxo,feid,0.8562874251497007,0.5698924731182795,0.5589473684210525,0.0868140077560145,0.2919062388527136,0
1753,2CoMYp2uIKsT09nreEZnZn,bendiciones,bad bunny,0.8119760479041916,0.5781637717121588,0.8536842105263157,0.0380208815867589,0.5881353575293684,0
1754,2CvOqDpQIMw69cCzWqr5yr,halo,beyonc,0.325748502994012,0.7136062861869313,0.4621052631578947,0.274642392411685,0.1918754043252981,1
1755,2D0dj3hVkRQJCp63cxCPEx,stunnin feat harm franklin explicit,curtis waters harm franklin,0.8802395209580839,0.685690653432589,0.9526315789473684,0.3319868912085421,0.3218640983319125,0
1756,2D1MK9oaxy7axXggy3iVbp,rich sex feat lil wayne,nicki minaj lil wayne,0.873053892215569,0.6339950372208437,0.5642105263157894,0.0520048909424837,0.6061221651884232,0
1757,2D2w9943rsnJOGCrI4aMQp,my choppa hate niggas,21 savage metro boomin,0.8526946107784433,0.260752688172043,0.1284210526315789,0.0979810943638235,0.1860591660167231,1
1758,2D3z17LBMJ2HEHeBFFjTLi,reggaeton,j balvin,0.7149700598802397,0.7425558312655087,0.5473684210526316,0.0165921478258281,0.7819938451864885,0
1759,2D4dV2KXDTszzJ3p3cFqhA,less than zero,the weeknd,0.4610778443113773,0.7952853598014888,0.4926315789473684,0.0009582265748954,0.5820047279608704,1
1760,2DEZmgHKAvm41k4J3R2E9Y,safaera,bad bunny jowell  randy engo flow,0.5473053892215569,0.8345740281224152,0.6873684210526316,0.0103546760268717,0.2989981801582839,0
1761,2DGa7iaidT5s0qnINlwMjJ,the spectre,alan walker,0.6035928143712577,0.7125723738626965,0.1747368421052631,0.0215217626346807,0.4911698377862017,1
1762,2DQ1ITjI0YoLFzuADN1ZBW,no limit,geazy aap rocky cardi b,0.8239520958083834,0.7746071133167908,0.3926315789473684,0.0117631374008296,0.781377154638178,1
1763,2DTpP3caqX3QdJIEoS83mD,your heart,joyner lucas j cole,0.8514970059880241,0.6360628618693135,0.76,0.3943616091981059,0.2435806746110919,0
1764,2DgdHcjWmO3qd50RzuBLgZ,house of memories,panic at the disco,0.4263473053892216,0.8221670802315963,0.4989473684210526,0.0027288637307282,0.382311864037872,1
1765,2DhNdoHxavs7Qtf5MnhZD0,en casita,bad bunny gabriela,0.7532934131736528,0.7673697270471465,0.6768421052631579,0.2223281128075346,0.6733716648831007,0
1766,2DlIwu1iDTILEMXA7MUotn,beautiful trauma,pnk,0.3137724550898203,0.6174524400330852,0.2126315789473684,0.0873170296752851,0.2976136494174692,1
1767,2DnH4XlEkghUdE8ymdVom5,open letter,lil wayne,0.7365269461077846,0.5461124896608769,0.3463157894736841,0.028463465120616,0.3040284403170515,1
1768,2DuPBbS5mIldXnh7Wum8Cy,my little love,adele,0.2263473053892216,0.4861455748552523,0.0736842105263157,0.8340027666406769,0.635717265521557,2
1769,2E124GmJRnBJuXbTb4cPUB,fefe feat nicki minaj  murda beatz,6ix9ine nicki minaj murda beatz,0.9353293413173654,0.3775847808105873,0.3621052631578947,0.0885242822815347,0.4792048319518255,1
1770,2E82gORVSA7UMEz5M1IP3b,punto g,karol g,0.7676646706586828,0.7487593052109182,0.9189473684210526,0.0094291156954136,0.7211409984340897,0
1771,2EBnvom1dTybtm75a3Xh1T,feel like shit,tate mcrae,0.42874251497006,0.3682795698924731,0.1357894736842105,0.5191110451772336,0.5939818257667822,2
1772,2EEeOnHehOozLq4aS0n6SL,ispy feat lil yachty,kyle lil yachty,0.7137724550898205,0.652605459057072,0.6736842105263158,0.380276995458527,0.1710893052557754,0
1773,2EEmzqzM70CybVspgM7YRT,la boca  remix,mau y ricky camilo lunay,0.6479041916167665,0.7766749379652605,0.8610526315789473,0.2374187703856549,0.2797719454168405,0
1774,2EFZ9emtKWEglWUQGEQ3P9,never grow up taylors version,taylor swift,0.6407185628742517,0.3114143920595533,0.5652631578947368,0.8561357310885866,0.473642525045496,2
1775,2ENexcMEMsYk0rVJigVD3i,only girl in the world,rihanna,0.7652694610778444,0.7074028122415219,0.6378947368421053,0.1126693344065272,0.4787997509053863,0
1776,2Ec33AVlkTTq8BHFgBTdQs,futsal shuffle 2020,lil uzi vert,0.8754491017964073,0.4499586435070306,0.2778947368421052,0.032890058010198,0.5456623075109281,1
1777,2Eeur20xVqfUoM3Q7EFPFt,the last great american dynasty,taylor swift,0.6419161676646709,0.6619106699751862,0.7094736842105263,0.4698148970887074,0.6118779436393207,0
1778,2EhJijFUs0WUmNClDBpYJq,make it back,juice wrld,0.7185628742514971,0.3775847808105873,0.7442105263157894,0.1227297727919407,0.5822344754200448,0
1779,2EzRdhuoPyNJDlep7lnNf2,dembow,danny ocean,0.7808383233532936,0.7466914805624483,0.4399999999999999,0.0811801622601829,0.3220394319191772,1
1780,2FBUoWkIuQXwayw2RNo5l6,hotline bling,drake,0.9017964071856288,0.6184863523573201,0.5336842105263159,0.0034833966096342,0.5335098761177517,0
1781,2FDTHlrBguDzQkp7PVj16Q,sprinter,dave central cee,0.917365269461078,0.5802315963606286,0.6621052631578948,0.1871165784585873,0.5706019988028947,0
1782,2FPfeYlrbSBR8PwCU0zaqq,have yourself a merry little christmas  remastered 1999,frank sinatra,0.1341317365269461,0.119106699751861,0.2694736842105263,0.9185104490781504,0.2748807429307311,2
1783,2FRnf9qhLbvw8fu4IBXx78,last christmas,wham,0.7005988023952097,0.4716708023159636,0.963157894736842,0.1901347099742114,0.3685874763450806,0
1784,2FSGUA0gFgGeQdprjtGM2M,el makinon,karol g mariah angeliq,0.5808383233532936,0.7074028122415219,0.4326315789473683,0.257539647156482,0.2548080701818028,1
1785,2FUNBaa5DwItJtYEBgAblU,monster,21 savage,0.8862275449101799,0.6050454921422663,0.2021052631578947,0.1589473509794294,0.5278387414676025,1
1786,2FVpOsjT1iquZ3SpCjZ9Ne,telepathy,bts,0.7628742514970062,0.6691480562448305,0.5663157894736841,0.0078596873072891,0.35233586660137,0
1787,2FXd6kKCtBIc6UfN1gH1pA,fancy,twice,0.6550898203592815,0.881100082712986,0.7821052631578947,0.0122661593201002,0.5157467699321034,0
1788,2FY7b99s15jUprqC0M5NCT,natural,imagine dragons,0.6634730538922157,0.609181141439206,0.1978947368421052,0.2183039374533692,0.322142213677229,1
1789,2FYGZDfsAnNsrm1gVbyKnG,saoko,rosala,0.8107784431137726,0.7715053763440861,0.7389473684210526,0.7947670569375642,0.3220696618480159,2
1790,2FhEj9lvEIaJihjFprRrGt,snitching feat quavo  future,pop smoke quavo future,0.9508982035928144,0.5760959470636889,0.7757894736842105,0.0383226947383213,0.5339512330787972,0
1791,2FiSTH0GYpIioUgjfzMIja,stay feat maty noyes,kygo maty noyes,0.5964071856287426,0.7384201819685691,0.3642105263157894,0.0446607709211318,0.3404434125962067,1
1792,2FoahzOSxJnalPA8aBUme3,all of me,21 savage,0.6023952095808385,0.8097601323407776,0.7989473684210526,0.120717685114858,0.6845809224965085,0
1793,2Foc5Q5nqNiosCNqttzHof,get lucky radio edit feat pharrell williams and nile rodgers,daft punk pharrell williams nile rodgers,0.7712574850299403,0.815963606286187,0.8736842105263157,0.0428498920117573,0.4191621472923052,0
1794,2FvD20Z8aoWIePi7PoN8sG,toes feat lil baby  moneybagg yo,dababy lil baby moneybagg yo,0.7976047904191618,0.5791976840363937,0.5368421052631579,0.0798723052700791,0.6849255436852701,0
1795,2Fxmhks0bxGSBdJ92vM42m,bad guy,billie eilish,0.6598802395209581,0.4168734491315136,0.5578947368421053,0.3299748035314593,0.5345256017267335,0
1796,2GAhgAjOhEmItWLfgisyOn,low,sza,0.6562874251497006,0.5419768403639372,0.3189473684210526,0.4275610558699705,0.5944775965997378,2
1797,2GGGm4MLQynB3I4E4ycIYC,drink about,seeb dagny,0.5676646706586828,0.7477253928866833,0.4852631578947368,0.1448627372398505,0.3219668800899642,1
1798,2GGMabyHXnJmjY6CXhhB2e,money,cardi b,0.9580838323353296,0.5874689826302729,0.1968421052631578,0.0053646985877066,0.5035399246670174,1
1799,2GPTiPR5db727wu1tFvFt4,new again,kanye west,0.6335329341317367,0.6732837055417701,0.2768421052631579,0.066391317833625,0.2684054921734713,1
1800,2GThBgzZoZfz0lx1JjBwfe,those eyes,new west,0.5353293413173653,0.3403639371381306,0.2221052631578947,0.731386295109459,0.4427475377722961,2
1801,2Ghp894n1laIf2w98VeAOJ,how do i make you love me,the weeknd,0.7844311377245511,0.4923490488006617,0.6357894736842106,0.0204151144122852,0.449144190714575,0
1802,2GiJYvgVaD2HtM8GqD9EgQ,electric love,brns,0.5520958083832336,0.8014888337468984,0.511578947368421,0.0054552425331753,0.4433098144486967,1
1803,2Gjt4rUHBUH0rMKpBg0hF4,disco arranhado  funk remix,malu dj lucas beat,0.7149700598802397,0.7270471464019851,0.9178947368421052,0.554322579526181,0.5032799472790042,0
1804,2Gk6fi0dqt91NKvlzGsmm7,say my grace feat travis scott,offset travis scott,0.7461077844311379,0.6339950372208437,0.4673684210526315,0.0588459890445649,0.4544223362898203,1
1805,2Gl0FzuLxflY6nPifJp5Dr,first time,kygo ellie goulding,0.5784431137724552,0.5895368072787428,0.6810526315789474,0.1981830606825422,0.2620813910604054,0
1806,2Gq636OOGgxCTqEuzCZhsa,tiago pzk bzrp music sessions vol 48,bizarrap tiago pzk,0.6059880239520959,0.8283705541770058,0.7610526315789473,0.4728330286043313,0.3008240678601443,0
1807,2GriTXl7gRSBv1A2IGZtnL,juice wrld speaks from heaven  outro,juice wrld,0.2946107784431138,0.3631100082712986,0.52,0.996981868484376,0.4746884805833166,2
1808,2H1liABu20HXBOmbt5SQz1,ciumeira  ao vivo,marlia mendona,0.7077844311377246,0.8180314309346567,0.771578947368421,0.2052253675523316,0.4662906063519126,0
1809,2H3wWrnO758y0fPH7Ilerg,depression  obsession,xxxtentacion,0.7413173652694612,0.1387510339123242,0.5210526315789474,0.5885280700365869,0.3581158289953385,2
1810,2H4gf1wLxvYreMj1jcaN0k,be alright,dean lewis,0.480239520958084,0.532671629445823,0.4852631578947368,0.7092533306615492,0.4818832036469386,2
1811,2H7jZg2HliuQhZjfBblLrZ,sommergewitter,pashanim,0.7628742514970062,0.5264681555004136,0.7252631578947368,0.1327902111773543,0.2737501435921619,0
1812,2HGymMoOdB4ZYv0AAqYmgF,famous,mason ramsey,0.4598802395209582,0.8200992555831266,0.5599999999999999,0.7122714621771732,0.6839823699055014,2
1813,2HRgqmZQC0MC7GeNuDIXHN,seven feat latto explicit ver,jung kook latto,0.7664670658682636,0.836641852770885,0.8842105263157894,0.3138781021147977,0.4732132600559858,0
1814,2HSmyk2qMN8WQjuGhaQgCk,champagne poetry,drake,0.3269461077844312,0.6670802315963607,0.488421052631579,0.7625736541042409,0.2419905803541738,2
1815,2HZLXBOnaSRhXStMLrq9fD,mary on a cross,ghost,0.3784431137724552,0.9079818031430936,0.5568421052631579,0.000228844791953,0.503642706425069,1
1816,2HafqoJbgXdtjwCOvNEF14,si no ests,iigo quintero,0.4634730538922157,0.412737799834574,0.5178947368421053,0.8319906789635941,0.3114045429537058,2
1817,2HbKqm4o0w5wEeEFXm2sD4,money trees,kendrick lamar jay rock,0.6778443113772455,0.5264681555004136,0.3284210526315789,0.0707173063393528,0.1528183362656364,1
1818,2HbYLDA1SigY1ilC94ieVu,american sports,arctic monkeys,0.2658682634730539,0.8717948717948718,0.591578947368421,0.0016926385770306,0.7858028162201707,1
1819,2Hc1LaV6bzFil3dE71eORA,aye feat travis scott,lil uzi vert travis scott,0.7508982035928146,0.6019437551695617,0.0936842105263157,0.0007097337467757,0.3946819509186876,1
1820,2Hh3ETdQKrmSI3QS0hme7g,too many nights feat don toliver  with future,metro boomin future don toliver,0.6395209580838325,0.6712158808933003,0.1305263157894736,0.1901347099742114,0.2498805917810869,1
1821,2HolBGR6tpiWI80MXoV1dJ,payday feat young thug,doja cat young thug,0.5616766467065869,0.7084367245657568,0.5536842105263159,0.0368136289805092,0.7392850017231061,0
1822,2HzfRSfCogBSsgW2CckVA2,lot to learn,luke christopher,0.325748502994012,0.858354011579818,0.6673684210526316,0.08500312884664,0.218840500849461,0
1823,2I3dW2dCBZAJGj5X21E53k,kids see ghosts,kids see ghosts yasiin bey,0.8275449101796407,0.6825889164598843,0.3221052631578948,0.1136753782450686,0.2918215950519652,1
1824,2IA8cFA46DkjgbsRG7kKbp,baby,amenazzy nicky jam farruko,0.658682634730539,0.7115384615384616,0.5789473684210525,0.328968759692918,0.7330939122969304,0
1825,2ICse7t8MB60EFk6o9aUyw,whos laughing now,ava max,0.5964071856287426,0.6401985111662531,0.4978947368421053,0.0056765721776544,0.83013198386931,1
1826,2IDf0IZ9dfw0uDYV2n1bJc,deja vu,luan santana ana castela,0.5053892215568863,0.5698924731182795,0.4589473684210526,0.1961709730054595,0.5756806268478045,1
1827,2IESJGeddbtwiVr4ug0SN3,vvs,peso pluma edgardo nuez los dareyes de la sierra,0.5772455089820361,0.7311827956989247,0.8736842105263157,0.4164945736460156,0.3840410159674484,0
1828,2IGMVunIBsBLtEQyoI1Mu7,paint the town red,doja cat,0.8598802395209583,0.5337055417700579,0.7368421052631579,0.2706182170575196,0.321948742132661,0
1829,2IHLaN6wwYKQ3S24NsQqpA,i love me,demi lovato,0.6155688622754493,0.5574855252274608,0.7168421052631578,0.0026181989084887,0.6250037787411047,0
1830,2IKJtXeR5UsaUjZB46fTOK,six thirty,ariana grande,0.7053892215568863,0.5109594706368901,0.423157894736842,0.6740417963126019,0.4437209414809037,2
1831,2INhKpUdzh7v0j041gZNsz,dhl,frank ocean,0.8011976047904192,0.4509925558312655,0.2105263157894736,0.5855099385209628,0.4610850126058802,2
1832,2IOFZdYYkFxEHVz1w34PoL,cherry,harry styles,0.4550898203592816,0.5068238213399504,0.3989473684210526,0.6187093851928275,0.2976317873747725,2
1833,2IRZnDFmlqMuOrYOLnZZyc,going bad feat drake,meek mill drake,0.8850299401197607,0.4902812241521918,0.5389473684210526,0.260557778672106,0.2375165508860392,0
1834,2ISl1zekPsc26sUQpVt8UB,merry christmas everyone,shakin stevens,0.4682634730538924,0.9172870140612076,0.9789473684210526,0.1287660358231888,0.950090387487228,0
1835,2IePEfMAtqWS6rLXXFZIgI,his  hers feat don toliver  lil uzi vert,internet money gunna don toliver lil uzi vert,0.7688622754491019,0.7084367245657568,0.3957894736842104,0.1166935097606926,0.5337335775911585,1
1836,2Igem6Q4sfvXGJ3JkG7Baw,modern day,migos,0.8622754491017964,0.6277915632754343,0.5052631578947369,0.1740380085575497,0.5334131403454676,0
1837,2Imn5iTu2xD3gXCqpBqubu,tick tock,joji,0.7556886227544911,0.6112489660876758,0.611578947368421,0.0401335736476957,0.2044268707791461,0
1838,2InS5VWKJQbsFBKOsf1cJB,lets go 4,dj gbr mc ig mc ryan sp mc ph mc davi mc luki mc don juan mc kadu traplaudo mc gp mc gh do 7,0.7568862275449103,0.6298593879239041,0.8778947368421053,0.1237358166304821,0.4033216645808016,0
1839,2IoZOYOZDrWCOLoZoYedxQ,one call,gunna,0.8514970059880241,0.4747725392886683,0.1642105263157894,0.1257479043075648,0.6062551768753135,1
1840,2Iv6YBslkxslMJQsxshZh5,cantares de navidad,trio vegabajeo,0.7353293413173654,0.5181968569065344,0.9789473684210526,0.7816884870365266,0.43502681394688,2
1841,2IwbW2jd0Ncv99Aroe77Ru,crown,kendrick lamar,0.2455089820359281,0.2307692307692307,0.1368421052631579,0.8058335391615191,0.7654883040405325,2
1842,2J0NXdHr6MYvKDSxB7k3V2,a thousand bad times,post malone,0.5772455089820361,0.7342845326716294,0.2999999999999999,0.1056270275367377,0.6788553739744496,1
1843,2J0TRU2EDG29qlmxdGa4xa,scientist,twice,0.761676646706587,0.8645574855252275,0.6494736842105263,0.0489867594268596,0.4007339826722048,0
1844,2J0X46UkpfLlWbuCXFgDLr,waste it on me feat bts,steve aoki bts,0.621556886227545,0.6846567411083541,0.4568421052631579,0.2535154718023166,0.2985447312257026,1
1845,2J2Z1SkXYghSajLibnQHOa,unstoppable,sia,0.3808383233532935,0.78287841191067,0.24,0.1126693344065272,0.7683299173513747,1
1846,2J4P46vCFm1rPkNkp9pZWX,ice cream with selena gomez,blackpink selena gomez,0.7664670658682636,0.7311827956989247,0.9178947368421052,0.03439912376801,0.6848348538987539,0
1847,2J6OF7CkpdQGSfm1wdclqn,clouded,brent faiyaz,0.518562874251497,0.3331265508684863,0.5778947368421052,0.7786703555209026,0.1117600469168495,2
1848,2JPLbjOn0wPCngEot2STUS,yonaguni,bad bunny,0.591616766467066,0.6474358974358975,0.4294736842105263,0.277660523927309,0.8055248217945696,1
1849,2JTir3y1VuJQmexiTCMcTP,recairei  ao vivo,os bares da pisadinha,0.5173652694610779,0.946236559139785,0.9547368421052632,0.451706107994963,0.7338496605178992,0
1850,2Jh3UqxnHJMyzMzku4uOtE,feeling,juice wrld,0.6730538922155689,0.5099255583126552,0.5589473684210525,0.2354066827085722,0.6849013597421991,0
1851,2JiHR4gCDjXwYVRDmwdk95,tides,ed sheeran,0.5760479041916169,0.8304383788254756,0.4157894736842105,0.0167933565935363,0.5031711195351847,1
1852,2JoIjuzRplpYGvvLpSW2on,sad song feat tini,alesso tini,0.6994011976047905,0.6939619520264682,0.5452631578947369,0.0883230735138265,0.3827290370558467,0
1853,2JqnpexlO9dmvjUMCaLCLJ,love someone,lukas graham,0.4790419161676648,0.4065343258891645,0.2547368421052631,0.1619654824950535,0.7578461780300969,1
1854,2JvzF1RMd7lE3KmFlsyZD8,middle child,j cole,0.8227544910179642,0.3538047973531844,0.4536842105263158,0.1498929564325573,0.4671491363309331,1
1855,2Jw3VjB1xy5KHBqEeAC6VK,eat your young,hozier,0.4826347305389222,0.5843672456575683,0.3305263157894736,0.3470775487866623,0.2617911837435534,1
1856,2K3bjojp1sCLdMMoO5lJ2p,milionria,rosala,0.8467065868263474,0.5709263854425145,0.92,0.6056308152917899,0.418926353847363,0
1857,2K7sv1mno9PvbXVBpqvSKn,sneaky,21 savage,0.7089820359281438,0.686724565756824,0.2947368421052632,0.0003696909293487,0.6548890863910906,1
1858,2K7xn816oNHJZ0aVqdQsha,softcore,the neighbourhood,0.5089820359281437,0.5647229114971051,0.3557894736842105,0.0486849462752972,0.2857816552699835,1
1859,2K9Ovn1o2bTGqbsABGC6m3,too late,the weeknd,0.584431137724551,0.869727047146402,0.2042105263157894,0.0523067040940461,0.4435274699363358,1
1860,2K9kZpwD2CzTa6iiSYYOoO,leo,marlia mendona,0.710179640718563,0.8717948717948718,0.8021052631578948,0.451706107994963,0.5035157407239463,0
1861,2KAkkba3PaYFegfmYpUITv,dans lespace feat heuss lenfoir,gambi heuss lenfoir,0.917365269461078,0.5667907361455748,0.7031578947368421,0.0287652782721784,0.3829043706431115,0
1862,2KEux6D75xjj6fdabXpeAu,mac 10 feat lil baby  lil duke,trippie redd lil baby lil duke,0.7628742514970062,0.6174524400330852,0.8336842105263157,0.1820863592658805,0.4677900108223146,0
1863,2KKijf6Ett4kmVNJze2roh,the git up,blanco brown,0.8347305389221559,0.6784532671629446,0.8200000000000001,0.0672967572883122,0.3099535063694459,0
1864,2KLwPaRDOB87XOYAT2fgxh,pussy  millions feat travis scott,drake 21 savage travis scott,0.7173652694610779,0.6288254755996692,0.4347368421052631,0.062668955631022,0.4553352801407506,1
1865,2KcNrONbZ0hvBPjvrDO2tx,almas gemelas,myke towers,0.7700598802395211,0.7477253928866833,0.72,0.1830924031044219,0.2917853191373588,0
1866,2KdKh9vHbKW0tZLqtpxxI0,honest feat don toliver,justin bieber don toliver,0.7904191616766469,0.6546732837055418,0.8178947368421053,0.1277599919846475,0.6244535940362397,0
1867,2KklXplRtxMsBYo474Es0w,be mine,ofenbach,0.7532934131736528,0.6660463192721258,0.5,0.1951649291669181,0.4613449899938935,0
1868,2KnLkZ3z7PO3kgVGHGqDpD,itll be okay,shawn mendes,0.2970059880239521,0.2731596360628618,0.0364210526315789,0.6197154290313689,0.1907145750578903,2
1869,2KnuaZYoGzDoHiBTNYOTXG,billie bossa nova,billie eilish,0.8922155688622756,0.379652605459057,0.5442105263157895,0.223334156646076,0.3827411290273823,0
1870,2KoHxhRyWxJzA0VafWd5Nk,my oasis feat burna boy,sam smith burna boy,0.6479041916167665,0.4675351530190239,0.3673684210526315,0.5724313686199253,0.5868536085466054,2
1871,2KokOIKdw4zZutDil85Ugh,white sand,migos travis scott ty dolla ign big sean,0.8107784431137726,0.5885028949545078,0.3894736842105263,0.0308779703331153,0.5767568123144637,1
1872,2KslE17cAJNHTsI2MI0jb2,standing next to you,jung kook,0.6718562874251498,0.8138957816377173,0.8252631578947368,0.0449625840726942,0.3585209100417777,0
1873,2KukL7UlQ8TdvpaA7bY3ZJ,break my soul,beyonc,0.6431137724550899,0.8945409429280398,0.8642105263157894,0.0578399452060235,0.4124752870331743,0
1874,2KvHC9z14GSl4YpkNMX384,do not disturb,drake,0.5604790419161677,0.6939619520264682,0.4442105263157895,0.2474792087710684,0.7512983754436242,1
1875,2KwojFDebQV4J2b0JMRR5Q,is that for me,alesso anitta,0.7317365269461079,0.7880479735318445,0.5631578947368421,0.2303764635158655,0.3523237746298345,0
1876,2L9N0zZnd37dwF0clgxMGI,ceilings,lizzy mcalpine,0.4383233532934133,0.3103804797353184,0.2410526315789473,0.4758511601199554,0.6123797604580439,2
1877,2L9QLAhrvtP4EYg1lY0Tnw,rudolph the rednosed reindeer,dean martin,0.3928143712574851,0.1852770885028949,0.8684210526315789,0.9245467121093986,0.5426453606128212,2
1878,2LBqCSwhJGcFQeTHMVGwy3,die for you,the weeknd,0.5221556886227545,0.5202646815550042,0.5010526315789474,0.1116632905679858,0.525462669060877,1
1879,2LSsSV7V33wM9EKQA2xjGS,con la brisa,foudeqush ludwig gransson,0.5485029940119761,0.4210090984284532,0.2210526315789473,0.4728330286043313,0.4056856450159916,2
1880,2LTlO3NuNVN70lp2ZbVswF,feel,kendrick lamar,0.7137724550898205,0.8025227460711333,0.548421052631579,0.137820430370061,0.382408599810156,0
1881,2LW4Zu7FcrwjWm3t5Rv3Oq,el farsante,ozuna,0.7221556886227546,0.7342845326716294,0.3084210526315789,0.2152858059377451,0.443400504235213,1
1882,2LawezPeJhN4AWuSB0GtAU,have you ever seen the rain,creedence clearwater revival,0.7077844311377246,0.6980976013234077,0.7810526315789473,0.0667937353690415,0.4195369984099057,0
1883,2Lhdl74nwwVGOE2Gv35QuK,cupids chokehold  breakfast in america  radio mix,gym class heroes,0.6826347305389222,0.7466914805624483,0.6178947368421053,0.2384248142241962,0.1948923512234052,0
1884,2LlQb7Uoj1kKyGhlkBf9aC,thriller,michael jackson,0.7437125748502995,0.6877584780810588,0.7905263157894737,0.0319846185555107,0.4333399839176778,0
1885,2LskIZrCeLxRvCiGP8gxlh,arms around you feat maluma  swae lee,xxxtentacion lil pump swae lee maluma,0.6622754491017965,0.7249793217535153,0.2694736842105263,0.0303749484138446,0.3521847169571763,1
1886,2M39v73rNJmAXUXIW0oagP,der bratan bleibt der gleiche,capital bra,0.5532934131736528,0.7053349875930521,0.6736842105263158,0.1267539481461062,0.2980489603927472,0
1887,2MHCiOohBZEQuLgDTPvSzF,love on me,galantis hook n sling,0.4934131736526947,0.914185277088503,0.6757894736842106,0.1056270275367377,0.4681285860253085,0
1888,2MJdgSby3DtSS7bUJx2cly,red room,offset,0.9413173652694612,0.555417700578991,0.5105263157894737,0.4818874231512035,0.39674363206549,0
1889,2MShy1GSSgbmGUxADNIao5,calling my spirit,kodak black,0.910179640718563,0.3558726220016542,0.7452631578947368,0.1001943908086144,0.4429712392457027,0
1890,2MX30RliaxJDgmQ3C3rrJX,do re mi,blackbear,0.7125748502994013,0.6029776674937966,0.1389473684210526,0.0047610722845817,0.3885210914213508,1
1891,2MZQAvsA7aZDssppBLRxYp,batom de cereja  ao vivo,israel  rodolffo,0.5461077844311378,0.9162531017369728,0.8063157894736842,0.5593527987188878,0.7572476254390899,0
1892,2MZrOmrVxRmmOoFW6dhenG,lost,nf hopsin,0.5832335329341318,0.9203887510339124,0.4410526315789473,0.3541198556564518,0.4244342468817828,1
1893,2MbdDtCv5LUVjYy9RuGTgC,whats poppin feat dababy tory lanez  lil wayne  remix,jack harlow tory lanez dababy lil wayne,0.902994011976048,0.7249793217535153,0.8452631578947368,0.0634737907018551,0.5942901710409374,0
1894,2MdMjF20umbTe4y2FgdnG8,chloraseptic feat phresher,eminem phresher,0.8910179640718564,0.7518610421836228,0.3673684210526315,0.0398317604961333,0.515976517391278,1
1895,2Mfv5HaqnI18Q9JRv9hqnn,still learning,halsey,0.6682634730538923,0.6608767576509512,0.2999999999999999,0.0398317604961333,0.3345123005580445,1
1896,2MlOUXmcofMackX3bxfSwi,jerusalema feat nomcebo zikode,master kg nomcebo zikode,0.8742514970059881,0.4768403639371381,0.8368421052631578,0.0186042355029108,0.4673002859751268,0
1897,2MnLkFqY9Rpg9s3Zv6ZJdK,botella tras botella,gera mx christian nodal,0.6910179640718563,0.5419768403639372,0.6926315789473684,0.6599571825730229,0.3638051016027908,2
1898,2MuMD298IpYqKF367wegUd,homicide feat eminem,logic eminem,0.651497005988024,0.7622001654259719,0.7768421052631579,0.137820430370061,0.5643141736044355,0
1899,2MuWTIM3b0YEAskbeeFE1i,master of puppets,metallica,0.4706586826347306,0.8418114143920595,0.5557894736842106,0.000643334853432,0.3534180980537971,1
1900,2N0SPREDYqILVEFSsWF5N5,love me again,v,0.5784431137724552,0.6050454921422663,0.3484210526315789,0.1840984469429632,0.1651219173030066,1
1901,2N9LEu6Pf8nDcp3GjWJT1Z,i cant save you interlude with future  feat don toliver,metro boomin future don toliver,0.6203592814371259,0.729114971050455,0.291578947368421,0.0302743440299904,0.5826214185091809,1
1902,2NFadq6pUeiVEihLvUlOSr,rauw alejandro bzrp music sessions vol 56,bizarrap rauw alejandro,0.7592814371257487,0.6453680727874277,0.5894736842105263,0.09838351189924,0.4910791479996856,0
1903,2NHSYwGkAvPHzCinY0KwXo,shape of you  stormzy remix,ed sheeran stormzy,0.5497005988023953,0.6743176178660051,0.7968421052631579,0.5985885084220004,0.4893499960701092,0
1904,2NM0qHzx4Ohy8iXHEEgwlO,having our way feat drake,migos drake,0.9305389221556888,0.5337055417700579,0.1989473684210526,0.0313809922523859,0.4792350618806644,1
1905,2NMjggapJcXXM7WccGEBUO,ensame a bailar,bad bunny,0.7904191616766469,0.7932175351530191,0.7768421052631579,0.192146797651294,0.3524265563878863,0
1906,2NSWi83peog6gHerzlMCqU,love me more,trippie redd,0.584431137724551,0.5347394540942929,0.2263157894736842,0.2213220689689933,0.221663976203,1
1907,2NWaWZZLFMcr5P4uI2KvWy,en el radio un cochinero,victor cibrian,0.6538922155688623,0.6215880893300249,0.9821052631578946,0.468808853250166,0.648794732737199,0
1908,2Na0z2gfN67Rzf0vp74Wi3,lose you,drake,0.4502994011976049,0.5802315963606286,0.3642105263157894,0.703217067630301,0.2606968603195908,2
1909,2NbsBSshscKIPRG3kwBbfo,never felt so alone,labrinth,0.3425149700598803,0.4003308519437551,0.3484210526315789,0.5020082999220307,0.3122086590608166,2
1910,2Nc1v8I86FUGorwjXKo0in,belly the weeknd  die for it ft nas,belly the weeknd nas,0.6071856287425151,0.4861455748552523,0.1694736842105263,0.3943616091981059,0.3046511768511297,2
1911,2NcQic8JxdjAlAHuNbOIRE,keep driving,harry styles,0.6838323353293414,0.4727047146401985,0.9157894736842104,0.3229324966616699,0.7148168973210238,0
1912,2Nib4r0saYQf2pUV4RFDhl,interlude  shadow,bts,0.2814371257485031,0.8025227460711333,0.1147368421052631,0.1156874659221513,0.6229662815373733,1
1913,2NmsngXHeC1GQ9wWrzhOMf,illicit affairs,taylor swift,0.4898203592814373,0.2979735318444995,0.4505263157894736,0.8863170462448272,0.4421248012382179,2
1914,2NnJpRXIlx35Vij3bPZO0h,daywalker feat corpse,mgk corpse,0.5772455089820361,0.9307278742762616,0.4894736842105263,0.0056061491089565,0.2554670826304874,1
1915,2O223PoYCkIPSsE4cmnr9v,tqm,fuerza regida,0.7628742514970062,0.8645574855252275,0.9810526315789474,0.2645819540262715,0.4738541345473673,0
1916,2O3MQ6H3gjrIWDcpeTrikT,santa cant you hear me,kelly clarkson ariana grande,0.4131736526946108,0.903846153846154,0.4526315789473684,0.0050226436826025,0.600499398424416,1
1917,2O4Bb2WCkjlTPO827OnBMI,easy,le sserafim,0.7113772455089822,0.7011993382961125,0.6,0.1901347099742114,0.7151554725240177,0
1918,2OALaHcDdKkjYEpAr0Qzab,lonely together feat rita ora,avicii rita ora,0.6047904191616768,0.6660463192721258,0.2526315789473684,0.134802298854437,0.3401411133078193,1
1919,2OKo7g3KfmCt3kyLvUAL0g,the search,nf,0.7652694610778444,0.7901157981803144,0.3768421052631578,0.5995945522605418,0.4428019516442058,2
1920,2OQ6a4CfUeYskpTTgyawyJ,you make it feel like christmas feat blake shelton,gwen stefani blake shelton,0.5808383233532936,0.8769644334160464,0.9263157894736842,0.0152842908357243,0.2798142673172146,0
1921,2OWv3lRR8PtOVuHWzQNRs2,rompe la dompe,peso pluma junior h oscar maydon,0.7269461077844313,0.641232423490488,0.7652631578947369,0.6106610344844967,0.5041142933149536,0
1922,2OcSE0EXzgUuqkM1NIJPHJ,wasting angels with the kid laroi,post malone the kid laroi,0.518562874251497,0.4220430107526881,0.3526315789473684,0.8058335391615191,0.2312529096306506,2
1923,2OpBganfGk2GVdSlRdxzaX,better,khalid,0.6526946107784432,0.5833333333333334,0.0842105263157894,0.1026088960211137,0.3102618516436011,1
1924,2OsDoAzo5SGq10qwmKSQBv,jet lag feat young scooter,future juice wrld young scooter,0.7904191616766469,0.4509925558312655,0.4852631578947368,0.2676000855418955,0.4735881111735863,1
1925,2OvV4NjEBRE9v8Oo7QeUCq,jump with trippie redd,julia michaels trippie redd,0.6035928143712577,0.5430107526881721,0.5,0.2515033841252339,0.7694302867611049,1
1926,2Oycxb8QbPkpHTo8ZrmG0B,prisoner feat dua lipa,miley cyrus dua lipa,0.7556886227544911,0.6701819685690654,0.5926315789473684,0.0103546760268717,0.4913693553165375,0
1927,2PGA1AsJal6cyMNmKyE56q,200 kmh,apache 207,0.8970059880239521,0.6701819685690654,0.4010526315789473,0.2706182170575196,0.6127425196041087,1
1928,2PWjKmjyTZeDpmOUa3a5da,cheirosa  ao vivo,jorge  mateus,0.4526946107784432,0.8769644334160464,0.7178947368421053,0.2414429457398203,0.6387704883342704,0
1929,2Pn76oik9rWyoBShTSNY9Q,white mustang,lana del rey,0.6011976047904193,0.4551282051282051,0.2452631578947368,0.4305791873855946,0.4124208731612646,2
1930,2PpruBYCo4H7WOBJ7Q2EwM,hey ya,outkast,0.6910179640718563,0.9844913151364764,0.9821052631578946,0.103614939859655,0.1983567010683256,0
1931,2PsbT927UanvyH9VprlNOu,devil dont know,morgan wallen,0.4550898203592816,0.663978494623656,0.3063157894736842,0.3792709516199856,0.473303949842502,1
1932,2Pvr8rYuh5J8V7QglJhH6W,want you back,5 seconds of summer,0.5485029940119761,0.880066170388751,0.5863157894736841,0.007517632402185,0.3101046560136397,0
1933,2Q0aElTZQtEUsoiaQfizu6,parasail feat yung lean  dave chappelle,travis scott yung lean dave chappelle,0.2526946107784431,0.3858560794044665,0.1852631578947368,0.8631780379583761,0.1765730143471242,2
1934,2Q3jFbyE61mCjS3SkW4toJ,race my mind,drake,0.4047904191616767,0.6339950372208437,0.7905263157894737,0.1800742715887978,0.7699804714659702,0
1935,2QDyYdZyhlP2fp79KZX8Bi,mad woman,taylor swift,0.5293413173652696,0.7001654259718776,0.4989473684210526,0.6589511387344816,0.5755657531182172,2
1936,2QLbRVzixE282JSQjBz2DG,liberdade quando o grave bate forte,alok mc don juan dj gbr,0.7904191616766469,0.7932175351530191,0.4210526315789473,0.0255459379888461,0.5034492348805011,1
1937,2QWEMqQMJR1KDf6hDjJOs6,arson,jhope,0.9437125748502996,0.8025227460711333,0.2452631578947368,0.0081715608972369,0.3220938457910871,1
1938,2QWP8NYYplOqEFBYGCcq0S,rain,the script,0.6455089820359282,0.5833333333333334,0.6094736842105263,0.2424489895783617,0.2799412330183374,0
1939,2QdH0rKlV3d9Y6lWzcnlBH,in the morning,itzy,0.8347305389221559,0.8190653432588916,0.7147368421052631,0.0829910411695573,0.5643262655759709,0
1940,2QgfDF0fQ4sskDthP8MG5w,asmr,21 savage,0.8263473053892217,0.5388751033912325,0.1357894736842105,0.0401335736476957,0.7457662984661335,1
1941,2QjOHCTQ1Jl3zawyYOpxh6,sweater weather,the neighbourhood,0.5532934131736528,0.8118279569892474,0.3852631578947368,0.0497915944976927,0.4675663093489078,1
1942,2QoOyCFpDo4NblMLP7vBRT,is there more,drake,0.5820359281437126,0.5337055417700579,0.5073684210526316,0.7424527773334139,0.2224318163955042,2
1943,2QpGZOhTCHHiKmpSO9FW4h,follow god,kanye west,0.4538922155688624,0.9079818031430936,0.423157894736842,0.000241923361854,0.8075804569556044,1
1944,2QpxC2yag7Ec7Ut1dovXKb,diamonds feat capital bra,summer cem capital bra,0.7341317365269462,0.4892473118279569,0.331578947368421,0.0892285129685137,0.6534259578352952,1
1945,2QqJTIlGKRLJC3onkavYEz,flex feat juice wrld,polo g juice wrld,0.7209580838323354,0.6732837055417701,0.3347368421052631,0.0541175830034205,0.7091397166851068,1
1946,2QrXzOqLCVDRZHkToA0tSR,never go back,dennis lloyd,0.3245508982035928,0.652605459057072,0.7378947368421053,0.013574016310204,0.1927581182473896,0
1947,2QyuXBcV1LJ2rq01KhreMF,on,bts,0.518562874251497,0.8221670802315963,0.4273684210526315,0.1187055974377753,0.35803118519459,1
1948,2R7858bg0GHuBBxjTyOL7N,careless whisper,george michael,0.518562874251497,0.5409429280397023,0.8094736842105263,0.2333945950314895,0.6440849098241224,0
1949,2RAeY8dPj6KmStROfEigjV,peak,drake,0.6455089820359282,0.2018196856906534,0.2526315789473684,0.8521115557344212,0.2738166494356073,2
1950,2RGIuYTsyyHoOCqW0krvNE,corao cachorro,avine vinny matheus fernandes,0.7053892215568863,0.761166253101737,0.6936842105263157,0.4416456696095495,0.6360739786818543,0
1951,2RJAKIw6nIkgZVsAIKhmqz,in my head,juice wrld,0.5784431137724552,0.544044665012407,0.3347368421052631,0.2706182170575196,0.6849678655856444,1
1952,2RSHsoi04658QL5xgQVov3,bad liar,imagine dragons,0.2790419161676647,0.6360628618693135,0.0533684210526315,0.0726287896325814,0.7932031027998963,1
1953,2RVrdr062uLFxXwIxwdXPH,te amo,piso 21 paulo londra,0.837125748502994,0.7260132340777502,0.6294736842105263,0.0205157187961393,0.3100804720705687,0
1954,2Rd4eJ4KwXQQn2sMSToyUM,moon,kanye west,0.2023952095808383,0.2214640198511166,0.2336842105263158,0.9034197915000304,0.6991154722821782,2
1955,2Rk4JlNc2TPmZe2af99d45,me feat brendon urie of panic at the disco,taylor swift brendon urie panic at the disco,0.5508982035928145,0.8356079404466501,0.7326315789473684,0.0331918711617604,0.8188924963270638,0
1956,2RttW7RAu5nOAfq6YFvApB,happier,ed sheeran,0.4455089820359282,0.3755169561621174,0.2147368421052631,0.5392319219480607,0.260424790960042,2
1957,2RxC2peY3FtrurYmbbmanr,qu maldicin,banda ms de sergio lizrraga snoop dogg,0.724550898203593,0.5264681555004136,0.6852631578947369,0.2142797620992038,0.7934328502590706,0
1958,2S1LebN6AXXQqJolBxlWgO,earth,lil dicky,0.651497005988024,0.663978494623656,0.6778947368421053,0.64285443731782,0.2976015574459338,2
1959,2S2od3hT7ceytw7d1pTRuE,again feat xxxtentacion,noah cyrus xxxtentacion,0.6155688622754493,0.7404880066170388,0.18,0.18912866613567,0.4428986874164898,1
1960,2S93hylQBYLndMnaJuso8S,nicki nicole bzrp music sessions vol 13,bizarrap nicki nicole,0.7904191616766469,0.4644334160463192,0.3778947368421053,0.0055659073554148,0.1710107074407946,1
1961,2SAqBLGA283SUiwJ3xOUVI,laugh now cry later feat lil durk,drake lil durk,0.7317365269461079,0.5130272952853598,0.5157894736842106,0.2454671210939857,0.527560626122286,0
1962,2SBr3MK1sdMs8IxdRcN6qz,santa baby,kylie minogue,0.6287425149700601,0.3744830438378825,0.403157894736842,0.7565373910729928,0.2432602373654012,2
1963,2SDFznsHkeFXiPFwN0npVM,commando feat geazy,logic geazy,0.8323353293413175,0.4799421009098428,0.1157894736842105,0.1358083426929783,0.1832538286204874,1
1964,2SJZdZ5DLtlRosJ2xHJJJa,chance,paulo londra,0.6838323353293414,0.45616211745244,0.1936842105263157,0.2424489895783617,0.5513757640614514,1
1965,2SL6oP2YAEQbqsrkOzRGO4,venom  music from the motion picture,eminem,0.7173652694610779,0.7983870967741936,0.4505263157894736,0.0194090705737438,0.5395498158997334,1
1966,2SLwbpExuoBDZBpjfefCtV,out of time,the weeknd,0.598802395209581,0.7632340777502068,0.8484210526315789,0.2565336033179406,0.2801649344917442,0
1967,2SRVj6ceeIffVEm9NFyRHI,nummer unterdrckt,bonez mc raf camora,0.7928143712574852,0.7518610421836228,0.78,0.2012011921981662,0.5637518969280346,0
1968,2SUPbyD77tJuOUbqbxct6l,quero ver  me esquecer feat jorge  ao vivo,os bares da pisadinha jorge,0.5305389221556887,0.9410669975186104,0.9273684210526316,0.3038176637293842,0.7573141312825351,0
1969,2SUxn2O9NHL6GHGQFgwCY0,2step,ed sheeran,0.7341317365269462,0.6608767576509512,0.631578947368421,0.1700138332033843,0.291924376810017,0
1970,2SYa5Lx1uoCvyDIW4oee9b,mic drop,bts,0.6191616766467067,0.8966087675765095,0.5357894736842106,0.0091675442973929,0.7451133320032166,0
1971,2SasoXZyv82yYgHiVOvxQn,on god,kanye west,0.311377245508982,0.8935070306038049,0.38,0.0674979660560205,0.1563431459682343,1
1972,2SiAcexM2p1yX6joESbehd,llylm,rosala,0.4850299401197606,0.6329611248966088,0.5505263157894738,0.1297720796617302,0.7467397021747413,1
1973,2Sjx8DWZO5zaTyTAmgo2gY,gone girl,sza,0.332934131736527,0.4313482216708023,0.4063157894736842,0.5734374124584666,0.6244838239650785,2
1974,2SwQShWjZsxoGviEyaEMOX,nerdesin,ezhel,0.7976047904191618,0.6970636889991728,0.8189473684210526,0.2022072360367076,0.3221663976203,0
1975,2SxR5RitJdsG6wINvJLBSD,tunnel vision outro,pop smoke,0.6802395209580839,0.6598428453267163,0.66,0.3651863378804066,0.58138803741256,0
1976,2T5NBwKRySiCR78vVk08vr,blind feat young thug,dababy young thug,0.6694610778443114,0.6794871794871795,0.76,0.0115619286331213,0.7028760754297185,0
1977,2TDyyEBasw10wu5Uh94bR1,punto 40,rauw alejandro baby rasta,0.865868263473054,0.8314722911497104,0.1778947368421052,0.0012701001648433,0.3642948264499785,1
1978,2TH65lNHgvLxCKXM3apjxI,callaita,bad bunny tainy,0.5508982035928145,0.6226220016542597,0.223157894736842,0.6036187276147071,0.782658903620941,2
1979,2TIlqbIneP0ZY1O0EzYLlc,someone you loved,lewis capaldi,0.4203592814371258,0.3961952026468155,0.4357894736842105,0.7555313472344514,0.3819430589060393,2
1980,2TJ1FOCmCBkKm418MjVw5D,donda,kanye west,0.4598802395209582,0.4851116625310173,0.4168421052631579,0.8541236434115039,0.3583516224402808,2
1981,2TJKY0WSFufZOzbRNgl6zE,elovrga,alex favela grupo marca registrada joaquin medina,0.7700598802395211,0.4696029776674937,0.5747368421052631,0.1327902111773543,0.5034734188235721,0
1982,2TOzTqQXNmR2zDJXihjZ2e,enough for you,olivia rodrigo,0.584431137724551,0.2452440033085194,0.2494736842105263,0.7575434349115341,0.2525226875615934,2
1983,2TksvaRivgAEj780DgRB73,911,sech,0.7724550898203595,0.6546732837055418,0.7494736842105263,0.0764517562190385,0.2799956468902472,0
1984,2TktkzfozZifbQhXjT6I33,evergreen you didnt deserve me at all,omar apollo,0.6550898203592815,0.3248552522746071,0.2926315789473683,0.6016066399376245,0.2134898034450026,2
1985,2Tq2R8sRftNEqdgJK5HadO,my my my,troye sivan,0.6574850299401198,0.4727047146401985,0.4526315789473684,0.0043485943107798,0.3400322855639998,1
1986,2TrhpvxwuF6hrboTdRXwnS,allein sein,ufo361,0.747305389221557,0.5854011579818031,0.3789473684210526,0.0388257166575919,0.1769055435643504,1
1987,2U5WueTLIK5WJLD7mvDODv,wishing well,juice wrld,0.598802395209581,0.6112489660876758,0.0509473684210526,0.0033727317873947,0.6242722144632071,1
1988,2UN0lp72LAusrXi8LLVomt,2step feat lil baby,ed sheeran lil baby,0.6502994011976049,0.6422663358147229,0.4684210526315789,0.1388264742086024,0.2922448140557077,1
1989,2URDbWGmPz3vhagl25p8OC,tranquility base hotel  casino,arctic monkeys,0.5197604790419162,0.8407775020678246,0.7884210526315789,0.0413408262539453,0.577282813076258,0
1990,2USlegnFJLrVLpoVfPimKB,thunder,gabry ponte lumx prezioso,0.6227544910179642,0.903846153846154,0.3905263157894737,0.03439912376801,0.3294941323708123,1
1991,2UU11hvjN1JIn4iihEodNT,blue,v,0.7005988023952097,0.434449958643507,0.2578947368421053,0.6841022346980155,0.4915084129891958,2
1992,2UVbBKQOdFAekPTRsnkzcf,stir fry,migos,0.7988023952095809,0.8211331679073615,0.5010526315789474,0.0026383197852595,0.8178042188888688,0
1993,2UW7JaomAMuX9pZrjVpHAU,la bebe  remix,yng lvcas peso pluma,0.7928143712574852,0.4727047146401985,0.5547368421052632,0.2142797620992038,0.7448896305298098,0
1994,2UbVnbE5FH6008mAm6Mmgw,run,onerepublic,0.6371257485029942,0.7218775847808105,0.6747368421052632,0.3279627158543766,0.4249421096862738,0
1995,2UciqgwVDwro0fev3MFbxJ,atm,j cole,0.7449101796407187,0.4923490488006617,0.3357894736842105,0.1156874659221513,0.2122080544622397,1
1996,2UwALqx6yOsXTFt7zRxnts,tell the vision feat kanye west  pusha t,pop smoke kanye west pusha t,0.6131736526946109,0.686724565756824,0.68,0.2525094279637752,0.5879902538709425,0
1997,2UwbhMie1EAYuTZ0QXeMwl,save me,xxxtentacion,0.695808383233533,0.1883788254755996,0.1673684210526315,0.308847882922091,0.5769260999159607,2
1998,2V4Fx72svQRxrFvNT1eq5f,the baddest,kda gidle wolftyla bea miller league of legends,0.6299401197604793,0.8635235732009926,0.7210526315789473,0.0216223670185348,0.624326628335117,0
1999,2VKf0WEOpq06JE5PTNr9wa,jettski grizzley feat lil pump,tee grizzley lil pump,0.8682634730538924,0.8852357320099256,0.3673684210526315,0.0971762592929904,0.3223961450794745,1
2000,2VUTPdW21gPVVTEmvdSwos,ela,reynmen,0.7329341317365271,0.5740281224152192,0.5273684210526316,0.4084462229376849,0.5040054655711341,0
2001,2VWbHHhWnMzKWPUs4IEEW9,gods plan,drake,0.7233532934131738,0.4416873449131513,0.3347368421052631,0.0330912667779062,0.1840942206422046,1
2002,2VYb3Fb5iK5Y8HGZ8oEEkp,violent crimes,kanye west,0.6167664670658685,0.4086021505376344,0.0084210526315789,0.3762528201043615,0.3832731757749443,2
2003,2VdT56BGpdqNHUgOe1j5vc,rich  sad,post malone,0.5377245508982037,0.5678246484698097,0.2663157894736842,0.1991891045210835,0.6363762779702415,1
2004,2Vdub5mY4lad7w64bFPUez,hey ma with pitbull  j balvin feat camila cabello,pitbull j balvin camila cabello,0.4059880239520959,0.9720843672456576,0.511578947368421,0.0278598388174912,0.34973004673547,1
2005,2VgJDTfkuwlm7WIHnvtRCQ,you are the reason,calum scott,0.2143712574850299,0.2193961952026468,0.1757894736842105,0.9185104490781504,0.7481786467874656,2
2006,2VkuxjlbnbaBiWYpdBGVol,oh santa feat ariana grande  jennifer hudson,mariah carey ariana grande jennifer hudson,0.5964071856287426,0.9472704714640198,0.86,0.0340973106164476,0.1921293357275436,0
2007,2VtgzixdB967bHDNu5A1nh,metro spider with young thug,metro boomin young thug,0.6694610778443114,0.7363523573200993,0.2242105263157894,0.0413408262539453,0.5826456024522517,1
2008,2VxeLyX666F8uXCJ0dZF8B,shallow,lady gaga bradley cooper,0.5053892215568863,0.3755169561621174,0.3063157894736842,0.3732346885887375,0.2967430274669133,2
2009,2VyZWWKamfq7kVnh5gMgPd, love feat gu,marracash gu,0.6898203592814373,0.8335401157981803,0.2894736842105263,0.1056270275367377,0.473303949842502,1
2010,2VzCjpKvPB1l1tqLndtAQa,por las noches,peso pluma,0.7868263473053894,0.5926385442514475,0.3789473684210526,0.311866014437715,0.2767429065471979,1
2011,2W1Aq2c6PUSHBC0golgHLK,you wouldnt understand,juice wrld,0.6874251497005989,0.7508271298593879,0.0905263157894736,0.0011996770961454,0.6730512276374101,1
2012,2WL6GQzPuK9Nrpy9XwNEbz,something in the way,nirvana,0.3305389221556887,0.2100909842845326,0.0339999999999999,0.8279665036094287,0.3493854255467082,2
2013,2WOJ7D52Ng3myrKlEf4Azj,big body benz,bonez mc,0.8790419161676649,0.4437551695616211,0.2936842105263157,0.0735342290872686,0.286011402729158,1
2014,2WQn7Yvs728KZmmY6tgWqH,eyes closed,halsey,0.5161676646706588,0.6846567411083541,0.0081052631578947,0.0180006091997859,0.5033162231936106,1
2015,2WRTnY0slmFgWcrmEr8dPj,blulich,apache 207,0.7664670658682636,0.7053349875930521,0.1894736842105263,0.0694094493492491,0.6486677670360765,1
2016,2WfaOiMkCvy7F5fcp2zZ8L,take on me,aha,0.5065868263473055,0.9100496277915632,0.8884210526315789,0.0181012135836401,0.2278973875295497,0
2017,2WigMwGJysIh9fRnSJvpjn,ku lo sa  a colors show,oxlade,0.5976047904191618,0.6546732837055418,0.8010526315789473,0.308847882922091,0.2792157147262076,0
2018,2WlZuBDgLfT7Kc0admhFdg,braba,lusa sonza,0.791616766467066,0.6898263027295285,0.6642105263157895,0.1820863592658805,0.5882562772447233,0
2019,2WnAKZefdRHxtBEkRjFOHC,anyone,justin bieber,0.6407185628742517,0.5161290322580646,0.5747368421052631,0.1861105346200459,0.4181826975979298,0
2020,2WyRfGeHo97VC5mP1BBSzr,mothers daughter,miley cyrus,0.635928143712575,0.8717948717948718,0.5221052631578947,0.0046604679007276,0.2678311235255352,0
2021,2XDhuJvvx2wcIROXbfTTYr,believe,eminem,0.8814371257485031,0.4820099255583126,0.0863157894736842,0.1669957016877603,0.50390872979885,1
2022,2XIc1pqjXV3Cr2BQUGNBck,la noche de anoche,bad bunny rosala,0.8455089820359282,0.6164185277088503,0.3778947368421053,0.0304755527976987,0.2132721479573636,1
2023,2XMAWynSTIst5KmLSv0Npf,america has a problem,beyonc,0.7652694610778444,0.6122828784119106,0.0799999999999999,0.0034934570480196,0.4795494531405873,1
2024,2XMTqoHHSH0lvuXrvIEdco,capsize,frenship emily warren,0.6383233532934134,0.7094706368899917,0.3399999999999999,0.0400329692638416,0.2797658994310727,1
2025,2XRn6Qu0Wd1KvOND8JbaTx,beautiful girl,luciano,0.8251497005988025,0.4034325889164598,0.6052631578947368,0.2887270061512639,0.5633830917962019,0
2026,2XSO13Gyndo7MDdtYibIxO,screw juice,juice wrld,0.532934131736527,0.5233664185277089,0.508421052631579,0.0824880192502866,0.6248828590257498,1
2027,2XTquzYQAdT1Hk78bOUwsv,greatest,eminem,0.7892215568862277,0.739454094292804,0.3526315789473684,0.0443589577695694,0.2013736479664327,1
2028,2XWjPtKdi5sucFYtVav07d,365,zedd katy perry,0.7125748502994013,0.6939619520264682,0.2273684210526315,0.3410412857554142,0.3102860355866721,1
2029,2XXMDz7SPZ4mSFN1PXfHUy,cuando te bes,becky g paulo londra,0.7449101796407187,0.7342845326716294,0.2768421052631579,0.308847882922091,0.3224324209940809,1
2030,2XaInsPPUkZRkY4uFJ3AHK,met gala feat offset,gucci mane offset,0.7988023952095809,0.5843672456575683,0.3368421052631578,0.0523067040940461,0.5643564955048097,1
2031,2XdgSB4TtzUHQYCMfSHbFI,high end feat future  young thug,chris brown future young thug,0.6886227544910181,0.4975186104218362,0.0332631578947368,0.0144794557648912,0.6428636206990368,1
2032,2XlHu0HcujBCkWMdIAvrqt,blem,drake,0.6898203592814373,0.5306038047973533,0.3610526315789474,0.0536145610841498,0.3104553231881692,1
2033,2Xr1dTzJee307rmrkt8c0g,love nwantiti ah ah ah,ckay,0.6910179640718563,0.7415219189412738,0.5273684210526316,0.3671984255574894,0.2798505432318212,0
2034,2Y0ktCGrGoGcQFXsGztvhi,naughty list with dixie,liam payne dixie,0.5616766467065869,0.7746071133167908,0.7073684210526315,0.0319846185555107,0.2131089063416344,0
2035,2Y0wPrPQBrGhoLn14xRYCG,come  go with marshmello,juice wrld marshmello,0.5688622754491018,0.8190653432588916,0.5294736842105263,0.017296378512807,0.5941571593540469,0
2036,2YRvdf9cdS88y1wB1WhKoE,rebota,guaynaa,0.7736526946107786,0.9193548387096776,0.9326315789473684,0.18912866613567,0.806594961275461,0
2037,2YSzYUF3jWqb9YP9VXmpjE,idgaf feat yeat,drake yeat,0.6143712574850301,0.6701819685690654,0.111578947368421,0.0466728585982145,0.5455534797671087,1
2038,2YVlDlk2zRceefo6XlC6DX,aint that some,morgan wallen,0.5880239520958085,0.8076923076923078,0.6726315789473685,0.0023264461953117,0.449627869575995,0
2039,2YWtcWi3a83pdEg3Gif4Pd,i think he knows,taylor swift,0.894610778443114,0.3558726220016542,0.4042105263157894,0.0089361542145284,0.3221603516345322,1
2040,2YXswOX5aKv6OHRKUcAMLQ,all eyes on me,jisoo,0.7532934131736528,0.6453680727874277,0.6273684210526316,0.0261495642919709,0.382892278671576,0
2041,2Yer0p7uB2lVBUAtANuuQp,magic in the hamptons feat lil yachty,social house lil yachty,0.7413173652694612,0.4727047146401985,0.8115789473684211,0.6639813579271884,0.2982666158803862,2
2042,2Yl4OmDby9iitgNWZPwxkd,be careful,cardi b,0.8023952095808384,0.5647229114971051,0.5294736842105263,0.0257471467565544,0.6382203036294052,0
2043,2YpeDb67231RjR0MgVLzsG,old town road  remix,lil nas x billy ray cyrus,0.8718562874251498,0.6174524400330852,0.6389473684210526,0.0536145610841498,0.5400455867326888,0
2044,2Yt4SXIgmoaPZHGdRafp4P,umbrella with 21 savage  young nudy,metro boomin 21 savage young nudy,0.8047904191616767,0.7921836228287842,0.3757894736842105,0.0842988981596611,0.3887447928947575,1
2045,2Yv2mHzr5AQavVdwQjEokV,hand me downs,mac miller,0.6311377245508983,0.3186517783291976,0.3199999999999999,0.4768572039584968,0.1346259650904781,2
2046,2Z8WuEywRWYTKe1NybPQEW,ride,twenty one pilots,0.5928143712574852,0.7146401985111662,0.5621052631578947,0.008392890541716,0.1709260636400462,0
2047,2ZE3DJuizYTad2S4CvRRhK,easy love,lauv,0.7125748502994013,0.4747725392886683,0.2073684210526315,0.3038176637293842,0.5458497330697283,1
2048,2ZGEjmwyeZ3rpEezkZwqOP,mop feat young thug,gunna young thug,0.8718562874251498,0.5719602977667494,0.3863157894736841,0.0029401329368219,0.5937158023930011,1
2049,2ZL7WZcjuYKi1KUDtp4kCC,spin bout u,drake 21 savage,0.7461077844311379,0.7022332506203474,0.18,0.0100528628753093,0.5032980852363074,1
2050,2ZRo7axmMPeSVUvDbGkJah,hope,xxxtentacion,0.5293413173652696,0.4499586435070306,0.2031578947368421,0.6649874017657297,0.600499398424416,2
2051,2ZTYlnhhV1UAReg7wIGolx,to die for,sam smith,0.3988023952095809,0.3507030603804797,0.2894736842105263,0.8370208981563009,0.7553310479507132,2
2052,2ZUJsR8HEktit58X6FuPQM,heaven and hell,kanye west,0.7353293413173654,0.4137717121588088,0.2484210526315789,0.041139617486237,0.2192758118247389,1
2053,2Za1AlJNvksouPPWbXpR2X,good old days feat kesha,macklemore kesha,0.6730538922155689,0.5047559966914806,0.2484210526315789,0.4486879764793389,0.4609822308478286,2
2054,2ZdCrBA52bb4pIG3tOOZiQ,dark queen,lil uzi vert,0.7149700598802397,0.6040115798180314,0.1768421052631578,0.223334156646076,0.6550039601206779,1
2055,2ZlABhxMMa43COmZ97kKsJ,jumbotron shit poppin,drake,0.7772455089820361,0.5719602977667494,0.3021052631578947,0.2223281128075346,0.3162534235394409,1
2056,2ZlCGeK30BLRNSPC832pNZ,forever feat post malone  clever,justin bieber post malone clever,0.8083832335329342,0.4768403639371381,0.9052631578947368,0.5412440096251434,0.5638607246718541,0
2057,2Zo1PcszsT9WQ0ANntJbID,feather,sabrina carpenter,0.7628742514970062,0.686724565756824,0.8463157894736841,0.0898321392716385,0.4642833390770198,0
2058,2ZrAjMSmlbDIil0JaVgTHh,broke in a minute,tory lanez,0.9329341317365272,0.7011993382961125,0.8105263157894738,0.1448627372398505,0.4431163429041287,0
2059,2a1o6ZejUi8U3wzzOtCOYw,danza kuduro,don omar lucenzo,0.2994011976047904,0.9234904880066171,0.8905263157894736,0.0851037332304941,0.2551345534132612,0
2060,2a3dopgTF1q4rMVDJ1rwBU,push my luck,the chainsmokers,0.5197604790419162,0.6422663358147229,0.5242105263157895,0.2897330499898052,0.2619000114873729,1
2061,2a3mQSOYa91goACTglQ6Rz,due vite,marco mengoni,0.5808383233532936,0.5368072787427627,0.1063157894736842,0.4024099599064367,0.4245491206113701,1
2062,2aFiaMXmWsM3Vj72F9ksBl,cake by the ocean,dnce,0.747305389221557,0.7673697270471465,0.9263157894736842,0.1569352633023467,0.4369978053071663,0
2063,2aG2nLUd8NNI7vFuOLBCe0,autre monde,pnl,0.4203592814371258,0.4447890818858561,0.091578947368421,0.8410450735104663,0.5324095067080212,2
2064,2aJnyNu4PQxQ2lyj5boiMG,i hate u,sza,0.458682634730539,0.4086021505376344,0.3621052631578947,0.5170989575001509,0.3616466846837042,2
2065,2aPTvyE09vUCRwVvj0I8WK,sundress,aap rocky,0.6838323353293414,0.7084367245657568,0.7484210526315789,0.1820863592658805,0.4733220877998053,0
2066,2aTKrdenCq5qBOoJPFdn4P,heres your perfect,jamie miller,0.4886227544910181,0.4468569065343258,0.4126315789473683,0.5020082999220307,0.4014655469501024,2
2067,2ajzBr7vwHTEBeqDzcsNRC,that way  bonus track,lil uzi vert,0.6730538922155689,0.5957402812241522,0.4968421052631578,0.0549224180742536,0.5035641086100884,1
2068,2aksifNn5ph8igDOkPBA02,love on the brain,rihanna,0.4299401197604792,0.6360628618693135,0.3642105263157894,0.0721257677133107,0.7574894648697998,1
2069,2alc8VZAzDgdAsL2QMk3hu,skechers,dripreport,0.9017964071856288,0.3155500413564929,0.2547368421052631,0.2615638225106474,0.3221905815633709,1
2070,2b8fOow8UzyDFAE27YhOZM,memories,maroon 5,0.7353293413173654,0.3083126550868486,0.571578947368421,0.8420511173490077,0.2678432154970707,2
2071,2bAAj29XGc4h1G4oEGYCmg,more  more,twice,0.7053892215568863,0.8469809760132341,0.5578947368421053,0.0313809922523859,0.364403654193798,0
2072,2bBMODHVTXGwE2aZYfbgCt,ascension feat vince staples,gorillaz vince staples,0.6299401197604793,0.913151364764268,0.5126315789473684,0.5975824645834591,0.6376580269530046,0
2073,2bNrvWD9d5Zn9tS8XvcaMk,i could be the one avicii vs nicky romero  radio edit,avicii nicky romero,0.4299401197604792,0.794251447477254,0.6378947368421053,0.3339989788856248,0.4911033319427566,0
2074,2bPtwnrpFNEe8N7Q85kLHw,combatchy feat mc rebecca,anitta lexa lusa sonza rebecca,0.8095808383233534,0.7322167080231596,0.6031578947368421,0.3853072146512337,0.6252516641575825,0
2075,2bT1PH7Cw3J9p3t7nlXCdh,if i cant have you,shawn mendes,0.6479041916167665,0.8283705541770058,0.8821052631578947,0.4899357738595343,0.4668528830283133,0
2076,2bbwjxA68m9PHZFWgF1fze,givenchy,duki,0.5473053892215569,0.6174524400330852,0.3631578947368421,0.1428506495627678,0.340122975350516,1
2077,2bdqU7C4softKNcMYDFi96,chaotic,tate mcrae,0.3137724550898203,0.3724152191894127,0.3010526315789473,0.5935582892292937,0.2102491550734889,2
2078,2bgcUk2A3jjKbCJ7KPquTi,mi nia,wisin myke towers los legendarios,0.8059880239520959,0.826302729528536,0.7989473684210526,0.311866014437715,0.3221361676914612,0
2079,2bjwRfXMk4uRgOD9IBYl9h,portland,drake quavo travis scott,0.9281437125748504,0.4354838709677419,0.3347368421052631,0.017296378512807,0.5402692882060955,1
2080,2c6xRsQBv7pynuhYhWoHxo,woman like me,adele,0.5317365269461078,0.3600082712985938,0.3126315789473683,0.7535192595573688,0.5978452106723742,2
2081,2c7GlMNmF7pbohjykutmLP,thunderclouds feat sia diplo and labrinth,sia diplo labrinth lsd,0.6479041916167665,0.717741935483871,0.5,0.0085437971174972,0.3949056523920942,1
2082,2cKovq3l6OJjhVVDbVKOsr,the other side,hugh jackman zac efron,0.584431137724551,0.7994210090984285,0.2926315789473683,0.0043485943107798,0.6485649852780246,1
2083,2cYnZNzFRFK0H7vSNxPsUq,ella quiere beber  remix,anuel aa romeo santos,0.7197604790419163,0.6650124069478909,0.7010526315789473,0.2665940417033541,0.2933572754369736,0
2084,2cc8Sw1OnCuA5bV8nqWqpE,you,regard troye sivan tate mcrae,0.6479041916167665,0.6960297766749379,0.5073684210526316,0.0595502197315438,0.3588050713728619,1
2085,2chEq24EHjyw9Zjmwq0hlS,auto blu,shiva eiffel 65,0.8023952095808384,0.7870140612076096,0.6536842105263158,0.0158879171388491,0.5036124764962302,0
2086,2cnKST6T9qUo2i907lm8zX,a m a r i,j cole,0.6886227544910181,0.7146401985111662,0.1842105263157894,0.1277599919846475,0.1165061457445328,1
2087,2cvOfKHOHgwQlLiuLKP2xR,myself,post malone,0.3904191616766468,0.7022332506203474,0.3926315789473684,0.1026088960211137,0.7083718764926028,1
2088,2dG9k8jtnkjzJjUToz9i9i,residente bzrp music sessions vol 49,bizarrap residente,0.5221556886227545,0.7425558312655087,0.7,0.5583467548803464,0.1490940090327027,0
2089,2dHHgzDwk4BJdRwy9uXhTO,creepin with the weeknd  21 savage,metro boomin the weeknd 21 savage,0.6766467065868265,0.6184863523573201,0.1473684210526315,0.4195127051616397,0.3097479428533425,1
2090,2dHoVW9AxJVSRebPRyV2aA,gone,ros,0.5952095808383234,0.3672456575682382,0.6536842105263158,0.5975824645834591,0.2008355552331029,2
2091,2dNhNlpZAtV4lwAFW45LIv,am,nio garcia flow la movie,0.81437125748503,0.511993382961125,0.6147368421052631,0.4014039160678954,0.7572053035387156,0
2092,2dfHh7ECGxfNqZTQno09Vk,hearts dont break around here,ed sheeran,0.5437125748502994,0.3558726220016542,0.1568421052631578,0.7233379444011281,0.3534422819968681,2
2093,2dfqS3MRtbLZSZA1IL8xY5,skepta interlude,drake,0.7125748502994013,0.8273366418527709,0.403157894736842,0.0103546760268717,0.2419301204964963,1
2094,2dgFqt3w9xIQRjhPtwNk3D,death by a thousand cuts,taylor swift,0.6730538922155689,0.7342845326716294,0.2957894736842105,0.4567363271876697,0.2862955640602422,1
2095,2dgrYdgguVZKeCsrVb9XEs,whats the use,mac miller,0.7293413173652696,0.4861455748552523,0.5568421052631579,0.7404406896563311,0.352214946886015,2
2096,2dl5K2ScW7jYhAhuem06cm,problema,daddy yankee,0.7461077844311379,0.804590570719603,0.8526315789473684,0.0616629117924806,0.261609804170521,0
2097,2dpaYNEQHiRxtZbfNsse99,happier,marshmello bastille,0.6431137724550899,0.7963192721257238,0.6726315789473685,0.192146797651294,0.3222329034637453,0
2098,2dqLk7ezV15LEJEwUmEbXB,down,marian hill,0.5305389221556887,0.3517369727047146,0.0212631578947368,0.6881264100521809,0.7453491254481588,2
2099,2drEUEg0TYQR6dDEHkpuPE,patience,tame impala,0.4742514970059881,0.8655913978494624,0.6452631578947369,0.0022359022498429,0.3219306041753577,0
2100,2dxky69jKzbtUfA3Hl8Nuo,soldi,mahmood,0.6467065868263473,0.5781637717121588,0.3578947368421052,0.0406365955669664,0.2913318702047775,1
2101,2e2AXpIiJpet5b4qg85Gh6,f2f,sza,0.458682634730539,0.7425558312655087,0.4557894736842105,0.0895303261200761,0.2612833209390624,1
2102,2eAZfqOm4EnOF9VvN50Tyc,the way life goes feat oh wonder,lil uzi vert oh wonder,0.6622754491017965,0.7601323407775021,0.6989473684210525,0.6207214728699102,0.2133628377438799,0
2103,2eAvDnpXP5W0cVtiI0PUxV,dandelions,ruth b,0.5497005988023953,0.6929280397022333,0.4442105263157895,0.015787312754995,0.4246760863124928,1
2104,2eMwDehkIC1j68U6FA3Eiq,xo tour llif3,lil uzi vert,0.6970059880239522,0.7528949545078578,0.388421052631579,0.0026483802236449,0.6552518455371557,1
2105,2eNSyVH3sNPiAj9WpRYK73,dior 2001,rin,0.3353293413173653,0.7001654259718776,0.4642105263157894,0.0117631374008296,0.1822018270968989,1
2106,2ePtv8MlBO9nuuXABqAfEX,sugarcrash,elyotto,0.7161676646706588,0.7363523573200993,0.3536842105263157,0.5271593958855645,0.3085568836570958,2
2107,2ekn2ttSfGqwhhate0LSR0,new rules,dua lipa,0.7329341317365271,0.7011993382961125,0.6063157894736841,0.0026181989084887,0.4193193429222667,0
2108,2f0GI2ZLUtbGqFx8t2Gk6A,i know places taylors version,taylor swift,0.5089820359281437,0.8076923076923078,0.6821052631578948,0.0875182384429934,0.6851371531871413,0
2109,2f0pn9DkEJwAzXApnFh5cr,someone to you,banners,0.44311377245509,0.9110835401157984,0.6526315789473685,0.0051936711351545,0.1709200176542784,0
2110,2fB5YRuD88drKpCXQOAk03,love on,selena gomez,0.7257485029940121,0.5244003308519438,0.5178947368421053,0.1840984469429632,0.4187993881462402,0
2111,2fOlBMkWR7lXJfqp5VTbDG,futsal shuffle 2020  bonus track,lil uzi vert,0.873053892215569,0.4406534325889164,0.2589473684210526,0.0348015413034265,0.5457529972974444,1
2112,2fQrGHiQOvpL9UgPvtYy6G,bank account,21 savage,0.8790419161676649,0.336228287841191,0.3621052631578947,0.015083082068016,0.1710893052557754,1
2113,2fTdRdN73RgIgcUZN33dvt,baby im jealous feat doja cat,bebe rexha doja cat,0.702994011976048,0.8738626964433416,0.4989473684210526,0.0400329692638416,0.3103525414301174,0
2114,2fZTS0VboxRpF0FdfY7E5P,conversations,juice wrld,0.7149700598802397,0.62055417700579,0.5663157894736841,0.1770561400731738,0.6844781407384568,0
2115,2fkVZYFv9hOejIsLzZy8ad,il cielo nella stanza feat nstasia,salmo nstasia,0.724550898203593,0.4954507857733664,0.2473684210526316,0.087216425291431,0.5337396235769261,1
2116,2fkeWbM6iqTw7oGHTYm2lw,4422,drake sampha,0.5497005988023953,0.2142266335814723,0.1663157894736842,0.5613648863959705,0.3940108464984673,2
2117,2fuCquhmrzHpu5xcA1ci9x,under pressure  remastered 2011,queen david bowie,0.6239520958083834,0.7136062861869313,0.4526315789473684,0.4315852312241359,0.4056070472010109,1
2118,2g6tReTlM2Akp41g0HaeXN,die hard,kendrick lamar blxst amanda reifer,0.7485029940119762,0.7384201819685691,0.3473684210526315,0.3209204089845872,0.3281156476157654,1
2119,2gMXnyrvIjhVBUZwvLZDMP,before you go,lewis capaldi,0.3700598802395211,0.5719602977667494,0.1589473684210526,0.6076429029688726,0.3939745705838608,2
2120,2gQPv5jvVPqU2a9HhMNO1v,toxic,boywithuke,0.5317365269461078,0.6102150537634409,0.6894736842105263,0.840039029671925,0.8035780143773541,2
2121,2gTdDMpNxIRFSiu7HutMCg,i think im okay with yungblud  travis barker,mgk yungblud travis barker,0.5724550898203594,0.7466914805624483,0.2578947368421053,0.0258477511404085,0.4425842961565668,1
2122,2gYj9lubBorOPIVWsTXugG,after like,ive,0.6347305389221558,0.9307278742762616,0.8073684210526316,0.103614939859655,0.473376501671715,0
2123,2gam98EZKrF9XuOkU13ApN,promiscuous,nelly furtado timbaland,0.7880239520958086,0.9803556658395368,0.88,0.0572363189028987,0.4087690977575439,0
2124,2gbCG4Rt9984UZ7Tc0dIFd,white christmas with shania twain,michael bubl shania twain,0.5724550898203594,0.4778742762613729,0.6421052631578947,0.47182698476579,0.1013186294959461,2
2125,2gbMPBrBVj3CuNTLp2dHYs,off the grid,kanye west,0.4742514970059881,0.6391645988420183,0.6294736842105263,0.044057144618007,0.5502451647228823,0
2126,2gkVEnpahpE3bQuvGuCpAV,yes or no,jung kook,0.6239520958083834,0.8449131513647643,0.8947368421052632,0.1800742715887978,0.2244693135992357,0
2127,2goHCrsDJaflEwQ930ef0o,massa,tyler the creator,0.6407185628742517,0.8614557485525227,0.4505263157894736,0.3309808473700007,0.6678577258629135,0
2128,2gpQi3hbcUAcEG8m2dlgfB,plan a,paulo londra,0.518562874251497,0.8397435897435898,0.5526315789473685,0.0497915944976927,0.7691521714157885,0
2129,2gqWRRCXnma9L8xQ1RdemQ,so done,the kid laroi,0.6814371257485031,0.5957402812241522,0.2852631578947368,0.2333945950314895,0.5796528394972158,1
2130,2grAr8pWMuLWn8ZYEE9wDV,never seen the rain,tones and i,0.4083832335329341,0.4540942928039702,0.303157894736842,0.4426517134480908,0.2484295551968271,2
2131,2gsNpSn7VvvJuSrIDfRoYy,kamikaze,eminem,0.754491017964072,0.8128618693134823,0.6421052631578947,0.1126693344065272,0.2011136705784194,0
2132,2gwkD6igEhQbDQegRCcdoB,suge,dababy,0.8694610778443116,0.6619106699751862,0.8547368421052631,0.06115988987321,0.1736830331501399,0
2133,2gxqozTaq2NYylvS8jd57G,into it,camila cabello,0.5017964071856288,0.6484698097601324,0.4305263157894736,0.4537181956720457,0.375165508860392,2
2134,2gyxAWHebV7xPYVxqoi86f,get him back,olivia rodrigo,0.4742514970059881,0.8521505376344086,0.7452631578947368,0.013574016310204,0.6972533086657116,0
2135,2gzhQaCTeNgxpeB2TPllyY,with you,jimin ha sung woon,0.4574850299401198,0.4179073614557485,0.1105263157894737,0.64285443731782,0.6238248115163936,2
2136,2h9TDNEXRhcDIV3fsoEVq9,what other people say,sam fischer demi lovato,0.6011976047904193,0.4654673283705541,0.2189473684210525,0.1589473509794294,0.4848034147727616,1
2137,2hDe0Ls5mVqs1XJqv7sbcM,ftbol  rumba feat enrique iglesias,anuel aa enrique iglesias,0.7005988023952097,0.924524400330852,0.6936842105263157,0.3993918283908127,0.7332329699695888,0
2138,2hHeGD57S0BcopfVcmehdl,hatihati di jalan,tulus,0.5904191616766469,0.4282464846980975,0.7610526315789473,0.7062351991459251,0.1526671866214426,2
2139,2hLu8L8SNfCN4yKyPdX0h3,thats what love is,justin bieber,0.5856287425149702,0.4292803970223325,0.7568421052631579,0.6961747607605115,0.6097799865779114,2
2140,2hfoyc7ve6xM4ZEiNIiU1B,gimme love,joji,0.3976047904191617,0.6298593879239041,0.0445263157894736,0.700198936114677,0.4828203314409398,2
2141,2hloaUoRonYssMuqLCBLTX,bloodline,ariana grande,0.7281437125748504,0.6650124069478909,0.6431578947368422,0.081984997331016,0.6363883699417772,0
2142,2hn2zOA2XFlv6DSmesylrL,quema,ryan castro peso pluma sog,0.7676646706586828,0.8997105045492143,0.9305263157894736,0.0512000558716506,0.3040526242601224,0
2143,2hnxrRNzF74mdDzpQZQukQ,theres no way feat julia michaels,lauv julia michaels,0.724550898203593,0.6236559139784946,0.36,0.4929539053751584,0.6064244644768106,2
2144,2hsA9YWuF3C9Gosi4dpjJN,negro,j balvin,0.7724550898203595,0.9193548387096776,0.8084210526315789,0.015787312754995,0.7095750276603849,0
2145,2hwOoMtWPtTSSn6WHV7Vp5,blue world,mac miller,0.7089820359281438,0.5492142266335815,0.5010526315789474,0.3913434776824818,0.2310352541430116,0
2146,2i8f4VnnBjy0yDqH2C452a,bad idea right,olivia rodrigo,0.5724550898203594,0.8852357320099256,0.8042105263157895,0.0019642704134368,0.503376683051288,0
2147,2iCDO8ePNuCvMiMFc0FQdA,alotta cake,gunna,0.8922155688622756,0.5388751033912325,0.5505263157894738,0.1820863592658805,0.4435335159221035,0
2148,2iGvsJuc2mC4mDVOVMNAP6,do it, kanye west ty dolla ign,0.8155688622754492,0.6908602150537634,0.6505263157894737,0.1911407538127527,0.3645608498237595,0
2149,2iL0W5qi0ivZ9WRXbZ74cS,we are the people feat bono  the edge  official uefa euro 2020 song,martin garrix bono the edge,0.6107784431137726,0.7353184449958644,0.2863157894736842,0.2494912964481511,0.4426568479857799,1
2150,2iUXsYOEPhVqEBwsqP70rE,youngblood,5 seconds of summer,0.5341317365269461,0.8604218362282878,0.1263157894736842,0.0169945653612446,0.4447185291325824,1
2151,2iVgM5C7m1G4CJGbms301G,copa vaca,shakira manuel turizo,0.7652694610778444,0.6484698097601324,0.5863157894736841,0.041139617486237,0.2616763100139661,0
2152,2ijef6ni2amuunRoKTlgww,sin pijama,becky g natti natasha,0.7676646706586828,0.7477253928866833,0.8294736842105263,0.3561319433335345,0.2859509428714804,0
2153,2isSdmQfVv32j2haL6hk9x,intro  persona,bts,0.3820359281437127,0.8769644334160464,0.6526315789473685,0.0279604432013453,0.2412590160762761,0
2154,2iwS33Jfev1QBiuhWVWZHY,im so tired,lauv troye sivan,0.5377245508982037,0.7353184449958644,0.528421052631579,0.1770561400731738,0.3355098882097231,1
2155,2ixi9HWJw5lnLDmRMsiCS5,voc beberia ou no beberia,z neto  cristiano,0.5233532934131737,0.7777088502894955,0.5905263157894737,0.5653890617501359,0.1764037267456272,2
2156,2j2fIJGh4PMdXt9ULI5Tlc,dura,daddy yankee,0.761676646706587,0.8521505376344086,0.8284210526315788,0.175044052396091,0.2919425147673202,0
2157,2j3GxEsbNYNeEzz86wDY4J,love is a game,adele,0.1425149700598803,0.5885028949545078,0.2063157894736842,0.4557302833491284,0.8287534991142631,2
2158,2j8E9m3kDHfxFnGhN4fXaC,il bene nel male,madame,0.8131736526946108,0.7043010752688171,0.6136842105263157,0.2273583320002414,0.4370764031221471,0
2159,2jTujnt0y344ai1rNOywgr,kmt,drake giggs,0.8682634730538924,0.597808105872622,0.0616842105263157,0.0190066530383273,0.4429833312172382,1
2160,2jYmK1cb3Uya6FFsocdpzO,why,sabrina carpenter,0.621556886227545,0.5574855252274608,0.6021052631578947,0.1579413071408881,0.8060870984709703,0
2161,2jrAaawDRCn1JjeouxAyDN,had enough feat quavo  offset,don toliver offset quavo,0.7161676646706588,0.7932175351530191,0.6726315789473685,0.2635759101877301,0.6120895531411918,0
2162,2jt2WxXMCD4zjACthkJQVE,the ringer,eminem,0.9449101796407186,0.5471464019851118,0.4084210526315789,0.0312803878685318,0.4343073416405178,1
2163,2jyjhRf6DVbMPU5zxagN2h,let her go,passenger,0.4299401197604792,0.5337055417700579,0.223157894736842,0.3873193023283164,0.1715306622168211,2
2164,2kAIpGWnlFLQh48iut6Zzq,free spirit,khalid,0.5712574850299402,0.4385856079404466,0.0821052631578947,0.3098539267606323,0.5639453684726026,1
2165,2kJRlOyrxsy7Ot3c5TZ8Q6,meu pedao de pecado,joo gomes,0.6203592814371259,0.8945409429280398,0.9210526315789472,0.3712226009116548,0.6360497947387831,0
2166,2kJu14V7hbZw3I4K8L8SXb,stupid love,lady gaga,0.6299401197604793,0.8200992555831266,0.8042105263157895,0.0014612484941661,0.4308067158809908,0
2167,2kJwzbxV2ppxnQoYw4GLBZ,if the world was ending feat julia michaels,jp saxe julia michaels,0.3760479041916168,0.466501240694789,0.6021052631578947,0.871226388666707,0.1758354040834587,2
2168,2kS6td1yvmpNgZTt1q5pQq,hayloft,mother mother,0.4514970059880241,0.9307278742762616,0.4821052631578947,0.0047711327229672,0.2978071209620371,1
2169,2kVHAQKVtczchKctctzbtK,swish swish,katy perry nicki minaj,0.821556886227545,0.717741935483871,0.528421052631579,0.0197108837253062,0.4426870779146186,0
2170,2kkcJ8tSDV42LdWcPjy6We,wieder lila,samra capital bra,0.6059880239520959,0.7590984284532672,0.6452631578947369,0.437621494255384,0.7334566714429955,0
2171,2koUj1Fn5TKFEkChSmBPIb,heaven on earth,kid cudi,0.761676646706587,0.6081472291149711,0.2063157894736842,0.3812830392970683,0.5037394421973531,1
2172,2ksOAxtIxY8yElEWw8RhgK,china,anuel aa daddy yankee karol g j balvin ozuna,0.761676646706587,0.8128618693134823,0.6073684210526316,0.0851037332304941,0.3525353841317057,0
2173,2ksyzVfU0WJoBpu8otr4pz,metamorphosis,interworld,0.5305389221556887,0.6401985111662531,0.1210526315789473,0.4285670997085118,0.7756757900591904,1
2174,2ktoFujjJtantyMoVdBJlX,pa olvidarte feat manuel turizo  remix,chocquibtown zion  lennox farruko manuel turizo,0.6874251497005989,0.7952853598014888,0.8673684210526316,0.0443589577695694,0.7817036378696365,0
2175,2ktxr00GpTtbMNeBjNeY8D,who needs love,trippie redd,0.8383233532934132,0.5109594706368901,0.8863157894736842,0.7676038732969477,0.3763323841135678,2
2176,2kz1YOhJiNubjigR1gB1VX,diluvio,rauw alejandro,0.8323353293413175,0.7994210090984285,0.6831578947368422,0.3450654611095797,0.2917248592796812,0
2177,2l2UsmkfgmRC6fIDwwsiNM,ronin,bushido animus,0.3461077844311377,0.901778329197684,0.6926315789473684,0.0378196728190506,0.2256785107527857,0
2178,2lAyctg5FocS67eksHoyIg,quem me dera,mrcia fellipe jerry smith,0.7964071856287426,0.7249793217535153,0.9094736842105264,0.1156874659221513,0.6239457312317487,0
2179,2lCkncy6bIB0LTMT7kvrD1,azul,j balvin,0.8299401197604791,0.8418114143920595,0.6505263157894737,0.0820856017148701,0.2859751268145514,0
2180,2lYTJK94hb0fd1LQtb6Dhk,dont leave me alone feat annemarie,david guetta annemarie,0.6095808383233534,0.7404880066170388,0.4726315789473684,0.1187055974377753,0.4911275158858276,1
2181,2lYjH3ZbCrW7CHmSRvVCN3,mine,bazzi,0.6814371257485031,0.8076923076923078,0.7157894736842105,0.0148818733003078,0.5819140381743542,0
2182,2leIuE4fdcJoNMSKu5Yr7a,staring at the sun feat sza,post malone sza,0.6874251497005989,0.7756410256410257,0.331578947368421,0.2494912964481511,0.2923596877852949,1
2183,2lmWwBLVJ2P0HX491zkYws,mbappe,eladio carrion,0.6730538922155689,0.6846567411083541,0.5063157894736843,0.5513044480105569,0.5037515341688887,2
2184,2m2ZGfJcs3lHWNPzhWH3XH,la modelo,ozuna cardi b,0.8047904191616767,0.7456575682382134,0.7873684210526316,0.2142797620992038,0.3100804720705687,0
2185,2m6Ko3CY1qXNNja8AlugNc,angel baby,troye sivan,0.4898203592814373,0.555417700578991,0.3221052631578948,0.0145800601487453,0.1558655130925821,1
2186,2mL37yB3f3Lfy4iiXV02Qf,el incomprendido,farruko victor cardenas dj adoni,0.7233532934131738,0.8469809760132341,0.5357894736842106,0.1136753782450686,0.4915446889038024,0
2187,2mM3gZ0BbPwPPMelbA8vgt,no te enamores  remix,milly farruko nio garcia jay wheeler amenazzy,0.807185628742515,0.8428453267162944,0.5768421052631578,0.5764555439740906,0.3222691793783517,0
2188,2mNbgyi0gori4b1rFSPgIb,sober,lorde,0.7724550898203595,0.4820099255583126,0.5221052631578947,0.2012011921981662,0.3689018676050036,0
2189,2mYDDUkBcgFNBqkWctyyuc,overdue with travis scott,metro boomin travis scott,0.584431137724551,0.391025641025641,0.4873684210526315,0.737422558140707,0.6252456181718149,2
2190,2mb6YdoavL6db22p7XKJQZ,burning,sam smith,0.5760479041916169,0.2090570719602977,0.3505263157894737,0.8903412215989926,0.2431574556073495,2
2191,2mdEsXPu8ZmkHRRtAdC09e,cinnamon girl,lana del rey,0.1724550898203593,0.325889164598842,0.1084210526315789,0.8189121090625565,0.2724502566520958,2
2192,2meHtZ7N97pJfvTL4hYtfv,insane,post malone,0.5928143712574852,0.6712158808933003,0.3505263157894737,0.0600532416508145,0.2166155780869292,1
2193,2mfUa8bLs2s5N4VaqJZ4lZ,most girls,hailee steinfeld,0.724550898203593,0.5667907361455748,0.3936842105263157,0.041843848173216,0.3402257571085678,1
2194,2mnXxnrX5vCGolNkaFvVeM,la jumpa,arcngel bad bunny,0.8826347305389223,0.2193961952026468,0.1736842105263157,0.1116632905679858,0.5641025641025641,1
2195,2mqTtvbKxH7SoEQ2oGAnsA,church girl,beyonc,0.7688622754491019,0.9276261373035568,0.1978947368421052,0.0383226947383213,0.27394361513673,1
2196,2mt1IqcFyY1zmYZT8Q3xw9,hot girl bummer,blackbear,0.7568862275449103,0.555417700578991,0.6873684210526316,0.1257479043075648,0.5034734188235721,0
2197,2mvabkN1i2gLnGAPUVdwek,christmas tree farm,taylor swift,0.5365269461077845,0.6805210918114145,0.4263157894736842,0.0603550548023769,0.5277178217522476,1
2198,2n7Ao4nyESBa5ti8gcAbBt,damaged,kid cudi,0.5688622754491018,0.5781637717121588,0.2473684210526316,0.5563346672032637,0.576315455353418,2
2199,2n7ohqg1s68ToAHh4u9mcW,vete,bad bunny,0.8814371257485031,0.6722497932175352,0.52,0.0365118158289468,0.2736292238768069,0
2200,2nC3QhMI9reBIOWutbU3Tj,moral of the story,ashe,0.5053892215568863,0.3972291149710504,0.2452631578947368,0.5905401577136696,0.4419252837078821,2
2201,2nG54Y4a3sH9YpfxMolOyi,shy away,twenty one pilots,0.5245508982035929,0.8624896608767577,0.6347368421052632,0.0008153683498226,0.3037986928578769,0
2202,2nKYHpmwjLaEOXS3o7QMiz,baby,quality control lil baby dababy,0.9820359281437128,0.45616211745244,0.4505263157894736,0.0962708198383032,0.3705282377765282,1
2203,2nLtzopw4rPReszdYBJU6h,numb,linkin park,0.41437125748503,0.869727047146402,0.2221052631578947,0.004620226147186,0.3827108990985435,1
2204,2nMOodYNHBAQ3Kc1QNimZU,cool,dua lipa,0.3820359281437127,0.7890818858560794,0.7978947368421053,0.1337962550158956,0.2599834339989963,0
2205,2nMeu6UenVvwUktBCpLMK9,young and beautiful,lana del rey,0.2083832335329341,0.4075682382133994,0.1252631578947368,0.2635759101877301,0.4067013706249735,1
2206,2nNGV59DJJwk7D5ImGf6uc,donuts,gzuz,0.7568862275449103,0.7136062861869313,0.5684210526315789,0.092447853251846,0.5701545958560812,0
2207,2nUJvBO87SkxCViQsLc9Zr,mans not hot,big shaq,0.8922155688622756,0.8924731182795699,0.6326315789473684,0.1106572467294445,0.5335884739327323,0
2208,2nYwV62UABTH0NanrwVIdQ,perplexing pegasus  from sr3mm,rae sremmurd swae lee slim jxmmi,0.894610778443114,0.4406534325889164,0.2989473684210526,0.0007218062728382,0.6000822254064415,1
2209,2nZj5YymF54qhAu7RneVP6,corao na cama  ao vivo,hugo  guilherme,0.7353293413173654,0.7983870967741936,0.7252631578947368,0.6669994894428124,0.3826806691697048,0
2210,2naEVOadudtXHwtZNfjMDM,forever young,blackpink,0.5293413173652696,0.9710504549214226,0.5010526315789474,0.0425480788601949,0.3815500698311355,1
2211,2nibvvDdAQkVraYP00z2RS,calling for you feat 21 savage,drake 21 savage,0.5041916167664671,0.5461124896608769,0.0757894736842105,0.0551236268419618,0.4487874775542779,1
2212,2nqio0SfWg6gh2eCtfuMa5,fifteen taylors version,taylor swift,0.4898203592814373,0.6453680727874277,0.2705263157894736,0.1166935097606926,0.2947297142062526,1
2213,2nqwxzn7svkN30dVGbXdWf,my blood,twenty one pilots,0.7173652694610779,0.7249793217535153,0.6757894736842106,0.0566326925997739,0.3765500396012067,0
2214,2nvmHDiEWXRzS6FUDzUhVL,wer macht para 2,dardan eno,0.7317365269461079,0.967948717948718,0.9336842105263158,0.1217237289533994,0.6237220297583419,0
2215,2nx0EIlIKMnMgWnj40O0HQ,freedom,kygo zak abel,0.4335329341317366,0.6339950372208437,0.3663157894736841,0.1277599919846475,0.3922514646400523,1
2216,2o1pb13quMReXZqE7jWsgq,intro end of the world,ariana grande,0.4203592814371258,0.3631100082712986,0.3663157894736841,0.6750478401511433,0.2295298036868421,2
2217,2o9LAypwGH4ctV0i9boo6d,come around me,justin bieber,0.5964071856287426,0.6815550041356494,0.7736842105263158,0.2645819540262715,0.672452675046403,0
2218,2oBMZYteeO8DyXV9gDx6Za,feel my rhythm,red velvet,0.3137724550898203,0.9493382961124897,0.411578947368421,0.0651840652273754,0.6725917327190611,1
2219,2oHDJHNondITqbl8xZ9vPn,bigger than life,lil uzi vert wanmor,0.7497005988023954,0.7549627791563276,0.72,0.3269566720158353,0.5640602422021899,0
2220,2oUuLLKS8WbF7ELJcwbqms,look at me,xxxtentacion,0.6922155688622755,0.7373862696443342,0.2031578947368421,0.0432523095471739,0.5587095447977315,1
2221,2oUwMN5VfdGX10XeQJLBBi,clash feat stormzy,dave stormzy,0.8634730538922156,0.5140612076095947,0.5263157894736843,0.3148841459533391,0.5640602422021899,0
2222,2oe6dDthgthqUkfL3czpEd,alone part 3,xxxtentacion,0.5508982035928145,0.2442100909842845,0.1389473684210526,0.8883291339219099,0.4858675082678855,2
2223,2of5xn0GU0TdFneR1saRLH,to the max feat drake,dj khaled drake,0.3724550898203593,0.8169975186104219,0.7242105263157894,0.0185036311190566,0.6841093356066239,0
2224,2oiixB9QMIzhWaHGVlQx4g,yandel 150,yandel feid,0.7580838323353295,0.7311827956989247,0.5768421052631578,0.0494897813461303,0.7330757743396272,0
2225,2ookQf9qP2qiBuNFnNXyfl,chega e senta  ao vivo,john amplificado,0.5485029940119761,0.6939619520264682,0.2905263157894736,0.2676000855418955,0.5028083603891196,1
2226,2p8IUWQDrpjuFltbdgLOag,after hours,the weeknd,0.6155688622754493,0.5688585607940446,0.1168421052631578,0.0815825797955994,0.3763082001704967,1
2227,2pIUpMhHL6L9Z5lnKxJJr9,attention,newjeans,0.791616766467066,0.6474358974358975,0.6978947368421052,0.2374187703856549,0.3522995906867635,0
2228,2pJZ1v8HezrAoZ0Fhzby92,what do i know,ed sheeran,0.8239520958083834,0.4861455748552523,0.9084210526315788,0.2525094279637752,0.4133882308841045,0
2229,2pPO9YecZimmuVQfIzfV6U,wasted love feat lagique,ofenbach lagique,0.6994011976047905,0.8614557485525227,0.5347368421052632,0.0825886236341408,0.4548818312081693,0
2230,2pWOMNQJW3g2zmGjP0Vkb0,whine up,nicky jam anuel aa,0.7988023952095809,0.6650124069478909,0.6631578947368422,0.055224231225816,0.3521121651279632,0
2231,2pXpURmn6zC5ZYDMms6fwa,its beginning to look a lot like christmas with mitchell ayres  his orchestra,perry como the fontane sisters mitchell ayres  his orchestra,0.6874251497005989,0.2628205128205128,0.7221052631578947,0.7645857417813235,0.3999782344512361,2
2232,2pfio0uHpT4USTPBNeTIWo,berlin lebt wie nie zuvor,capital bra samra,0.6035928143712577,0.7859801488833748,0.6347368421052632,0.1991891045210835,0.8040133253526323,0
2233,2plLJpUcYPFrl1sW2pMG63,lights up,harry styles,0.5209580838323353,0.6184863523573201,0.2621052631578947,0.0428498920117573,0.3338653800808952,1
2234,2plRom0urixt6BE8t7kOhQ,girl from rio,anitta,0.6491017964071857,0.6381306865177834,0.7378947368421053,0.0073063631960914,0.5643383575475063,0
2235,2pn8dNVSpYnAtlKFC8Q0DJ,on the ground,ros,0.192814371257485,0.6050454921422663,0.2673684210526316,0.0174975872805153,0.85842115127661,1
2236,2pnPe4pJtq7689i5ydzvJJ,run rudolph run,chuck berry,0.635928143712575,0.7167080231596361,0.9736842105263156,0.816900021385474,0.6373315437215461,0
2237,2poOAWEj1CStqTVPgIHZ8s,try me,the weeknd,0.42874251497006,0.6650124069478909,0.0968421052631579,0.6327939989324064,0.2737561895779297,2
2238,2prnn41CblB8B4yWACDljP,love tonight david guetta remix edit,shouse david guetta,0.5640718562874253,1.0,0.0029473684210526,0.015083082068016,0.4793499356102516,1
2239,2pzuU8vLaG8W1P31X65ZP9,voices in my headstick to the plan,big sean,0.3856287425149701,0.5368072787427627,0.1010526315789473,0.1418446057242264,0.5949370915180865,1
2240,2q6tgiA9tpb6DMguABwCWE,all of me,john legend,0.325748502994012,0.2504135649296939,0.3147368421052632,0.9275648436250228,0.4426387100284766,2
2241,2qEoAz0i6yEz5dPggABcLH,una vaina loca,fuego manuel turizo duki,0.791616766467066,0.5854011579818031,0.548421052631579,0.1287660358231888,0.364597125738366,0
2242,2qG5sZ7Si6sdK74qLxedYM,con altura,rosala j balvin el guincho,0.8766467065868265,0.6898263027295285,0.751578947368421,0.3923495215210232,0.3098265406683232,0
2243,2qG81jL9UIP54uS8gYyP4k,who,lauv bts,0.5772455089820361,0.3279569892473118,0.0683157894736842,0.5492923603334742,0.5739091530178537,2
2244,2qRN7PWiHRLprw4FpDeI9N,nothing on you feat paulo londra  dave,ed sheeran paulo londra dave,0.7149700598802397,0.6484698097601324,0.8505263157894737,0.3350050227241661,0.2496568903076801,0
2245,2qT1uLXPVPzGgFOx4jtEuo,no tears left to cry,ariana grande,0.6574850299401198,0.7146401985111662,0.3389473684210525,0.0402341780315498,0.4551115786673438,1
2246,2qcG0nZ6S3zZV0UrkY5nFo,drip feat migos,cardi b migos,0.9796407185628744,0.586435070306038,0.2484210526315789,0.0514012646393588,0.5034794648093399,1
2247,2qkNnJvQvhLiZ63X1L3eFz,notificao preferida  ao vivo,z neto  cristiano,0.2970059880239521,0.8438792390405293,0.183157894736842,0.7826945308750679,0.6607657845573431,2
2248,2qmG7dokbGpDGD0T5wORWt,balano da rede,matheus fernandes xand avio,0.7353293413173654,0.8004549214226634,0.9389473684210526,0.1941588853283768,0.5644169553624871,0
2249,2qqZ5fOGuNvYVzgPFDLQ4l,marys boy child  oh my lord,boney m,0.7556886227544911,0.7198097601323408,0.94,0.2796726116043918,0.3979709671763432,0
2250,2qsQ8eVDPmobZpvDxQCVQu,barbie tingz,nicki minaj,0.9185628742514972,0.6794871794871795,0.4431578947368421,0.087216425291431,0.3369488328224475,0
2251,2quVkyLSVr5wX2QIhnexUt,already dead,juice wrld,0.7113772455089822,0.4892473118279569,0.1010526315789473,0.0217229714023889,0.2224439083670397,1
2252,2qxmye6gAegTMjLKEBoR3d,let me down slowly,alec benjamin,0.6011976047904193,0.5533498759305212,0.4747368421052631,0.7444648650104966,0.6248828590257498,2
2253,2qzUpSVI4NnPyWxbXwumTj,black parade,beyonc,0.807185628742515,0.5512820512820513,0.0306315789473684,0.0033827922257801,0.4430740210037545,1
2254,2r4JRwcbIeuAzWjH4YXlLs,yikes,kanye west,0.6299401197604793,0.7808105872622002,0.2042105263157894,0.1458687810783918,0.7691279874727177,1
2255,2r6OAV3WsYtXuXjvJ1lIDi,hello feat a boogie wit da hoodie,pop smoke a boogie wit da hoodie,0.9041916167664672,0.6464019851116626,0.3526315789473684,0.018805444270619,0.5093863929044311,1
2256,2r77vqSZkOktTSgmAOoHsV,chica paranormal,paulo londra,0.8263473053892217,0.5936724565756824,0.7136842105263157,0.2172978936148279,0.5636007472838409,0
2257,2r9CbjYgFhtAmcFv1cSquB,i almost do taylors version,taylor swift,0.4323353293413174,0.555417700578991,0.2273684210526315,0.0167933565935363,0.5995320407015761,1
2258,2r9gIpt17PhZv0y2nCpFHC,2cb,raf camora luciano,0.8011976047904192,0.7239454094292804,0.3368421052631578,0.4587484148647525,0.4735397432874442,1
2259,2rCbl9naJYhaxjLsfx88uM,pareja del ao,sebastian yatra myke towers,0.6766467065868265,0.62055417700579,0.8168421052631579,0.1639775701721362,0.2013131881087552,0
2260,2rDZhKnPaPG054ExZ6nXUS,jordan,ryan castro,0.7736526946107786,0.6805210918114145,0.7136842105263157,0.0578399452060235,0.8053555341930725,0
2261,2rE9TX3VQ0WNt7kziFhKep,homemade dynamite feat khalid post malone  sza  remix,lorde khalid post malone sza,0.4694610778443114,0.5461124896608769,0.1473684210526315,0.2625698663491888,0.3610481320926971,1
2262,2rFsFjq0D9JAmc0APpCO6P,blastoff feat juice wrld,internet money trippie redd diplo juice wrld,0.7317365269461079,0.511993382961125,0.4505263157894736,0.1146814220836099,0.6118174837816432,1
2263,2rOnSn2piaqLAlYjtfUBlY,raataan lambiyan from shershaah,tanishk bagchi jubin nautiyal asees kaur,0.6826347305389222,0.6288254755996692,0.5052631578947369,0.6187093851928275,0.2073228979618981,2
2264,2rPE9A1vEgShuZxxzR2tZH,thank u next,ariana grande,0.6874251497005989,0.6464019851116626,0.4242105263157895,0.2816846992814745,0.3642222746207654,1
2265,2rPHUAeUPbNgTmK18FPTiZ,go feat juice wrld,the kid laroi juice wrld,0.4035928143712576,0.7425558312655087,0.5157894736842106,0.1579413071408881,0.1636104208610692,1
2266,2rRJrJEo19S2J82BDsQ3F7,falling,trevor daniel,0.7592814371257487,0.4220430107526881,0.2147368421052631,0.1237358166304821,0.4859098301682598,1
2267,2rUwQj4SWaP2anuGDtNpYR,selfmade,bryson tiller,0.9365269461077846,0.7032671629445822,0.5273684210526316,0.0030507977590614,0.5821256476762253,0
2268,2rYyq0b3XWwmWl0k727OVG,nuh ready nuh ready feat partynextdoor,calvin harris partynextdoor,0.7233532934131738,0.78287841191067,0.3978947368421052,0.0633731863180009,0.4188961239185243,1
2269,2rb5MvYT7ZIxbKW5hfcHx8,mi gente,j balvin willy william,0.4706586826347306,0.6774193548387097,0.2757894736842105,0.0148818733003078,0.3451713734665868,1
2270,2rbDhOo9Fh61Bbu23T2qCk,always remember us this way,lady gaga,0.4826347305389222,0.4964846980976012,0.2778947368421052,0.3007995322137601,0.503376683051288,1
2271,2rc7BkzO8qepMFAxHtOrXc,blanco,j balvin,0.8622754491017964,0.7074028122415219,0.5905263157894737,0.0254453336049919,0.3222208114922097,0
2272,2rgOAX5Cj3pk8JFnaPwJbd,stai zitto feat fabri fibra,salmo fabri fibra,0.6646706586826348,0.8004549214226634,0.923157894736842,0.0922466444841378,0.3233272268877079,0
2273,2rizacJSyD9S1IQUxUxnsK,all we know,the chainsmokers phoebe ryan,0.6131736526946109,0.5833333333333334,0.2778947368421052,0.0975786768284069,0.2616823559997339,1
2274,2rjjNUYONZqC7wSd1i6OFq,good as hell feat ariana grande,lizzo ariana grande,0.6203592814371259,0.8997105045492143,0.4694736842105262,0.2997934883752188,0.2975169136451853,0
2275,2rkb8ijsPapKDMEh0cSe8I,my kind of present,meghan trainor,0.4011976047904192,0.4365177832919768,0.7842105263157895,0.3752467762658202,0.8056215575668537,0
2276,2rozzUGTRWqhTa2NzJAl8I,like home feat alicia keys,eminem alicia keys,0.7520958083832336,0.7870140612076096,0.2663157894736842,0.2595517348335647,0.3820639786213943,1
2277,2rurDawMfoKP4uHyb2kJBt,te felicito,shakira rauw alejandro,0.6526946107784432,0.6350289495450786,0.571578947368421,0.2354066827085722,0.7703915984981771,0
2278,2rxxXYtTIFKyrhJpofeoIX,valla nein feat luciano,kc rebell summer cem luciano,0.7317365269461079,0.6567411083540117,0.5863157894736841,0.1146814220836099,0.539247516611346,0
2279,2s76aKBWKShlwPC4xTtEEE,wake up where you are,state of sound,0.665868263473054,0.6743176178660051,0.54,0.1106572467294445,0.4065199910519411,0
2280,2sGF7DBXvL2GjkbG606m1G,no judgement,niall horan,0.6862275449101797,0.72808105872622,0.9789473684210526,0.056733296983628,0.3224505589513842,0
2281,2sOj9vyd6yiss9W1IK6chU,god did feat rick ross lil wayne jayz john legend  fridayy,dj khaled rick ross lil wayne jayz john legend fridayy,0.3233532934131737,0.7270471464019851,0.1621052631578947,0.0925484576357002,0.1887738136264427,1
2282,2sQH02O2HBCPJCztBrCWNa,3435 remix feat doja cat megan thee stallion  remix,ariana grande doja cat megan thee stallion,0.6095808383233534,0.6619106699751862,0.7073684210526315,0.2122676744221211,0.3823420939667107,0
2283,2sTDlCxmuZCTDKKk9f1qus,where she goes,bad bunny,0.6000000000000001,0.8035566583953682,0.2010526315789473,0.1438566934013091,0.588117219572065,1
2284,2sXf2JdbB2GlNju00kw9WE,skate,bruno mars anderson paak silk sonic,0.6682634730538923,0.5957402812241522,0.7010526315789473,0.0372160465159258,0.3948572845059523,0
2285,2sYFUcurlISdHlAsnYCEgD,me leva pra casa  escrito nas estrelas  saudade  ao vivo,lauana prado,0.5736526946107785,0.8097601323407776,0.5863157894736841,0.243455033416903,0.4674937575196947,0
2286,2sfZgYusD8bBvB7qWekvSx,i know,post malone,0.6179640718562875,0.6009098428453268,0.2421052631578947,0.4999962122449479,0.3399174118344125,2
2287,2slqvGLwzZZYsT4K4Y1GBC,only the young  featured in miss americana,taylor swift,0.4910179640718565,0.783912324234905,0.6,0.0024471714559366,0.2829400419591413,0
2288,2sqsNXfN0HtgDEgaHXiUTa,wont be late feat drake,swae lee drake,0.9161676646706588,0.5854011579818031,0.3126315789473683,0.0828904367857032,0.4668589290140811,1
2289,2t16D9V5FmmRAJjsSpwvZf,when i rip,labrinth,0.3197604790419162,0.5471464019851118,0.4336842105263158,0.734404426625083,0.2472566339578837,2
2290,2t8yVaLvJ0RenpXUIAC52d,a lot,21 savage,0.8227544910179642,0.6350289495450786,0.2547368421052631,0.0397311561122792,0.6000882713922091,1
2291,2tB9OFgAHjAds3cqquLlvp,loved by you feat burna boy,justin bieber burna boy,0.7664670658682636,0.7260132340777502,0.6421052631578947,0.0700130756523739,0.3284300388756885,0
2292,2tFwfmceQa1Y6nRPhYbEtC,cmo se siente  remix,jhayco bad bunny,0.7868263473053894,0.6040115798180314,0.2863157894736842,0.0951641716159077,0.2797477614737695,1
2293,2tGENA8xef0wABdHvyXwv9,la cama remix,lunay ozuna myke towers chencho corleone rauw alejandro,0.702994011976048,0.8376757650951199,0.8768421052631579,0.120717685114858,0.7694605166899438,0
2294,2tGvwE8GcFKwNdAXMnlbfl,happier,olivia rodrigo,0.2934131736526947,0.4354838709677419,0.3221052631578948,0.7696159609740304,0.738855736733596,2
2295,2tOOcDDYkh0PSjr6GwPEAJ,love me less feat quinn xcii,max quinn xcii,0.6970059880239522,0.8624896608767577,0.7778947368421053,0.0832928543211197,0.5944171367420601,0
2296,2tPcTFiQF9MbVUyjZ3zDhA,paramedic,sob x rbe,0.8455089820359282,0.6515715467328371,0.4621052631578947,0.1780621839117151,0.3041070381320321,0
2297,2tTmW7RDtMQtBk7m2rYeSw,quevedo bzrp music sessions vol 52,bizarrap quevedo,0.5640718562874253,0.7859801488833748,0.5452631578947369,0.0125679724716626,0.4916293327045507,0
2298,2tUL6dZf1mywCj5WvCPZw6,no friends in the industry,drake,0.8263473053892217,0.7466914805624483,0.1463157894736842,0.0182018179674942,0.2238163471363187,1
2299,2tdq0CeAGSfhI2l4Gwkvgx,best of me,bts,0.6000000000000001,0.7590984284532672,0.4642105263157894,0.029972530878428,0.454912061137008,1
2300,2tnVG71enUj33Ic2nFN6kZ,ride it,regard,0.8742514970059881,0.7539288668320927,0.8968421052631579,0.1780621839117151,0.430655566236797,0
2301,2tnlNVAhuQGgoFJxALVeXx,uptown vibes feat fabolous  anuel aa,meek mill anuel aa fabolous,0.6047904191616768,0.8407775020678246,0.1399999999999999,0.0461698366789438,0.2679399512693547,1
2302,2toVe5hfuIi97ytDPDbQFt,taste feat offset,tyga offset,0.8574850299401199,0.6112489660876758,0.3442105263157894,0.0294695089591574,0.3100562881274978,1
2303,2tpWsVSb9UEmDRxAl1zhX1,counting stars,onerepublic,0.6155688622754493,0.706368899917287,0.4684210526315789,0.0657876915305002,0.4552506363400021,1
2304,2tzgSUZOUKopYbRqQOVT8X,massaging me,future,0.917365269461078,0.445822994210091,0.1263157894736842,0.00018256677538,0.594253895126331,1
2305,2u3EyuCqqV31woqGvO9LBz,sum 2 prove,lil baby,0.8059880239520959,0.5481803143093467,0.4063157894736842,0.0174975872805153,0.4674756195623915,1
2306,2u6Jm2klS4yvAlbSHlxUwI,alane,robin schulz wes,0.5161676646706588,0.8035566583953682,0.6631578947368422,0.0421456613247784,0.4672579640747525,0
2307,2u7mxWSeoqTXndK5e08jMp,nowadays feat landon cube,lil skies landon cube,0.7125748502994013,0.6453680727874277,0.4505263157894736,0.1579413071408881,0.2011801764218646,1
2308,2u8AXJyk8pICzj2wyPBL0b,2002,sido apache 207,0.6071856287425151,0.6918941273779983,0.4852631578947368,0.2142797620992038,0.6855422342335806,1
2309,2uBhGx3m5iJrtsql8Qk00j,levitate,twenty one pilots,0.658682634730539,0.9431348221670804,0.2021052631578947,0.0862103814528896,0.2796570716872532,1
2310,2uFaJJtFpPDc5Pa95XzTvg,let it snow let it snow let it snow,dean martin,0.3604790419161677,0.2255996691480562,0.7042105263157894,0.9175044052396092,0.5277601436526218,2
2311,2uIX8YMNjGMD7441kqyyNU,ocean eyes,billie eilish,0.3892215568862276,0.3600082712985938,0.131578947368421,0.8239423282552634,0.5931716636739037,2
2312,2uMTscYuCT3BZ0OCzH3MwN,if im lyin im flyin,kodak black,0.6766467065868265,0.6153846153846154,0.2705263157894736,0.100596808344031,0.7822900984891084,1
2313,2uSLx5uwRIhiA3sJJraNqX,help me out with julia michaels,maroon 5 julia michaels,0.9437125748502996,0.5450785773366419,0.5136842105263159,0.4818874231512035,0.4130496556811106,0
2314,2uflssWlCaJ6CbTMOsUpNI,aguacero,bad bunny,0.8514970059880241,0.6443341604631928,0.6694736842105263,0.4255489681928878,0.4514718952351587,0
2315,2ufmtcIFdFpuUYBPXK5f67,graveyard,halsey,0.6191616766467067,0.5802315963606286,0.163157894736842,0.2323885511929481,0.2740343049232462,1
2316,2uhw2oYbugGJbn10wipNX5,novidade na rea,mc livinho dj matt d,0.5688622754491018,0.3289909015715467,0.3452631578947368,0.7676038732969477,0.5049184094220642,2
2317,2uiOyiRxtNix52dpeaDQPM,mean it,lauv lany,0.7137724550898205,0.4427212572373862,0.3199999999999999,0.0409384087185288,0.2979461786346954,1
2318,2uky0VCI2EZni0nArOPznM,paulo londra bzrp music sessions vol 23,bizarrap paulo londra,0.3664670658682636,0.9183209263854426,0.3126315789473683,0.257539647156482,0.2975169136451853,1
2319,2usxQITOSDqvkYiI0oIwao,you should be sad,halsey,0.5281437125748504,0.5822994210090984,0.3073684210526316,0.1438566934013091,0.3882852979764086,1
2320,2ut4BOQSqxLpcX5MtPjzYa,evil ways feat j cole,drake j cole,0.4910179640718565,0.7880479735318445,0.2294736842105263,0.0510994514877964,0.1901039304953476,1
2321,2uu2aGqA2UblCg581Q7l1g,caramelo  remix,ozuna karol g myke towers,0.7233532934131738,0.8004549214226634,0.6189473684210526,0.0623671424794596,0.733541315243744,0
2322,2v5JTeM6hSmi5wWy7jiwrI,ive been waiting w ilovemakonnen  fall out boy,lil peep ilovemakonnen fall out boy,0.7077844311377246,0.8511166253101737,0.9410526315789474,0.1508990002710986,0.5031529815778812,0
2323,2vBET2pmrQqafaS6zIaYta,girl like me,black eyed peas shakira,0.9748502994011976,0.4799421009098428,0.3010526315789473,0.019509674957598,0.4675965392777465,1
2324,2vHzOWRKYPLu8umRPIFuOq,stefania kalush orchestra,kalush kalush orchestra,0.8167664670658683,0.8221670802315963,0.3073684210526316,0.1458687810783918,0.3522814527294602,1
2325,2vPMoMDXxu9uX1igWZmXSG,new romantics taylors version,taylor swift,0.6000000000000001,0.8614557485525227,0.7010526315789473,0.0068335225919769,0.455032980852363,0
2326,2vQwlW8H1jFveGNXwZfJCV,dead inside interlude,xxxtentacion,0.3724550898203593,0.0063068651778329,0.3389473684210525,0.9788730793906316,0.2519362269421217,2
2327,2vXKRlJBXyOcvZYTdNeckS,lost in the fire feat the weeknd,gesaffelstein the weeknd,0.6083832335329342,0.6712158808933003,0.1410526315789473,0.0938563146258039,0.3279826359288749,1
2328,2ve0kuaWUCt4Zx8x4bf1MR,wonderland taylors version,taylor swift,0.3736526946107785,0.7094706368899917,0.3210526315789473,0.0093788135034866,0.8288623268580826,1
2329,2ve5NyzWHUbIYxL33goCX7,wow,post malone,0.8131736526946108,0.5347394540942929,0.3747368421052631,0.1368143865315197,0.321900374246519,1
2330,2vgUijXOTRMnWXDtvgMp2b,take my breath,the weeknd,0.6562874251497006,0.772539288668321,0.3389473684210525,0.012869785623225,0.4492288345153235,1
2331,2vmfvSoZBFAt9hhRoEByLi,volv,aventura bad bunny,0.6886227544910181,0.8666253101736973,0.7989473684210526,0.4245429243543465,0.7810083495063453,0
2332,2vrpcQNg6itmgVZWsNjWe0,un ao,sebastian yatra reik,0.7461077844311379,0.3682795698924731,0.5063157894736843,0.1408385618856851,0.291585801607023,1
2333,2vs5ubqg8QUbfyWZpMfvWe,astronauts,future juice wrld,0.6970059880239522,0.5833333333333334,0.7347368421052631,0.0404353867992581,0.1799406284197607,0
2334,2vsuel3g4zaLYSOY0mOMbi,bad luck,khalid,0.3377245508982036,0.5150951199338296,0.2852631578947368,0.2786665677658504,0.7093694641442814,1
2335,2vvdTrdryjsl8DmPIMDWZU,el bao,enrique iglesias bad bunny,0.6706586826347306,0.8955748552522746,0.6252631578947369,0.260557778672106,0.2617367698716437,0
2336,2vy9Ry1TNjCD85TiCbTz0r,liability,drake,0.4874251497005989,0.7074028122415219,0.5789473684210525,0.2696121732189782,0.3524507403309573,0
2337,2w1rq80FIrbxeJy9WYURxw,follow,karol g anuel aa,0.7005988023952097,0.7911497105045493,0.4452631578947368,0.6710236647969778,0.7392970936946417,2
2338,2wDjpPW3HZdA9quPPmZAMu,trust nobody feat selena gomez  tory lanez,cashmere cat selena gomez tory lanez,0.3233532934131737,0.6350289495450786,0.791578947368421,0.4969780807293238,0.6613461991910472,0
2339,2wG1R0uDFwyobcWzVssC1J,galopa,pedro sampaio,0.7341317365269462,0.8562861869313482,0.7768421052631579,0.2867149184741812,0.6244959159366139,0
2340,2wOXxtHZgRkkrkEbKLzzqs,15,21 savage,0.8802395209580839,0.5150951199338296,0.2884210526315789,0.0002378991864998,0.2255394530801275,1
2341,2wRkBumdItthjYP9XknImg,est rico,marc anthony will smith bad bunny,0.7988023952095809,0.7425558312655087,0.6757894736842106,0.2676000855418955,0.5037636261404239,0
2342,2wSTnntOPRi7aQneobFtU4,shirt,sza,0.8359281437125748,0.5068238213399504,0.5684210526315789,0.2293704196773241,0.4431163429041287,0
2343,2wVDWtLKXunswWecARNILj,solo,jennie,0.7197604790419163,0.641232423490488,0.3747368421052631,0.0866127989883062,0.2921843541980302,1
2344,2wVWGFVkL5I3JGsoWBx2AZ,edging,blink182,0.5461077844311378,0.913151364764268,0.7094736842105263,0.0044190173794777,0.5878753801413552,0
2345,2wZjsbwmWfNVslgV5afl1L,out the mud,lil baby future,0.7137724550898205,0.4913151364764267,0.2294736842105263,0.0094894783257261,0.6852097050163544,1
2346,2wrJq5XKLnmhRXHIAf9xBa,10000 hours with justin bieber,dan  shay justin bieber,0.6035928143712577,0.6288254755996692,0.4189473684210526,0.1539171317867227,0.2616279421278242,1
2347,2wzionesqIt3x5Sglb4n91,more time,pop smoke,0.5724550898203594,0.5781637717121588,0.2389473684210526,0.4627725902189178,0.5966057835899854,2
2348,2x0RZdkZcD8QRI53XT4GI5,sos feat aloe blacc,avicii aloe blacc,0.7808383233532936,0.6443341604631928,0.3621052631578947,0.2736363485731437,0.3221482596629968,1
2349,2x0WlnmfG39ZuDmstl9xfX,end game,taylor swift ed sheeran future,0.5976047904191618,0.586435070306038,0.1252631578947368,0.0084934949255702,0.6792967309354954,1
2350,2x8TNY9KwNvD19gVGs4WOP,ela  do tipo,mc kevin o chris,0.5772455089820361,0.3889578163771712,0.6326315789473684,0.9507038519114738,0.2658843161083198,2
2351,2xE16muNCmhZwSOv3i1d1H,mood swings,a boogie wit da hoodie,0.9473053892215568,0.6763854425144749,0.9452631578947368,0.2122676744221211,0.4435032859932648,0
2352,2xGjteMU3E1tkEPVFBO08U,this is me,keala settle the greatest showman ensemble,0.1604790419161676,0.7053349875930521,0.071578947368421,0.0058576600685918,0.8765712005513939,1
2353,2xLMifQCjDGFmkHkpNLD9h,sicko mode,travis scott,0.8191616766467067,0.7322167080231596,0.4357894736842105,0.0051534293816129,0.6547197987895936,1
2354,2xXNLutYAOELYVObYb1C1S,as the world caves in,sarah cothran,0.325748502994012,0.2359387923904053,0.2252631578947368,0.4436577572866322,0.4674030677331786,2
2355,2xbI8Vmyv3TkpTdywpPyNw,selfish,pnb rock,0.584431137724551,0.597808105872622,0.0083157894736842,0.1146814220836099,0.3341193114831407,1
2356,2xdwCJLfKCkat14mlgR26M,lost cause,billie eilish,0.6239520958083834,0.3248552522746071,0.511578947368421,0.7092533306615492,0.1713009147576466,2
2357,2xmrfQpmS2iJExTlklLoAL,i miss you feat julia michaels,clean bandit julia michaels,0.584431137724551,0.6577750206782466,0.3136842105263158,0.2464731649325271,0.3528316374343254,1
2358,2xyx0o4xNOLLjBSbOOdcbA,playing games with bryson tiller  extended version,summer walker bryson tiller,0.6898203592814373,0.3992969396195202,0.4494736842105263,0.6066368591303313,0.4183822151282656,2
2359,2y4ZR0BUAVePljHSsZyIgj,paid, kanye west ty dolla ign,0.7652694610778444,0.6887923904052936,0.4347368421052631,0.1086451590523618,0.4440413787265945,1
2360,2yBWnRKj0Zx7AF1kufajvW,ahora,j balvin,0.7904191616766469,0.717741935483871,0.8200000000000001,0.1002949951924686,0.2496024764357704,0
2361,2yPoXCs7BSIUrucMdK5PzV,umbrella,rihanna jayz,0.518562874251497,0.8345740281224152,0.571578947368421,0.008684643254893,0.7697144480921891,0
2362,2yUzr8Sr6ldG8vmHhZwTnz,nenah,21 savage travis scott metro boomin,0.6323353293413175,0.761166253101737,0.3010526315789473,0.0049723414906754,0.7176887405607049,1
2363,2yZax79pOrYuyIFVW2cZY2,carry on,xxxtentacion,0.7005988023952097,0.1811414392059553,0.3694736842105263,0.7726340924896544,0.6117388859666624,2
2364,2ycWek3FNNVHBhz2TcnOzZ,wizard of oz,logic,0.6826347305389222,0.5988420181968569,0.0217894736842105,0.0513006602555047,0.6002696509652417,1
2365,2yg7MXp8nSPaf61HVkhEr3,the void,kid cudi,0.3760479041916168,0.4520264681555004,0.0490526315789473,0.3671984255574894,0.5761763976807599,2
2366,2ygvZOXrIeVL4xZmAWJT2C,my future,billie eilish,0.3520958083832336,0.2969396195202646,0.0584210526315789,0.799797276130271,0.3508304161452004,2
2367,2yjeXq5ahx6UUg2rHaUe6X,angel pt 2 feat jimin of bts charlie puth and muni long,jvke jimin charlie puth muni long fast  furious the fast saga,0.502994011976048,0.6339950372208437,0.3494736842105262,0.1871165784585873,0.2305818052104305,1
2368,2yjlYDiNiQkdxVqTlaSrlX,super freaky girl,nicki minaj,0.9592814371257486,0.8852357320099256,0.9378947368421052,0.0512000558716506,0.5217443878137111,0
2369,2yyO7EKRr7c3txi4xCXUFk,paperwork, kanye west ty dolla ign,0.7077844311377246,0.4820099255583126,0.1621052631578947,0.0707173063393528,0.4481345110913609,1
2370,2yzshFeBIwH8tWIqHEFLeD,un x100to,grupo frontera bad bunny,0.5041916167664671,0.7218775847808105,0.5368421052631579,0.2142797620992038,0.2243604858554163,1
2371,2z4pcBLQXF2BXKFvd0BuB6,tip toe feat french montana,jason derulo french montana,0.8323353293413175,0.7105045492142267,0.6189473684210526,0.0234332459279092,0.3104250932593305,0
2372,2zDj4WjbNDmrRL6Z4YjjCA,amigos con derechos,reik maluma,0.6419161676646709,0.8118279569892474,0.6294736842105263,0.0483831331237348,0.8298296845809225,0
2373,2zY1iTaEgs8ROkkWtWLe7l,ropa cara,camilo,0.7940119760479043,0.5450785773366419,0.6463157894736842,0.1247418604690234,0.7450407801740035,0
2374,2zYzyRzz6pRmhPzyfMEC8s,highway to hell,acdc,0.5077844311377245,0.9214226633581472,0.411578947368421,0.0613610986409182,0.4172334778323931,1
2375,2zjGJ0dChMR0KxBZS15aqo,baguettes in the face feat nav playboi carti  a boogie wit da hoodie,mustard nav playboi carti a boogie wit da hoodie,0.8778443113772457,0.5202646815550042,0.2947368421052632,0.1901347099742114,0.3220092019903385,1
2376,30KctD1WsHKTIYczXjip5a,tequila shots,kid cudi,0.6730538922155689,0.5523159636062863,0.1978947368421052,0.0845001069273693,0.2646690729690021,1
2377,30QR0ndUdiiMQMA9g1PGCm,and to those i love thanks for sticking around,uicideboy,0.7688622754491019,0.5057899090157155,0.0831578947368421,0.1247418604690234,0.4066832326676703,1
2378,30W8VKHrAZmHzObnwAoc1u,tus lgrimas,mora sech,0.6383233532934134,0.7156741108354011,0.4378947368421052,0.1820863592658805,0.7693214590172854,1
2379,30Y4CV7A6YqtQtTTo7Ue4j,mean taylors version,taylor swift,0.4479041916167665,0.6929280397022333,0.62,0.3128720582762563,0.7083235086064608,0
2380,30bqVoKjX479ab90a8Pafp,star shopping,lil peep,0.5209580838323353,0.4644334160463192,0.3063157894736842,0.0972768636768445,0.2804188658939897,1
2381,314ZkcV7oLWG8yWE7LABvH,make it right feat lauv,bts lauv,0.5197604790419162,0.685690653432589,0.3294736842105262,0.0305761571815528,0.3073355945320105,1
2382,31M5m42C3EGlbydf9XB5to,duro y suave,leslie grace noriel,0.7413173652694612,0.7229114971050455,0.6168421052631579,0.1116632905679858,0.2917792731515909,0
2383,31bsuKDOzFGzBAoXxtnAJm,i guess its fuck me,drake,0.2814371257485031,0.3289909015715467,0.0082105263157894,0.5020082999220307,0.2250860041475462,2
2384,31i56LZnwE6uSu3exoHjtB,neverita,bad bunny,0.8694610778443116,0.4923490488006617,0.4168421052631579,0.0710191194909152,0.4552506363400021,1
2385,31mzt4ZV8C0f52pIz1NSwd,shut up my moms calling  sped up,hotel ugly,0.6023952095808385,0.4675351530190239,0.3463157894736841,0.3138781021147977,0.2315975308194124,1
2386,31nfdEooLEq7dn3UMcIeB5,vois sur ton chemin  techno mix,bennett,0.5796407185628744,0.8294044665012407,0.3568421052631578,0.0913412050294505,0.5516417874352324,1
2387,31sSFHIe4NaxltVFOEIcTa,working,tate mcrae khalid,0.7580838323353295,0.4272125723738627,0.5052631578947369,0.2836967869585571,0.364306918421514,1
2388,31tf1qEai5o5f4r66Kd0pU,me and your mama,childish gambino,0.4838323353293414,0.4251447477253928,0.2157894736842105,0.0116625330169754,0.430945773553649,1
2389,32BeYxKPrig1LefHsC0Xuo,happier than ever  edit,billie eilish,0.2203592814371258,0.5967741935483871,0.1,0.047075276133631,0.6954213749780833,1
2390,32DGGj6KlNuBr6WaqRxpxi,how long,charlie puth,0.837125748502994,0.5781637717121588,0.7863157894736842,0.1901347099742114,0.382650439240866,0
2391,32OWobmyAz8J2qA8iWekyS,mistletoe,justin bieber,0.6179640718562875,0.5388751033912325,0.8936842105263157,0.5140808259845269,0.6966728940320075,0
2392,32OlwWuMpZ6b0aN2RZOeMS,uptown funk feat bruno mars,mark ronson bruno mars,0.8455089820359282,0.6071133167907362,0.943157894736842,0.008050835636612,0.4127594483642585,0
2393,32h6yQGn4oAhZ0HRsTMX26,crown,tomorrow x together,0.5652694610778444,0.804590570719603,0.5768421052631578,0.050797638336234,0.3885089994498152,0
2394,32iPykTXUNZ9oGyACGUybq,how did i get here feat j cole,offset j cole,0.8778443113772457,0.5399090157154673,0.0863157894736842,0.5100566506303614,0.5034794648093399,2
2395,32lItqlMi4LBhb4k0BaSaC,candy paint,post malone,0.6155688622754493,0.6670802315963607,0.3673684210526315,0.6438604811563613,0.8062080181863251,2
2396,32vE1nuG8T9c8bhmZdRY6d,cooped up with roddy ricch,post malone roddy ricch,0.621556886227545,0.7766749379652605,0.3631578947368421,0.0382220903544671,0.2854007581666153,1
2397,33B2QbtAj8mbDpwvGTOnBt,dangerous,the xx,0.747305389221557,0.7105045492142267,0.5610526315789474,0.0022459626882284,0.4429531012883995,0
2398,33IOhptvC2Qoy2UhjiHXLV,flames,david guetta sia,0.5497005988023953,0.72808105872622,0.3473684210526315,0.0727293940164355,0.2856123676684864,1
2399,33SNO8AaciGbNaQFkxvPrW,kiwi,harry styles,0.2694610778443114,0.9389991728701408,0.4831578947368421,0.0006362925465622,0.6070532469966565,1
2400,33b2wX9d0kxqxhi7lcsC1A,unica,ozuna,0.6023952095808385,0.8655913978494624,0.7094736842105263,0.2132737182606625,0.7697749079498668,0
2401,33bURv895AN4FkBvgFo2dx,woman,harry styles,0.5676646706586828,0.6464019851116626,0.3652631578947368,0.0169945653612446,0.5399307130031015,1
2402,33gwZOGJWEZ7dRWPqPxBEZ,wolves feat post malone,big sean post malone,0.6874251497005989,0.67535153019024,0.3084210526315789,0.09838351189924,0.6851915670590512,1
2403,33tNYw9oMtSkGe27NpgS64,workin me,quavo,0.7664670658682636,0.6277915632754343,0.2473684210526316,0.1830924031044219,0.7455002750923525,1
2404,33zcmmElV1YbRZe57biUjg,celoso,lele pons,0.7137724550898205,0.7043010752688171,0.668421052631579,0.3541198556564518,0.7214372517367096,0
2405,340UVheS8z3ncW9TTUhAbc,nightmare,halsey,0.5520958083832336,0.62055417700579,0.5326315789473685,0.0189060486544732,0.6009226174281586,1
2406,343YBumqHu19cGoGARUTsd,fake love,drake,0.931736526946108,0.4747725392886683,0.611578947368421,0.1056270275367377,0.5277480516810864,0
2407,347AQK5Lyhn6RvB8tBGYxt,stars, kanye west ty dolla ign,0.5221556886227545,0.5688585607940446,0.271578947368421,0.2726303047346023,0.4790657742791673,1
2408,34D6FJysnQioVingDKufuf,n 2 deep,drake future,0.4275449101796408,0.4210090984284532,0.0446315789473684,0.0521054953263378,0.2677283417674834,1
2409,34FbkFgAbv4ffvhL2XQMVm,jolie nana,aya nakamura,0.7940119760479043,0.6391645988420183,0.48,0.2706182170575196,0.2797538074595372,0
2410,34LI7rwi9H8w2S5KTHnv1M,quireme mientras se pueda,manuel turizo,0.7700598802395211,0.7859801488833748,0.8189473684210526,0.4496940203178803,0.5873191494507224,0
2411,34TiQsddaGhd8lmzJfxSzH,tell the vision,kanye west,0.6754491017964073,0.4086021505376344,0.1905263157894736,0.2102555867450384,0.5885525305473431,1
2412,34V9RiEPe8MNdU32qJsJa1,we were happy taylors version from the vault,taylor swift,0.5497005988023953,0.3631100082712986,0.1031578947368421,0.8541236434115039,0.3584604501841003,2
2413,34chhNX59Wo9HMFCsI3K8Y,memory,kane brown blackbear,0.340119760479042,0.8966087675765095,0.8557894736842104,0.39737974071373,0.4027110200182588,0
2414,34d7sGX6WUqq8f04e7CSNF,marsh,eminem,0.8634730538922156,0.4871794871794871,0.0184210526315789,0.0134734119263499,0.5941450673825115,1
2415,34eF4BoV8FPk0uhAAoqU7h,sun goes down,lil nas x,0.480239520958084,0.6350289495450786,0.1221052631578947,0.0841982937758069,0.7699381495655959,1
2416,34i4yxPrHWquuR4kjiivFO,somebody else,vrit,0.6275449101796409,0.5905707196029777,0.4547368421052631,0.2022072360367076,0.4248937418001318,1
2417,34o6gteNy2T5rieA0xYAgo,dont ever say love me feat rm of bts,colde rm,0.4706586826347306,0.4685690653432588,0.163157894736842,0.3571379871720758,0.5949068615892479,1
2418,34sOdxWu9FljH84UXdRwu1,allamerican bitch,olivia rodrigo,0.3353293413173653,0.6929280397022333,0.388421052631579,0.2555275594793993,0.6622954189565837,1
2419,34tz0eDhGuFErIuW3q4mPX,on bs,drake 21 savage,0.8275449101796407,0.347601323407775,0.3126315789473683,0.0202139056445769,0.6728940320074488,1
2420,353IDEfNzPJmGNRnOi5kJ1,wildflower,5 seconds of summer,0.5904191616766469,0.7715053763440861,0.5947368421052631,0.175044052396091,0.3765077177008325,0
2421,357iDuZ0IXAAg3Aj7UszqO,buscando money,twenty six tayson kryss,0.7988023952095809,0.8169975186104219,0.7294736842105263,0.0900333480393468,0.491599102775712,0
2422,35COLcFjvONwVv6jkG23gI,boys dont cry,anitta,0.525748502994012,0.848014888337469,0.6578947368421053,0.0017831825224993,0.7100707984933403,0
2423,35D06z7kmwMmYYbyJ0BkSm,daqui pra sempre,manu simone mendes,0.5041916167664671,0.9596774193548386,0.5378947368421053,0.2112616305835797,0.684181887435837,0
2424,35KmOEIUqAGn02t7n4qaIr,morado,j balvin,0.8802395209580839,0.6805210918114145,0.7873684210526316,0.1317841673388129,0.3040223943312837,0
2425,35QZaWQRkmnAVqBF1TLCxQ,nancy mulligan,ed sheeran,0.6347305389221558,0.858354011579818,0.8694736842105263,0.117699553599234,0.3341918633123537,0
2426,35RDmXJ59YYGNlv1KfTGsP,power is power feat the weeknd  travis scott,sza the weeknd travis scott game of thrones,0.4275449101796408,0.6433002481389578,0.1473684210526315,0.0041473855430715,0.805295074335395,1
2427,35RJhm1pEovTBwnNR0zWad,greece feat drake,dj khaled drake,0.6526946107784432,0.3320926385442515,0.2073684210526315,0.0747414816935182,0.236531055205896,1
2428,35TyJIMR3xRouUuo2sjS6v,cinema,harry styles,0.8131736526946108,0.6433002481389578,0.9094736842105264,0.3561319433335345,0.3583758063833517,0
2429,35UUpTmrcFXNIVIN26ujXl,relacin  remix,sech daddy yankee j balvin rosala farruko,0.7700598802395211,0.7746071133167908,0.8452631578947368,0.0338961018487393,0.7571085677664315,0
2430,35cOyocq8Gb6UcT0NWeTwn,seasons with sjava  reason,mozzy sjava reason,0.5736526946107785,0.5502481389578164,0.2905263157894736,0.2816846992814745,0.4835337577615342,1
2431,35ffVv9x4mtzBh5rF1K9sP,cc,migos gucci mane,0.8383233532934132,0.7332506203473945,0.831578947368421,0.2323885511929481,0.5277601436526218,0
2432,35ieKju5aLWFN5UgfJ27mL,sad,xxxtentacion,0.7065868263473055,0.6112489660876758,0.4642105263157894,0.2595517348335647,0.1711316271561496,1
2433,35mvY5S1H3J2QZyna3TFe0,positions,ariana grande,0.702994011976048,0.8066583953680728,0.6842105263157895,0.4708209409272487,0.5882562772447233,0
2434,35ovElsgyAtQwYPYnZJECg,lift me up  from black panther wakanda forever  music from and inspired by,rihanna,0.1161676646706587,0.2866004962779156,0.1473684210526315,0.9044258353385716,0.7883784061572321,2
2435,35ttE4t8lQZA2vuCYDg4G7,mai,milo j,0.2562874251497006,0.5688585607940446,0.5073684210526316,0.7625736541042409,0.203417191155932,2
2436,35wvL50xvKpCHEJPxLOLPI,si estuvisemos juntos,bad bunny,0.6251497005988026,0.5916046319272126,0.1326315789473684,0.0629707687825844,0.7565704750331019,1
2437,35z5xJpu76nakf65i1BCMl,do you hear what i hear  remastered 2006,bing crosby,0.4574850299401198,0.2318031430934657,0.4021052631578947,0.8179060652240152,0.330419168193278,2
2438,364dI1bYnvamSnBJ8JcNzN,intentions,justin bieber quavo,0.791616766467066,0.5492142266335815,0.871578947368421,0.3189083213075044,0.6124341743299537,0
2439,364spZLB5bhNlnPrzvUB41,reply feat lil uzi vert,a boogie wit da hoodie lil uzi vert,0.4335329341317366,0.6215880893300249,0.1968421052631578,0.018805444270619,0.3956009407553855,1
2440,36CiGk9oRdwTnBDMgKEfjl,dmelo to feat myke towers,selena gomez myke towers,0.7628742514970062,0.6401985111662531,0.4263157894736842,0.1016028521825723,0.8179311845899915,1
2441,36DHxTW2xdr9GG15T9oK9L,el mundo es mo,bad bunny,0.6778443113772455,0.5171629445822995,0.2021052631578947,0.1669957016877603,0.1830422191186161,1
2442,36J0iaPDGbYGsHvYpaYs3k,down bad feat jid bas j cole earthgang  young nudy,dreamville jid bas j cole earthgang young nudy,0.7317365269461079,0.5833333333333334,0.7231578947368421,0.0394293429607167,0.6232564888542254,0
2443,36ONiya0OANYknz0GgJmwB,dont matter to me with michael jackson,drake michael jackson,0.8083832335329342,0.3052109181141439,0.1094736842105263,0.4999962122449479,0.3402862169662452,2
2444,36TO60sxDduIsO3xH8IcUh,isis,joyner lucas logic,0.9197604790419164,0.8428453267162944,0.8663157894736842,0.2354066827085722,0.4431647107902708,0
2445,36YCdzT57us0LhDmCYtrNE,rockin,the weeknd,0.7041916167664671,0.8924731182795699,0.7578947368421053,0.0133728075424957,0.4000024183943071,0
2446,36gcliMRX1vCpgnrZE3dFZ,1035,tisto tate mcrae,0.6538922155688623,0.7973531844499587,0.7010526315789473,0.0687052186622701,0.4430800669895223,0
2447,3707IBa4HnS3zDDoWfeUBl,i warned myself,charlie puth,0.4047904191616767,0.2990074441687345,0.5757894736842105,0.5653890617501359,0.8306821685741752,2
2448,370oYn3s5EKu7ziUpMQQTr,white christmas,amy grant,0.5748502994011977,0.4799421009098428,0.3968421052631579,0.7605615664271582,0.3814412420873161,2
2449,371l4ekF9cDC2D5WuuabU6,tuta gold,mahmood,0.710179640718563,0.7456575682382134,0.7652631578947369,0.6267577359011584,0.4613873118942678,0
2450,373gDROnujxNTFa1FojYIl,lost,linkin park,0.5341317365269461,0.8025227460711333,0.4494736842105263,0.0041373251046861,0.352432602373654,1
2451,374EllG6WyKdKvklfanNZT,ay feat lil wayne,mgk lil wayne,0.7077844311377246,0.6143507030603805,0.4778947368421052,0.0523067040940461,0.6063519126475978,1
2452,37BZB0z9T8Xu7U3e65qxFy,save your tears with ariana grande remix,the weeknd ariana grande,0.598802395209581,0.8304383788254756,0.5905263157894737,0.0216223670185348,0.4315201422015852,0
2453,37CoOXIsgF3NzbK1zHZetk,mona lisa spiderman across the spiderverse,dominic fike,0.7293413173652696,0.6453680727874277,0.4347368421052631,0.2323885511929481,0.3889080345104868,1
2454,37F0uwRSrdzkBiuj0D5UHI,reminder,the weeknd,0.665868263473054,0.499586435070306,0.3747368421052631,0.1428506495627678,0.68522179698789,1
2455,37F7E7BKEw2E4O2L7u0IEp,limbo,freddie dredd,0.7808383233532936,0.6215880893300249,0.4473684210526315,0.0293689045753032,0.1709139716685106,1
2456,37Nqx7iavZpotJSDXZWbJ3,girls want girls with lil baby,drake lil baby,0.7389221556886229,0.4303143093465674,0.3673684210526315,0.1820863592658805,0.2433932490522917,1
2457,37TSJmYKLxXmx8OehFpqMN,respect,bts,0.6119760479041918,0.8459470636889992,0.5178947368421053,0.0048717371068213,0.270491357263345,1
2458,37eGbhE1xVFSvcKkqGb6i1,contra la pared,sean paul j balvin,0.8119760479041916,0.5854011579818031,0.5957894736842105,0.0156867083711408,0.286180690330655,0
2459,37y7iDayfwm3WXn5BiAoRk,dark red,steve lacy,0.5425149700598804,0.7870140612076096,0.7821052631578947,0.451706107994963,0.757701074371671,0
2460,37zdqI4r1gswIzczSBkRon,aventura,lunay anuel aa ozuna,0.6934131736526947,0.72808105872622,0.8884210526315789,0.2243402004846173,0.2739254771794268,0
2461,380HmhwTE2NJgawn1NwkXi,rojo,j balvin,0.6143712574850301,0.5957402812241522,0.3873684210526316,0.1941588853283768,0.758934455468292,1
2462,38DlSDrx9tgc5Gfq6y3aBa,moonlight sunrise,twice,0.7149700598802397,0.7859801488833748,0.5978947368421053,0.3863132584897751,0.473666708988567,0
2463,38GBNKZUhfBkk3oNlWzRYd,nda,billie eilish,0.7365269461077846,0.3631100082712986,0.5494736842105263,0.343053373432497,0.2315491629332705,2
2464,38QmUDpkoYlNbMKvpvAsrE,mi cama  remix,karol g j balvin nicky jam,0.7964071856287426,0.7880479735318445,0.8421052631578947,0.3007995322137601,0.7027853856432023,0
2465,38RIEav39FGi86jppxO0du,ignorantes,bad bunny sech,0.8383233532934132,0.5316377171215881,0.4978947368421053,0.2686061293804369,0.2981336041934957,0
2466,38T0tPVZHcPZyhtOcCP7pF,star walkin league of legends worlds anthem,lil nas x,0.5832335329341318,0.7167080231596361,0.2905263157894736,0.1488869125940159,0.5752997297444362,1
2467,38TgLPNHsPzgqri5G4SPun,majesty with labrinth  feat eminem,nicki minaj labrinth eminem,0.7904191616766469,0.7322167080231596,0.5642105263157894,0.3158901897918804,0.6667875863820216,0
2468,38UYeBLfvpnDSG9GznZdnL,tormenta feat bad bunny,gorillaz bad bunny,0.5832335329341318,0.7715053763440861,0.2789473684210526,0.4607605025418352,0.291803457094662,1
2469,38Vh0iUlilcvnBNWS4saSD,doom,juice wrld,0.5628742514970061,0.4892473118279569,0.0947368421052631,0.0160891259065574,0.2372021596261161,1
2470,38YP1STiBe3AZevFFJILf4,weiss,samra,0.5389221556886228,0.5202646815550042,0.4252631578947368,0.3953676530366473,0.3039377505305352,2
2471,38iBrrbbXyWaSPkmuDNgjZ,the adventures of moon man  slim shady with eminem,kid cudi eminem,0.8742514970059881,0.7911497105045493,0.5852631578947368,0.2273583320002414,0.4008488564017921,0
2472,38lQ7lYhN3eSWepnZHaiBF,rolex,capital bra summer cem kc rebell,0.7940119760479043,0.5874689826302729,0.72,0.3480835926252036,0.2736836377487167,0
2473,38td8VabuKlQt72Q2VnhbO,134340,bts,0.6155688622754493,0.6887923904052936,0.6505263157894737,0.1539171317867227,0.3585511399706165,0
2474,38zwkK6TtTjIW9tpYBfZ3D,paradise,george ezra,0.5892215568862277,0.8883374689826303,0.9273684210526316,0.2102555867450384,0.5520710524247425,0
2475,39JRmdKFka1Oe09FoOCPI4,selah,kanye west,0.3976047904191617,0.6164185277088503,0.12,0.6509027880261508,0.2621418509180829,2
2476,39JofJHEtg8I4fSyo7Imft,bota baddest of them all  edit,eliza rose interplanetary criminal,0.7017964071856289,0.914185277088503,0.7010526315789473,0.1649836140106775,0.5458497330697283,0
2477,39L3LdlHS3gqB62HPWaJRg,no me quiero casar,bad bunny,0.9149700598802396,0.6991315136476427,0.7631578947368421,0.3219264528231285,0.3161627337529247,0
2478,39LLxExYz6ewLAcYrzQQyP,levitating,dua lipa,0.6526946107784432,0.891439205955335,0.9284210526315788,0.0564314838320656,0.340364814781226,0
2479,39MK3d3fonIP8Mz9oHCTBB,annihilate spiderman across the spiderverse metro boomin  swae lee lil wayne offset,metro boomin swae lee lil wayne offset,0.5520958083832336,0.4768403639371381,0.1810526315789473,0.2152858059377451,0.6001547772356544,1
2480,39N9RPD9MRb5WmoLzNzPeA,x,nicky jam j balvin,0.532934131736527,0.7766749379652605,0.7147368421052631,0.036612420212801,0.806262432058235,0
2481,39NDBdU5Xkm5pCFGa5kZtI,ladders,mac miller,0.7808383233532936,0.45616211745244,0.2726315789473683,0.2374187703856549,0.3460903633032847,1
2482,39Yp9wwQiSRIDOvrVg7mbk,the scotts,the scotts travis scott kid cudi,0.6778443113772455,0.532671629445823,0.2610526315789474,0.2344006388700309,0.5033948210085915,1
2483,39kzWAiVPpycdMpr745oPj,you never know,blackpink,0.3916167664670659,0.4272125723738627,0.3052631578947368,0.2384248142241962,0.5890362094087631,1
2484,39nTNk5MfyiiRupTwn1iyC,take it out on me,justin bieber,0.7449101796407187,0.6143507030603805,0.26,0.0033827922257801,0.5033222691793784,1
2485,39pS70eeDvyCAF3t8NAlVV,good drank,2 chainz gucci mane quavo,0.821556886227545,0.7797766749379653,0.3557894736842105,0.2756484362502263,0.5037213042400497,1
2486,39yyHtQ4tkjZzd8TfIBKQw,morad bzrp music sessions vol 47,bizarrap morad,0.7425149700598804,0.8655913978494624,0.5431578947368422,0.4708209409272487,0.4554078319699635,0
2487,3A7qX2QjDlPnazUsRk5y0M,2u feat justin bieber,david guetta justin bieber,0.4766467065868265,0.6495037220843674,0.5526315789473685,0.2203160251304519,0.5938306761225884,1
2488,3AAY8YicetRPlDAkibHLiS,jaded,miley cyrus,0.41437125748503,0.5905707196029777,0.1526315789473684,0.0478801112044641,0.2679580892266579,1
2489,3AEZUABDXNtecAOSC1qTfo,reggaetn lento bailemos,cnco,0.7317365269461079,0.8438792390405293,0.7136842105263157,0.4024099599064367,0.2857091034407705,0
2490,3AFPGvRzeKeNJbIbLwcz4G,him,sam smith,0.5089820359281437,0.2338709677419354,0.311578947368421,0.5905401577136696,0.2317547264493739,2
2491,3AJwUDP919kvQ9QcozQPxg,yellow,coldplay,0.3341317365269461,0.6608767576509512,0.2663157894736842,0.0023968692640096,0.7657482814285457,1
2492,3AOf6YEpxQ894FmrwI9k96,super,seventeen,0.7437125748502995,0.8873035566583954,0.331578947368421,0.1629715263335948,0.5459525148277802,1
2493,3AbNNvo2OmyeDMvRBgf9vk,la loto,tini becky g anitta,0.844311377245509,0.8356079404466501,0.7821052631578947,0.0787656570476836,0.2617367698716437,0
2494,3AsAuGTaDQzavZZThyYlop,sexual,neiked dyo,0.7820359281437127,0.56575682382134,0.8178947368421053,0.062668955631022,0.3704254560184766,0
2495,3AzjcOeAmA57TIOr9zF1ZW,physical,dua lipa,0.5952095808383234,0.8500827129859387,0.751578947368421,0.0137752250779123,0.60610402723112,0
2496,3B228N0GxfUCwPyfNcJxps,cupid  twin ver fifty fifty  sped up version,sped up 8282,0.702994011976048,0.7270471464019851,0.751578947368421,0.4195127051616397,0.5885827604761817,0
2497,3B7udSGy2PfgoCniMSb523,i see fire,ed sheeran,0.5161676646706588,0.0342224979321753,0.2126315789473684,0.5623709302345118,0.6367571750736098,2
2498,3BHFResGQiUvbYToUdaDQz,enough is enough,post malone,0.3988023952095809,0.7715053763440861,0.3157894736842105,0.0140770382294747,0.7215460794805291,1
2499,3BKD1PwArikchz2Zrlp1qi,baby dont hurt me,david guetta annemarie coi leray,0.5413173652694612,0.9183209263854426,0.2063157894736842,0.0012600397264578,0.4910912399712211,1
2500,3BUWNzPWz2mDbptZmGEXpB,let it all work out,lil wayne,0.480239520958084,0.5585194375516958,0.4273684210526315,0.0219241801700972,0.5390238151379392,1
2501,3BY2mafsbsoKGqS380Xnuz,te quiero pami,don omar zion  lennox,0.7317365269461079,0.825268817204301,0.6178947368421053,0.1257479043075648,0.2556182322746812,0
2502,3BYIzNZ3t9lRQCACXSMLrT,venetia,lil uzi vert,0.7485029940119762,0.7601323407775021,0.5578947368421053,0.1629715263335948,0.5817145206440184,0
2503,3Be7CLdHZpyzsVijme39cW,whats love got to do with it,kygo tina turner,0.7185628742514971,0.663978494623656,0.6157894736842106,0.2766544800887677,0.3525112001886347,0
2504,3BnDvpeuGOj21Ir2aVEtQo,calm down,rema,0.7952095808383234,0.7932175351530191,0.8526315789473684,0.3671984255574894,0.3644822520087787,0
2505,3CDVMejYHnB1SkEEx0T1N4,many men,21 savage metro boomin,0.5808383233532936,0.7973531844499587,0.2621052631578947,0.000643334853432,0.1866758565650336,1
2506,3CGZ7wfk4skmuyQgua1C1K,chromatica i,lady gaga,0.0970059880239521,0.4499586435070306,0.0282105263157894,0.0126685768555168,0.1155327420359252,1
2507,3CJbxqRQ0JNCqboWDNUUeX,i will feat kxng crooked royce da 59  joell ortiz,eminem kxng crooked royce da 59 joell ortiz,0.5808383233532936,0.5388751033912325,0.0042105263157894,0.0456668147596731,0.3145424095671679,1
2508,3CNbrXrUrEARw8zeKNCdYo,gucci los paos,karol g,0.7676646706586828,0.4427212572373862,0.8821052631578947,0.5452681849793088,0.6725252268756159,0
2509,3CRDbSIZ4r5MsZ0YwxuEkn,stressed out,twenty one pilots,0.6994011976047905,0.6360628618693135,0.648421052631579,0.0464716498305062,0.7452221597470361,0
2510,3CVb6hkMrlF7eHhXi5B3PZ,body,russ millions tion wayne,0.8850299401197607,0.706368899917287,0.8242105263157894,0.3913434776824818,0.5704448031729332,0
2511,3CWq0pAKKTWb0K4yiglDc4,youre losing me from the vault,taylor swift,0.7149700598802397,0.3817204301075269,0.171578947368421,0.5321896150782712,0.3401834352081934,2
2512,3CYH422oy1cZNoo0GTG1TK,psycho,red velvet,0.6155688622754493,0.6660463192721258,0.3926315789473684,0.1941588853283768,0.5639030465722283,1
2513,3CeCwYWvdfXbZLXFhBrbnf,love story taylors version,taylor swift,0.570059880239521,0.794251447477254,0.4042105263157894,0.1358083426929783,0.437511714097425,1
2514,3CidPLqWXqgesJlwYVJZdy,plastic doll,lady gaga,0.710179640718563,0.8593879239040529,0.4105263157894736,0.0019039077831243,0.4492772024014655,1
2515,3Cx4BsDd4q0GCVBJ5CAw2K,no te quieren conmigo,gaby music lunay luar la l,0.7305389221556887,0.6453680727874277,0.5726315789473684,0.363174250203324,0.3095484253230068,0
2516,3D1rlKmZdpYUeMtRRLNawc,let me live feat annemarie  mr eazi,rudimental major lazer annemarie mr eazi,0.6131736526946109,0.8500827129859387,0.7694736842105263,0.0029602538135927,0.594253895126331,0
2517,3DBtvrhv3SAgK7s6zBGgbe,luces de tecno,feid,0.5724550898203594,0.6732837055417701,0.2810526315789473,0.1639775701721362,0.5028748662325648,1
2518,3DGar7krWlmrXRFHBcQF6z,whenever feat conor maynard,kris kross amsterdam the boy next door conor maynard,0.6994011976047905,0.7684036393713813,0.511578947368421,0.1519050441096399,0.3825355655112788,0
2519,3DK6m7It6Pw857FcQftMds,runaway,kanye west pusha t,0.2682634730538923,0.5647229114971051,0.0831578947368421,0.2203160251304519,0.2298381489609973,1
2520,3DKpA54hrFIdPN6AtL9HXa,ill never love again  film version  radio edit,lady gaga bradley cooper,0.3592814371257485,0.3238213399503722,0.2294736842105263,0.7897368377448575,0.382045840664091,2
2521,3DMs7bahbQTnoxCjgP7qoK,demeanor feat dua lipa,pop smoke dua lipa,0.6287425149700601,0.6060794044665012,0.7326315789473684,0.3380231542397902,0.3213260055985827,0
2522,3DX4Y0egvc0slLcLl31h2p,secrets,the weeknd,0.6167664670658685,0.7746071133167908,0.7705263157894737,0.0155861039872867,0.382287680094801,0
2523,3DXncPQOG4VBw3QHh3S817,im the one feat justin bieber quavo chance the rapper  lil wayne,dj khaled justin bieber quavo chance the rapper lil wayne,0.5497005988023953,0.6681141439205956,0.8200000000000001,0.0555260443773784,0.2068089891716395,0
2524,3DZ8dbKg4OTSSqGARvecYd,broadway girls feat morgan wallen,lil durk morgan wallen,0.6095808383233534,0.7477253928866833,0.5347368421052632,0.0419444525570701,0.1707930519531557,1
2525,3DarAbFujv6eYNliUTyqtz,kiss me more feat sza,doja cat sza,0.7353293413173654,0.706368899917287,0.7884210526315789,0.260557778672106,0.388466677549441,0
2526,3Ddny34bFoYBb8dIGq5lwp,zoo york feat fivio foreign  pop smoke,lil tjay fivio foreign pop smoke,0.4970059880239521,0.56575682382134,0.2852631578947368,0.0354051676065513,0.2765917569030042,1
2527,3DeZc9cOc1DM8YNoJV8lAv,toy en el mic,bizarrap milo j,0.6946107784431138,0.4148056244830438,0.9242105263157896,0.4667967655730833,0.3278314862846813,0
2528,3DnZfpfe8wLeJgzc00gKeW,on me feat cardi b,meek mill cardi b,0.8550898203592815,0.6660463192721258,0.5326315789473685,0.0484837375075889,0.5163392765373431,0
2529,3DoBTwfr8yi2LN08SBpFkN,watch feat lil uzi vert  kanye west,travis scott lil uzi vert kanye west,0.665868263473054,0.555417700578991,0.231578947368421,0.037417255283634,0.1923590831867181,1
2530,3Dv1eDb0MEgF93GpLXlucZ,say so,doja cat,0.7628742514970062,0.6732837055417701,0.7863157894736842,0.2655879978648128,0.3884183096632991,0
2531,3Dwq1oiOFys6Sxr5SslmXw,carolina,harry styles,0.5676646706586828,0.6732837055417701,0.4484210526315789,0.0005648634340258,0.4550692567669696,1
2532,3E2Zh20GDCR9B1EYjfXWyv,weak,ajr,0.6263473053892217,0.6360628618693135,0.68,0.137820430370061,0.467124952387862,0
2533,3E3pb3qH11iny6TFDJvsg5,voice of the heroes,lil baby lil durk,0.7233532934131738,0.6598428453267163,0.2989473684210526,0.1800742715887978,0.2193604556254874,1
2534,3E7dfMvvCLUddWissuqMwr,party in the usa,miley cyrus,0.6011976047904193,0.6991315136476427,0.4610526315789472,0.001119193589062,0.2980852363073537,1
2535,3EApebexZ7YqDIqw2EMTDh,i might need security,chance the rapper,0.4359281437125749,0.6939619520264682,0.2684210526315789,0.1780621839117151,0.3860361912708057,1
2536,3EG9FJ0ToLfgnc1IG2Z1wz,sweet  i thought you wanted to dance feat brent faiyaz  fana hues,tyler the creator brent faiyaz fana hues,0.3808383233532935,0.6515715467328371,0.3768421052631578,0.3350050227241661,0.5653298992134173,1
2537,3EMp20j5E42MxfFbsEsIvD,churchill downs feat drake,jack harlow drake,0.6706586826347306,0.5171629445822995,0.3557894736842105,0.6187093851928275,0.3006668722301827,2
2538,3Eax1yebRxj6LSYpxE9Yd3,vampiros,rosala rauw alejandro,0.7377245508982038,0.6846567411083541,0.4652631578947368,0.1358083426929783,0.3345062545722767,1
2539,3EfugazgSddQvzZpkof5I4,ciao adios,annemarie,0.6562874251497006,0.8893713813068652,0.4347368421052631,0.1277599919846475,0.3589199451024492,1
2540,3EikYy40GMSp8l5mDV6IQo,foot fungus,ski mask the slump god,0.8754491017964073,0.6215880893300249,0.7505263157894737,0.2585456909950233,0.2553522089009002,0
2541,3EmmCZoqpWOTY1g2GBwJoR,just hold on,steve aoki louis tomlinson,0.5952095808383234,0.9410669975186104,0.36,0.0038455723915091,0.4127775863215617,1
2542,3EtyEzMpfKSaoVhPunvbRV,leave me alone,nf,0.6850299401197606,0.7435897435897436,0.4505263157894736,0.2504973402866925,0.6976583897121507,1
2543,3EvZ03hGAFwGZ2Ebcu86YH,tourniquet,zach bryan,0.5305389221556887,0.3879239040529363,0.303157894736842,0.6881264100521809,0.1812888832459688,2
2544,3F1P0QzdXtBz0MXy7KIO5w,fever,dua lipa angle,0.8598802395209583,0.6939619520264682,0.3831578947368421,0.0600532416508145,0.4128259542077038,1
2545,3F5CgOj3wFlRv51JsHbxhe,jimmy cooks feat 21 savage,drake 21 savage,0.4538922155688624,0.6732837055417701,0.351578947368421,0.0003012799483279,0.720699641473044,1
2546,3FAJ6O0NOHQV8Mc5Ri6ENp,heartbreak anniversary,giveon,0.3580838323353295,0.4582299421009098,0.5378947368421053,0.5271593958855645,0.2561623709937786,2
2547,3FHXUqaUer9o231Je1zxIN,i dont want your money feat her,ed sheeran her,0.3808383233532935,0.6288254755996692,0.7684210526315789,0.311866014437715,0.2702616098041705,0
2548,3FQCJI2t5LTbsRPfYVBSVB,battle symphony,linkin park,0.6023952095808385,0.8449131513647643,0.6705263157894737,0.0371154421320716,0.6186010798130581,0
2549,3FSwpQ9dBZBeBV6UdYHI2R,712pm,future,0.6718562874251498,0.686724565756824,0.5305263157894737,0.0357069807581137,0.606128211174191,0
2550,3FUXVbi9ugVUqJ3rPrfd2G,before i let go  homecoming live bonus track,beyonc,0.6718562874251498,0.8500827129859387,0.4599999999999999,0.0703148888039363,0.3402741249947097,1
2551,3FeVmId7tL5YN8B7R3imoM,my universe,coldplay bts,0.5245508982035929,0.7022332506203474,0.4326315789473683,0.0081715608972369,0.3522995906867635,1
2552,3FiE2d325mIOc4YjkSLVJR,everyday,ariana grande future,0.5808383233532936,0.7404880066170388,0.4168421052631579,0.0193084661898897,0.5093924388901989,1
2553,3Fj47GNK2kUF0uaEDgXLaD,wish you were gay,billie eilish,0.8419161676646708,0.3403639371381306,0.263157894736842,0.3923495215210232,0.431139245098217,2
2554,3FkeNbs9Zeiqkr3WkbOiGp,envolver,anitta,0.7928143712574852,0.7384201819685691,0.3831578947368421,0.1529110879481813,0.2737320056348587,1
2555,3FqUPvubYeRCMsdJ02QyZR,t name,fuerza regida,0.7305389221556887,0.749793217535153,0.8968421052631579,0.067900383591437,0.4969437541944027,0
2556,3FvTHuefYV6TxE3Kseqno8,lou lou,gabito ballesteros natanael cano,0.7053892215568863,0.5760959470636889,0.6968421052631578,0.0625683512471678,0.5035338786812495,0
2557,3GVkPk8mqxz0itaAriG1L7,everybody dies in their nightmares,xxxtentacion,0.6994011976047905,0.5667907361455748,0.691578947368421,0.8521115557344212,0.5032376253786299,2
2558,3GYlZ7tbxLOxe6ewMNVTkw,tv,billie eilish,0.3137724550898203,0.2214640198511166,0.091578947368421,0.8350088104792183,0.5652754853415074,2
2559,3GZd1aDsgKL71Kt3VIp0hc,narrow road feat lil baby,nle choppa lil baby,0.5556886227544912,0.5492142266335815,0.1357894736842105,0.0307773659492611,0.6848953137564313,1
2560,3Ga6eKrUFf12ouh9Yw3v2D,downtown,anitta j balvin,0.7485029940119762,0.6794871794871795,0.6178947368421053,0.1810803154273392,0.7212256422348382,0
2561,3GaGWoU1KfVqgl7vnRHP55,demasiadas mujeres,c tangana,0.6083832335329342,0.445822994210091,0.3431578947368421,0.1317841673388129,0.4795978210267294,1
2562,3GbQcjKWT7eVpUfzqwUjxv,late to da party fck bet feat youngboy never broke again,lil nas x youngboy never broke again,0.8646706586826348,0.4137717121588088,0.7852631578947369,0.0255459379888461,0.624175478690923,0
2563,3GdWfmQBiiJrDUvSZS1bGv,never sleep with lil baby feat travis scott,nav lil baby travis scott,0.8011976047904192,0.6505376344086022,0.4936842105263158,0.006421044618175,0.5637216669991958,1
2564,3GmfHF5RUe6r5C9UbvIXQp,neptun,kc rebell raf camora,0.3305389221556887,0.6691480562448305,0.0697894736842105,0.2967753568595947,0.2806425673673964,1
2565,3Gs7mVfWKl567mjozgxmXv,nia bonita,feid sean paul,0.8059880239520959,0.6133167907361456,0.4610526315789472,0.1046209836981964,0.2674381344506315,1
2566,3GtnId3Cm1Xa6joCj08nzW,jeans,justin quiles misin avngrs,0.7868263473053894,0.6557071960297768,0.903157894736842,0.0165921478258281,0.2250618202044752,0
2567,3H3r2nKWa3Yk5gt8xgmsEt,this city,sam fischer,0.5449101796407186,0.3672456575682382,0.5126315789473684,0.737422558140707,0.1642029274663087,2
2568,3H7ihDc1dqLriiWXwsc2po,breaking me,topic a7s,0.7652694610778444,0.7218775847808105,0.6652631578947369,0.2243402004846173,0.4553413261265183,0
2569,3H9GDhVVTlmFQSmpt51qiP,solo pienso en ti feat de la ghetto  justin quiles,paulo londra de la ghetto justin quiles,0.8502994011976049,0.6980976013234077,0.5831578947368421,0.1026088960211137,0.5033887750228236,0
2570,3HOKxuTDmNVmIlCIpBiD8m,lagunas,peso pluma jasiel nuez,0.7425149700598804,0.62055417700579,0.8,0.3299748035314593,0.4185877786443691,0
2571,3HTbI3yUJQw3fP0Po8qLcD,verde,j balvin sky rompiendo,0.8119760479041916,0.7404880066170388,0.8273684210526315,0.0383226947383213,0.2918820549096427,0
2572,3HWzoMvoF3TQfYg4UPszDq,truth hurts,lizzo,0.6766467065868265,0.6226220016542597,0.3999999999999999,0.1106572467294445,0.6733353889684943,1
2573,3Hb9kUdm4yf839Fle4RIdT,parado no bailo,mc l da vinte mc gury,0.8119760479041916,0.5967741935483871,0.4694736842105262,0.383295126974151,0.2407209233429464,0
2574,3Hh0ZcGIqIkSiJVZGLcVLx,yoshi feat fabri fibra  prod strage,machete dani faiv thasup fabri fibra,0.7197604790419163,0.6598428453267163,0.6336842105263157,0.2293704196773241,0.7260684768348056,0
2575,3HqcNJdZ2seoGxhn0wVNDK,provenza,karol g,0.8622754491017964,0.511993382961125,0.5347368421052632,0.5794736754897147,0.388660149094009,2
2576,3HyR1j49TY5ACP2lseF1jx,summer renaissance,beyonc,0.6275449101796409,0.6236559139784946,0.1852631578947368,0.0848019200789317,0.44308611297529,1
2577,3IB5qOeMayvpOdHxYCL5tZ,on feat sia,bts sia,0.5281437125748504,0.8542183622828784,0.3726315789473684,0.137820430370061,0.3579465413938416,1
2578,3IHt4j5uAEl7iBu8Utn985,tried our best,drake,0.502994011976048,0.2824648469809759,0.2094736842105263,0.8420511173490077,0.226246833414954,2
2579,3IJYUaN3tx04S4TYyZHKoP,party girl,staysolidrocky,0.6946107784431138,0.4313482216708023,0.6136842105263157,0.751507171880286,0.5040659254288116,2
2580,3IMLoeLerS7TMpKjxUgAhx,arranho  ao vivo,henrique  juliano,0.4023952095808384,0.8779983457402812,0.6642105263157895,0.6207214728699102,0.6315455353418098,0
2581,3IMuuBcKSeFqQSlF2XluA1,pacas de billetes,natanael cano,0.6802395209580839,0.72808105872622,0.94,0.089429721736222,0.582034957889709,0
2582,3IPJg1sdqLj12kFIndaonN,no hay nadie ms,sebastian yatra,0.6526946107784432,0.369313482216708,0.8168421052631579,0.8661961694740001,0.3530251089788934,2
2583,3ITkrUvAA6gzxer2UIom3P,molhando o volante,jorge  mateus,0.7449101796407187,0.6464019851116626,0.8094736842105263,0.7112654183386319,0.5046282021052122,0
2584,3ITvHA9zhZZdBJsOsAUegF,amorfoda,bad bunny,0.7089820359281438,0.4241108354011579,0.231578947368421,0.9899395616145864,0.6123797604580439,2
2585,3IWs9dAwTqN0EFhOIcBDfs,be honest feat burna boy,jorja smith burna boy,0.7389221556886229,0.7487593052109182,0.6347368421052632,0.3460715049481209,0.31029208157244,0
2586,3Iba59sFmGhQ4kbCY5L8AX,little bit of love,tom grennan,0.6455089820359282,0.7074028122415219,0.6221052631578947,0.0837958762403904,0.3615620408829557,0
2587,3IhM5Mber8KA0NaRNpK2px,lay low,tisto,0.6646706586826348,0.6629445822994211,0.3663157894736841,0.1810803154273392,0.4732193060417536,1
2588,3IkACj2ZEsmDLzhQNBW2XH,offended,eminem,0.6059880239520959,0.8779983457402812,0.7557894736842106,0.5764555439740906,0.5659284518044245,0
2589,3IkWmgGsXbsafrunwPojXO,from now on,hugh jackman the greatest showman ensemble,0.4383233532934133,0.5130272952853598,0.0541052631578947,0.0048516162300505,0.3706733414349543,1
2590,3IvMYBE7A3c7to1aEcfFJk,deep pockets,drake,0.3868263473053892,0.8294044665012407,0.36,0.4849055546668276,0.188453376380752,2
2591,3IxMaULfjq4IT2IN6v54PB,mask,dream,0.5820359281437126,0.7518610421836228,0.6536842105263158,0.1961709730054595,0.430389542863016,0
2592,3IznIgmXtrUaoPWpQTy5jB,not allowed,tv girl,0.6227544910179642,0.913151364764268,0.5589473684210525,0.6730357524740606,0.3521605330141052,2
2593,3J4VKkUpLvomXJbn9ZAypO,sharing locations feat lil baby  lil durk,meek mill lil durk lil baby,0.635928143712575,0.6288254755996692,0.1589473684210526,0.0038455723915091,0.6362372202975835,1
2594,3J8EOeKLTLXORtWPpOU5bE,calling my phone,lil tjay 6lack,0.9065868263473056,0.3837882547559967,0.1789473684210526,0.4537181956720457,0.3520637972418213,2
2595,3JCaq3KDSROg3TXhdiDa9n,ley seca,jhayco anuel aa,0.7293413173652696,0.848014888337469,0.5810526315789474,0.1016028521825723,0.3527288556762737,0
2596,3JDPPLA5oReVAkrEDcBllG,shit changed,ufo361 sonus030,0.8095808383233534,0.5233664185277089,0.3010526315789473,0.1418446057242264,0.6667694484247184,1
2597,3JHpk0DOTOzyh0777JFAky,diosa,myke towers,0.7796407185628744,0.7477253928866833,0.2242105263157894,0.400397872229354,0.3521605330141052,1
2598,3JJL91ilRV6fXhKqu0FGXs,hot wind blows feat lil wayne,tyler the creator lil wayne,0.2646706586826347,0.7528949545078578,0.7336842105263157,0.6046247714532486,0.7662561442330365,2
2599,3JJYIoJ5FyY9E0DGjr7SXF,enemies,lauv,0.6538922155688623,0.6939619520264682,0.5989473684210526,0.1760500962346324,0.4794889932829099,0
2600,3JKgcAa7r07ocVWcV8bS0H,21,polo g,0.7580838323353295,0.4727047146401985,0.5273684210526316,0.1498929564325573,0.7818003736419203,0
2601,3JKhmIlixlYwFLzrkc6drb,learn to let go,kesha,0.4371257485029941,0.8531844499586435,0.6452631578947369,0.0037047262541133,0.7338980284040413,0
2602,3JR0ducCexKbeK47g6AHm5,butter  megan thee stallion remix,bts megan thee stallion,0.7053892215568863,0.5854011579818031,0.7810526315789473,0.0030910395126031,0.3823481399524785,0
2603,3JR2RztQcOjUQGQSybxDIO,one of me feat elton john,lil nas x elton john,0.6682634730538923,0.5957402812241522,0.5568421052631579,0.2032132798752489,0.5887097261773047,0
2604,3JWiDGQX2eTlFvKj3Yssj3,closed on sunday,kanye west,0.7772455089820361,0.2783291976840363,0.3936842105263157,0.8782686955364964,0.3099535063694459,2
2605,3JX0dOCIAiaR8MP3ryXWuM,what about me feat sosamann,lil wayne sosamann,0.7604790419161678,0.4323821339950372,0.1978947368421052,0.0264513774435333,0.4315080502300497,1
2606,3JXF3LsUjyDIHjuwhXxdjo,sweetest pie,megan thee stallion dua lipa,0.7952095808383234,0.6246898263027295,0.688421052631579,0.1740380085575497,0.46707658450172,0
2607,3JZjcKImHcmOI9ylL4zrSc,bahamas promises,drake,0.570059880239521,0.2969396195202646,0.3547368421052631,0.8551296872500452,0.430607198350655,2
2608,3K4HG9evC7dg3N0R9cYqk4,one step closer,linkin park,0.4095808383233533,0.9793217535153018,0.5326315789473685,0.0014008858638536,0.2927345389028954,1
2609,3KCNiDi9Pza6ZD8FggNoaw,modern jam feat teezo touchdown,travis scott teezo touchdown,0.4395209580838324,0.5347394540942929,0.5252631578947369,0.0005598332148331,0.3764593498146905,1
2610,3KJ3opyV29269SXkPrc19l,120,bad bunny,0.5820359281437126,0.6557071960297768,0.4284210526315789,0.4537181956720457,0.7569574181222378,1
2611,3KLo7ByvjCNyBrfz5DZ2mO,splashin,rich the kid,0.948502994011976,0.3724152191894127,0.3652631578947368,0.0019240286598951,0.3222449954352807,1
2612,3KLygy1YWhmrQx0GRs7IOx,rise,jonas blue jack  jack,0.6431137724550899,0.7890818858560794,0.6557894736842106,0.328968759692918,0.3586962436290425,0
2613,3KZCP2StVGdWkOKyRZNWA4,es un secreto,plan b,0.8275449101796407,0.7777088502894955,0.4863157894736842,0.117699553599234,0.291948560753088,0
2614,3Kd6Wp3lG5HXMB2dlvuy7y,death feat dababy,trippie redd dababy,0.7808383233532936,0.825268817204301,0.611578947368421,0.05824236274144,0.709115532742036,0
2615,3KdoeNlEN0BoAKWzaRLNZa,solar power,lorde,0.7005988023952097,0.4633995037220843,0.9105263157894736,0.2676000855418955,0.2494150508769702,0
2616,3KixNgUEaDtrKJVzdqjU5q,landed,drake,0.8754491017964073,0.6350289495450786,0.7189473684210526,0.0060890501514563,0.7087769575390421,0
2617,3Kkjo3cT83cw09VJyrLNwX,oh my god,adele,0.4598802395209582,0.7270471464019851,0.5452631578947369,0.0915424137971588,0.2501828910694744,1
2618,3Kuu5vASpXK8oRsxOvau6P,think about you,kygo valerie broussard,0.6263473053892217,0.5936724565756824,0.1663157894736842,0.1669957016877603,0.4670584465444168,1
2619,3Kw7zkALCVxY4wmlnh2IWC,cupid  twin ver,fifty fifty,0.7568862275449103,0.5843672456575683,0.7663157894736842,0.4305791873855946,0.4433098144486967,0
2620,3KyKxJ4P3pVCgaZwaq2rUC,gasoline,the weeknd,0.6922155688622755,0.7435897435897436,0.2926315789473683,0.0005779420039268,0.4612361622500741,1
2621,3L19besdNQzd342qL78xqm,demons and angels feat juice wrld,a boogie wit da hoodie juice wrld,0.7904191616766469,0.5461124896608769,0.1589473684210526,0.0114613242492672,0.1800796860924189,1
2622,3LHYmz86DxGInsRp3wiiW5,ganja burn,nicki minaj,0.724550898203593,0.9100496277915632,0.7663157894736842,0.1619654824950535,0.3765016717150648,0
2623,3LbZIhU0smEU5SUnxod4j4,breathe deeper,tame impala,0.6155688622754493,0.8542183622828784,0.4947368421052631,0.0246404985341589,0.352360050544441,1
2624,3Lfiu5sZ4M4B6JaKMBc0FU,barcelona,ed sheeran,0.7149700598802397,0.7632340777502068,0.6842105263157895,0.4507000641564216,0.3219910640330352,0
2625,3LgWsmilsrWXiPYQFRD0T7,goodbye,billie eilish,0.0035928143712574,0.1201406120760959,0.0192631578947368,0.8420511173490077,0.1668692071898862,2
2626,3LnpBazWpD31QMTn6LgVGv,pushin p feat young thug,gunna future young thug,0.7461077844311379,0.4137717121588088,0.48,0.0078697477456745,0.1861196258744006,1
2627,3LtpKP5abr2qqjunvjlX5i,doja,central cee,0.9113772455089822,0.5698924731182795,0.9894736842105264,0.3822890831356096,0.564223483817919,0
2628,3M0lSi5WW79CXQamgSBIjx,swim,chase atlantic,0.6179640718562875,0.5378411910669976,0.0474736842105263,0.2716242608960609,0.4438720911250974,1
2629,3M9Apu4OZfylLTFKvgEtKa,ritual,tisto jonas blue rita ora,0.5952095808383234,0.72808105872622,0.7736842105263158,0.1579413071408881,0.4128078162504004,0
2630,3MJhPqL2IgGs7gHEB2M35q,hard to love,blackpink,0.6035928143712577,0.7715053763440861,0.4978947368421053,0.0061896545353105,0.352190762942944,1
2631,3MmCFghNjzZMn3HKqbVizn,blood on my jeans,juice wrld,0.8598802395209583,0.5461124896608769,0.4547368421052631,0.1840984469429632,0.4306253363079583,1
2632,3MmvQKMKdN3UhVS3eGzJIW,brush em feat rah swish,pop smoke rah swish,0.6035928143712577,0.7260132340777502,0.7210526315789473,0.1066330713752791,0.151016632506847,0
2633,3MvY2XbGYFi6p2dgmdcOYG,tout lunivers,gjons tears,0.4598802395209582,0.3548387096774193,0.2157894736842105,0.8148879337083913,0.4640173157032388,2
2634,3MytWN8L7shNYzGl4tAKRp,sparks fly taylors version,taylor swift,0.5245508982035929,0.761166253101737,0.3736842105263157,0.0252441248372837,0.4127775863215617,1
2635,3NWrHCwvyII4fTx05PN3IO,enjoy yourself feat karol g,pop smoke karol g,0.7353293413173654,0.6763854425144749,0.4515789473684211,0.3913434776824818,0.3041251760893355,0
2636,3NanY0K4okhIQzL33U5Ad8,boys a liar,pinkpantheress,0.6059880239520959,0.8438792390405293,0.7452631578947368,0.2515033841252339,0.5215448702833754,0
2637,3NbTQ8ZbHU6MSEVUFAVCJ9,better off,ariana grande,0.5353293413173653,0.5192307692307693,0.0241052631578947,0.2172978936148279,0.2772084474513146,1
2638,3Nc86B5XmDlG1KuEeSLD8x,ew,joji,0.3952095808383233,0.3631100082712986,0.0058947368421052,0.8088516706771431,0.4072576013156065,2
2639,3NdDpSvN911VPGivFlV5d0,i dont wanna live forever fifty shades darker,zayn taylor swift,0.7005988023952097,0.4437551695616211,0.0570526315789473,0.0634737907018551,0.4308067158809908,1
2640,3Ne5uYDFzHEFYAPbaBMIck,automtico,maria becerra,0.6347305389221558,0.8128618693134823,0.88,0.0916430181810129,0.7824291561617664,0
2641,3NeiYiBn3rQBgurfVk92Zm,humility feat george benson,gorillaz george benson,0.5772455089820361,0.8118279569892474,0.791578947368421,0.1448627372398505,0.6859533612657875,0
2642,3NgCzSW98SsqBdpYcnm4kv,i have questions,camila cabello,0.2910179640718563,0.5512820512820513,0.1978947368421052,0.4074401790991435,0.7332631998984276,2
2643,3NhstUmrlhaN1M6hP8zMbb,baby nueva,bad bunny,0.8574850299401199,0.6288254755996692,0.3442105263157894,0.5070385191147374,0.4305104625783711,2
2644,3NkJNL3WqO1Lqc3uNDxvCN,dont call me angel charlies angels with miley cyrus  lana del rey,ariana grande miley cyrus lana del rey,0.5904191616766469,0.7229114971050455,0.2999999999999999,0.0026886219771866,0.339760216204451,1
2645,3Nl5OkkmS5DaBZvuYofpAt,the grudge,olivia rodrigo,0.4766467065868265,0.2948717948717948,0.2999999999999999,0.9215285805937746,0.4909642742700984,2
2646,3NqBxTOMCJ3zW9CIP51td4,jugaste y sufr,eslabon armado dannylux,0.2874251497005988,0.4933829611248966,0.3242105263157895,0.6358121304480305,0.9276839642319484,2
2647,3NuK5xMlSlB6K2Qp16zf3h,solo feat demi lovato,clean bandit demi lovato,0.7065868263473055,0.62055417700579,0.5515789473684211,0.035908189525822,0.3521665789998729,0
2648,3NuLxTXowTRcguTh9RsPmM,the joker and the queen,ed sheeran,0.4994011976047904,0.195616211745244,0.2705263157894736,0.9577461587812632,0.5278206035102995,2
2649,3O7p9Itz8PXUoAjD2vmuM6,beautiful people beautiful problems feat stevie nicks,lana del rey stevie nicks,0.4299401197604792,0.4220430107526881,0.1010526315789473,0.8390329858333836,0.4607101614882798,2
2650,3OEer2dQj1eWhSqxatGiru,revenge feat eminem,pnk eminem,0.6886227544910181,0.7518610421836228,0.7673684210526316,0.0454656059919649,0.2437257782695179,0
2651,3OTSBoYKO7HzGVj8Bu2OH9,all the time,zara larsson,0.6167664670658685,0.8035566583953682,0.4926315789473684,0.1810803154273392,0.334089081554302,1
2652,3OdIiWnYRHPYtC313Z0Bwy,faceoff,jimin,0.6455089820359282,0.5347394540942929,0.2178947368421052,0.1790682277502565,0.4427535837580638,1
2653,3Ol2xnObFdKV9pmRD2t9x8,look back at it,a boogie wit da hoodie,0.7676646706586828,0.5843672456575683,0.5305263157894737,0.4094522667762261,0.2983028917949927,0
2654,3OnOomd79OjqSYHchCQ6ht,notice me,migos post malone,0.7700598802395211,0.3331265508684863,0.4399999999999999,0.1126693344065272,0.7218121028543099,1
2655,3OoZagIW3YK8vjt0ws6NOI,shining feat beyonc  jayz,dj khaled beyonc jayz,0.7461077844311379,0.8149296939619521,0.5631578947368421,0.0481819243560265,0.3947061348617585,0
2656,3OtQmFLS5b3pTgIf44GQFJ,side effects,the chainsmokers emily warren,0.6263473053892217,0.7115384615384616,0.5347368421052632,0.0027791659226553,0.3827048531127757,1
2657,3Oww84xrmgjyr5J1ilOmAf,down under feat colin hay,luude colin hay,0.1892215568862275,0.8666253101736973,0.0070526315789473,0.0116625330169754,0.7564556013035146,1
2658,3PAwprj5tcrX8vV9BbBL9X,revival interlude,eminem,0.554491017964072,0.2752274607113316,0.7431578947368421,0.8621719941198348,0.3216403968585058,2
2659,3PEgB3fkiojxms35ntsTgs,more than you know,axwell  ingrosso,0.591616766467066,0.7456575682382134,0.5389473684210526,0.0341979150003017,0.461647289282281,0
2660,3PH1nUysW7ybo3Yu8sqlPN,seu brilho sumiu  ao vivo,israel  rodolffo mari fernandez,0.5688622754491018,0.924524400330852,0.751578947368421,0.3108599705991736,0.6465939939177383,0
2661,3PIDciSFdrQxSQSihim3hN,christmas baby please come home,mariah carey,0.4922155688622756,0.7859801488833748,0.7073684210526315,0.0221253889378055,0.4862786353000924,0
2662,3Pbp7cUCx4d3OAkZSCoNvn,scared to start,michael marcagi,0.4514970059880241,0.5471464019851118,0.4326315789473683,0.3863132584897751,0.6125611400310764,2
2663,3PfIrDoz19wz7qK7tYeu62,dont start now,dua lipa,0.7700598802395211,0.7973531844499587,0.6810526315789474,0.0123667637039544,0.4669435728148296,0
2664,3PpWCS95gDUDRPko3u1MZ9,prohibidox,feid,0.5952095808383234,0.8056244830438379,0.5105263157894737,0.0453650016081107,0.8064740415601062,1
2665,3PzeZR8CqtwXmSn5AVao7J,death,melanie martinez,0.2898203592814372,0.5368072787427627,0.4368421052631579,0.1026088960211137,0.8171028845398101,1
2666,3Q4gttWQ6hxqWOa3tHoTNi,not you too feat chris brown,drake chris brown,0.3688622754491019,0.4447890818858561,0.2989473684210526,0.3440594172710383,0.2394210364028803,2
2667,3QCU8BT0zDS9LPVfEhRFEE,always do,the kid laroi,0.7329341317365271,0.4179073614557485,0.5789473684210525,0.0444595621534235,0.7322232903463746,0
2668,3QFInJAm9eyaho5vBzxInN,family ties with kendrick lamar,baby keem kendrick lamar,0.6718562874251498,0.609181141439206,0.1178947368421052,0.0059079622605189,0.5282680064571128,1
2669,3QGppKBPd9gHOgHJzRbVIw,hate the way feat blackbear,geazy blackbear,0.5017964071856288,0.8717948717948718,0.3463157894736841,0.0676991748237288,0.2133809757011831,1
2670,3QGsuHI8jO1Rx4JWLUh9jd,treat you better,shawn mendes,0.3520958083832336,0.8242349048800661,0.7526315789473684,0.1066330713752791,0.2175164299663238,0
2671,3QGxgNaqaFSpORp2OVLXHR,212,chefin mainstreet,0.7652694610778444,0.5140612076095947,0.8684210526315789,0.6629753140886471,0.6488491466091089,0
2672,3QH8rQGNFX8VLbCgZ7uPTS,fly to my room,bts,0.7353293413173654,0.521298593879239,0.5852631578947368,0.0486849462752972,0.4122878614743741,0
2673,3QIoEi8Enr9uHffwInGIsC,please come home for christmas  2013 remaster,eagles,0.5532934131736528,0.2762613730355665,0.4568421052631579,0.6026126837761658,0.8250473098386328,2
2674,3QIrkRSTz3yPd44HzN6qJr,summer cem feat luciano,summer cem luciano,0.8670658682634732,0.586435070306038,0.4442105263157895,0.1800742715887978,0.5339028651926554,1
2675,3QPBocWfIcOCdFFvmqn60F,just look up from dont look up,ariana grande kid cudi,0.4982035928143713,0.5781637717121588,0.1263157894736842,0.2172978936148279,0.5037817640977273,1
2676,3QQAeMQbbjZXVFbF8DgFWT,first love,oscar ortiz edgardo nuez,0.651497005988024,0.5854011579818031,0.8021052631578948,0.3601561186876999,0.1645173187262317,0
2677,3QS9ZCtoSCJhmaJ7QNXSAS,act ii date  8 feat drake  remix,4batz drake,0.4790419161676648,0.5409429280397023,0.3999999999999999,0.3199143651460458,0.3370697525378025,1
2678,3QVHSV8YKYq4L8tI5rnFgj,stepdad,eminem,0.7532934131736528,0.8097601323407776,0.5526315789473685,0.0181012135836401,0.5983228435480263,0
2679,3QWjljChcOMkRDYSzF33Qr,whippin feat felix snow,kiiara felix snow,0.8622754491017964,0.4964846980976012,0.6747368421052632,0.5523104918490983,0.2165188423146452,2
2680,3Qa944OTMZkg8DHjET8JQv,woods,mac miller,0.7532934131736528,0.3517369727047146,0.4505263157894736,0.1358083426929783,0.2315189330044316,1
2681,3QiAAp20rPC3dcAtKtMaqQ,blue christmas,elvis presley,0.377245508982036,0.2566170388751034,0.5768421052631578,0.905431879177113,0.2889981196984262,2
2682,3QmolSZqjjLksTUvZJ6pPS,cool,jonas brothers,0.635928143712575,0.6009098428453268,0.6431578947368422,0.0105558847945799,0.1952188344548637,0
2683,3Qu3Zh4WTKhP9GEXo0aDnb,thought you should know,morgan wallen,0.4550898203592816,0.6784532671629446,0.5010526315789474,0.5090506067918201,0.5642839436755966,2
2684,3QwBODjSEzelZyVjxPOHdq,otra vez feat j balvin,zion  lennox j balvin,0.8167664670658683,0.7756410256410257,0.7073684210526315,0.0562302750643573,0.2980550063785149,0
2685,3QzAOrNlsabgbMwlZt7TAY,ballin with roddy ricch,mustard roddy ricch,0.7892215568862277,0.5409429280397023,0.223157894736842,0.3943616091981059,0.3040526242601224,1
2686,3R3rQ7FbTJdsi5She10YvI,angst,loredana rymez,0.8179640718562875,0.6774193548387097,0.5536842105263159,0.0285640695044701,0.3225835706382746,0
2687,3R8CyhJfVjvgIROd5RSGhQ,i can see,mac miller,0.6574850299401198,0.4975186104218362,0.0237894736842105,0.3933555653595645,0.4119855621859866,1
2688,3RA55zrRkyPK8Fd86hrMy8,luna,peso pluma junior h,0.7149700598802397,0.6277915632754343,0.8010526315789473,0.3299748035314593,0.4903354917502524,0
2689,3RD0PGolM0mETGHaprwgMn,culpables,manuel turizo,0.5065868263473055,0.2979735318444995,0.7705263157894737,0.9456736327187668,0.7913167552403582,2
2690,3RIgHHpnFKj5Rni1shokDj,norman fucking rockwell,lana del rey,0.0778443113772455,0.1873449131513647,0.1168421052631578,0.9738428601979248,0.190865724702084,2
2691,3RKjTYlQrtLXCq5ncswBPp,hey mickey,baby tate,0.9125748502994014,0.5016542597187759,0.7294736842105263,0.5824918070053388,0.5336187038615712,0
2692,3RZftiuTcLOqpsd8ZlwNhr,hop off a jet feat travis scott,young thug travis scott,0.8059880239520959,0.4696029776674937,0.3378947368421052,0.0115619286331213,0.5941994812544211,1
2693,3RauEVgRgj1IuWdJ9fDs70,the man,taylor swift,0.7508982035928146,0.6577750206782466,0.6326315789473684,0.0771559869060175,0.382892278671576,0
2694,3RiPr603aXAoi4GHyXx0uy,hymn for the weekend,coldplay,0.4083832335329341,0.6939619520264682,0.3999999999999999,0.2122676744221211,0.2618455976154631,1
2695,3RkNXZvOSMMElmmXztDc94,fg fans,drake,0.7580838323353295,0.4075682382133994,0.1399999999999999,0.2142797620992038,0.2439857556575311,1
2696,3RwWW7KeVhHGayYJgUL5eZ,eternal sunshine,ariana grande,0.6083832335329342,0.499586435070306,0.3147368421052632,0.540237965786602,0.6845809224965085,2
2697,3S0OXQeoh0w6AY8WQVckRW,im yours,jason mraz,0.6622754491017965,0.4365177832919768,0.7157894736842105,0.5623709302345118,0.6302456484017438,2
2698,3S68RFe1lsdCdTMPIMJM3X,cash in cash out,pharrell williams 21 savage tyler the creator,0.8706586826347306,0.5564516129032259,0.1284210526315789,0.0072460005657789,0.4428865954449543,1
2699,3S7HNKPakdwNEBFIVTL6dZ,treacherous taylors version,taylor swift,0.5928143712574852,0.5905707196029777,0.2810526315789473,0.0346003325357183,0.38250533558244,1
2700,3S8jK1mGzQi24ilFb45DAZ,lonely with benny blanco,justin bieber benny blanco,0.5616766467065869,0.2266335814722911,0.0419999999999999,0.905431879177113,0.1979637119934219,2
2701,3SGWp9fJCzgK0WcpcKSQdy,romantic  notd remix,stanaj notd,0.7137724550898205,0.6298593879239041,0.3263157894736842,0.2193099812919106,0.3466103180793112,1
2702,3SIRBp4RRQ2AO5H4NO7xfq,vultures, kanye west ty dolla ign,0.6646706586826348,0.6815550041356494,0.4768421052631578,0.053715165468004,0.6009709853143006,1
2703,3SYLoL8KHxdQPYIkfwmUjN,remote control,kanye west,0.7688622754491019,0.544044665012407,0.1736842105263157,0.0788662614315378,0.3832368998603377,1
2704,3SawmGBjjq8EOYZJV11cJm,only wanna be with you  pokmon 25 version,post malone,0.3832335329341317,0.7105045492142267,0.2263157894736842,0.001239918849687,0.3102678976293689,1
2705,3SsJ17EnPIu1B4GZshqjIS,feel the fiyaaaah with aap rocky  feat takeoff,metro boomin aap rocky takeoff,0.4083832335329341,0.7735732009925559,0.3557894736842105,0.1126693344065272,0.7935900458890321,1
2706,3T03rPwlL8NVk1yIaxeD8U,off my face,justin bieber,0.4299401197604792,0.2131927212572374,0.5831578947368421,0.92555275594794,0.2657573504071971,2
2707,3T4UodGkfZObJ43RtA5KFU,connection,onerepublic,0.5520958083832336,0.5998759305210918,0.6231578947368421,0.0008344831827548,0.7342003276924287,0
2708,3TKpJrY9q49Mj1JOsM9zGL,family,the chainsmokers kygo,0.5197604790419162,0.6050454921422663,0.36,0.4285670997085118,0.4298635421012218,2
2709,3TLwAp3uX1nKsVxrDhNPOL,love me,lil tecca,0.6754491017964073,0.5275020678246485,0.8410526315789473,0.6790720155053087,0.9515051481568813,0
2710,3TSLqZssCoCdDlMhCJ08XW,still life,bigbang,0.6347305389221558,0.5812655086848635,0.2178947368421052,0.4456698449637148,0.431332716642785,2
2711,3TTMUI5dFcbeNSDTTDY9M8,come thru with usher,summer walker usher,0.6335329341317367,0.7301488833746899,0.4505263157894736,0.1599533948179708,0.6365395195859709,1
2712,3TYOH7ta0101NYssoH5GlU,mercedes carota,bad bunny yovngchimi,0.8047904191616767,0.4809760132340777,0.1694736842105263,0.3873193023283164,0.5279838451260286,1
2713,3Tc57t9l2O8FwQZtQOvPXK,my strange addiction,billie eilish,0.9449101796407186,0.292803970223325,0.5589473684210525,0.3521077679793691,0.3223175472644937,0
2714,3TnhQSRwT3AVMdXw5JPq0x,nena maldicin feat lenny tavrez,paulo londra lenny tavrez,0.7329341317365271,0.6298593879239041,0.3652631578947368,0.1790682277502565,0.4368285177056693,1
2715,3U5JVgI2x4rDyHGObzJfNf,unwritten,natasha bedingfield,0.665868263473054,0.804590570719603,0.628421052631579,0.0058677205069772,0.3222087195206742,0
2716,3UDsmMZsEMsvM82OcdqJWu,alleen,kc rebell,0.6970059880239522,0.7487593052109182,0.9421052631578948,0.1237358166304821,0.684181887435837,0
2717,3UHPGOkUcE4hE7sqBF4Snt,film out,bts,0.4179640718562875,0.7105045492142267,0.2968421052631579,0.2977814006981361,0.7092787743577653,1
2718,3US6RbELvvrPw3DcvtJmis,komm komm,capital bra,0.4011976047904192,0.7973531844499587,0.3568421052631578,0.2525094279637752,0.2473473237443998,1
2719,3USu1p2lKTzoKFIRDeeJf8,megaverse,stray kids,0.554491017964072,0.7322167080231596,0.5726315789473684,0.0087953080771326,0.6852097050163544,0
2720,3UYiU57SMiAS5LqolhHJw1,shameless,camila cabello,0.2718562874251498,0.6505376344086022,0.0558947368421052,0.0198114881091604,0.5016958990078537,1
2721,3Ua0m0YmEjrMi9XErKcNiR,like crazy,jimin,0.5736526946107785,0.7353184449958644,0.3473684210526315,0.0025075340862491,0.4430679750179868,1
2722,3UjJP4ludb74a29P5EHEIo,thumbs,sabrina carpenter,0.6838323353293414,0.7239454094292804,0.0842105263157894,0.0251435204534295,0.534465141869056,1
2723,3UmaczJpikHgJFyBTAJVoz,stan,eminem dido,0.754491017964072,0.7715053763440861,0.5,0.0373166508997799,0.2016033954256071,0
2724,3Uo7WG0vmLQ07WB4BDwy7D,willow,taylor swift,0.2898203592814372,0.5760959470636889,0.5442105263157895,0.840039029671925,0.2070326906450462,2
2725,3UoULw70kMsiVXxW0L3A33,pov,ariana grande,0.4035928143712576,0.5295698924731184,0.1484210526315789,0.3621682063647826,0.5143924691201276,1
2726,3UwT4FadEGWyMdaSwYcUBY,this town,niall horan,0.6323353293413175,0.3889578163771712,0.1789473684210526,0.7424527773334139,0.3936843632670089,2
2727,3V8UKqhEK5zBkBb6d6ub8i,te bot  remix,nio garcia casper magico bad bunny darell ozuna nicky jam,0.9017964071856288,0.67535153019024,0.431578947368421,0.5452681849793088,0.3010235853904799,2
2728,3VClLWqNn80Llv0PJOsKgr,bilame  remix,nacho yandel bad bunny mambo kingz dj luian,0.7676646706586828,0.8728287841191067,0.7136842105263157,0.2494912964481511,0.2980247764496762,0
2729,3VFT90E0yYjdHSFoGv02us,rich rich,ufo361,0.4766467065868265,0.6484698097601324,0.1999999999999999,0.0849025244627859,0.5751848560148489,1
2730,3VTNVsTTu05dmTsVFrmGpK,fairytale of new york feat kirsty maccoll,the pogues kirsty maccoll,0.1449101796407186,0.5471464019851118,0.4168421052631579,0.5855099385209628,0.1898016312069601,2
2731,3VlW71ZRJPEjd17W0bW28D,donda chant,kanye west,0.6610778443113773,0.0264681555004135,0.1505263157894736,0.0051836106967691,0.3401773892224257,1
2732,3Vo4wInECJQuz9BIBMOu8i,finesse  remix feat cardi b,bruno mars cardi b,0.6634730538922157,0.8655913978494624,0.9410526315789474,0.0186042355029108,0.3530674308792677,0
2733,3VvA1wSxukMLsvXoXtlwWx,hecha pa mi,boza,0.6886227544910181,0.7590984284532672,0.8378947368421052,0.3641802940418653,0.3225654326809714,0
2734,3VyjsVV24RmBIbWJAeUJNu,no idea,don toliver,0.6000000000000001,0.6298593879239041,0.3347368421052631,0.5221291766928576,0.4913935392596085,2
2735,3W4JFzOQdo5J2Wgt9DFg24,warm it up,logic young sinatra,0.8107784431137726,0.6422663358147229,0.4221052631578947,0.2585456909950233,0.2977466611043598,1
2736,3W5KHP0Yr56ejVDns9vci3,wish you the best,lewis capaldi,0.6323353293413175,0.4737386269644333,0.4821052631578947,0.5915462015522109,0.3701110647585535,2
2737,3WMj8moIAXJhHsyLaqIIHI,something in the orange,zach bryan,0.2622754491017964,0.1759718775847808,0.1221052631578947,0.5583467548803464,0.7768728952412045,2
2738,3WRIaWsws011vHMd9uzPjG,first off feat travis scott,future travis scott,0.6994011976047905,0.6836228287841192,0.4347368421052631,0.0130709943909333,0.6972230787368727,1
2739,3WUyu94psXrYV6HZbXgcFA,rover,kai,0.5736526946107785,0.8107940446650125,0.54,0.0213205538669724,0.8422300013905768,0
2740,3WaDoMDQRqDdgtCDLxanpN,snitches  rats feat young nudy,21 savage metro boomin young nudy,0.8035928143712575,0.6712158808933003,0.4863157894736842,0.0084733740487993,0.599973397662622,1
2741,3WefHNGtjexZvi66ZEx9u4,hurts like hell feat offset,madison beer offset,0.6634730538922157,0.5564516129032259,0.6073684210526316,0.1861105346200459,0.1710107074407946,0
2742,3Wf2YGdYT8xVdNsQSoRKk9,youth feat khalid,shawn mendes khalid,0.5688622754491018,0.586435070306038,0.3136842105263158,0.5211231328543163,0.3221603516345322,2
2743,3WfSNAoj2D8C9noPSGZZFM,complicated,mac miller,0.8155688622754492,0.3496691480562447,0.5989473684210526,0.1368143865315197,0.1710772132842398,0
2744,3WlbeuhfRSqU7ylK2Ui5U7,snowchild,the weeknd,0.4790419161676648,0.609181141439206,0.2221052631578947,0.1629715263335948,0.6127243816468058,1
2745,3WnTQDd9A3bpBfzCziElU9,excitement,trippie redd partynextdoor,0.3880239520958084,0.6815550041356494,0.0067368421052631,0.0264513774435333,0.454912061137008,1
2746,3Wrjm47oTz2sjIgck11l5e,beggin,mneskin,0.6754491017964073,0.804590570719603,0.5863157894736841,0.1277599919846475,0.5277178217522476,0
2747,3X6qK1LdMkSOhklwRa2ZfG,danger spider offset  jid,offset jid,0.8179640718562875,0.686724565756824,0.231578947368421,0.0423468700924867,0.5847012376132865,1
2748,3XF5xLJHOQQRbWya6hBp7d,you should see me in a crown,billie eilish,0.6323353293413175,0.5285359801488835,0.3063157894736842,0.4647846778960006,0.6271924255890302,2
2749,3XHJUG5I2zYqOEmEZUX68n,thunderous,stray kids,0.5449101796407186,0.7849462365591399,0.8042105263157895,0.2082434990679557,0.7582633510480716,0
2750,3XIXklO3e0uWUAUkOR7NLI,dentro da hilux,luan pereira mc daniel mc ryan sp,0.6946107784431138,0.511993382961125,0.3473684210526315,0.1438566934013091,0.5034431888947333,1
2751,3XLbDUB5BX2WqL2qoAsvtb,thought i was playing,gunna 21 savage,0.6335329341317367,0.7322167080231596,0.2736842105263157,0.0042278690501548,0.6125792779883796,1
2752,3XREkzDHsWdBL5tybyCDBH,slomo,chanel,0.6922155688622755,0.8190653432588916,0.591578947368421,0.1257479043075648,0.352142395056802,0
2753,3XZeOzJ9tqnu58YP6cqApI,ronca freestyle,bad bunny,0.8455089820359282,0.6557071960297768,0.5831578947368421,0.1659896578492189,0.2619302414162116,0
2754,3XfUFGzbr0LmwFVoLXd9cO,billete grande en vivo,fuerza regida edgardo nuez,0.7197604790419163,0.5988420181968569,0.5557894736842106,0.5362137904324367,0.328151923530372,2
2755,3XgGQ1wjo5khvq2UImjyNF,all mine,brent faiyaz,0.5592814371257486,0.3682795698924731,0.1978947368421052,0.4305791873855946,0.5758740983923725,2
2756,3XiNC94b4Tq1xwv70sQJGN,sanguine paradise,lil uzi vert,0.6934131736526947,0.6009098428453268,0.1842105263157894,0.0953653803836159,0.5335824279469648,1
2757,3XjN0mvFkQp1FMVM9Ro5hm,rumbatn,daddy yankee,0.6407185628742517,0.9172870140612076,0.936842105263158,0.0473770892851934,0.2919364687815525,0
2758,3XjvMZqm2AQ8thMCD6w9w2,mas rica que ayer,anuel aa mambo kingz dj luian,0.8,0.6660463192721258,0.5231578947368422,0.3450654611095797,0.2855639997823445,0
2759,3XoYqtiWHhsk59frZupImG,what else can i do,diane guerrero stephanie beatriz,0.6802395209580839,0.7105045492142267,0.5347368421052632,0.2595517348335647,0.4429047334022576,0
2760,3XoflnowYPFRPOh3uFvHcm,selfish love with selena gomez,dj snake selena gomez,0.6862275449101797,0.6453680727874277,0.4326315789473683,0.0207169275638476,0.3884727235352088,1
2761,3XsYMEJutxpTiNXXRvodQH,rockstar 20,duki jhayco,0.5748502994011977,0.5492142266335815,0.2789473684210526,0.0047610722845817,0.7456030568504042,1
2762,3Y7MHz19qCg1Pkxridtu1k,the archer,taylor swift,0.1520958083832335,0.5698924731182795,0.1452631578947368,0.120717685114858,0.4693075532500196,1
2763,3Y7a0typ6ik1KscmebXd6D,no new friends feat sia diplo and labrinth,sia diplo labrinth lsd,0.6874251497005989,0.7032671629445822,0.6905263157894737,0.0651840652273754,0.3586841516575069,0
2764,3YJJjQPAbDT7mGpX3WtQ9A,good days,sza,0.3425149700598803,0.6546732837055418,0.3999999999999999,0.5020082999220307,0.449120006771504,2
2765,3YU6vJbjYUG0tiJyXf9x5V,him  i with halsey,geazy halsey,0.525748502994012,0.7332506203473945,0.1673684210526315,0.053715165468004,0.249034153773602,1
2766,3Yh9lZcWyKrK9GjbhuS0hR,good as hell,lizzo,0.6371257485029942,0.9276261373035568,0.5294736842105263,0.257539647156482,0.2978494428624115,0
2767,3Ytr1SUCUi6J3L9dRFx5iH,know no better feat travis scott camila cabello  quavo,major lazer travis scott camila cabello quavo,0.7041916167664671,0.8190653432588916,0.4747368421052631,0.1327902111773543,0.4372638286809472,0
2768,3YvE7uo4ffseBoJPh8IhHp,presepada,marlia mendona maiara  maraisa,0.5461077844311378,0.7353184449958644,0.6736842105263158,0.3702165570731134,0.7223804255164785,0
2769,3Yw09dj3cTXsAzlLjgBfIP,talk up feat jayz,drake jayz,0.7293413173652696,0.4727047146401985,0.331578947368421,0.003915995460207,0.5645197371205388,1
2770,3YxCKq3YPnTekAofhaHABZ,jay jay,mero,0.6730538922155689,0.6174524400330852,0.5757894736842105,0.5975824645834591,0.2139251144202806,2
2771,3Z0oQ8r78OUaHvGPiDBR3W,into the unknown,idina menzel aurora,0.207185628742515,0.3961952026468155,0.2547368421052631,0.8541236434115039,0.5948403557458026,2
2772,3Z7CaxQkqbIs1rewKi6v4W,hot in it feat charli xcx,tisto charli xcx,0.7161676646706588,0.8469809760132341,0.7210526315789473,0.0044693195714048,0.4614719556950162,0
2773,3Z8FwOEN59mRMxDCtb8N0A,be kind with halsey,marshmello halsey,0.5748502994011977,0.6319272125723739,0.4421052631578948,0.0077993246769766,0.2858360691418932,1
2774,3ZCTVFBt2Brf31RLEnCkWJ,everything i wanted,billie eilish,0.6634730538922157,0.2100909842845326,0.2221052631578947,0.9074439668541956,0.4430982049468255,2
2775,3ZEno9fORwMA1HPecdLi0R,happy,nf,0.6970059880239522,0.8614557485525227,0.1989473684210526,0.3078418390835496,0.358442312226797,1
2776,3ZFTkvIE7kyPt6Nu3PEa7V,hips dont lie feat wyclef jean,shakira wyclef jean,0.7520958083832336,0.8294044665012407,0.7642105263157895,0.2857088746356398,0.322287317335655,0
2777,3ZG8N7aWw2meb6UrI5ZmnZ,relacin,sech,0.7844311377245511,0.5585194375516958,0.7736842105263158,0.1257479043075648,0.7580215116173616,0
2778,3ZQLH6uKCfvgkbnMSVNCQe,yukon interlude,joji,0.7017964071856289,0.7115384615384616,0.0429473684210526,0.3853072146512337,0.2162286349977932,1
2779,3ZVw1HR1QAQoKBygbhG4CE,i love you dwayne,lil wayne,0.5952095808383234,0.8190653432588916,0.0491578947368421,0.8148879337083913,0.5681231446381176,2
2780,3ZYwSDF9knZI0RVlKR4PHC,bad company feat blocboy jb,aap rocky blocboy jb,0.8994011976047905,0.5244003308519438,0.3273684210526316,0.0683028011268536,0.5938548600656595,1
2781,3ZbJMlEL4Kcme0ONRO7Slx,you can cry,marshmello juicy j james arthur,0.4083832335329341,0.6153846153846154,0.1452631578947368,0.0979810943638235,0.4842713680251997,1
2782,3ZdDYeaZzeYnrP4crgXzPk,9060111,shirin david,0.7784431137724552,0.6267576509511994,0.7505263157894737,0.103614939859655,0.5880386217570845,0
2783,3Zf4GutWZ7Hv3wsVQsSQPs,beb,camilo el alfa,0.8526946107784433,0.7218775847808105,0.9842105263157894,0.4788692916355795,0.5034794648093399,0
2784,3ZhTT6yjZwpPph5MIJ53XY,red roses feat landon cube,lil skies landon cube,0.6479041916167665,0.6836228287841192,0.4463157894736842,0.5502984041720156,0.5639937363587446,2
2785,3Zyk5Vd9WNPNVWxvb0EZTk,x si volvemos,karol g romeo santos,0.7700598802395211,0.783912324234905,0.5726315789473684,0.343053373432497,0.7940072189070067,0
2786,3a1lNhkSLSkpJE4MSHpDu9,congratulations,post malone quavo,0.5748502994011977,0.8087262200165427,0.4842105263157894,0.2162918497762865,0.462082600257559,1
2787,3a94TbZOxhkI9xuNwYL53b,black summer,red hot chili peppers,0.3197604790419162,0.6825889164598843,0.3357894736842105,0.0268537949789498,0.3556490668020968,1
2788,3aA6xB0tOilDDX17fIJ0Bl,freak,doja cat,0.644311377245509,0.717741935483871,0.3589473684210525,0.0974780724445528,0.4243919249814086,1
2789,3aQem4jVGdhtg116TmJnHz,whats next,drake,0.7556886227544911,0.5916046319272126,0.0324210526315789,0.0136746206940581,0.5028869582041005,1
2790,3aUFrxO1B8EW63QchEl3wX,feel the love,kids see ghosts pusha t,0.5149700598802396,0.4623655913978494,0.3547368421052631,0.1267539481461062,0.3860664211996444,1
2791,3aUTkuo4ObA6QPtZSu5NBq,reggaetn en lo oscuro,wisin  yandel,0.7113772455089822,0.901778329197684,0.7336842105263157,0.0630713731664385,0.2738831552790524,0
2792,3aW0ds4A4tSQDIp75FqWTo,fake love,bts,0.4874251497005989,0.7208436724565757,0.3284210526315789,0.0026785615388011,0.1861135798886329,1
2793,3aYAAXlB1yvUs5MJ0FI3bh,hallo hallo,azet zuna,0.7592814371257487,0.6536393713813069,0.6621052631578948,0.2344006388700309,0.3102678976293689,0
2794,3agFBAMPiIvzfTh7a9Udm6,nota de repdio  ao vivo,gusttavo lima,0.791616766467066,0.8118279569892474,0.7726315789473684,0.383295126974151,0.412892460051149,0
2795,3agtg0x11wPvLIWkYR39nZ,somewhere i belong,linkin park,0.3604790419161677,0.9607113316790736,0.431578947368421,0.0003747211485414,0.6973863203526018,1
2796,3ao3OVxHlb3C08vAaApUlm,imposible,luis fonsi ozuna,0.761676646706587,0.7673697270471465,0.9273684210526316,0.1227297727919407,0.2676013760663607,0
2797,3apeXzypBMnUfYcZYNX6DH,i cant stop me,twice,0.6071856287425151,0.8873035566583954,0.7757894736842105,0.1217237289533994,0.6249493648691951,0
2798,3atCD3dVosUsd3KM2yzfeC,grandpas space ship,logic,0.6814371257485031,0.1501240694789082,0.1357894736842105,0.2676000855418955,0.437511714097425,2
2799,3azJifCSqg9fRij2yKIbWz,the color violet,tory lanez,0.5928143712574852,0.5295698924731184,0.4536842105263158,0.1579413071408881,0.3524930622313314,1
2800,3b5Li4QKDVBx1x7fQuu54a,tired,alan walker gavin james,0.6467065868263473,0.8831679073614558,0.4852631578947368,0.0430511007794656,0.4672095961886105,1
2801,3bH4HzoZZFq8UpZmI2AMgV,new light,john mayer,0.8119760479041916,0.6898263027295285,0.8642105263157894,0.3269566720158353,0.4668286990852423,0
2802,3bK1zVFBKIzYjmptmI4NsJ,overdrive feat norma jean martine,ofenbach norma jean martine,0.5520958083832336,0.7601323407775021,0.26,0.002577957154947,0.4851601279330588,1
2803,3bNNvJA7hsGw0wSpGkfOBm,too sad to dance,jung kook,0.4886227544910181,0.4602977667493796,0.5589473684210525,0.614685209838662,0.3252740343049232,2
2804,3bWAqKDWg6u1davspr5IkS,ok,robin schulz james blunt,0.6023952095808385,0.8149296939619521,0.58,0.1187055974377753,0.4548576472650983,0
2805,3buwFfY33H32wfZ6X9poV3,somebody,justin bieber,0.480239520958084,0.7590984284532672,0.3442105263157894,0.0002781409400415,0.1769841413793311,1
2806,3c3XJ9P1BjOtmNXKvdVyHK,for a better day,avicii,0.5760479041916169,0.8418114143920595,0.3042105263157895,0.0484837375075889,0.5336731177334808,1
2807,3cBsEDNhFI9E82vPj3kvi3,wasted on you,morgan wallen,0.4251497005988025,0.6567411083540117,0.231578947368421,0.3752467762658202,0.9025568473811814,1
2808,3cDyocF0Ibdfs1SFQk5cLZ,lollipop,darell,0.8047904191616767,0.7125723738626965,0.9494736842105264,0.1800742715887978,0.3401834352081934,0
2809,3cFsmM51N5zMAuu1nNY4Tw,no lie,sean paul dua lipa,0.7077844311377246,0.8986765922249793,0.4389473684210526,0.0439565402341528,0.3342462771842634,1
2810,3cNjgVBKTJ1SvKhunrCdVy,please dont go,joel adams,0.4347305389221557,0.7715053763440861,0.2136842105263157,0.0118637417846837,0.2270025816359227,1
2811,3caMfJGFp53NAH2TuigdNj,hunter,galantis,0.4299401197604792,0.7136062861869313,0.6536842105263158,0.1871165784585873,0.3211204420824793,0
2812,3cg9A9GVyZAT2CPevqWr65,cambio,ozuna anuel aa,0.4766467065868265,0.5378411910669976,0.6494736842105263,0.2756484362502263,0.7698051378787056,0
2813,3cphb8kdsjElYR7r5icK3H,nice to meet ya,niall horan,0.5281437125748504,0.8469809760132341,0.3789473684210526,0.0119643461685378,0.376761649103078,1
2814,3cqPu20DGTGUoZtbJH2Dmi,what if i told you that i love you,ali gatie,0.5341317365269461,0.3558726220016542,0.2073684210526315,0.6338000427709478,0.2277885597857302,2
2815,3dG6tjetoR4GMmUGZUprLt,wouldnt leave,kanye west partynextdoor,0.4850299401197606,0.4251447477253928,0.3368421052631578,0.4969780807293238,0.7105121554543861,2
2816,3dJj6o9o1fRgrojWjailuz,nobody can save me,linkin park,0.5928143712574852,0.6887923904052936,0.4221052631578947,0.0107570935622882,0.5637216669991958,1
2817,3dQDid3IUNhZy1OehIfYfE,vacaciones,wisin,0.7449101796407187,0.9172870140612076,0.6968421052631578,0.257539647156482,0.2981456961650312,0
2818,3dVvWnj4D8JGkKvo6Hucso,trollz,6ix9ine nicki minaj,0.7113772455089822,0.4137717121588088,0.4852631578947368,0.0320852229393649,0.8058573510117959,1
2819,3dWpRjCmaHbroNahuSeX11,rebota  remix,guaynaa nicky jam farruko becky g sech,0.8802395209580839,0.8635235732009926,0.8273684210526315,0.206231411390873,0.2618335056439277,0
2820,3dbLT62Cvs46Ju7a8gpr36,savage,aespa,0.6910179640718563,0.8862696443341604,0.6726315789473685,0.1247418604690234,0.606055659344978,0
2821,3ddxe0WYUpNPtSnHgQOad5,i still have faith in you,abba,0.0682634730538922,0.3527708850289495,0.3431578947368421,0.420518749000181,0.1666273677591763,2
2822,3dnP0JxCgygwQH9Gm7q7nb,ella baila sola,eslabon armado peso pluma,0.6203592814371259,0.761166253101737,0.8442105263157894,0.4859115985053689,0.61228302468576,0
2823,3drwaFqLSEjqzjNRbjap0R,nummer 1,capital bra samra,0.8179640718562875,0.5822994210090984,0.6642105263157895,0.5452681849793088,0.2980550063785149,0
2824,3e6ebtUCZ0tZL1J7wvM8Xi,void,lil nas x,0.5497005988023953,0.4303143093465674,0.151578947368421,0.6297758674167824,0.5632258961662404,2
2825,3e7Y6sfFlIdBMJhX7wpqVO,44 more,logic,0.807185628742515,0.5812655086848635,0.1968421052631578,0.0722263720971648,0.5637700348853378,1
2826,3eJH2nAjvNXdmPfBkALiPZ,acapulco,jason derulo,0.747305389221557,0.7963192721257238,0.5,0.0513006602555047,0.4555287516853185,0
2827,3eP13S8D5m2cweMEg3ZDed,virginia beach,drake,0.3017964071856288,0.5088916459884202,0.1768421052631578,0.1066330713752791,0.4431163429041287,1
2828,3eR23VReFzcdmS7TYCrhCe,it aint me with selena gomez,kygo selena gomez,0.5868263473053893,0.5285359801488835,0.508421052631579,0.1197116412763167,0.321948742132661,1
2829,3eV2WT9YhfzkxbufnBF8wK,creature feat swae lee,pop smoke swae lee,0.7712574850299403,0.7187758478081059,0.3578947368421052,0.0514012646393588,0.5753541436163458,1
2830,3eX0NZfLtGzoLUxPNvRfqm,maroon,taylor swift,0.5832335329341318,0.3889578163771712,0.0056842105263157,0.0576387364383152,0.3709635487518062,1
2831,3eZYOQO4UzKrUDYDghtnFw,test drive,ariana grande,0.6562874251497006,0.7094706368899917,0.3052631578947368,0.0252441248372837,0.4130496556811106,1
2832,3ebXMykcMXOcLeJ9xZ17XH,scared to be lonely,martin garrix dua lipa,0.5197604790419162,0.5357733664185278,0.171578947368421,0.0900333480393468,0.5517203852502133,1
2833,3edzl4zvKFi0D3iuF6cs2f,pass out feat 21 savage,quavo 21 savage,0.9185628742514972,0.7901157981803144,0.4305263157894736,0.0405359911831122,0.5823493491496321,0
2834,3eekarcy7kvN4yt5ZFzltW,highest in the room,travis scott,0.5365269461077845,0.4189412737799834,0.03,0.0549224180742536,0.1798741225763154,1
2835,3ehHqgYRzmeUi345MfHS2N,pars,morat duki,0.5173652694610779,0.8087262200165427,0.7368421052631579,0.0495903857299844,0.5519743166524587,0
2836,3eqCJfgJJs8iKx49KO12s3,remix exclusivo,feid,0.6000000000000001,0.5533498759305212,0.7147368421052631,0.0360087939096761,0.2439252957998537,0
2837,3fDTzkvrOo5xQIO480Qmsb,suicide doors,lil uzi vert,0.4646706586826349,0.7870140612076096,0.548421052631579,0.011360719865413,0.1733384119613782,1
2838,3fEoJxnPpfIHwFHKiFtqbA,break up song,little mix,0.570059880239521,0.7518610421836228,0.5978947368421053,0.0051735502583837,0.2618818735300697,0
2839,3fGW43fnu3OHEw6ohTC2Bw,our song,annemarie niall horan,0.5053892215568863,0.7622001654259719,0.5126315789473684,0.1277599919846475,0.2069661848016009,1
2840,3fHEwAssCgM4wJYdjT5Ch0,sbelo,anuel aa myke towers jhayco,0.5688622754491018,0.7570306038047974,0.751578947368421,0.1710198770419257,0.261005205593746,0
2841,3fNMgjG8yXaSam46swhz7w,knight crawler,trippie redd juice wrld,0.6335329341317367,0.772539288668321,0.4126315789473683,0.0540169786195664,0.5040901093718826,1
2842,3fV9z98dnQLSIPIMMJXCm7,veleno 7,gemitaiz madman,0.7856287425149703,0.8490488006617039,0.3105263157894736,0.1569352633023467,0.521605330141053,1
2843,3fVnlF4pGqWI9flVENcT28,wildest dreams,taylor swift,0.4826347305389222,0.663978494623656,0.4578947368421052,0.0713209326424776,0.5643444035332741,1
2844,3fjN3y5x4hN53rykAN2LHQ,cmo dormiste,rels b,0.5712574850299402,0.4210090984284532,0.5610526315789474,0.2394308580627376,0.4819134335757774,1
2845,3fpVWegR6YOS1Yk5HSMYIq,paranoid,post malone,0.5688622754491018,0.5316377171215881,0.2326315789473683,0.0382220903544671,0.6843814049661727,1
2846,3frUvGrmGcay91lvFbOgsN,like it is,kygo zara larsson tyga,0.7712574850299403,0.7301488833746899,0.3452631578947368,0.1217237289533994,0.3525172461744025,1
2847,3g0mEQx3NTanacLseoP0Gw,takeaway,the chainsmokers illenium lennon stella,0.4526946107784432,0.5057899090157155,0.3357894736842105,0.1267539481461062,0.3227468122540038,1
2848,3g4UyIcQwutiG0TfW32GnX,esclavo de tus besos,manuel turizo ozuna,0.7844311377245511,0.6712158808933003,0.5157894736842106,0.1136753782450686,0.2676013760663607,0
2849,3gD4J3RUHy4OUuZ3qAiaiG,caramelo,ozuna,0.6922155688622755,0.8107940446650125,0.7010526315789473,0.0534133523164415,0.7337771086886862,0
2850,3gOI5aQD4mOMLsP3aWrkon,tus gafitas,karol g,0.8035928143712575,0.6970636889991728,0.5621052631578947,0.3168962336304218,0.4551841304965567,0
2851,3gUzi41YOt3VExeyHSLsMj,sr feat lazza  sfera ebbasta,thasup lazza sfera ebbasta,0.6287425149700601,0.7415219189412738,0.3221052631578948,0.3893313900053992,0.6241936166482265,1
2852,3gWzTnziivUYzqXtnvgN8q,jonah,kanye west,0.3700598802395211,0.4230769230769231,0.1010526315789473,0.799797276130271,0.7894969135242658,2
2853,3gdewACMIVMEWVbyb8O9sY,rocket man i think its going to be a long long time,elton john,0.540119760479042,0.5275020678246485,0.3252631578947368,0.43460336273976,0.5432499591895961,2
2854,3gfmFoJgmn9LiIj5mV8oSS,i just cant,r3hab quintino,0.6011976047904193,0.5926385442514475,0.2852631578947368,0.1629715263335948,0.1863372813620396,1
2855,3ggtU1ZOKO8ZNiqPNyXGcm,dinero,trinidad cardona,0.6682634730538923,0.7859801488833748,0.4757894736842105,0.007759082923435,0.4430437910749158,1
2856,3goH7O78TLkV9RhCAyM4AT,fame,apache 207,0.791616766467066,0.6443341604631928,0.4652631578947368,0.1851044907815046,0.5033222691793784,1
2857,3grVoZ10bm2jUGpo7BxpuF,dead right now,lil nas x,0.6407185628742517,0.7187758478081059,0.5442105263157895,0.1016028521825723,0.4912061137008083,0
2858,3h5TiWTqGxjSjFrbruPFH9,praise jah in the moonlight,yg marley,0.6107784431137726,0.729114971050455,0.4063157894736842,0.1287660358231888,0.4734309155436247,1
2859,3h8tI65xdfpQyTAy7Grqwa,potion with dua lipa  young thug,calvin harris dua lipa young thug,0.807185628742515,0.6980976013234077,0.7631578947368421,0.1589473509794294,0.3220636158622482,0
2860,3hB5DgAiMAQ4DzYbsMq1IT,love yourself,justin bieber,0.5497005988023953,0.3682795698924731,0.508421052631579,0.840039029671925,0.3246694357281482,2
2861,3hRZsdTF5uyGA2uhNqEuhm,too much to ask,niall horan,0.4395209580838324,0.5481803143093467,0.1726315789473684,0.3772588639429029,0.6470958107364617,1
2862,3hSV42Sx3dAaYwjOPZgubn,carnal,peso pluma natanael cano,0.6191616766467067,0.7901157981803144,0.7884210526315789,0.1770561400731738,0.5390298611237068,0
2863,3hUxzQpSfdDqwM3ZTFQY0K,august,taylor swift,0.4574850299401198,0.6215880893300249,0.3905263157894737,0.5412440096251434,0.2613014588963657,2
2864,3hwQhakFwm9soLEBnSDH17,venice bitch,lana del rey,0.2610778443113772,0.2731596360628618,0.2947368421052632,0.9185104490781504,0.1880785252631515,2
2865,3hxIUxnT27p5WcmjGUXNwx,shut up my moms calling,hotel ugly,0.4011976047904192,0.4003308519437551,0.3621052631578947,0.3269566720158353,0.5544229408883972,2
2866,3i058E8uxTsYqJ5NWZzqSj,little freak,harry styles,0.4898203592814373,0.5306038047973533,0.3894736842105263,0.7233379444011281,0.5758317764919982,2
2867,3i0FkJYlU4MFfYkjFHXXAM,im not here to make friends,sam smith calvin harris jessie reyez,0.6562874251497006,0.902812241521919,0.8484210526315789,0.1730319647190083,0.4123120454174451,0
2868,3i6sCTU7ENlnHpHvrHUitW,sometimes,juice wrld,0.6275449101796409,0.5771298593879239,0.0462105263157894,0.0612604942570641,0.4550753027527373,1
2869,3i9UVldZOE0aD0JnyfAZZ0,lover remix feat shawn mendes,taylor swift shawn mendes,0.3568862275449103,0.6009098428453268,0.4105263157894736,0.4356094065783014,0.9586152274197546,2
2870,3iBgrkexCzVuPy4O9vx7Mf,glue song,beabadoobee,0.5628742514970061,0.4003308519437551,0.5789473684210525,0.7746461801667371,0.4064595311942635,2
2871,3iEqGBZ2wcpVzhiAcwXVC6,if youre too shy let me know  edit,the 1975,0.6000000000000001,0.8107940446650125,0.3726315789473684,0.0040065394056757,0.4771673347480941,1
2872,3iPbmpKBMflYd7UjdYftoj,alcoholfree,twice,0.644311377245509,0.9172870140612076,0.7052631578947368,0.0476789024367558,0.3045907169934521,0
2873,3iQOfefMGDVDwo8dZoco8T,porfa,feid justin quiles,0.8299401197604791,0.5450785773366419,0.5357894736842106,0.0953653803836159,0.2252976136494174,0
2874,3ibRxEv4KkcU9e259eyNJA,sua cara feat anitta  pabllo vittar,major lazer anitta pabllo vittar,0.7652694610778444,0.7704714640198511,0.6368421052631579,0.0081615004588515,0.3218822362892157,0
2875,3ioJs8DQw527GmqJIp5gZG,nail tech,jack harlow,0.6311377245508983,0.5533498759305212,0.071578947368421,0.0051031271896858,0.6252093422572085,1
2876,3iq9nhbI8fcnNamxMft1uv,real friends,camila cabello,0.6898203592814373,0.2917700578990901,0.8221052631578947,0.8440632050260904,0.2735929479622005,2
2877,3itgPtXSu4I9mr2QD6yrzP,holy roller feat sierra ferrell,zach bryan sierra ferrell,0.3173652694610779,0.3951612903225806,0.4136842105263157,0.6820901470209327,0.2084897732150738,2
2878,3iw6V4LH7yPj1ESORX9RIN,wellerman  sea shanty  220 kid x billen ted remix,nathan evans 220 kid,0.6850299401197606,0.9007444168734492,0.4284210526315789,0.0443589577695694,0.4426508020000121,1
2879,3j1453KrdHjw7y4gnBj7nF,i p me tu p te,geolier,0.5856287425149702,0.7704714640198511,0.4599999999999999,0.1156874659221513,0.4313024867139463,1
2880,3j84U36KvLeXNDPv4t5pI8,pure water with migos,mustard migos,0.6371257485029942,0.555417700578991,0.1105263157894737,0.175044052396091,0.9389234517741945,1
2881,3jT2LKH0RSbQ8jIUNFzXm5,ptsd,g herbo lil uzi vert juice wrld chance the rapper,0.8778443113772457,0.8128618693134823,0.8136842105263158,0.0318840141716566,0.4370884950936826,0
2882,3jbAzLVcHiI5hYSkcKe1Ty,love runs out feat geazy  sasha alex sloan,martin garrix geazy sasha alex sloan,0.5952095808383234,0.641232423490488,0.471578947368421,0.2635759101877301,0.2619544253592826,1
2883,3jbT1Y5MoPwEIpZndDDwVq,adicto with anuel aa  ozuna,tainy anuel aa ozuna,0.6994011976047905,0.8418114143920595,0.6221052631578947,0.0170951697450987,0.2012345902937743,0
2884,3jipFRgLyKK0oJoG1pKicx,jaded,drake,0.7377245508982038,0.2586848635235731,0.0052631578947368,0.0368136289805092,0.4190956414488601,1
2885,3jlxX3VXPiY3lvBBbppQD3,tell me why,the kid laroi,0.5389221556886228,0.7249793217535153,0.4536842105263158,0.1096512028909031,0.6237220297583419,1
2886,3jq1RpStaB1YGyN3rRZGca,sauce,xxxtentacion,0.6347305389221558,0.3010752688172042,0.3926315789473684,0.5855099385209628,0.533957279064565,2
2887,3js3wKPw8VxBWtcXtwyUnA,rockstar,sfera ebbasta,0.776047904191617,0.6257237386269645,0.7684210526315789,0.2645819540262715,0.624374996221259,0
2888,3jzbpOzoYa22FvzBkNkLvC,bigger than the whole sky,taylor swift,0.2934131736526947,0.2111248966087676,0.0353684210526315,0.8340027666406769,0.7182933391374797,2
2889,3k0YJnqMKRZb8swo86vCkq,drunk face,mgk,0.6479041916167665,0.7735732009925559,0.3284210526315789,0.0283628607367619,0.2618274596581599,1
2890,3k3NWokhRRkEPhCzPmV8TW,ojitos lindos,bad bunny bomba estreo,0.5952095808383234,0.686724565756824,0.2484210526315789,0.0804759315732039,0.2007871873469609,1
2891,3k4CoiIQXiNBrwrmbBMDxj,all up in your mind,beyonc,0.7113772455089822,0.5740281224152192,0.0510526315789473,0.0675985704398746,0.539005677180636,1
2892,3k6q0O9JnO2GhvD6C8fs20,closer than this,jimin,0.6778443113772455,0.5357733664185278,0.3589473684210525,0.3913434776824818,0.2493666829908281,2
2893,3kCwyvhvVTyehIzYN2I0nF,omert,drake,0.5940119760479043,0.9069478908188586,0.6873684210526316,0.0338961018487393,0.7098047751195593,0
2894,3kGfazcbVvVkuZunzlLgTD,came here for love,sigala ella eyre,0.6682634730538923,0.8748966087675766,0.7242105263157894,0.0314815966362401,0.47325558195636,0
2895,3kW4z2pIj5VY5fLjBrMRL5,p2,lil uzi vert,0.7485029940119762,0.7218775847808105,0.4821052631578947,0.0237350590794717,0.6551913856794782,1
2896,3ke6it1vTmHtz2ApcIVUz5,snow tha product bzrp music sessions vol 39,bizarrap snow tha product,0.81437125748503,0.7508271298593879,0.5168421052631579,0.3561319433335345,0.5218290316144596,0
2897,3kf0WdFOalKWBkCCLJo4mA,el gordo trae el mando,chino pacas,0.7017964071856289,0.804590570719603,0.9778947368421052,0.1800742715887978,0.5655112787864496,0
2898,3khEEPRyBeOUabbmOPJzAG,kick back,kenshi yonezu,0.5113772455089821,0.9503722084367244,0.2736842105263157,0.0020749352356763,0.3337565523370758,1
2899,3kml9ZdpT7UYk1ugkjqOzt,don don,daddy yankee anuel aa kendo kaponi,0.8239520958083834,0.8242349048800661,0.6568421052631579,0.2867149184741812,0.3525353841317057,0
2900,3ko9jEHNt4O5fjKN65ULJp,shut up,ariana grande,0.4179640718562875,0.4551282051282051,0.5968421052631578,0.8058335391615191,0.4896039274723546,2
2901,3krZxyBsWEHfEfJegYaWTd,come through feat chris brown,her chris brown,0.5568862275449102,0.4137717121588088,0.1610526315789473,0.6076429029688726,0.5389452173229585,2
2902,3ktTWpYdXrYApH54cBo4Ap,conexes de mfia feat rich the kid,matu rich the kid,0.7437125748502995,0.5740281224152192,0.6936842105263157,0.3953676530366473,0.4246821322982605,0
2903,3kwgqoBqTwoAH4nT29TYrq,nobodys love,maroon 5,0.4023952095808384,0.5636889991728701,0.1284210526315789,0.311866014437715,0.2839315836250521,1
2904,3kxfsdsCpFgN412fpnW85Y,redbone,childish gambino,0.7125748502994013,0.3455334987593051,0.6052631578947368,0.1730319647190083,0.6851008772725349,0
2905,3l6LBCOL9nPsSY29TUY2VE,lilith feat suga of bts diablo iv anthem,halsey suga,0.3365269461077845,0.7384201819685691,0.1126315789473684,0.0094693574489553,0.2231512887018663,1
2906,3l9YiADzNmEvBfZVPEF49F,calentn,mora,0.3652694610778444,0.5895368072787428,0.5052631578947369,0.4527121518335044,0.5278568794249059,2
2907,3lCbsHaN1wCxyDzcNN2x4N,si me tomo una cerveza,migrantes alico,0.6838323353293414,0.6102150537634409,0.871578947368421,0.1871165784585873,0.2319421520081742,0
2908,3lay6f81Lhy0qp2Uvp4cNJ,houdini feat swarmz  tion wayne,ksi tion wayne swarmz,0.5053892215568863,0.5140612076095947,0.7073684210526315,0.0004099326828904,0.3248810452300195,0
2909,3ll9PUsB2KIliRoyGEUwFz,peaches,jack black,0.6706586826347306,0.3000413564929693,0.4010526315789473,0.7947670569375642,0.2742277764678142,2
2910,3loy88Lp5qoTHhL8GhRfVZ,mekann sahibi,norm ender,0.8898203592814372,0.6288254755996692,0.423157894736842,0.2555275594793993,0.4613752199227323,1
2911,3lyeSiAIdLoZUHhV8psOTI,feed me dope,future,0.8419161676646708,0.6887923904052936,0.5610526315789474,0.0118637417846837,0.6245140538939171,0
2912,3m2aDCqn8eT5ElXDUiboGU,get dripped feat playboi carti,lil yachty playboi carti,0.9580838323353296,0.4830438378825475,0.9336842105263158,0.1056270275367377,0.5036487524108368,0
2913,3mRF0YNsDdFKFnxwg16hSz,vuelve candy b,bad bunny,0.7604790419161678,0.6918941273779983,0.2031578947368421,0.2243402004846173,0.4607162074740475,1
2914,3mRcWCyteY2133a7xVMrYw,comin out strong feat the weeknd,future the weeknd,0.5724550898203594,0.4747725392886683,0.3136842105263158,0.291745137666888,0.3751110949884823,1
2915,3mzbab4H0iZYkHggSEj0UX,oi balde  ao vivo,z neto  cristiano,0.6227544910179642,0.6681141439205956,0.5473684210526316,0.6046247714532486,0.3704798698903863,2
2916,3nAp4IvdMPPWEH9uuXFFV5,underneath the tree,kelly clarkson,0.4299401197604792,0.8169975186104219,0.691578947368421,0.0013002814799995,0.6841516575069984,0
2917,3nNmRE0DxHC6ZaKkrpUumS,fina,bad bunny young miko,0.8347305389221559,0.7260132340777502,0.3831578947368421,0.0874176340591393,0.2894999365171494,1
2918,3nOz1U41SZZ0N3fuUWr9nb,i am woman,emmy meli,0.5940119760479043,0.4644334160463192,0.4452631578947368,0.1227297727919407,0.7458690802241852,1
2919,3nS9a01VvXHQriLqJYwRqG,dollaz on my head feat young thug,gunna young thug,0.8083832335329342,0.4509925558312655,0.1357894736842105,0.1146814220836099,0.5949068615892479,1
2920,3nY8AqaMNNHHLYV4380ol0,dick feat doja cat,starboi3 doja cat,0.5952095808383234,0.6060794044665012,0.4652631578947368,0.1307781235002716,0.4793015677241095,1
2921,3nc420PXjTdBV5TN0gCFkS,ocean feat khalid,martin garrix khalid,0.4263473053892216,0.6939619520264682,0.1989473684210526,0.5875220261980455,0.5634495976396472,2
2922,3ndCsZfq8OVwwkz9mmZvUz,stay,bts,0.5173652694610779,0.6939619520264682,0.3252631578947368,0.1146814220836099,0.4787574290050121,1
2923,3nhGk6VnrDHy67pXvMhdPa,space man,sam ryder,0.3796407185628744,0.8335401157981803,0.3178947368421052,0.1820863592658805,0.2010894866353484,1
2924,3nkW3TPQjBip1lER4h78NX,papercuts,mgk,0.4526946107784432,0.6257237386269645,0.2768421052631579,0.0107570935622882,0.5639090925579961,1
2925,3npzogdOEiVsieXmmhBepL,the bones,maren morris,0.5532934131736528,0.5667907361455748,0.3189473684210526,0.2806786554429331,0.1831087249620614,1
2926,3nsfB1vus2qaloUdcBZvDu,all too well taylors version,taylor swift,0.3473053892215569,0.5233664185277089,0.1052631578947368,0.0171957741289529,0.8419277021021894,1
2927,3o1CUVeHIid49sabk6A6Nf,forever yours  avicii tribute,kygo avicii sandro cavazza,0.4538922155688624,0.6102150537634409,0.423157894736842,0.2545215156408579,0.4386604513932974,1
2928,3o9kpgkIcffx0iSwxhuNI2,numb little bug,em beihold,0.7089820359281438,0.522332506203474,0.6378947368421053,0.328968759692918,0.231295231531025,0
2929,3oGVx9RBmiYGv5ZCecWLkx,forever winter taylors version from the vault,taylor swift,0.5520958083832336,0.5481803143093467,0.3978947368421052,0.257539647156482,0.418950537790434,1
2930,3oHkMCVJyOcjg5FhfLc2Rq,aap forever remix feat moby ti  kid cudi,aap rocky moby ti kid cudi,0.332934131736527,0.7570306038047974,0.3810526315789473,0.3018055760523014,0.479023452378793,1
2931,3oNnzH6hmqIGIhJ1NcHlrh,corazn vaco,maria becerra,0.635928143712575,0.7963192721257238,0.3873684210526316,0.3360110665627075,0.3105943808608274,1
2932,3oRW9ZGPRbLRMneQ5lwflt,waiting on a miracle,stephanie beatriz,0.3952095808383233,0.5502481389578164,0.2473684210526316,0.172025920880467,0.8666799678353558,1
2933,3oZ6dlSfCE9gZ55MGPJctc,98 braves,morgan wallen,0.4047904191616767,0.6701819685690654,0.4757894736842105,0.0974780724445528,0.5769140079444253,1
2934,3oZZfVvLJuDYc4Vn3A63Fw,polar opposites,drake,0.3473053892215569,0.260752688172043,0.3273684210526316,0.0929508751711167,0.1801401459500964,1
2935,3obgSF06ki98lYNLNq5vCB,wasted feat lil uzi vert,juice wrld lil uzi vert,0.7089820359281438,0.5760959470636889,0.4947368421052631,0.0383226947383213,0.5941752973113501,1
2936,3oh6SCCeLuXhFpEyepla6G,thotiana,blueface,0.9053892215568864,0.3724152191894127,0.3778947368421053,0.1810803154273392,0.3464773063924207,1
2937,3ojTJaonfkL96iIWa47SU3,questions,chris brown,0.5556886227544912,0.5957402812241522,0.5610526315789474,0.0054552425331753,0.3572270690874793,1
2938,3onYsG7nB3FwEVHYYWCrIM,no child left behind,kanye west,0.0131736526946107,0.3155500413564929,0.0521052631578947,0.0063506215494771,0.5360612821117419,1
2939,3op7HNwLli54MBjFGzIlZO,louder than bombs,bts,0.5904191616766469,0.6670802315963607,0.4768421052631578,0.0435541226987363,0.6002515130079384,1
2940,3orEOtd8CPL8GFlpRpKuoE,faith,the weeknd,0.2694610778443114,0.6029776674937966,0.1010526315789473,0.6156912536772035,0.7813106487947328,2
2941,3p6hnejEQYXkiTO1lAzVc0,euphoria,bts,0.5832335329341318,0.8035566583953682,0.5578947368421053,0.3963736968751886,0.3523419125871378,0
2942,3p7XQpdt8Dr6oMXSvRZ9bg,eyes closed,ed sheeran,0.7700598802395211,0.5150951199338296,0.291578947368421,0.2474792087710684,0.364548757852224,1
2943,3pCt2wRdBDa2kCisIdHWgF,to the bone,pamungkas,0.6203592814371259,0.729114971050455,0.9547368421052632,0.5170989575001509,0.5639272305152994,0
2944,3pIigjAWkzwAonXpJ1fmSF,everybody hates me,the chainsmokers,0.3844311377245509,0.7580645161290323,0.5052631578947369,0.0084029509801014,0.6534682797356695,1
2945,3pJa2fy3VW7Uxrzzz0k1A7,angeklagt,bonez mc,0.6083832335329342,0.6215880893300249,0.2873684210526316,0.172025920880467,0.8179795524761335,1
2946,3pTScODwk9tggZzmuH6xDY,whats the move feat lil uzi vert,young thug lil uzi vert,0.97125748502994,0.4303143093465674,0.3999999999999999,0.043352913931028,0.4673546998470365,1
2947,3pUa0ZxdSeaJXm0EIydD3F,wouldve couldve shouldve,taylor swift,0.4047904191616767,0.8376757650951199,0.5494736842105263,0.4265550120314292,0.6727126524344162,0
2948,3pWcj8hxj3fsb9TDAcMpEl,somebody,the chainsmokers drew love,0.4574850299401198,0.6143507030603805,0.2736842105263157,0.1871165784585873,0.3335268048779012,1
2949,3pZO6GoVPeSYDxxsH6vCdj,sunset with j cole feat young nudy,dreamville j cole young nudy,0.9269461077844312,0.3755169561621174,0.3768421052631578,0.1881226222971286,0.503376683051288,1
2950,3pdQTWpq09XCBosbTtYIiZ,winter wonderland  remastered,bing crosby,0.525748502994012,0.217328370554177,0.5242105263157895,0.840039029671925,0.4831226307293273,2
2951,3pm4XtcsRIFFtH2UErk62R,cancin con yandel,yandel bad bunny,0.7185628742514971,0.7435897435897436,0.4873684210526315,0.4496940203178803,0.2010290267776709,0
2952,3pv7Q5v2dpdefwdWIvE7yH,shake it off taylors version,taylor swift,0.5772455089820361,0.8118279569892474,0.9357894736842104,0.0103546760268717,0.6852338889594254,0
2953,3pzjHKrQSvXGHQ98dx18HI,what do you mean,justin bieber,0.8323353293413175,0.5636889991728701,0.8010526315789473,0.5935582892292937,0.4734127775863215,0
2954,3qCeq0rWK67SoBDgFd2sId,feliz navidad,jos feliciano,0.4359281437125749,0.8232009925558312,0.9842105263157894,0.4084462229376849,0.6167812380969655,0
2955,3qM0vBxIe4VUbK0Z0smuVP,medusa,jhayco anuel aa j balvin,0.8814371257485031,0.6019437551695617,0.3694736842105263,0.1951649291669181,0.3101892998143882,1
2956,3qXZqXGniqNt3PK2CBSZgM,si la calle llama  remix,eladio carrion myke towers,0.3820359281437127,0.6381306865177834,0.528421052631579,0.5674011494272184,0.7596902036892605,2
2957,3qXsX3mYSsD1DmAvc3PE3N,love you anyway,luke combs,0.4574850299401198,0.4830438378825475,0.303157894736842,0.1498929564325573,0.5628147691340335,1
2958,3qhlB30KknSejmIvZZLjOD,end of beginning,djo,0.6455089820359282,0.4468569065343258,0.9263157894736842,0.0353045632226972,0.6847925319983796,0
2959,3qk4wRMDlaeagZGjSYbsOV,sober,geazy charlie puth,0.4886227544910181,0.7694375516956162,0.1578947368421052,0.2645819540262715,0.2996571926069686,1
2960,3qmvK8QARSPkFTuKeIXSbs,bleed it out,linkin park,0.4694610778443114,0.9410669975186104,0.7010526315789473,0.0751438992289348,0.5647978524658552,0
2961,3qnoOm4fwZPBS116f5hpgF,all mine,kanye west,0.9281437125748504,0.2959057071960297,0.2452631578947368,0.1257479043075648,0.4557524531587253,1
2962,3qoftcUZaUOncvIYjFSPdE,bejeweled,taylor swift,0.6538922155688623,0.555417700578991,0.4221052631578947,0.0621659337117513,0.7090792568274293,1
2963,3r1cV21xPMkgCmxk8VqWOB,cherry lady,capital bra,0.8239520958083834,0.5450785773366419,0.6547368421052632,0.8822928708906618,0.4094764780923705,2
2964,3r8RuvgbX9s7ammBn07D3W,ditto,newjeans,0.7952095808383234,0.6401985111662531,0.1589473684210526,0.0271556081305123,0.5268230158586207,1
2965,3r9FFjLrAIQjoR8pSHVPC9,outro  ego,bts,0.7880239520958086,0.9110835401157984,0.4642105263157894,0.0121655549362461,0.4248514198997575,0
2966,3rFF7kSm5qBOOPs6ljFgPp,the cut off feat kill edward,j cole kill edward,0.6994011976047905,0.5388751033912325,0.3199999999999999,0.1871165784585873,0.1901462523957218,1
2967,3rPAD722s5FFNnwjC91t7Z,quiere beber,anuel aa,0.7461077844311379,0.5667907361455748,0.7789473684210526,0.3742407324272788,0.2921420322976559,0
2968,3rRin3LyLY92kpEbkCgwf4,basta voc me ligar  ao vivo,os bares da pisadinha xand avio,0.5377245508982037,0.9224565756823822,0.8410526315789473,0.503014343760572,0.7333176137703372,0
2969,3rUGC1vUpkDG9CZFHMur1t,greedy,tate mcrae,0.7185628742514971,0.7353184449958644,0.8547368421052631,0.257539647156482,0.388756884866293,0
2970,3rV5y8rcQrwRt9fWGLmjOQ,all eyes on me,bo burnham,0.2419161676646707,0.4158395368072787,0.1147368421052631,0.737422558140707,0.4856679907375498,2
2971,3rWDp9tBPQR9z6U5YyRSK4,midnight rain,taylor swift,0.5904191616766469,0.3527708850289495,0.2084210526315789,0.6941626730834288,0.563165436308563,2
2972,3rb0tMq42WfggucPm0HHkA,bad memories feat elley duh  fast boy,meduza james carter elley duh fast boy,0.5473053892215569,0.7704714640198511,0.6631578947368422,0.1187055974377753,0.4672337801316815,0
2973,3rdAz1fbUfZxYgaCviYhRo,todo de ti,rauw alejandro,0.754491017964072,0.7208436724565757,0.3199999999999999,0.3038176637293842,0.4912000677150406,1
2974,3rgjBiAMVGnxmsTDmUy8vb,krippy kush,farruko bad bunny rvssian,0.6682634730538923,0.5564516129032259,0.3989473684210526,0.0671961529044581,0.7032992944334611,1
2975,3rmo8F54jFF8OgYsqTxm5d,bad habits,ed sheeran,0.7868263473053894,0.9007444168734492,0.531578947368421,0.0453650016081107,0.4794043494821613,0
2976,3rq5w4bQGigXOfdN30ATJt,do i wanna know,arctic monkeys,0.4766467065868265,0.5275020678246485,0.3926315789473684,0.1871165784585873,0.2316338067340189,1
2977,3ruoIF2UnoXdzK8mR61ebq,rich nigga shit feat young thug,21 savage metro boomin young thug,0.8083832335329342,0.7353184449958644,0.6189473684210526,0.3511017241408277,0.3098930465117684,0
2978,3ryjLm3oupIjJFGc39naNi,dimple,bts,0.5532934131736528,0.8500827129859387,0.6536842105263158,0.1428506495627678,0.5329536454271186,0
2979,3s3VVLE1kB7Xk2AoJKlGmr,overnight,logic,0.8514970059880241,0.7477253928866833,0.9021052631578949,0.0013807649870828,0.6244535940362397,0
2980,3s4mrPrEFFPF0LmAfutW0n,the london feat j cole  travis scott,young thug j cole travis scott,0.7592814371257487,0.511993382961125,0.183157894736842,0.0250429160695754,0.3099958282698202,1
2981,3sNVsP50132BTNlImLx70i,bound 2,kanye west,0.259880239520958,0.6650124069478909,0.2926315789473683,0.1458687810783918,0.6178695155351606,1
2982,3sW3oSbzsfecv9XoUdGs7h,enchanted taylors version,taylor swift,0.4251497005988025,0.5275020678246485,0.1936842105263157,0.012064950552392,0.2127521931813372,1
2983,3sa06xVNmLLYIxdNNmVQN8,where did you go feat mnek,jax jones mnek,0.7341317365269462,0.7859801488833748,0.4947368421052631,0.1830924031044219,0.4855893929225691,0
2984,3sd2p4kE7xQmFH3lPnFl6h,sentadona remix s2,davi kneip mc frog dj gabriel do borel lusa sonza,0.9281437125748504,0.4468569065343258,0.7778947368421053,0.2535154718023166,0.5338726352638166,0
2985,3soOPBuMK8YMdWnV7xpEyf,mad love,sean paul david guetta becky g,0.7700598802395211,0.8294044665012407,0.6094736842105263,0.0060286875211438,0.3101651158713173,0
2986,3swc6WTsr7rl9DqQKQA55C,psycho feat ty dolla ign,post malone ty dolla ign,0.7185628742514971,0.5564516129032259,0.4494736842105263,0.5492923603334742,0.5643444035332741,2
2987,3szf2z1Cy1QMrtHrbn8rz9,elevate,drake,0.7281437125748504,0.4675351530190239,0.0233684210526315,0.0152842908357243,0.1774073603830737,1
2988,3t0ic4mkhvhamrKDkulB8v,overdrive,post malone,0.4850299401197606,0.7311827956989247,0.4736842105263158,0.0003686848855102,0.5631593903227952,1
2989,3t4KHjd8uQpJJ2fa0fRIpR,high,the chainsmokers,0.540119760479042,0.7911497105045493,0.5189473684210526,0.0494897813461303,0.5336368418188744,1
2990,3t6j6WNv2OSn6qm5Vxynub,gps feat french montana,maluma french montana,0.8275449101796407,0.6277915632754343,0.6778947368421053,0.18912866613567,0.587857242184052,0
2991,3t8pnImpBpOwxdtYBpKvA9,the motion,drake,0.6299401197604793,0.7187758478081059,0.5536842105263159,0.291745137666888,0.6705602815010974,0
2992,3tAQNhm1o0kzldsI5QkrB1,dream on,aerosmith,0.2910179640718563,0.4251447477253928,0.2168421052631578,0.3923495215210232,0.198731552185926,2
2993,3tDqEKKUs6gf8zMvSuLyLA,commercial feat lil uzi vert,lil baby lil uzi vert,0.888622754491018,0.4799421009098428,0.5294736842105263,0.0482825287398807,0.4490958228284331,0
2994,3tNMdL4qjzNHfo7rlVMESK,honey are u coming,mneskin,0.3880239520958084,0.94520264681555,0.3789473684210526,0.0022962648801554,0.5635765633407699,1
2995,3tYTyAt1q6BFBiGyYVOLhi,silent hill,kendrick lamar kodak black,0.9065868263473056,0.5740281224152192,0.8094736842105263,0.4406396257710081,0.5644048633909515,0
2996,3tcnWNjEXyXCbFR9zonrX2,topanga,trippie redd,0.724550898203593,0.6133167907361456,0.0073684210526315,0.0058979018221335,0.3581460589241772,1
2997,3tcoEYOZUHKB3RKNByIN13,for real,lil uzi vert,0.9005988023952097,0.6732837055417701,0.6136842105263157,0.1599533948179708,0.5160127933058847,0
2998,3tiJUOfAEqIrLFRQgGgdoY,un finde  crossover 2,big one fmk ke personajes,0.4179640718562875,0.5140612076095947,0.8589473684210526,0.1096512028909031,0.8792616642180424,0
2999,3tjFYV6RSFtuktYl3ZtYcq,mood feat iann dior,24kgoldn iann dior,0.658682634730539,0.7239454094292804,0.7621052631578947,0.2223281128075346,0.2676618359240382,0
3000,3towKHKVOXCCcL1fHv6xFO,capital letters,hailee steinfeld bloodpop,0.6251497005988026,0.825268817204301,0.4536842105263158,0.03439912376801,0.3225593866952037,1
3001,3tt9i3Hhzq84dPS8H7iSiJ,la bachata,manuel turizo,0.8203592814371258,0.6794871794871795,0.8610526315789473,0.5865159823595042,0.4731709381556115,0
3002,3tv697PZNnaQN0Mn2zGhS5,a gente fez amor  ao vivo,gusttavo lima,0.7712574850299403,0.946236559139785,0.8357894736842104,0.3682044693960307,0.527778281609925,0
3003,3uB8KqnEoQq5bTQ1JFHJ7Y,romeo  juliet,loredana mozzik,0.591616766467066,0.6805210918114145,0.6852631578947369,0.1730319647190083,0.4761032412529701,0
3004,3uJFmluXzYedoJcvhpC1AW,hot shit feat ye  lil durk,cardi b kanye west lil durk,0.8718562874251498,0.685690653432589,0.5168421052631579,0.0015216111244786,0.6667815403962538,0
3005,3uMB82o0qa7erhiZBW9KQC,big for your boots,stormzy,0.4371257485029941,0.9100496277915632,0.6273684210526316,0.0314815966362401,0.7731062461078968,0
3006,3uUuGVFu1V7jTQL60S1r8z,where are you now,lost frequencies calum scott,0.6239520958083834,0.6350289495450786,0.2421052631578947,0.5181050013386923,0.4489023512838651,2
3007,3uVPLtkmDu8pDkYEAVqbgS,real shit with benny blanco,juice wrld benny blanco,0.6622754491017965,0.7043010752688171,0.7,0.608648946807414,0.1771413370092926,0
3008,3uYDO9dPLTVrgfwg7EYXSf,lift yourself,kanye west,0.8706586826347306,0.4272125723738627,0.5863157894736841,0.0108576979461423,0.3100986100278719,0
3009,3uayvzcbqFydIbgUeC6EJh,closure,taylor swift,0.6419161676646709,0.706368899917287,0.9336842105263158,0.8370208981563009,0.6357354034788603,2
3010,3uhTOxvu2h2YEm0uPNF2vi,doch in der nacht,apache 207,0.8982035928143713,0.8376757650951199,0.7094736842105263,0.1217237289533994,0.509531496562857,0
3011,3ujiq7yK4Uan5z4876fHLK,layla,dj robin schrze,0.3497005988023953,0.9307278742762616,0.3747368421052631,0.0013405232335411,0.5644774152201646,1
3012,3umS4y3uQDkqekNjVpiRUs,el amante,nicky jam,0.6383233532934134,0.6918941273779983,0.7368421052631579,0.2444610772554444,0.8052769363780918,0
3013,3uwnnTQcHM1rDqSfA4gQNz,cool for the summer,demi lovato,0.518562874251497,0.6081472291149711,0.3199999999999999,0.0042681108036965,0.4071487735717869,1
3014,3v1zVVdzNVNt7vmI9VG2gq,malibu feat polo g,migos polo g,0.8155688622754492,0.7208436724565757,0.8705263157894736,0.5170989575001509,0.6549011783626262,0
3015,3vAn0qZzdyuHamcrpkfiX3,how you like that,blackpink,0.8119760479041916,0.7859801488833748,0.3357894736842105,0.0698118668846656,0.5036003845246948,1
3016,3vJcz8exedHCjQ9ed95NqU,every angel is terrifying,the weeknd,0.3556886227544911,0.9689826302729528,0.4505263157894736,0.1096512028909031,0.4319796371199342,1
3017,3vKYvbzB7801a5qd47pxkm,apa,mora quevedo,0.7269461077844313,0.7404880066170388,0.7589473684210526,0.7162956375313386,0.4436121137370842,0
3018,3vXnuFnC5RhPGwsFi0ORcI,sant,stromae,0.5880239520958085,0.6815550041356494,0.8463157894736841,0.1237358166304821,0.5524640414996462,0
3019,3vcLw8QA3yCOkrj9oLSZNs,i know  pr1svx edit,kanii pr1isvx,0.6275449101796409,0.7622001654259719,0.0810526315789473,0.0788662614315378,0.5279354772398865,1
3020,3vgNmjuRDnGLxUFGCLkwpm,light my body up feat nicki minaj  lil wayne,david guetta lil wayne nicki minaj,0.6574850299401198,0.6598428453267163,0.691578947368421,0.0036644845005717,0.599876661890338,0
3021,3vkCueOmm7xQDoJ17W1Pm3,my love mine all mine,mitski,0.4239520958083833,0.2959057071960297,0.0936842105263157,0.8732384763437896,0.4064837151373345,2
3022,3vySEUpD0tc801F2WZDLYw,freaky deaky,tyga doja cat,0.7772455089820361,0.652605459057072,0.2147368421052631,0.0191072574221814,0.3464410304778143,1
3023,3w0w2T288dec0mgeZZqoNN,carnival, kanye west ty dolla ign rich the kid playboi carti,0.5317365269461078,0.815963606286187,0.2936842105263157,0.1901347099742114,0.6132201524797611,1
3024,3w1WjD2zJqjBjDz5fwqQPJ,tyler herro,jack harlow,0.7688622754491019,0.7973531844499587,0.7821052631578947,0.0877194472107017,0.4613873118942678,0
3025,3w9VRlKPvNxj40RdUGRweH,dorothea,taylor swift,0.5473053892215569,0.4820099255583126,0.3463157894736841,0.6981868484375943,0.4427777677011348,2
3026,3wAI7MIQtTgwcRmwchPZBc,go legend  metro boomin,big sean metro boomin travis scott,0.6059880239520959,0.5605872622001654,0.2294736842105263,0.0167933565935363,0.6245261458654527,1
3027,3wFLWP0FcIqHK1wb1CPthQ,fake smile,ariana grande,0.3592814371257485,0.6174524400330852,0.4157894736842105,0.3309808473700007,0.2211742513558123,1
3028,3wH4eUkJ1rL5xTU8PZZyOy,rose colored lenses,miley cyrus,0.465868263473054,0.4975186104218362,0.8463157894736841,0.0577393408221694,0.7699562875228994,0
3029,3wScL5W8H40zzCKN0atfBk,uproar,lil wayne swizz beatz,0.710179640718563,0.8769644334160464,0.8968421052631579,0.0598520328831062,0.3165738607851316,0
3030,3whrwq4DtvucphBPUogRuJ,havana  remix,camila cabello daddy yankee,0.7197604790419163,0.5760959470636889,0.3336842105263157,0.400397872229354,0.3525595680747768,1
3031,3wlIAXSDtlD9iU8ysld06Z,bipolar,peso pluma jasiel nuez junior h,0.7497005988023954,0.7022332506203474,0.6010526315789474,0.5160929136616096,0.394887514434791,0
3032,3wwo0bJvDSorOpNfzEkfXx,let me know i wonder why freestyle,juice wrld,0.5808383233532936,0.532671629445823,0.3694736842105263,0.1730319647190083,0.4734611454724636,1
3033,3xIMkM5LgbVDkpO74O3Np3,rush,troye sivan,0.7089820359281438,0.8449131513647643,0.3305263157894736,0.0030709186358323,0.4795192232117486,1
3034,3xKsf9qdS1CyvXSMEid6g8,pink  white,frank ocean,0.473053892215569,0.5409429280397023,0.5442105263157895,0.6710236647969778,0.6845386005961343,2
3035,3xMHXmedL5Rvfxmiar9Ryv,chaleya,anirudh ravichander arijit singh shilpa rao kumaar,0.5089820359281437,0.8511166253101737,0.4284210526315789,0.3953676530366473,0.2921964461695657,1
3036,3xRH6FPVtheDyNla3T1FE7,hrs  hrs,muni long,0.4323353293413174,0.5202646815550042,0.6621052631578948,0.6076429029688726,0.5632863560239179,2
3037,3xWEI23MLJrD0dpDcDUTW6,djate llevar,juan magn belinda manuel turizo snova bcase,0.6287425149700601,0.7260132340777502,0.4989473684210526,0.0166927522096822,0.2740826728093882,1
3038,3xWGA8pa0IKFI7IMPri4P0,shivers,ed sheeran,0.7640718562874254,0.8655913978494624,0.831578947368421,0.2826907431200158,0.5701485498703136,0
3039,3xXBsjrbG1xQIm1xv1cKOt,one more light,linkin park,0.5305389221556887,0.18424317617866,0.1452631578947368,0.9094560545312784,0.2252008778771334,2
3040,3xYJScVfxByb61dYHTwiby,hits different,taylor swift,0.6251497005988026,0.7859801488833748,0.2178947368421052,0.1488869125940159,0.3585753239136874,1
3041,3xaugmCyXrVkrDTXbFkMW3,sanctuary,joji,0.4814371257485031,0.6495037220843674,0.2989473684210526,0.4245429243543465,0.7319874969014324,1
3042,3xgT3xIlFGqZjYW9QlhJWp,dancing with a stranger with normani,sam smith normani,0.7077844311377246,0.5150951199338296,0.331578947368421,0.4496940203178803,0.340268079008942,2
3043,3y3brCCecHC3Db18aIOnny,carry on from the original motion picture pokmon detective pikachu,kygo rita ora,0.5281437125748504,0.706368899917287,0.2505263157894737,0.383295126974151,0.4539386574284005,1
3044,3yHyiUDJdz02FZ6jfUbsmY,satranga from animal,arijit singh shreyas puranik siddharth  garima,0.1473053892215569,0.3961952026468155,0.528421052631579,0.7394346458177897,0.2585384434005042,2
3045,3yII7UwgLF6K5zW3xad3MP,22 taylors version,taylor swift,0.5892215568862277,0.6960297766749379,0.6421052631578947,0.0004381019103696,0.3462294209759429,0
3046,3yMC1KsTwh0ceXdIe4QQAQ,fingers crossed,lauren spencer smith,0.4910179640718565,0.466501240694789,0.4305263157894736,0.6217275167084515,0.3790591236948228,2
3047,3yNJkriPzWjkkDAWHIAVUq,ours taylors version,taylor swift,0.4610778443113773,0.4820099255583126,0.3326315789473684,0.451706107994963,0.68377076040363,2
3048,3yNZ5r3LKfdmjoS3gkhUCT,bad guy with justin bieber,billie eilish justin bieber,0.6227544910179642,0.445822994210091,0.6821052631578948,0.2535154718023166,0.5340842447656879,0
3049,3yOlyBJuViE2YSGn3nVE1K,my oh my feat dababy,camila cabello dababy,0.6874251497005989,0.4851116625310173,0.3694736842105263,0.0181012135836401,0.352650257861293,1
3050,3yTkoTuiKRGL2VAlQd7xsC,0x1lovesong i know i love you feat seori,tomorrow x together seori,0.5197604790419162,0.8418114143920595,0.4757894736842105,0.0561296706805032,0.3522089009002473,1
3051,3yZCjDTxzZxx1kll1sRjGc,emotions 20,ufo361 cline,0.7640718562874254,0.4851116625310173,0.251578947368421,0.3883253461668578,0.313333212413618,1
3052,3yaYgjEFkRw3PVjW9mV1TO,over the top feat drake,smiley drake,0.8179640718562875,0.4923490488006617,0.2389473684210526,0.0495903857299844,0.563546333411931,1
3053,3ydI3CesHBnaY01Qff9jOr,choker,twenty one pilots,0.658682634730539,0.663978494623656,0.5821052631578947,0.3078418390835496,0.5761280297946179,0
3054,3yfqSUWxFvZELEM4PmlwIR,the real slim shady,eminem,0.9568862275449104,0.6608767576509512,0.7663157894736842,0.0303749484138446,0.3493733335751728,0
3055,3z6XUommYDWPHeFhmhhT6j,message in a bottle taylors version from the vault,taylor swift,0.5652694610778444,0.7952853598014888,0.4863157894736842,0.0018837869063535,0.4183640771709624,1
3056,3zKST4nk4QJE77oLjUZ0Ng,hey brother,avicii,0.473053892215569,0.783912324234905,0.4484210526315789,0.0310791791008235,0.473376501671715,1
3057,3zSSCPpLZ5Oc8nelhhGjKz,tu hai kahan,aur,0.6682634730538923,0.3455334987593051,0.5652631578947368,0.4396335819324667,0.2234656799617894,2
3058,3zZqro4MGeFOR40HxFEPlv,happy xmas war is over,cline dion,0.2359281437125748,0.597808105872622,0.1326315789473684,0.4537181956720457,0.7578280400727939,2
3059,3zesxb7sOGbeSwUrzLUP0f,palace,sam smith,0.2335329341317365,0.1770057899090157,0.2484210526315789,0.7444648650104966,0.1863916952339493,2
3060,3zkyus0njMCL6phZmNNEeN,let go,central cee,0.7005988023952097,0.4416873449131513,0.5073684210526316,0.8641840817969174,0.6003542947659901,2
3061,3zl7j5ua8mF4JDYuxrfo01,perfect symphony ed sheeran  andrea bocelli,ed sheeran andrea bocelli,0.4718562874251498,0.4086021505376344,0.1842105263157894,0.5895341138751282,0.2928554586182504,2
3062,3zoYkqS4y2BsGVShPL2nTE,reggaetn lento remix,cnco little mix,0.4514970059880241,0.9152191894127378,0.6652631578947369,0.154923175625264,0.2847356997321628,0
3063,3zpGLSQ8QbbUnNjweWPLMD,doja,not aap rocky,0.7221556886227546,0.7808105872622002,0.6705263157894737,0.0729306027841438,0.6676582083325775,0
3064,3zs87EV3EZSh2UpiXxT52Y,better believe,belly the weeknd young thug,0.7748502994011978,0.5698924731182795,0.4347368421052631,0.1599533948179708,0.4732616279421278,1
3065,3zxrecYFao03IrrcyFiaMU,miss you,louis tomlinson,0.4682634730538924,0.6908602150537634,0.6831578947368422,0.0217229714023889,0.8072660656956814,0
3066,401160izncPtca3CmX3dvM,purple hearts,kendrick lamar summer walker ghostface killah,0.4994011976047904,0.8294044665012407,0.7421052631578947,0.1680017455263016,0.5531109619767955,0
3067,40EXFgNMOIQRQOwJZ8mJkC,who told you feat drake,j hus drake,0.5940119760479043,0.7456575682382134,0.9042105263157896,0.1478808687554745,0.6323859273635271,0
3068,40IiSjljbAhrSbdJ3HxSfH,march 14,drake,0.4191616766467066,0.4106699751861041,0.2957894736842105,0.4024099599064367,0.2735506260618262,2
3069,40KuvsFD0zpUFuCcmt5Xm0,ex bitch,xxxtentacion,0.8203592814371258,0.4551282051282051,0.7052631578947368,0.5160929136616096,0.1951160526968119,0
3070,40OMBMYRk5IQL6xCzGM0JA,summer days feat macklemore  patrick stump of fall out boy,martin garrix macklemore fall out boy,0.6119760479041918,0.7249793217535153,0.2989473684210526,0.1800742715887978,0.4054438055852816,1
3071,40SBS57su9xLiE1WqkXOVr,afraid to feel,lf system,0.5125748502994012,0.9203887510339124,0.6821052631578948,0.0166927522096822,0.4906438370244076,0
3072,40T5GIqQ1CegGm2PTEl8Bu,idontwannabeyouanymore,billie eilish,0.3988023952095809,0.4034325889164598,0.2263157894736842,0.7414467334948724,0.7463467130998376,2
3073,40U8d12pC5UHqmHwXjHjjl,repeat after me interlude,the weeknd,0.4850299401197606,0.6174524400330852,0.1147368421052631,0.0324876404747814,0.2921057563830494,1
3074,40UroIGvsMPLPBYwH8rMNA,steady 1234 feat jasmine thompson  skizzy mars,vice jasmine thompson skizzy mars,0.7532934131736528,0.6712158808933003,0.7221052631578947,0.1539171317867227,0.3520879811848923,0
3075,40YbWniIEmqy6s58fYXLUh,never love again,eminem,0.7149700598802397,0.9069478908188586,0.5778947368421052,0.100596808344031,0.2739496611224977,0
3076,40YcuQysJ0KlGQTeGUosTC,me myself  i,geazy bebe rexha,0.7257485029940121,0.6743176178660051,0.3757894736842105,0.0185036311190566,0.3946638129613843,1
3077,40iJIUlhi6renaREYGeIDS,fair trade with travis scott,drake travis scott,0.6179640718562875,0.4582299421009098,0.2736842105263157,0.0505964295685258,0.7328883487808271,1
3078,40mjsnRjCpycdUw3xhS20g,gatti,jackboys pop smoke travis scott,0.5317365269461078,0.6763854425144749,0.4631578947368421,0.1358083426929783,0.5850035369016742,1
3079,40nPimvmG05WYS7983bawZ,cry for me,camila cabello,0.6838323353293414,0.8097601323407776,0.6536842105263158,0.0502946164169634,0.4313206246712496,0
3080,40oKW22ZNNkEdZLJTScaQI,roll in peace feat xxxtentacion,kodak black xxxtentacion,0.7149700598802397,0.5192307692307693,0.3484210526315789,0.0307773659492611,0.5643020816328999,1
3081,40qyPyljksBEqlNw5sW37T,habitual,justin bieber,0.7353293413173654,0.4354838709677419,0.6294736842105263,0.523135220531399,0.5579296126336919,2
3082,40rXWke6SnXiGkSmaT8ZUr,fantasa,ozuna,0.6526946107784432,0.7208436724565757,0.7884210526315789,0.2283643758387827,0.8062684780440028,0
3083,40uMIn2zJLAQhNXghRjBed,motley crew,post malone,0.7748502994011978,0.6298593879239041,0.2694736842105263,0.090938787494034,0.5030078779194553,1
3084,40w8JmvwYUP2HUiXPxjy99,me arrepent,ak420 pailita cris mj,0.8514970059880241,0.7901157981803144,0.9210526315789472,0.2907390938283466,0.2739617530940332,0
3085,410TZrK18uRjtsTunG14cl,middle of the ocean,drake,0.3784431137724552,0.7043010752688171,0.2294736842105263,0.1810803154273392,0.1819660336519567,1
3086,410ZZP746AQeiywhKvXWCo,sorry not sorry,tyler the creator,0.3964071856287425,0.8014888337468984,0.4873684210526315,0.4064341352606022,0.2993911692331876,1
3087,4178A5NkEjcsGc64jpBO6d,calypso,luis fonsi stefflon don,0.8574850299401199,0.8655913978494624,0.9378947368421052,0.1388264742086024,0.382432783753227,0
3088,41A89rj3GoMG6ktN37L7PG,alice,lady gaga,0.6862275449101797,0.8873035566583954,0.3063157894736842,0.0033526109106239,0.4614175418231065,1
3089,41BzKiCrKpUQHS3TP0jmdr,agua de jamaica,maluma,0.6155688622754493,0.6650124069478909,0.7305263157894737,0.1237358166304821,0.76930936704575,0
3090,41JPN7pZMTp1sumBOHOzHd,people pt2 feat iu,agust d iu,0.6934131736526947,0.5709263854425145,0.4273684210526315,0.3933555653595645,0.2552736110859194,1
3091,41MCdlvXOl62B7Kv86Bb1v,empty,juice wrld,0.7125748502994013,0.5574855252274608,0.4389473684210526,0.0762505474513303,0.1864521550916268,1
3092,41WQUSINanQHfhfKpFDsms,used to be young,miley cyrus,0.3604790419161677,0.6308933002481389,0.4452631578947368,0.6036187276147071,0.6066663039075206,2
3093,41bmnQZoDMQdDh5zyomtW7,endless fashion feat nicki minaj,lil uzi vert nicki minaj,0.695808383233533,0.6029776674937966,0.4010526315789473,0.0673973616721664,0.5213332607815042,1
3094,41oY4WCTj5kccfesTVFnvN,tarot,bad bunny jhayco,0.7724550898203595,0.6846567411083541,0.4073684210526315,0.0226284108570762,0.4068525202691672,1
3095,41wZE5FpxbPaZqXtlmBhPG,keine liebe,rin bausa,0.8,0.7994210090984285,0.5326315789473685,0.1247418604690234,0.346834019552718,0
3096,41wtwzCZkXwpnakmwJ239F,si veo a tu mam,bad bunny,0.8982035928143713,0.6009098428453268,0.8336842105263157,0.4044220475835194,0.5030864757344362,0
3097,41xKiK40e7MFu1bqcGSz1d,punani,6ix9ine,0.8275449101796407,0.5368072787427627,0.4084210526315789,0.0187048398867649,0.3098144486967877,1
3098,421eObjg0DTm2qajJl5OJm,into the unknown  panic at the disco version,panic at the disco,0.3664670658682636,0.8335401157981803,0.2957894736842105,0.0245398941503047,0.4232250497282329,1
3099,42NpUvd0I2kdIuMXX4nobE,remember i told you,nick jonas annemarie mike posner,0.5760479041916169,0.5357733664185278,0.823157894736842,0.1478808687554745,0.3999419585366295,0
3100,42Tohunwlh34o0mgxYx5iq,my dawg,21 savage metro boomin,0.8155688622754492,0.5275020678246485,0.3494736842105262,0.0655864827627919,0.5646164728928227,1
3101,42VsgItocQwOQC3XWZ8JNA,fen feat playboi carti,travis scott playboi carti,0.5017964071856288,0.8893713813068652,0.1778947368421052,0.0317834097878025,0.6125792779883796,1
3102,42ZrMq4BKsWDrrbMnMRYaK,jail,kanye west,0.3688622754491019,0.5678246484698097,0.5831578947368421,0.5382258781095194,0.3826806691697048,2
3103,42ahuAFlYGjIGBpVdHcLij,yamefui,bizarrap duki nicki nicole,0.7604790419161678,0.6433002481389578,0.1505263157894736,0.6619692702501057,0.3279403140285008,2
3104,42koUxIEdY4kVqcLRjp6uE,supereroi,mrrain,0.3832335329341317,0.6174524400330852,0.4431578947368421,0.2293704196773241,0.5402995181349344,1
3105,42m3eP1JJhtzffal9B136J,7am on bridle path,drake,0.6874251497005989,0.5264681555004136,0.1147368421052631,0.2263522881617,0.2610838034087268,1
3106,42zePe03Iq8tvFcJAIKkp8,dream feat ghostface killah,miley cyrus ghostface killah,0.644311377245509,0.6360628618693135,0.4389473684210526,0.1861105346200459,0.6850585553721606,1
3107,4356PL6jkERzJouVfQQkZo,high infidelity,taylor swift,0.6011976047904193,0.5316377171215881,0.7642105263157895,0.7162956375313386,0.2493666829908281,2
3108,4356Typ82hUiFAynbLYbPn,dj got us fallin in love feat pitbull,usher pitbull,0.6143712574850301,0.8676592224979321,0.6547368421052632,0.0339967062325934,0.4428382275588122,0
3109,43CIWpJaJHRcI4mUSjqgc2,bad boy with young thug,juice wrld young thug,0.6550898203592815,0.6743176178660051,0.1747368421052631,0.0021554187427596,0.2105030864757344,1
3110,43NqTeL8pgBxKHPMiJKUP5,girl,myke towers,0.6982035928143714,0.7094706368899917,0.6968421052631578,0.0326888492424897,0.2799472790041052,0
3111,43TP6JCWXgkc2D7Xjz5hBr,rap devil,mgk,0.8934131736526948,0.8397435897435898,0.7831578947368422,0.2162918497762865,0.6242480305201361,0
3112,43V1z6QToNNWNldV4FEG6r,body,loud luxury brando,0.7209580838323354,0.7673697270471465,0.5789473684210525,0.0478801112044641,0.4548999691654725,0
3113,43ZyHQITOjhciSUUNPVRHc,gucci gang,lil pump,0.9413173652694612,0.5181968569065344,0.7021052631578947,0.2404369019012789,0.4423908246119988,0
3114,43ay9lQZ5rfNcOOHhRF2cM,the greatest show,hugh jackman keala settle zac efron zendaya the greatest showman ensemble,0.3197604790419162,0.8294044665012407,0.3873684210526316,0.0002328689673071,0.6723257093452801,1
3115,43cFjTTCD9Cni4aSL0sORz,playinwitme feat kehlani,kyle kehlani,0.6431137724550899,0.5843672456575683,0.6778947368421053,0.3038176637293842,0.664193858487657,0
3116,43dOwOq0mB4i6j4SpcSkqC,higher we go  intro,migos,0.8083832335329342,0.5430107526881721,0.1599999999999999,0.0941581277773663,0.6365757955005775,1
3117,43eRVwfXFkY3kXN4K47gNT,chico,lusa sonza,0.7017964071856289,0.3010752688172042,0.4189473684210526,0.9507038519114738,0.3220938457910871,2
3118,43qcs9NpJhDxtG91zxFkj7,fiel  remix,wisin jhayco anuel aa los legendarios myke towers,0.8251497005988025,0.7125723738626965,0.5694736842105262,0.400397872229354,0.3099897822840524,0
3119,43rA71bccXFGD4C8GOpIlN,i forgot that you existed,taylor swift,0.6155688622754493,0.3041770057899089,0.5357894736842106,0.2997934883752188,0.2790645650820137,2
3120,43wzy7JxMEfvCh8ZFeZKYk,right now,nick jonas robin schulz,0.5353293413173653,0.7539288668320927,0.5642105263157894,0.0104552804107258,0.346060133374446,0
3121,43y1WpBdnEy5TR9aZoSQL9,i wish you would taylors version,taylor swift,0.621556886227545,0.8573200992555832,0.5357894736842106,0.0035840009934884,0.4311271531266815,0
3122,444vevlQjTnKioLLncteGv,something real,post malone,0.3532934131736528,0.8014888337468984,0.2473684210526316,0.0002207964412446,0.5366719266742845,1
3123,447yWcDPg1ddgcHBLGpJC0,better not with wafia,louis the child wafia,0.7580838323353295,0.532671629445823,0.3789473684210526,0.2796726116043918,0.4066469567530638,1
3124,44ADyYoY5liaRa3EOAl4uf,slide away,miley cyrus,0.4550898203592816,0.5337055417700579,0.2694736842105263,0.1710198770419257,0.6126578758033603,1
3125,44Fc0oSgRn1MFwu18TcY8S,wir sind kral,ufo361 ezhel,0.7844311377245511,0.7156741108354011,0.3210526315789473,0.2716242608960609,0.6728335721497711,1
3126,44FzVABpR2cciquTqADA0D,lisa,young miko,0.8023952095808384,0.4385856079404466,0.8410526315789473,0.468808853250166,0.2073289439476659,0
3127,44KKhCyI0BGS6LvVyDqJtH,esskeetit,lil pump,0.938922155688623,0.499586435070306,0.6936842105263157,0.0230308283924927,0.5635584253834667,0
3128,44ShclXTOOnYtt5CnCDeGV,robbery,juice wrld,0.6682634730538923,0.6918941273779983,0.5294736842105263,0.3440594172710383,0.2011620384645613,0
3129,44WLOqH7QayQOQdeUHeKUK,we are bulletproof  the eternal,bts,0.4502994011976049,0.5719602977667494,0.1663157894736842,0.2263522881617,0.2256906027243211,1
3130,44XjoNvtwevktFKjvVe1vH,andrea,bad bunny buscabulla,0.7748502994011978,0.6143507030603805,0.4410526315789473,0.7665978294584063,0.3407094359699876,2
3131,44ZJ4hLD5onikKsVLQaILr,vossi bop,stormzy,0.6371257485029942,0.652605459057072,0.4168421052631579,0.1307781235002716,0.8548842496024767,1
3132,44gRhRi2OhEf7moAUj6MD1,the bigger picture,lil baby,0.5269461077844312,0.6164185277088503,0.1273684210526315,0.0127691812393709,0.300733378073628,1
3133,44mYhOVgerj2qPjkGDVA6n,its beginning to look like christmas,bing crosby,0.3868263473053892,0.1966501240694789,0.5726315789473684,0.7746461801667371,0.3036414972279155,2
3134,454Epa1vrCGFddHXKyC1kb,water,kanye west ant clemons,0.4251497005988025,0.2679900744416874,0.2642105263157894,0.5734374124584666,0.2153580130472372,2
3135,456WNXWhDwYOSf5SpTuqxd,dog days are over,florence  the machine,0.4203592814371258,0.8138957816377173,0.2378947368421052,0.0339967062325934,0.6242238465770651,1
3136,45Egmo7icyopuzJN0oMEdk,love lies with normani,khalid normani,0.6682634730538923,0.6474358974358975,0.3221052631578948,0.096170215454449,0.5878935180986584,1
3137,45S5WTQEGOB1VHr1Q4FuPl,golden,harry styles,0.3568862275449103,0.8438792390405293,0.2336842105263158,0.2112616305835797,0.5631533443370274,1
3138,45ZGEdLxCZvdMX9jWlsAAx,i dont belong in this club,why dont we macklemore,0.7748502994011978,0.5388751033912325,0.1389473684210526,0.0203145100284311,0.4130496556811106,1
3139,45bE4HXI0AwGZXfZtMp8JR,you broke me first,tate mcrae,0.6191616766467067,0.3631100082712986,0.0529473684210526,0.7897368377448575,0.4681406779968439,2
3140,45pUWUeEWGoSdH6UF162G8,broke boys,drake 21 savage,0.5892215568862277,0.5285359801488835,0.0842105263157894,0.0104552804107258,0.4433098144486967,1
3141,45wMBGri1PORPjM9PwFfrS,blank space taylors version,taylor swift,0.702994011976048,0.7270471464019851,0.7610526315789473,0.0981823031315317,0.2980308224354439,0
3142,463CkQjx2Zk1yXoBuierM9,levitating feat dababy,dua lipa dababy,0.6610778443113773,0.8304383788254756,0.9294736842105265,0.0088757915842159,0.3401411133078193,0
3143,463PQggkmk5tTw8ug0ahOX,the other side from trolls world tour,sza justin timberlake,0.7305389221556887,0.6050454921422663,0.7126315789473684,0.0027791659226553,0.3582911625826032,0
3144,464uJVLmr0fDJGXOnciaDe,rosa,j balvin,0.6000000000000001,0.5574855252274608,0.3547368421052631,0.2515033841252339,0.7815887641400492,1
3145,46D0hYb1B7qiU33VtXt21W,easy,camila cabello,0.5077844311377245,0.5905707196029777,0.3399999999999999,0.4134764421303916,0.4918711721352608,2
3146,46DwQbCUzWr4bT0Uu2lDK8,lonesome train,stan kenton,0.4598802395209582,0.195616211745244,0.1694736842105263,0.4667967655730833,0.2812471659441714,2
3147,46HdsiK0uR26B2dY9QPzda,deja vu,prince royce shakira,0.6970059880239522,0.8056244830438379,0.8336842105263157,0.3923495215210232,0.4671309983736297,0
3148,46hzNOUOAlivuCZZ0wE3zi,tere vaaste from zara hatke zara bachke,sachinjigar varun jain shadab faridi altamash faridi amitabh bhattacharya,0.7329341317365271,0.7187758478081059,0.9747368421052632,0.3168962336304218,0.382577887411653,0
3149,46lvmzK8wxAy66tjzXXSh0,tal vez,paulo londra,0.837125748502994,0.6546732837055418,0.7663157894736842,0.2676000855418955,0.6967877677615948,0
3150,46mT9NR7N9Zf5MolcrBgE3,chrome heart tags,lil uzi vert,0.6610778443113773,0.7715053763440861,0.5705263157894737,0.5442621411407674,0.1411012158477378,0
3151,46nvQpUDsxpS08UTFOeKTA,tell it to my heart,meduza hozier,0.465868263473054,0.7167080231596361,0.4810526315789474,0.0266525862112416,0.4663631581811256,1
3152,46oHvXwpEZOFX518we1nJD,corso,tyler the creator,0.6622754491017965,0.8511166253101737,0.7505263157894737,0.1700138332033843,0.3080671588099081,0
3153,46s57QULU02Voy0Kup6UEb,major distribution,drake 21 savage,0.9077844311377248,0.5419768403639372,0.2031578947368421,0.0127691812393709,0.5096645082497475,1
3154,478g4LSkyMB1PMkVOVmIaE,location,karol g anuel aa j balvin,0.7437125748502995,0.7684036393713813,0.6610526315789473,0.0489867594268596,0.418781250188937,0
3155,47EWMOElkkbMp5m9SBkx7d,idk you yet,alexander 23,0.5736526946107785,0.2938378825475599,0.1673684210526315,0.8893351777604512,0.1830482651043839,2
3156,47EiUVwUp4C9fGccaPuUCS,dkiti,bad bunny jhayco,0.695808383233533,0.5698924731182795,0.1189473684210526,0.4034160037449781,0.382166760379446,1
3157,47otoIkhx3fkdivEXL5OB6,rudolph the rednosed reindeer,burl ives,0.6227544910179642,0.2617866004962779,0.8147368421052632,0.6750478401511433,0.6404573183634725,2
3158,47yD0e9MCRIB8dgUXPfyW3,pop ur shit,21 savage young thug metro boomin,0.8502994011976049,0.4913151364764267,0.271578947368421,0.328968759692918,0.4614840476665517,1
3159,48AJSd42lXpicsGqcgopof,x ltima vez,daddy yankee bad bunny,0.7928143712574852,0.8614557485525227,0.5694736842105262,0.0793692833508084,0.2619241954304439,0
3160,48Ll1C6qAnP2UjnopQDh4a,bala love,mc anjim dj lv mdp dj ph da serra,0.5724550898203594,0.3062448304383788,0.4842105263157894,0.8118698021927672,0.2402372444815264,2
3161,48WidxP9CqyYtk97pwGZ3c,wasting time  feat drake  the neptunes ,brent faiyaz drake the neptunes,0.3508982035928144,0.7218775847808105,0.36,0.0672967572883122,0.2579217528521938,1
3162,48XfojJC87VKLlUotYV0Gm,the truth untold feat steve aoki,bts steve aoki,0.502994011976048,0.4137717121588088,0.1442105263157894,0.3742407324272788,0.4007823505583468,2
3163,48vIfHaK7by6x0T6ucpODL,make you mine,madison beer,0.4359281437125749,0.6577750206782466,0.4568421052631579,0.2172978936148279,0.4622337499017527,1
3164,494OU6M7NOf4ICYb4zWCf5,sugar,maroon 5,0.7161676646706588,0.7921836228287842,0.8968421052631579,0.0594496153476897,0.443521423950568,0
3165,496vIKS2INz840xZaKncvR,all night parking with erroll garner interlude,adele,0.6994011976047905,0.4913151364764267,0.2894736842105263,0.6740417963126019,0.4913633093307698,2
3166,49R1F3rIdSzuPk7AcHi6d1,la noia,angelina mango,0.6347305389221558,0.8779983457402812,0.6789473684210526,0.1317841673388129,0.3952623655523914,0
3167,49VSioK272TASR4r9vRTuP,dime si te acuerdas,bad bunny,0.7065868263473055,0.5926385442514475,0.2989473684210526,0.488929730020993,0.5153719188145032,2
3168,49ev1nUTrNxbjm04jaoL5Z,antes de perderte,duki,0.7928143712574852,0.933829611248966,0.6126315789473684,0.4899357738595343,0.3827894969135243,0
3169,49gzU1IS1B6P3GATSZ5eCE,lieben wir,shirin david,0.8634730538922156,0.6691480562448305,0.8147368421052632,0.011360719865413,0.2975894654743982,0
3170,4ABYxlb92WBIjHu7TIKmml,castles crumbling feat hayley williams taylors version from the vault,taylor swift hayley williams,0.5101796407185629,0.5667907361455748,0.3642105263157894,0.3641802940418653,0.6111584713329585,1
3171,4AO1XhrgJczQ9bNVxdfKQe,what to do feat don toliver,jackboys travis scott don toliver,0.5904191616766469,0.5916046319272126,0.171578947368421,0.0699124712685197,0.4311936589701268,1
3172,4ASA1PZyWGbuc4d9N8OAcF,eu gosto assim  ao vivo,gustavo mioto mari fernandez,0.5820359281437126,0.9172870140612076,0.608421052631579,0.1498929564325573,0.6497681364458068,0
3173,4AYtqFyFbX0Xkc2wtcygTr,soon youll get better feat the chicks,taylor swift the chicks,0.3389221556886228,0.1656327543424317,0.4094736842105263,0.9124741860469024,0.9719405800518746,2
3174,4AgK0CwpwcekXVdAoYB2VO,ferrari,eno mero,0.6946107784431138,0.7270471464019851,0.6242105263157894,0.3893313900053992,0.199094311331991,0
3175,4AhSkRYioEIfGvCV19peYN,suncity feat empress of,khalid empress of,0.6526946107784432,0.6381306865177834,0.3284210526315789,0.1076391152138204,0.2618455976154631,1
3176,4AjWbAwRpxk2worpjNH5CS,quizas,rich music ltd sech dalex justin quiles lenny tavrez feid wisin zion,0.6910179640718563,0.8200992555831266,0.6789473684210526,0.0259483555242626,0.7820905809587724,0
3177,4AlihYDqxXshKhvh5tnMfP,0000 zero oclock,bts,0.4982035928143713,0.544044665012407,0.1726315789473684,0.0806771403409122,0.6728033422209323,1
3178,4ApCig0GTR4IEp7Ijsyo3r,arjan vailly,manan bhardwaj bhupinder babbal,0.4574850299401198,0.8304383788254756,0.8905263157894736,0.2424489895783617,0.1753638171935743,0
3179,4Aykm3xrOFSHrAnv80KUhh,rockstar feat roddy ricch  blm remix,dababy roddy ricch,0.7149700598802397,0.6898263027295285,0.7557894736842106,0.1981830606825422,0.2610838034087268,0
3180,4B1rpPmQXwj78wk6aIGwwU,two ghosts,harry styles,0.2826347305389222,0.3982630272952853,0.4463157894736842,0.2354066827085722,0.1370564513691134,1
3181,4B7fTyj1FIPvP9tT5X3DnR,behind barz  bonus,drake,0.84311377245509,0.5502481389578164,0.2526315789473684,0.7736401363281957,0.5764907889406827,2
3182,4BD9yUEFI07WaDJ381DDMq,dna,kc rebell summer cem capital bra,0.8119760479041916,0.686724565756824,0.5389473684210526,0.0522060997101919,0.6609169342015369,0
3183,4BGZF4oLbTL0pWm7C18pbv,scared to live,the weeknd,0.4239520958083833,0.4923490488006617,0.1726315789473684,0.1317841673388129,0.244880561551158,1
3184,4BGmYEDOK1swwoxTtfmVZD,peace  love,charlie charles sfera ebbasta ghali,0.6347305389221558,0.7890818858560794,0.3021052631578947,0.1408385618856851,0.6423497119087782,1
3185,4BHSjbYylfOH5WAGusDyni,yah,kendrick lamar,0.6227544910179642,0.7011993382961125,0.648421052631579,0.5794736754897147,0.1406779968439954,2
3186,4BHzHISX21PYwGXiBEUQ70,bbo bad bitches only,migos 21 savage,0.7880239520958086,0.7746071133167908,0.4621052631578947,0.0415420350216536,0.6966305721316333,1
3187,4BHzQ9C00ceJxfG16AlNWb,send my love to your new lover,adele,0.6467065868263473,0.5192307692307693,0.5578947368421053,0.0417432437893619,0.7092243604858555,1
3188,4BJ5T8ZZZ3UrPG7k0OVQrp,power feat stormzy,little mix stormzy,0.5005988023952096,0.869727047146402,0.4273684210526315,0.0407371999508205,0.7635414966233172,1
3189,4BKOjYosPhw334moS3wlbO,inner child,bts,0.525748502994012,0.6970636889991728,0.3157894736842105,0.0170951697450987,0.5334675542173775,1
3190,4BP3uh0hFLFRb5cjsgLqDh,fortunate son,creedence clearwater revival,0.5868263473053893,0.6629445822994211,0.6642105263157895,0.2022072360367076,0.5202691672863802,0
3191,4BiiOzZCrXEzHRLYcYFiD5,hope,the chainsmokers winona oak,0.7461077844311379,0.7001654259718776,0.5063157894736843,0.4909418176980757,0.3520154293556792,0
3192,4C6BlqqMwjFzOXzqpTeoWR,ponte pa mi,justin quiles misin avngrs,0.8718562874251498,0.7146401985111662,0.6136842105263157,0.0584435715091483,0.27394361513673,0
3193,4CHpVfAhuxNJ3ibExe6kxO,you all over me feat maren morris taylors version from the vault,taylor swift maren morris,0.5377245508982037,0.488213399503722,0.4294736842105263,0.8209241967396392,0.5814726812133084,2
3194,4CNcRgjGw1v9VQaTaytdnD,tell me u luv me with trippie redd,juice wrld trippie redd,0.5497005988023953,0.7601323407775021,0.3652631578947368,0.3007995322137601,0.4915628268611055,1
3195,4CPcZHzSvIBM8AKhdHUwnL,clueless with pop smoke  fivio foreign,polo g pop smoke fivio foreign,0.6994011976047905,0.7136062861869313,0.6757894736842106,0.3933555653595645,0.5662126131355087,0
3196,4CkgMiMqZ5JzW9iYXSTMTL,i bet you think about me feat chris stapleton taylors version from the vault,taylor swift chris stapleton,0.288622754491018,0.7167080231596361,0.4642105263157894,0.1680017455263016,0.6223495909890628,1
3197,4Clmg1g8n2yBYG13Z1oSdG,baila conmigo feat kelly ruiz,dayvi victor cardenas kelly ruz,0.7125748502994013,0.9824234904880068,0.5515789473684211,0.0090770003519241,0.4916172407330153,0
3198,4CvId64YZSB0RfRdfzPIQU,so what,bts,0.6059880239520959,0.8904052936311001,0.4505263157894736,0.0239362678471799,0.5032013494640233,1
3199,4CvW0iHAs7yJhbpnJ3NSnS,hollywood feat diplo,sfera ebbasta diplo,0.8359281437125748,0.7094706368899917,0.9410526315789474,0.1539171317867227,0.5517264312359809,0
3200,4CyCHkhRsDXUeP5K4Y3xjU,sie ruft,apache 207,0.8011976047904192,0.5016542597187759,0.6336842105263157,0.4849055546668276,0.5035762005816238,0
3201,4D7BCuvgdJlYvlX5WlN54t,youre on your own kid,taylor swift,0.6538922155688623,0.3868899917287014,0.3663157894736841,0.4034160037449781,0.4433098144486967,2
3202,4D7NrSeqkTarBrJ80b2sBc,leaders feat nav,lil uzi vert nav,0.9580838323353296,0.6536393713813069,0.8989473684210526,0.0748420860773723,0.5212728009238268,0
3203,4DByEumlGTZKSzuVEZ35eo,purehoney,beyonc,0.8467065868263474,0.5543837882547561,0.4431578947368421,0.0122661593201002,0.4670826304874878,1
3204,4DHDIdeayp8xvlyg22wREO,ram pam pam,natti natasha becky g,0.9077844311377248,0.8180314309346567,0.9389473684210526,0.3068357952450082,0.3041130841177999,0
3205,4DTpngLjoHj5gFxEZFeD3J,codeine dreaming feat lil wayne,kodak black lil wayne,0.7017964071856289,0.6019437551695617,0.5705263157894737,0.0655864827627919,0.654713752803826,0
3206,4DYKah8mcZf0O4l9Gt7woU,dissolve,joji,0.2467065868263473,0.3920595533498759,0.3663157894736841,0.4285670997085118,0.2767247685898947,2
3207,4Day5xkFhvHLwXykznyRLA,all i want for christmas,liam payne,0.5161676646706588,0.2431761786600496,0.2789473684210526,0.8158939775469326,0.5640239662875834,2
3208,4DbhxwlkhTbCTqlZptxmI6,swing,danny ocean,0.6934131736526947,0.6143507030603805,0.5263157894736843,0.4607605025418352,0.3613564773668523,0
3209,4DnHUy01jEA4b5ydC3HgsT,live it up  official song 2018 fifa world cup russia,nicky jam will smith era istrefi,0.5173652694610779,0.9534739454094292,0.8084210526315789,0.0057570556847377,0.5879842078851747,0
3210,4DpNNXFMMxQEKl7r0ykkWA,play date,melanie martinez,0.6347305389221558,0.7311827956989247,0.4357894736842105,0.6156912536772035,0.4670644925301846,2
3211,4Dvkj6JhhA12EX05fT7y2e,as it was,harry styles,0.44311377245509,0.7332506203473945,0.6631578947368422,0.3440594172710383,0.7691219414869499,0
3212,4E3qImtJzRqLt8ZZyLceOE,perfect strangers,lil wayne,0.7137724550898205,0.6433002481389578,0.5368421052631579,0.4024099599064367,0.6013881583322753,0
3213,4E6RdcCWMiHTu7zy1VTNDo,todo mundo vai sofrer  ao vivo,marlia mendona,0.5640718562874253,0.7456575682382134,0.5778947368421052,0.2826907431200158,0.3913929346610318,0
3214,4EAV2cKiqKP5UPZmY6dejk,everyday,logic marshmello,0.6191616766467067,0.7435897435897436,0.4105263157894736,0.0427492876279032,0.623885271374071,1
3215,4EJHKSnHENfjOxXWryyNtL,ms de una cita,bad bunny zion  lennox,0.8562874251497007,0.4944168734491315,0.2999999999999999,0.0122661593201002,0.2796752096445564,1
3216,4EWCNWgDS8707fNSZ1oaA5,heartless,kanye west,0.7664670658682636,0.6464019851116626,0.6547368421052632,0.0518036821747754,0.2495843384784672,0
3217,4EZUcj7c8n9pWIwHqN0DoH,do you hear what i hear,bing crosby,0.4059880239520959,0.3165839536807279,0.3926315789473684,0.8963774846302408,0.3271603818644611,2
3218,4EivmOT13NMpNSfTKn9p4s,like that feat gucci mane,doja cat gucci mane,0.873053892215569,0.4923490488006617,0.3926315789473684,0.2404369019012789,0.3586841516575069,1
3219,4EjUFjzi4ErWjklOA3Aslu,tempo,exo,0.6419161676646709,0.848014888337469,0.5126315789473684,0.2384248142241962,0.418539410758227,0
3220,4EmunTy7kNBYQivOa8F6b8,alfred  interlude,eminem,0.3341317365269461,0.2162944582299421,0.9284210526315788,0.8832989147292032,0.1682416459591654,2
3221,4F7A0DXBrmUAkp32uenhZt,party monster,the weeknd,0.5065868263473055,0.6288254755996692,0.1957894736842105,0.1901347099742114,0.1862586835470589,1
3222,4FPrAERfkPKOBKrRoyuxLu,cold december night,michael bubl,0.4395209580838324,0.7032671629445822,0.4021052631578947,0.0072560610041643,0.2246386012007328,1
3223,4FRW5Nza1Ym91BGV4nFWXI,lemon pepper freestyle feat rick ross,drake rick ross,0.7425149700598804,0.6360628618693135,0.4199999999999999,0.103614939859655,0.2917067213223779,1
3224,4FWbsd91QSvgr1dSWwW51e,trustfall,pnk,0.5820359281437126,0.8955748552522746,0.2294736842105263,0.0016222155083327,0.455347372112286,1
3225,4Flfb4fGscN9kXPOduQLrv,treacherous twins,drake 21 savage,0.7137724550898205,0.511993382961125,0.6073684210526316,0.0786650526638295,0.2555577724170036,0
3226,4FpfU1O7WCLBnmwu5XAFk4,redemption interlude,zacari,0.4778443113772457,0.4416873449131513,0.2010526315789473,0.6659934456042711,0.4500994564658795,2
3227,4FyesJzVpA39hbYvcseO2d,just wanna rock,lil uzi vert,0.4023952095808384,0.5409429280397023,0.0068421052631578,0.0655864827627919,0.6255721014032734,1
3228,4G3PTss3mU33Tau7t4KbwE,tattoo  remix with camilo,rauw alejandro camilo,0.6838323353293414,0.6360628618693135,0.6936842105263157,0.0408378043346746,0.8899932889557978,0
3229,4G3gFk4oyvt8klQEVJBzea,adriana,raf camora,0.7305389221556887,0.804590570719603,0.6768421052631579,0.451706107994963,0.5339935549791714,0
3230,4GBkffrtA51p17JH35irGA,tis the damn season,taylor swift,0.5089820359281437,0.4272125723738627,0.3357894736842105,0.7414467334948724,0.5997134202746086,2
3231,4GL9GMX9t7Qkprvf1YighZ,circus maximus feat the weeknd  swae lee,travis scott the weeknd swae lee,0.6371257485029942,0.7673697270471465,0.2273684210526315,0.0007761326401194,0.473400685614786,1
3232,4GUj9MfPPkjpZskxb45uiX,angels  demons,jxdn,0.4838323353293414,0.804590570719603,0.4536842105263158,0.1197116412763167,0.4131705753964654,1
3233,4GVwjLRT7oSsKby7Vy8EHr,skit,bts,0.6622754491017965,0.3093465674110835,0.5389473684210526,0.8692143009896243,0.4117558147268121,2
3234,4Gt2kh3QbAGU6yquOWn4aW,fake,lauv conan gray,0.6622754491017965,0.6567411083540117,0.4452631578947368,0.1398325180471437,0.2191186161947774,1
3235,4GvEuYAfJlICR2SpMDaBxQ,ando,jere klein gittobeatz,0.8610778443113775,0.5647229114971051,0.3347368421052631,0.0023063253185408,0.3101409319282462,1
3236,4GyMIm2BEMoOXjmIvSpfLi,king of my city,a boogie wit da hoodie,0.3952095808383233,0.6794871794871795,0.271578947368421,0.454724239510587,0.2083930374427898,2
3237,4H6o1bxKRGzmsE0vzo968m,qu agona,yuridia ngela aguilar,0.6970059880239522,0.5698924731182795,0.8947368421052632,0.5633769740730532,0.3070393412293907,0
3238,4H7WNRErSbONkM06blBoGc,stay,post malone,0.4275449101796408,0.4737386269644333,0.3347368421052631,0.451706107994963,0.2377765282740524,2
3239,4HAOgAnILvXCbSODMoRnmD,for us,v,0.4862275449101798,0.3279569892473118,0.1926315789473684,0.802815407645895,0.2312589556164184,2
3240,4HBZA5flZLE435QTztThqH,stuck with u with justin bieber,ariana grande justin bieber,0.5353293413173653,0.4427212572373862,0.531578947368421,0.2243402004846173,0.7983542826740186,1
3241,4HDCLYli2SUdkq9OjmvhSD,believe it,partynextdoor rihanna,0.3353293413173653,0.7011993382961125,0.7357894736842105,0.0907375787263257,0.6750645408980707,0
3242,4HEOgBHRCExyYVeTyrXsnL,jingle bells  remastered 1999,frank sinatra,0.4335329341317366,0.3279569892473118,0.9673684210526314,0.731386295109459,0.7732271658232517,2
3243,4HMop4Re0iucehmF7mgV27,act ii date  8,4batz,0.6802395209580839,0.4086021505376344,0.7547368421052632,0.437621494255384,0.556792967309355,0
3244,4HOryCnbme0zBnF8LWij3f,getting older,billie eilish,0.5377245508982037,0.1098014888337469,0.3526315789473684,0.9798791232291728,0.6829605983107516,2
3245,4HUZBG98TYbxSR9V1V2DWS,tudo ok,thiaguinho mt mila js o mo de ouro,0.7952095808383234,0.7580645161290323,0.98,0.2404369019012789,0.2010773946638129,0
3246,4HYDUMY0xSpeBr0AMY9cUz,la curiosidad,jay wheeler dj nelson myke towers,0.8323353293413175,0.6774193548387097,0.6821052631578948,0.2706182170575196,0.2617609538147147,0
3247,4Hl9rOqYomojCmxYfr25im,white dress,lana del rey,0.4107784431137725,0.249379652605459,0.1326315789473684,0.931589018979188,0.4599423212957756,2
3248,4Hpib09wXgD84w4uwTPnYD,tap in,saweetie,0.962874251497006,0.6970636889991728,0.4210526315789473,0.0057872369998939,0.322359869164868,1
3249,4Hta7Oy5W9HD0UgT1P8PPV,rise feat daisy world,tyler the creator daisy world,0.7377245508982038,0.8190653432588916,0.4726315789473684,0.0442583533857152,0.3709333188229675,1
3250,4HvE2E9rXJDcQhE4YfeNuG,let me love you like a woman,lana del rey,0.302994011976048,0.2307692307692307,0.1221052631578947,0.9748489040364662,0.4934431284348756,2
3251,4HzqWEdAbzcVFDv0pvxV4w,sobrio,maluma,0.7329341317365271,0.7735732009925559,0.6305263157894737,0.1388264742086024,0.7937170115901548,0
3252,4I4G0LD277PWvfblYtSf91,needle feat drake,nicki minaj drake,0.7868263473053894,0.5905707196029777,0.3063157894736842,0.3179022774689631,0.3826081173404917,1
3253,4I5bvu2KDsrCg0EWHIcvul,dont play,annemarie ksi digital farm animals,0.6526946107784432,0.7880479735318445,0.5136842105263159,0.089429721736222,0.4916172407330153,0
3254,4IAVIBh9jbYN30DwpHFMD4,international gangstas,farid bang capo 6ix9ine sch,0.7065868263473055,0.62055417700579,0.38,0.0970756549091362,0.612591369959915,1
3255,4IIuCotvqijraSdnVLaFnM,beautiful trip,kid cudi,0.2167664670658683,0.5078577336641853,0.4084210526315789,0.9778670355520904,0.5275303961934474,2
3256,4IJEw3fDvS6XF4sDc3bvjK,aya,murda ezhel,0.710179640718563,0.6805210918114145,0.6968421052631578,0.1136753782450686,0.8061777882574865,0
3257,4IJsVXbSeGPUrgwpVoHmlg,the planet,bts,0.6167664670658685,0.8542183622828784,0.6894736842105263,0.0004773376200727,0.4429772852314705,0
3258,4IO8X9W69dIQe0EC5ALXhq,immortal,21 savage,0.7077844311377246,0.8769644334160464,0.6642105263157895,0.0081715608972369,0.8311779394071306,0
3259,4IQkfUsrwXol38VV3U7t7T,run feat ed sheeran taylors version from the vault,taylor swift ed sheeran,0.5508982035928145,0.4820099255583126,0.4326315789473683,0.8219302405781806,0.4735276513159088,2
3260,4IaxDf2FixiQXq0mW7key9,zoom,jessi,0.8670658682634732,0.597808105872622,0.4473684210526315,0.0094693574489553,0.3222147655064419,1
3261,4IcbUXrAzBtn6iUO1LP471,away from home,drake,0.8359281437125748,0.6236559139784946,0.2042105263157894,0.0196102793414521,0.2799351870325697,1
3262,4IlOyxGATYUp7YVy5zrSW8,keep my spirit alive,kanye west,0.3796407185628744,0.6546732837055418,0.0323157894736842,0.2464731649325271,0.7234868409119766,1
3263,4Iry561oo2lujsgL77oCnm,painting pictures,superstar pride,0.9640718562874252,0.5078577336641853,0.6957894736842105,0.3179022774689631,0.4426205720711734,0
3264,4IvenHmD0spfFDOKphoUDp,after dark feat static major  ty dolla ign,drake static major ty dolla ign,0.598802395209581,0.4210090984284532,0.3168421052631579,0.0388257166575919,0.5751969479863843,1
3265,4IxeKzzxUSEgivgtbSbyIK,i cannot be a sadder song with gunna,post malone gunna,0.4395209580838324,0.6681141439205956,0.6463157894736842,0.07162274579404,0.1999044734248695,0
3266,4J2RaG4UH2HCThcqzDpeAF,start over,imagine dragons,0.6562874251497006,0.9379652605459058,0.7452631578947368,0.0060387479595293,0.3102074377716914,0
3267,4J4zx8xGJpuGndrVc06KaT,diamond heart,alan walker sophia somajo,0.4179640718562875,0.6370967741935484,0.2326315789473683,0.1297720796617302,0.2615614362843789,1
3268,4JB0EAT4BkLShTyTt50FmO,ego death feat kanye west fka twigs  skrillex,ty dolla ign fka twigs skrillex kanye west,0.7940119760479043,0.6133167907361456,0.3042105263157895,0.0613610986409182,0.3888838505674157,1
3269,4JE6agBLHGA5TaF6FlqfBD,as the world caves in,matt maltese,0.2167664670658683,0.4427212572373862,0.1557894736842105,0.3671984255574894,0.4662120085369318,2
3270,4JJcP0Rv9AgyPD6ZGaC8EE,durag activity with travis scott,baby keem travis scott,0.8862275449101799,0.7022332506203474,0.4978947368421053,0.0030709186358323,0.2040157437469392,0
3271,4Jc7252S1P99DjQ1lNGEOc,cybertruck,bad bunny,0.6634730538922157,0.913151364764268,0.0706315789473684,0.3732346885887375,0.6354633341193114,1
3272,4JdSXF2p71cr8uCY3UiJM0,frgil,yahritza y su esencia grupo frontera,0.5449101796407186,0.72808105872622,0.38,0.3671984255574894,0.6239457312317487,1
3273,4JzCFEc3O2UEdjKzevvFH5,for youth,bts,0.5784431137724552,0.5057899090157155,0.271578947368421,0.4366154504168427,0.4240473037926469,2
3274,4K1vOdIFqskQv3zoI0FdAk,say it first,sam smith,0.4982035928143713,0.3982630272952853,0.1305263157894736,0.7706220048125717,0.4417378581490819,2
3275,4K8cyoCDovlc4FvtUr2Hfx,nada,cali y el dandee danna paola,0.6395209580838325,0.8128618693134823,0.7157894736842105,0.0521054953263378,0.7689707918427562,0
3276,4KD0lLJ4OGonZhBeKtct9I,avalanche,migos,0.9185628742514972,0.6215880893300249,0.6894736842105263,0.099087742586219,0.4797187407420842,0
3277,4KDNRh9Oor80z3XIxdWlui,bubbly with drake  travis scott,young thug drake travis scott,0.910179640718563,0.5822994210090984,0.5968421052631578,0.0539163742357122,0.4975423067854098,0
3278,4KTU5aa5s547f1JF5DImhF,man of the woods,justin timberlake,0.5676646706586828,0.4447890818858561,0.7284210526315789,0.3168962336304218,0.9253804436544356,0
3279,4KULAymBBJcPRpk1yO4dOG,i remember everything feat kacey musgraves,zach bryan kacey musgraves,0.3341317365269461,0.445822994210091,0.1294736842105263,0.557340711041805,0.1869479259245823,2
3280,4KW1lqgSr8TKrvBII0Brf8,father stretch my hands pt 1,kanye west,0.6874251497005989,0.5698924731182795,0.4273684210526315,0.1187055974377753,0.4012720754055345,1
3281,4KX8vXbouybtUptEyYxtIk,moshpit feat juice wrld,kodak black juice wrld,0.7413173652694612,0.6257237386269645,0.4821052631578947,0.3963736968751886,0.6724345370890996,0
3282,4KXwFI9pgJLpUIAc9oSL8j,bloody waters with anderson paak  james blake,absoul anderson paak james blake,0.4275449101796408,0.6040115798180314,0.1789473684210526,0.1861105346200459,0.8094909884582133,1
3283,4KYS9GK68yeuUJ8vJfPxrq,who what,travis scott,0.8191616766467067,0.7332506203473945,0.6831578947368422,0.0464716498305062,0.5639876903729768,0
3284,4KaIJ1FWXUoAAnOts1YWjD,prayers up feat travis scott  atrak,calvin harris travis scott atrak funk wav,0.8035928143712575,0.6360628618693135,0.7852631578947369,0.4356094065783014,0.2375588727864134,0
3285,4KfL3Ne8bc9bC2PUB8QGwA,ich wei nicht mal wie sie heit,capital bra bozza,0.4167664670658684,0.8418114143920595,0.6073684210526316,0.5281654397241058,0.925809708643946,0
3286,4KkUjFkcQvGvWekl8RATDn,bebe feat anuel aa,6ix9ine anuel aa,0.5808383233532936,0.9100496277915632,0.2673684210526316,0.1730319647190083,0.3346150823160962,1
3287,4Km5HrUvYTaSUfiSGPJeQR,bad and boujee feat lil uzi vert,migos lil uzi vert,0.9293413173652696,0.6660463192721258,0.1431578947368421,0.0614617030247724,0.4858614622821177,1
3288,4KpKyRFwN0gcwj58Uqjv7q,staring at the sky,xxxtentacion,0.4874251497005989,0.3269230769230769,0.691578947368421,0.134802298854437,0.569634641080055,0
3289,4Kw3CztmD15X1QGDnnHmLD,auto pilot,migos,0.931736526946108,0.7229114971050455,0.2336842105263158,0.0718239545617483,0.5035036487524109,1
3290,4L5ZhW0VJeQ6je2iqvqZ4X,baby with j balvin,sfera ebbasta j balvin,0.724550898203593,0.8893713813068652,0.6042105263157894,0.1257479043075648,0.3220454779049449,0
3291,4L6ihclQPu1hqP9r3WNJjQ,free woman,lady gaga,0.695808383233533,0.935897435897436,0.4694736842105262,0.0229302240086386,0.437052219179076,0
3292,4L7Y2OAPiY2I2GndZjAs5K,lust for life with the weeknd,lana del rey the weeknd,0.3664670658682636,0.6722497932175352,0.251578947368421,0.5754495001355493,0.3221301217056935,2
3293,4LaGu95Ui2s4vprSQYWUAZ,bout a million feat 42 dugg  21 savage,pop smoke 21 savage 42 dugg,0.6778443113772455,0.6701819685690654,0.3989473684210526,0.5291714835626472,0.59447155061397,2
3294,4LmAnpjlhWTahvRkYR8xJa,x with 2 chainz  saudi,schoolboy q 2 chainz saudi,0.740119760479042,0.4644334160463192,0.3926315789473684,0.0202139056445769,0.5097068301501217,1
3295,4LreWoO3cpgiIfrRwbOUSF,rosa pastel,peso pluma jasiel nuez,0.6610778443113773,0.6805210918114145,0.871578947368421,0.2414429457398203,0.4605650578298538,0
3296,4Lt6GXGzYsa1tgkv3nGSTm,love not war the tampa beat,jason derulo nuka,0.7041916167664671,0.8562861869313482,0.8768421052631579,0.1056270275367377,0.3101288399567107,0
3297,4LwU4Vp6od3Sb08CsP99GC,the next episode,dr dre snoop dogg,0.9245508982035928,0.9172870140612076,0.291578947368421,0.0282622563529077,0.2936958506399675,1
3298,4MXhiYIRDMGAuvZc5IFTwC,astrothunder,travis scott,0.658682634730539,0.4530603804797353,0.2673684210526316,0.1428506495627678,0.635934921009196,1
3299,4MZSqgwlE71CWZ6qQ3gkKm,3,bad bunny,0.5760479041916169,0.6650124069478909,0.6336842105263157,0.6056308152917899,0.2033567312982545,2
3300,4MdcsdRj7i8eBm0qFjO4L4,feel me,selena gomez,0.6706586826347306,0.8128618693134823,0.3789473684210526,0.4426517134480908,0.3220757078337837,1
3301,4MjDJD8cW7iVeWInc2Bdyj,monaco,bad bunny,0.7628742514970062,0.6195202646815551,0.1031578947368421,0.1508990002710986,0.5582742338224536,1
3302,4MrfQL4TYQXJBlZYpAHTuE,baby its cold outside,dean martin,0.3820359281437127,0.1801075268817204,0.531578947368421,0.8873230900833686,0.5037394421973531,2
3303,4Mteyd60tfstDuzfkGqXx1,too late,sza,0.3173652694610779,0.6929280397022333,0.3399999999999999,0.7776643116823612,0.3334300691056173,2
3304,4N1c5rmWOzRmB9SMacr5wB,loco enamorado,abraham mateo farruko christian daniel,0.6467065868263473,0.8790322580645161,0.7357894736842105,0.2273583320002414,0.2858662990707319,0
3305,4NCsrTzgVfsDo8nWyP8PPc,ritmo bad boys for life,black eyed peas j balvin,0.6862275449101797,0.7053349875930521,0.6863157894736842,0.0260489599081168,0.3529465111639127,0
3306,4NN6N5TxBO5k9uqu0W4gfQ,floating feat 21 savage,schoolboy q 21 savage,0.9053892215568864,0.5409429280397023,0.5378947368421053,0.1820863592658805,0.5635705173550021,0
3307,4NSW0Km5ZG60L8FthUebPJ,what i like about you feat theresa rex,jonas blue theresa rex,0.3712574850299402,0.804590570719603,0.548421052631579,0.2907390938283466,0.3370153386658928,1
3308,4NdXQlDTzxbOMkzJGWFtz3,butterfly doors,lil pump,0.9281437125748504,0.3879239040529363,0.4178947368421052,0.089429721736222,0.5035701545958562,1
3309,4NhDYoQTYCdWHTvlbGVgwo,gooba,6ix9ine,0.5520958083832336,0.6887923904052936,0.38,0.0265519818273874,0.7965223489863904,1
3310,4NioO5R9sHEZh4cGzMHyNt,say dont go taylors version from the vault,taylor swift,0.570059880239521,0.5430107526881721,0.1684210526315789,0.0659889002982085,0.3822755881232655,1
3311,4Nip6oiJU24LqcUEi7u19S,standard feat trettmann gringo ufo361  gzuz,kitschkrieg sfr gringo ufo361 trettmann gzuz,0.8083832335329342,0.7632340777502068,0.8884210526315789,0.1448627372398505,0.2556545081892877,0
3312,4NmE2ytXI8S2svTRSmEdpO,small talk,katy perry,0.8335329341317367,0.6298593879239041,0.6,0.2042193237137903,0.4188719399754533,0
3313,4NqQaovM14WR2hNPMFxgjb,258,bad bunny,0.7317365269461079,0.7342845326716294,0.5368421052631579,0.0925484576357002,0.6364246458563836,0
3314,4NqkE7kRUvMDEdcqD96EDO,used feat don toliver,sza don toliver,0.6982035928143714,0.685690653432589,0.8473684210526315,0.3651863378804066,0.6248828590257498,0
3315,4NzMOnvSJVNKF7nw5NkXIP,bury a friend,billie eilish,0.9041916167664672,0.379652605459057,0.1726315789473684,0.7444648650104966,0.4433400443775355,2
3316,4O0LQKVT6hGmVGNwizmydg,10 years,dai freyr,0.776047904191617,0.6195202646815551,0.4326315789473683,0.0141776426133288,0.461429633794642,1
3317,4O3RwH1TFG1EjPezLIYehI,lifes a mess ii with clever  post malone,juice wrld clever post malone,0.4550898203592816,0.3600082712985938,0.7042105263157894,0.8108637583542259,0.5643504495190419,2
3318,4OAuvHryIVv4kMDNSLuPt6,red taylors version,taylor swift,0.4383233532934133,0.7808105872622002,0.3957894736842104,0.0010789518355204,0.4735760192020508,1
3319,4OBZT9EnhYIV17t4pGw7ig,best part feat her,daniel caesar her,0.3868263473053892,0.3610421836228287,0.4010526315789473,0.7977851884531882,0.17223199656588,2
3320,4OENnoidV0h8gJV6bhrw7r,only you freestyle,headie one drake,0.6347305389221558,0.8314722911497104,0.8126315789473685,0.5653890617501359,0.6060012454730681,0
3321,4OEOEsOhlzDqQuewiuPJAc,whiskey feat aap rocky,maroon 5 aap rocky,0.5353293413173653,0.40136476426799,0.0437894736842105,0.7273621197552935,0.3443067975017986,2
3322,4OGIeHtYhRTJ8iW21UUyZW,bad bitch from tokyo intro,pop smoke,0.5928143712574852,0.6391645988420183,0.6757894736842106,0.39737974071373,0.565481048857611,0
3323,4OH5Cd8ZOI1eSgJSC9PYmU,antidepresan,mert demir mabel matiz,0.658682634730539,0.586435070306038,0.9294736842105265,0.0298719264945739,0.3222268574779774,0
3324,4OMJGnvZfDvsePyCwRGO7X,houdini,dua lipa,0.7113772455089822,0.7932175351530191,0.8778947368421053,0.0036141823086446,0.4248332819424543,0
3325,4OZEu0Vwq0RB2LAq14v99n,middle,dj snake bipolar sunshine,0.5520958083832336,0.7011993382961125,0.1905263157894736,0.0200126968768687,0.3522572687863892,1
3326,4OafepJy2teCjYJbvFE60J,breathin,ariana grande,0.5005988023952096,0.6557071960297768,0.3494736842105262,0.0212199494831183,0.3224384669798487,1
3327,4Of7rzpRpV1mWRbhp5rAqG,bruises,lewis capaldi,0.7017964071856289,0.2959057071960297,0.3463157894736841,0.9517098957500152,0.3898693462475589,2
3328,4OkFBMU18NidtaefaTjUq1,real spill,lil baby,0.7497005988023954,0.5533498759305212,0.2652631578947367,0.0498921988815468,0.6666303907520603,1
3329,4OmFmE0fzcMG6g0Y8p4eSD,better man taylors version from the vault,taylor swift,0.3868263473053892,0.5760959470636889,0.2347368421052631,0.2152858059377451,0.1645959165412124,1
3330,4OmfWzukSVD140NiAIEjem,static,steve lacy,0.2215568862275449,0.292803970223325,0.1926315789473684,0.4366154504168427,0.1951825585402571,2
3331,4OtHGdb0KqEbaWb6edUnR9,cut you off,selena gomez,0.844311377245509,0.281430934656741,0.8526315789473684,0.3018055760523014,0.562439918016433,0
3332,4Oun2ylbjFKMPTiaSbbCih,wap feat megan thee stallion,cardi b megan thee stallion,0.9401197604790422,0.4468569065343258,0.3421052631578947,0.019509674957598,0.5221011009740084,1
3333,4OwhwvKESFtuu06dTgct7i,tiroteo  remix,marc segu rauw alejandro pol granch,0.7185628742514971,0.5171629445822995,0.5989473684210526,0.2836967869585571,0.3851837072775531,0
3334,4P6IttK2PRBjyr3fm0pP7t,past life with selena gomez,trevor daniel selena gomez,0.5532934131736528,0.5347394540942929,0.2757894736842105,0.1046209836981964,0.2009081070623159,1
3335,4P92FrvmYQSAfOpp4cpFEi,simple,florida georgia line,0.2694610778443114,0.8966087675765095,0.8936842105263157,0.0853049419982024,0.9247395691630544,0
3336,4P9Q0GojKVXpRTJCaL3kyy,all of the girls you loved before,taylor swift,0.6802395209580839,0.4602977667493796,0.3831578947368421,0.7112654183386319,0.297716431175521,2
3337,4PA1wK0leCjmRZlP5dQ8Lv,el cielo,sky rompiendo feid myke towers,0.6766467065868265,0.641232423490488,0.1442105263157894,0.0691076361976866,0.3582004727960869,1
3338,4PANCoXZX3RaT2D6mqSdEU,changes,xxxtentacion,0.651497005988024,0.3072787427626137,0.4852631578947368,0.8883291339219099,0.502294451598861,2
3339,4PEfJZpVjdclfzZ9XO8uDw,hasta abajo,kevin roldan bryant myers lyanno,0.6754491017964073,0.6712158808933003,0.6410526315789474,0.2907390938283466,0.7437408932339373,0
3340,4POHzEwNTCYaIvqCUp3NnO,old me,5 seconds of summer,0.6838323353293414,0.6184863523573201,0.4642105263157894,0.3148841459533391,0.4913028494730924,1
3341,4PQdrXMDHDPl1RczrrlADd,morena,luan santana,0.4502994011976049,0.7332506203473945,0.4673684210526315,0.1810803154273392,0.2432965132800077,1
3342,4PS1e8f2LvuTFgUs1Cn3ON,the christmas song merry christmas to you,nat king cole,0.2023952095808383,0.1945822994210091,0.1863157894736841,0.92555275594794,0.1933385328810935,2
3343,4PV0uE5pZSh44E3NqNNDEH,selfish,madison beer,0.2694610778443114,0.4540942928039702,0.211578947368421,0.6307819112553237,0.172304548395093,2
3344,4PYfFHKfjYz6dwAtZhBy1z,obsessed with you,central cee,0.7137724550898205,0.8304383788254756,0.9178947368421052,0.1931528414898354,0.5824944528080582,0
3345,4PdJSsESm34djLfBde9Pr2,would i lie to you  radio edit,david guetta cedric gervais chris willis,0.6239520958083834,0.8314722911497104,0.7810526315789473,0.0072158192506226,0.4671612283024686,0
3346,4PkIDTPGedm0enzdvilLNd,sixteen,ellie goulding,0.621556886227545,0.8056244830438379,0.5357894736842106,0.2696121732189782,0.3821123465075363,0
3347,4PklAHGXT5ityno3IA8SKd,go stupid,polo g stunna 4 vegas nle choppa mike will madeit,0.9221556886227548,0.8387096774193549,0.6452631578947369,0.0278598388174912,0.5702331936710621,0
3348,4Pu0a2TuHOYtI4CCE3HEXI,sigues con el  remix,arcngel sech romeo santos,0.7149700598802397,0.6939619520264682,0.7410526315789473,0.1026088960211137,0.7816008561115848,0
3349,4Q34FP1AT7GEl9oLgNtiWj,mr right now feat drake,21 savage metro boomin drake,0.5952095808383234,0.6670802315963607,0.7073684210526315,0.2323885511929481,0.7579368678166134,0
3350,4Q3N4Ct4zCuIHuZ65E3BD4,tunnel vision,kodak black,0.4155688622754492,0.4830438378825475,0.2094736842105263,0.0579405495898776,0.7565644290473341,1
3351,4Q4jmPHwu0wrJvqrld0FQ6,i would like,zara larsson,0.4023952095808384,0.7146401985111662,0.2789473684210526,0.0858079639174731,0.4492772024014655,1
3352,4Q5yMlwAfAoitqg4r9oZHN,quit feat ariana grande,cashmere cat ariana grande,0.2574850299401198,0.4044665012406947,0.0978947368421052,0.103614939859655,0.229916746775978,1
3353,4Q8aDd3H6LF8t4eY7So9O8,light it up with tyga  chris brown,marshmello tyga chris brown,0.7904191616766469,0.6236559139784946,0.5957894736842105,0.0409384087185288,0.3222570874068163,0
3354,4QIo4oxwzzafcBWkKjDpXY,xanny,billie eilish,0.444311377245509,0.1066997518610421,0.0218947368421052,0.7555313472344514,0.3919975332378068,2
3355,4QVS8YCpK71R4FsxSMCjhP,tie me down with elley duh,gryffin elley duh,0.4766467065868265,0.8449131513647643,0.2968421052631579,0.1358083426929783,0.3156851008772726,1
3356,4QWumyD2uwiePBBha9XBHI,no ouvidinho,felipe amorim,0.8802395209580839,0.8397435897435898,0.8505263157894737,0.4054280914220608,0.4673546998470365,0
3357,4QdovcM8j50QPlyR7tH4xe,you  me,marc e bassy geazy,0.6502994011976049,0.6495037220843674,0.6642105263157895,0.0400329692638416,0.2316096227909479,0
3358,4QfNOZN7vrQCQKK1ZJ3XPb,heaven,julia michaels,0.4718562874251498,0.369313482216708,0.3052631578947368,0.8682082571510829,0.9252655699248484,2
3359,4QfZYDhGZc0T2RDvGiI69E,singapur,el alfa chael produciendo,0.8419161676646708,0.9172870140612076,0.8115789473684211,0.0525079128617543,0.4006614308429917,0
3360,4QnC1bIaMSfDQvF4XDhV5M,boyfriend,selena gomez,0.791616766467066,0.5068238213399504,0.3305263157894736,0.2193099812919106,0.2740524428805495,1
3361,4QtiVmuA88tPQiCOHZuQ5b,1 2 3 feat jason derulo  de la ghetto,sofa reyes jason derulo de la ghetto,0.7688622754491019,0.902812241521919,0.8021052631578948,0.1659896578492189,0.2917188132939135,0
3362,4R2kfaDFhslZEMJqAFNpdd,cardigan,taylor swift,0.554491017964072,0.5781637717121588,0.5463157894736842,0.540237965786602,0.5037213042400497,2
3363,4R5xvs5X0phd0EYWyGigju,medicina,anitta,0.776047904191617,0.7880479735318445,0.6536842105263158,0.0443589577695694,0.285624459640022,0
3364,4R67rQNSbbsR4TdUVOIdez,escape plan,travis scott,0.8251497005988025,0.500620347394541,0.4294736842105263,0.0020749352356763,0.649350963427832,1
3365,4R8BJggjosTswLxtkw8V7P,no me conoce  remix,jhayco j balvin bad bunny,0.7856287425149703,0.7901157981803144,0.5768421052631578,0.1458687810783918,0.2736110859195037,0
3366,4R9ATNRRl1uth17i5qDCc0,ifly,bazzi,0.7928143712574852,0.5140612076095947,0.5494736842105263,0.3812830392970683,0.35209402717066,0
3367,4RJz8NfIe09gpKMiRUWKhJ,parce feat justin quiles,maluma lenny tavrez justin quiles,0.6479041916167665,0.7415219189412738,0.8968421052631579,0.4245429243543465,0.2247837048591588,0
3368,4RVbK6cV0VqWdpCDcx3hiT,reborn,kids see ghosts,0.5209580838323353,0.5947063688999172,0.2052631578947368,0.3410412857554142,0.3224505589513842,1
3369,4RVtBlHFKj51Ipvpfv5ER4,drown feat clinton kane,martin garrix clinton kane,0.5065868263473055,0.7415219189412738,0.3484210526315789,0.2132737182606625,0.4435274699363358,1
3370,4RVwu0g32PAqgUiJoXsdF8,happier than ever,billie eilish,0.2179640718562875,0.2100909842845326,0.2789473684210526,0.7716280486511131,0.2076010133072147,2
3371,4RbbzNY4MEcgzewYWkIsGu,price on my head feat the weeknd,nav the weeknd,0.740119760479042,0.5709263854425145,0.2589473684210526,0.3863132584897751,0.1706842242093361,1
3372,4Rh4UxgPaRTaFfKumWtUbM,if i were u with lauv,blackbear lauv,0.6179640718562875,0.6267576509511994,0.7736842105263158,0.1448627372398505,0.2193120877393454,0
3373,4Rif4wqdvzy84dhP1apC4Y,royal rumble,kalazh44 capital bra samra nimo luciano,0.5281437125748504,0.8955748552522746,0.5705263157894737,0.1056270275367377,0.4846643571001034,0
3374,4RvWPyQ5RL0ao9LPZeSouE,everybody wants to rule the world,tears for fears,0.5928143712574852,0.7994210090984285,0.5294736842105263,0.349089636463745,0.3950991239366622,0
3375,4S2WtfT03YDIlXEwSX4Tjd,nothing left for you,sam smith,0.4179640718562875,0.2876344086021505,0.1894736842105263,0.6197154290313689,0.4837151373345668,2
3376,4S2uhQE8L9V6p7rj7SiauJ,suicidal feat juice wrld  remix,ynw melly juice wrld,0.6047904191616768,0.4334160463192721,0.2536842105263158,0.4768572039584968,0.5637216669991958,2
3377,4S4Mfvv03M1cHgIOJcbUCL,in my room,frank ocean,0.8514970059880241,0.6464019851116626,0.671578947368421,0.5975824645834591,0.6730330896801069,0
3378,4S8d14HvHb70ImctNgVzQQ,i love it  lil pump,kanye west lil pump,0.8994011976047905,0.5171629445822995,0.3126315789473683,0.0114613242492672,0.3466465939939177,1
3379,4SCnCPOUOUXUmCX2uHb3r7,outta time feat drake,bryson tiller drake,0.6754491017964073,0.5791976840363937,0.3221052631578948,0.0129703900070792,0.2787259898790198,1
3380,4SDgTLDYrJ2UrHbkRkg7MD,panini  dababy remix,lil nas x dababy,0.6790419161676647,0.5957402812241522,0.488421052631579,0.2213220689689933,0.648051076487766,1
3381,4SHhui9S7lFYGHXikfneGo,drugs  the internet,lauv,0.3640718562874252,0.5802315963606286,0.1936842105263157,0.3229324966616699,0.2564465323248628,1
3382,4SJHHpKhcuXwDsCsPqshXj,el efecto,rauw alejandro chencho corleone,0.837125748502994,0.7849462365591399,0.9063157894736842,0.4084462229376849,0.2256543268097147,0
3383,4SPu0Ql902hTVXkBoNIYtq,nasa,ariana grande,0.702994011976048,0.4540942928039702,0.4726315789473684,0.4496940203178803,0.1710227994123301,2
3384,4SW9gHnW8NfKOdqmh0ij45,fruto,bizarrap milo j,0.7796407185628744,0.511993382961125,0.9378947368421052,0.4969780807293238,0.6864370401272075,0
3385,4SZepBIPDRwPaHIjAKwRDb,rip screw,travis scott,0.5473053892215569,0.6071133167907362,0.5515789473684211,0.3913434776824818,0.1706660862520329,0
3386,4Sdj67b8WF9PhAXh4tvBi6,piman deilim,semicenk dou swag,0.6910179640718563,0.6174524400330852,0.4357894736842105,0.2806786554429331,0.3099897822840524,1
3387,4SnlSaLJJ7reJMCHM5YUuX,lotus,lil uzi vert,0.7808383233532936,0.7508271298593879,0.5094736842105263,0.2414429457398203,0.6248223991680724,0
3388,4Sokm1cWK36H2WctWWRGf1,irina shayk,ufo361,0.5125748502994012,0.5905707196029777,0.1778947368421052,0.1669957016877603,0.1702005453479162,1
3389,4T2zre0jqstNJ5Gt0WG9lz,not my responsibility,billie eilish,0.3808383233532935,0.1118693134822167,0.0044210526315789,0.4567363271876697,0.4130677936384138,2
3390,4T4CZ3Q4z3GG7lU720YYhM,soltera,lunay gaby music chris jedi,0.7532934131736528,0.7332506203473945,0.8578947368421053,0.4476819326407976,0.2737199136633232,0
3391,4T652DlATVHe0jdLKaN3Bw,in my head,ariana grande,0.6131736526946109,0.597808105872622,0.3147368421052632,0.1740380085575497,0.533624749847339,1
3392,4TGwERXRlyQtBdggYTHo6j,entre nosotros remix con nicki nicole,tiago pzk lit killah maria becerra nicki nicole,0.658682634730539,0.4303143093465674,0.6031578947368421,0.4034160037449781,0.7460020919110757,0
3393,4TIqzdAssasqx3DAe6cG9J,ramen  oj,joyner lucas lil baby,0.5353293413173653,0.5678246484698097,0.1399999999999999,0.4949659930522411,0.3596031414942048,2
3394,4TZy1wLyHec06pwgFYDh1a,mercy,shawn mendes,0.3820359281437127,0.6805210918114145,0.36,0.137820430370061,0.6107412983149838,1
3395,4Ta3PhWmY50ZLU1uhKFKPE,outnumbered,dermot kennedy,0.5556886227544912,0.6846567411083541,0.2378947368421052,0.2484852526096098,0.6658565045737883,1
3396,4TgHt7vKCimpywaiKfl0uj,make it rain,pop smoke rowdy rebel,0.4670658682634732,0.7735732009925559,0.5610526315789474,0.1951649291669181,0.681842090943718,0
3397,4TgxFMOn5yoESW6zCidCXL,savage love laxed  siren beat bts remix,jawsh 685 jason derulo bts,0.7281437125748504,0.5957402812241522,0.6589473684210526,0.1609594386565121,0.6234499603987933,0
3398,4TnFANpjVwVKWzkxNzIyFH,ne reviens pas,gradur heuss lenfoir,0.9365269461077846,0.7818444995864351,0.9484210526315788,0.2132737182606625,0.4732676739278955,0
3399,4Tvw0lweq9l2JPQKFbpbBQ,better when youre gone,david guetta brooks loote,0.5952095808383234,0.7994210090984285,0.3968421052631579,0.0638762082372716,0.4913814472880731,1
3400,4U9arGcc4ATa7shChhLQP0,walk on water,thirty seconds to mars,0.4119760479041917,0.7818444995864351,0.3936842105263157,0.000108119531328,0.5637579429138024,1
3401,4UAW2gObi5o6sJla0qZpPn,mariners apartment complex,lana del rey,0.4526946107784432,0.271091811414392,0.1473684210526315,0.799797276130271,0.1771111070804539,2
3402,4UG2Fm0E98LhE2dlNxiAXx,this is what falling in love feels like,jvke,0.3281437125748503,0.4303143093465674,0.3084210526315789,0.6207214728699102,0.4973730191839129,2
3403,4UKCKdYiLN6IMA5ZESUTL7,the remedy for a broken heart why am i so in love,xxxtentacion,0.6574850299401198,0.2917700578990901,0.251578947368421,0.7837005747136093,0.4412783632307329,2
3404,4UMIv5jd9gK98a39BQRD9X,kesariya,pritam arijit singh amitabh bhattacharya,0.5113772455089821,0.5709263854425145,0.4252631578947368,0.5754495001355493,0.2859207129426417,2
3405,4UOXo3xWnxYdTf3sFyRaUG,500 ps,bonez mc raf camora,0.7844311377245511,0.9327956989247312,0.8463157894736841,0.3933555653595645,0.5638365407287831,0
3406,4UgoXTsKI19EdofRMiqhp0,untouchable,eminem,0.5041916167664671,0.8935070306038049,0.6568421052631579,0.0808783491086205,0.2544755409645766,0
3407,4UkUxO2WlKLc0Q1iEutGGh,contigo with tisto,karol g tisto,0.8335329341317367,0.5409429280397023,0.2484210526315789,0.1790682277502565,0.4553292341549828,1
3408,4UldILPVpnZO69ffK4B9aA,tubaro te amo,dj lk da esccia tchakabum mc ryan sp mc jhenny mc rf,0.8850299401197607,0.7446236559139785,0.4705263157894737,0.3007995322137601,0.5040598794430438,0
3409,4UwqOWDpdeIDVQDuKT6iza,you are in love taylors version,taylor swift,0.4634730538922157,0.4892473118279569,0.4842105263157894,0.6126731221615793,0.2311380359010634,2
3410,4Uy3kNxW2kB8AEoXljEcth,familia with anuel aa feat bantu  spiderman into the spiderverse,nicki minaj anuel aa bantu,0.7377245508982038,0.8883374689826303,0.6757894736842106,0.0166927522096822,0.3948572845059523,0
3411,4UyVCLbNG8yhrqbzeSmdho,dont you worry,black eyed peas shakira david guetta,0.7976047904191618,0.881100082712986,0.4926315789473684,0.2022072360367076,0.5154142407148774,0
3412,4V9ynsDPwHtdItksqjuRu0,brand new draco,21 savage metro boomin,0.6550898203592815,0.7105045492142267,0.4284210526315789,0.0412402218700912,0.6548104885761099,1
3413,4VCbgIdr8ptegWeJpqLVHH,love all with jayz,drake jayz,0.6946107784431138,0.5729942100909843,0.1294736842105263,0.3561319433335345,0.2745663516708082,1
3414,4VLTxHOyFX5FRtkpsFm5Pc,lithuania feat travis scott,big sean travis scott,0.6299401197604793,0.825268817204301,0.6168421052631579,0.0495903857299844,0.6367027612017,0
3415,4VMRsbfZzd3SfQtaJ1Wpwi,double fantasy with future,the weeknd future,0.5389221556886228,0.5636889991728701,0.0664210526315789,0.0062399567272375,0.4372759206524828,1
3416,4VUwkH455At9kENOfzTqmF,beautiful feat camila cabello,bazzi camila cabello,0.584431137724551,0.7187758478081059,0.2284210526315789,0.3480835926252036,0.3223054552929582,1
3417,4VVG3HBGaqSNZqIpmewIA6,sciroppo feat drefgold,sfera ebbasta drefgold,0.7508982035928146,0.7229114971050455,0.6663157894736842,0.0778602175929964,0.6968482276192722,0
3418,4VYEnxm7lmtG5sEEbcmORB,ok ok,kanye west,0.7041916167664671,0.4644334160463192,0.2642105263157894,0.3209204089845872,0.37038918010387,1
3419,4VgYtXCVJ7IbWAZ5ryfvEQ,muvelo,nicky jam daddy yankee,0.5317365269461078,0.8128618693134823,0.9336842105263158,0.417500617484557,0.8547330999582827,0
3420,4VsP4Dm8gsibRxB5I2hEkw,kahani suno 20,kaifi khalil,0.5113772455089821,0.369313482216708,0.24,0.9144862737239852,0.561472560293593,2
3421,4VuS959DSpr82t3qBqCrWG,supermarket flowers,ed sheeran,0.525748502994012,0.227667493796526,0.2368421052631578,0.919516492916692,0.2601648135720287,2
3422,4W4fNrZYkobj539TOWsLO2,die for you with ariana grande  remix,the weeknd ariana grande,0.5089820359281437,0.4944168734491315,0.4989473684210526,0.2283643758387827,0.1228242008718311,1
3423,4WghJOMjDpGdlk3b8aJIgy,up at night feat justin bieber,kehlani justin bieber,0.4946107784431138,0.7590984284532672,0.2126315789473684,0.1971770168440008,0.3222147655064419,1
3424,4WjH9Bzt3kx7z8kl0awxh4,lean on feat m  dj snake,major lazer m dj snake,0.6862275449101797,0.8138957816377173,0.2547368421052631,0.0034733361712488,0.3100925640421042,1
3425,4Wjhj0WjkyECccfHVIgaTq,trust issues,drake,0.3245508982035928,0.5347394540942929,0.5168421052631579,0.7837005747136093,0.2567065097128762,2
3426,4Ws314Ylb27BVsvlZOy30C,lovesick girls,blackpink,0.6035928143712577,0.7084367245657568,0.4378947368421052,0.0056162095473419,0.4912484356011825,1
3427,4WuOWVnAqvEQxgSRrspBgt,niagara falls foot or 2 with travis scott  21 savage,metro boomin travis scott 21 savage,0.6239520958083834,0.6577750206782466,0.2368421052631578,0.1901347099742114,0.2491853034177958,1
3428,4WzhjxvLP95y7AMDy0Atwb,out of love,alessia cara,0.3964071856287425,0.2535153019023987,0.1105263157894737,0.8048274953229777,0.4287934026203302,2
3429,4XCQtUoRSh22Ep18ULmDnT,la frmula feat chris jedi,de la ghetto daddy yankee ozuna chris jedi,0.6598802395209581,0.8511166253101737,0.7621052631578947,0.1187055974377753,0.7576224765566901,0
3430,4XJRpBOG0bU3Nxnvam3FnC,love you better,future,0.6694610778443114,0.34656741108354,0.5389473684210526,0.4808813793126621,0.1739792864527596,2
3431,4XKXphKH76W4zNpkgFS5o2,more,jhope,0.7580838323353295,0.7239454094292804,0.2884210526315789,0.0053948799028628,0.3041916819327807,1
3432,4XLu3tTSZiPFVC9mmuR6Zp,all these years,camila cabello,0.6970059880239522,0.4282464846980975,0.4663157894736841,0.6126731221615793,0.2910174789448546,2
3433,4XkrlDVc8UQUvsyRsxvU0M,wild side feat cardi b,normani cardi b,0.7065868263473055,0.5729942100909843,0.2978947368421052,0.0250429160695754,0.3831764400026602,1
3434,4XvcHTUfIlWfyJTRG0aqlo,2055,sleepy hallow,0.8131736526946108,0.5068238213399504,0.6378947368421053,0.4949659930522411,0.2043119970495588,0
3435,4Xzq2WibDHR5Eufi21HlEZ,shouldve wore a bonnet,21 savage brent faiyaz,0.5473053892215569,0.7570306038047974,0.4073684210526315,0.0412402218700912,0.5941752973113501,1
3436,4YJUTdZ0Pgl0ZeNyHYXeLd,love of my life  remastered 2011,queen,0.2143712574850299,0.162531017369727,0.2347368421052631,0.9386313258489776,0.6496834926450583,2
3437,4YLtrBhzjsI2LT6ybXQHeD,soulmate,justin timberlake,0.7365269461077846,0.7880479735318445,0.4389473684210526,0.0223265977055138,0.382336047980943,1
3438,4YQImHflXSiIMXntcwPkx8,bongos feat megan thee stallion,cardi b megan thee stallion,0.6898203592814373,0.7404880066170388,0.9094736842105264,0.0795704921185167,0.4548697392366338,0
3439,4YcWzLSnGqLjSCycuSMHnn,prices,lil uzi vert wanmor,0.761676646706587,0.6836228287841192,0.5663157894736841,0.1740380085575497,0.4793499356102516,0
3440,4Yf5bqU3NK4kNOypcrLYwU,faint,linkin park,0.4838323353293414,0.988626964433416,0.591578947368421,0.1116632905679858,0.5343260841963977,0
3441,4YhJ3a6kBPGJWX4Ek77sDd,top floor feat travis scott,gunna travis scott,0.8059880239520959,0.4985525227460711,0.4726315789473684,0.2072374552294143,0.4006493388714563,1
3442,4YhN72dRYL2Z3MsaKyT7rS,stay dont go away feat raye,david guetta raye,0.621556886227545,0.8014888337468984,0.5473684210526316,0.260557778672106,0.4422457209535728,0
3443,4YiY551vHi6glMtgVxuqAy,c l o s e,j cole,0.5173652694610779,0.9203887510339124,0.508421052631579,0.3219264528231285,0.2491732114462602,0
3444,4Yip3hds5IHyT7AqoNHfmX,wow wow feat becky g,maria becerra becky g,0.7113772455089822,0.6794871794871795,0.8778947368421053,0.0657876915305002,0.7817822356846174,0
3445,4Yq3XUNfWrAPWuB94qkC09,take what you want feat ozzy osbourne  travis scott,post malone ozzy osbourne travis scott,0.4179640718562875,0.804590570719603,0.2526315789473684,0.0911399962617423,0.5634919195400214,1
3446,4Yxc55NX3tAXC2mHRAhtcW,all i want  from high school musical the musical the series,olivia rodrigo disney,0.2706586826347306,0.4220430107526881,0.1021052631578947,0.0907375787263257,0.1867060864938723,1
3447,4Z2i41GDQyu3KRpBavEnyR,solteiro forado  boiadeira internacional,ana castela,0.6047904191616768,0.6691480562448305,0.4252631578947368,0.6398363058021959,0.5638304947430153,2
3448,4Z6YruMINNspGet1gQyYlK,supplies,justin timberlake,0.7700598802395211,0.5502481389578164,0.2031578947368421,0.0069844291677581,0.4430196071318448,1
3449,4ZJPwET9Jrgpkqi4Vo3Yg8,bad bitch feat ty dolla ign,bebe rexha ty dolla ign,0.6059880239520959,0.6133167907361456,0.351578947368421,0.028463465120616,0.5634375056681116,1
3450,4ZLzoOkj0MPWrTLvooIuaa,get you the moon feat snw,kina snw,0.4167664670658684,0.2204301075268817,0.0605263157894736,0.7243439882396695,0.4365141264457463,2
3451,4ZT0wGKwlJRjpMUuwZVy3p,daylight,drake,0.4982035928143713,0.5605872622001654,0.0365263157894736,0.0149824776841619,0.563497965525789,1
3452,4ZT9FnbFu1PaBfV3itxiqT,i,lil skies,0.5976047904191618,0.445822994210091,0.4199999999999999,0.6307819112553237,0.3172026433049776,2
3453,4ZYAU4A2YBtlNdqOUtc7T2,red ruby da sleeze,nicki minaj,0.6538922155688623,0.7353184449958644,0.2736842105263157,0.1156874659221513,0.312196567089281,1
3454,4Zj2uX6ApCFK9XzjwIhCIr,boys of faith feat bon iver,zach bryan bon iver,0.1820359281437125,0.5812655086848635,0.1336842105263158,0.3873193023283164,0.9255557772417004,1
3455,4ZtFanR9U6ndgddUvNcjcG,good 4 u,olivia rodrigo,0.4946107784431138,0.663978494623656,0.6905263157894737,0.3370171104012488,0.7267879491411677,0
3456,4Zxdw0Hno7YDu0IzvY76Qo,rent money,future,0.651497005988024,0.4871794871794871,0.2957894736842105,0.0332924755456145,0.7239402898445577,1
3457,4a1fh9vJMMoRjNrBmEWoM0,all the money with gunna bonus,metro boomin gunna,0.8227544910179642,0.5771298593879239,0.2421052631578947,0.0533127479325874,0.3945791691606358,1
3458,4a9RlnJ0v1T7HgLtps1HvI,this is halloween,the citizens of halloween,0.4994011976047904,0.5026881720430108,0.6473684210526316,0.7716280486511131,0.7310322311501278,2
3459,4a9tbd947vo9K8Vti9JwcI,boy with luv feat halsey,bts halsey,0.5928143712574852,0.8686931348221671,0.8115789473684211,0.0938563146258039,0.4427414917865284,0
3460,4aJzxp3gimtAdgJn3DL776,mami chula,jhayco quevedo,0.7736526946107786,0.7022332506203474,0.3084210526315789,0.2162918497762865,0.4429772852314705,1
3461,4aOOExMBUyxKnEYb39SrTg,riot,xxxtentacion,0.4299401197604792,0.5378411910669976,0.1252631578947368,0.0191072574221814,0.3086415274578443,1
3462,4aWmUDTfIPGksMNLV2rQP2,despacito,luis fonsi daddy yankee,0.6107784431137726,0.7901157981803144,0.8568421052631578,0.2102555867450384,0.792719423938476,0
3463,4aZfvvgfoSfmSZpfwQYzC0,ihr hobby,bonez mc maxwell,0.747305389221557,0.8190653432588916,0.2336842105263158,0.2052253675523316,0.3766709593165617,1
3464,4aarlAfLKVCTxUDNgbwhjH,cry baby feat dababy,megan thee stallion dababy,0.9664670658682636,0.4292803970223325,0.6147368421052631,0.004036720720832,0.5038724538842436,0
3465,4ak7xjvBeBOcJGWFDX9w5n,rodeo,lil nas x cardi b,0.665868263473054,0.6794871794871795,0.6578947368421053,0.1398325180471437,0.5644713692343968,0
3466,4ak9GGe6afmi2HbxEjvhIC,male fantasy,billie eilish,0.6431137724550899,0.2752274607113316,0.2905263157894736,0.8682082571510829,0.3882067001614278,2
3467,4at3d5QWnlibMVN75ECDrp,pretty little fears feat j cole,6lack j cole,0.5508982035928145,0.4509925558312655,0.2252631578947368,0.700198936114677,0.8789714569011904,2
3468,4atJ40xfasjdM9ZF3p07BV,halfway off the balcony,big sean,0.4491017964071857,0.8087262200165427,0.1168421052631578,0.3309808473700007,0.4737029849031735,1
3469,4au7FRcgZzChASRYu279xH,con calma  remix,daddy yankee katy perry snow,0.7017964071856289,0.8748966087675766,0.611578947368421,0.1669957016877603,0.2860234947006935,0
3470,4axSuOg3BqsowKjRpj59RU,carolina  from the motion picture where the crawdads sing,taylor swift,0.3904191616766468,0.1728701406120761,0.3073684210526316,0.9094560545312784,0.4179771340818264,2
3471,4axYWgXASdsCBHuwInAubT,i dont let go,xxxtentacion,0.7748502994011978,0.2803970223325062,0.4694736842105262,0.594564333067835,0.2014341078241101,2
3472,4axxCbc4tWlpqHP5UbJMc3,ptazeta bzrp music sessions vol 45,bizarrap ptazeta,0.8131736526946108,0.8149296939619521,0.7105263157894737,0.0426486832440491,0.407052037799503,0
3473,4b1yxSdlumA8N4fEk4UOZp,the family madrigal,stephanie beatriz olga merediz encanto  cast,0.5317365269461078,0.6267576509511994,0.5515789473684211,0.120717685114858,0.5723916105901485,1
3474,4b4KcovePX8Ke2cLIQTLM0,all night,the vamps matoma,0.4718562874251498,0.8138957816377173,0.4378947368421052,0.0038153910763529,0.5943143549840084,1
3475,4b7mLZQWsy0rLnrMtPA9fQ,borderline feat missy elliott,ariana grande missy elliott,0.7317365269461079,0.8232009925558312,0.3326315789473684,0.0583429671252942,0.388587597264796,1
3476,4bF2y8rR7GUjrd5LNEvej3,paris,ingratax,0.502994011976048,0.4478908188585608,0.3863157894736841,0.4436577572866322,0.7328641648377561,2
3477,4bHsxqR3GMrXTxEPLuK5ue,dont stop believin 2022 remaster,journey,0.4191616766467066,0.7508271298593879,0.5073684210526316,0.1277599919846475,0.4361211373708426,1
3478,4bT4Gbs7FA4cLyZeKtlGVO,facilita a,z felipe,0.7556886227544911,0.8511166253101737,0.9852631578947368,0.3219264528231285,0.503642706425069,0
3479,4bTZeO72FwMa6wKOiqoynL,otro trago  remix,sech ozuna anuel aa darell nicky jam,0.6886227544910181,0.794251447477254,0.7694736842105263,0.0715221414101859,0.7815645801969784,0
3480,4bV5sf2B4hWBBd5HQ8S7KB,nobody like u,4town from disney and pixars turning red jordan fisher finneas oconnell topher ngo grayson villanueva josh levi,0.9041916167664672,0.6298593879239041,0.7568421052631579,0.1297720796617302,0.3525293381459379,0
3481,4bb94wZVF1cX66vQjNeJTX,a sweeter place feat kid cudi,selena gomez kid cudi,0.518562874251497,0.7808105872622002,0.2926315789473683,0.1096512028909031,0.8666074160061428,1
3482,4bjN59DRXFRxBE1g5ne6B1,haegeum,agust d,0.6550898203592815,0.8428453267162944,0.8410526315789473,0.3148841459533391,0.232038887780458,0
3483,4bl1HBZliBuYpFZjWgefE4,peta feat meek mill,roddy ricch meek mill,0.7520958083832336,0.5698924731182795,0.2494736842105263,0.015083082068016,0.5646708867647325,1
3484,4btFHqumCO31GksfuBLLv3,overpass graffiti,ed sheeran,0.44311377245509,0.8552522746071133,0.7810526315789473,0.0025377154014054,0.7810809013355582,0
3485,4bw8mcDUSRWfQo63ZTYRnU,segn quin,maluma carin leon,0.908982035928144,0.7653019023986767,0.8536842105263157,0.4366154504168427,0.3341555873977472,0
3486,4bycD60yZgR6anIBtmU8UH,maana ser bonito,karol g carla morrison,0.7508982035928146,0.7167080231596361,0.2242105263157894,0.4577423710262111,0.2738106034498395,1
3487,4c1WgUnHXq2LEncGHKgj1I,dream glow bts world original soundtrack pt 1,bts charli xcx,0.7005988023952097,0.7425558312655087,0.5357894736842106,0.0972768636768445,0.5757592246627852,0
3488,4c2W3VKsOFoIg2SFaO6DY5,your song,rita ora,0.844311377245509,0.6226220016542597,0.9789473684210526,0.1589473509794294,0.4307220720802423,0
3489,4cG7HUWYHBV6R6tHn1gxrl,friday feat mufasa  hypeman  dopamine reedit,riton nightcrawlers mufasa  hypeman dopamine,0.807185628742515,0.8686931348221671,0.8094736842105263,0.00763835766281,0.4610789666201125,0
3490,4cGqn0E8JCSY9gQllQj4Mf,let somebody go,coldplay selena gomez,0.5293413173652696,0.3310587262200165,0.1294736842105263,0.1941588853283768,0.5092836111463794,1
3491,4cIPLtg1avt2Jm3ne9S1zy,killer queen  remastered 2011,queen,0.4610778443113773,0.6505376344086022,0.6105263157894737,0.3933555653595645,0.4262419966263399,0
3492,4cWrKV5SN7AknqPy4ryBDG,casa mia,ghali,0.6922155688622755,0.8966087675765095,0.6231578947368421,0.0130709943909333,0.4427717217153671,0
3493,4cacyP5c3PMlfnyjpg13xW,betty get money,yung gravy,0.6862275449101797,0.7756410256410257,0.5768421052631578,0.0052640942038524,0.334258369155799,0
3494,4cawYWrqMRz0T0hOIVxk6j,blackberry sky,eno,0.7844311377245511,0.6236559139784946,0.6473684210526316,0.2515033841252339,0.3402559870374065,0
3495,4ckuS4Nj4FZ7i3Def3Br8W,sneakin,drake 21 savage,0.7856287425149703,0.5543837882547561,0.24,0.0049824019290608,0.2315189330044316,1
3496,4cluDES4hQEUhmXj6TXkSo,what makes you beautiful,one direction,0.6898203592814373,0.7911497105045493,0.9010526315789472,0.0090468190367679,0.473231398013289,0
3497,4d1CG5ei1E2vGbvmgf5KKv,this love taylors version,taylor swift,0.3832335329341317,0.488213399503722,0.0214736842105263,0.3038176637293842,0.5884013809031492,1
3498,4d4ZXH4dr5bYfgErHiZCX2,dos mil 16,bad bunny,0.7988023952095809,0.6701819685690654,0.4873684210526315,0.1237358166304821,0.5038724538842436,0
3499,4dAMdQ6g4kGmnc1MDHsg77,shotta flow,nle choppa,0.8838323353293415,0.4220430107526881,0.4399999999999999,0.079067470199246,0.4435939757797809,1
3500,4dASQiO1Eoo3RJvt74FtXB,sucker for pain with wiz khalifa imagine dragons logic  ty dolla ign feat x ambassadors,lil wayne wiz khalifa imagine dragons x ambassadors logic ty dolla ign,0.4215568862275449,0.7901157981803144,0.7442105263157894,0.2565336033179406,0.7394421973530674,0
3501,4dBQWyoZmmgvFBlALGlqZi,merry xmas everybody,slade,0.3053892215568863,0.7549627791563276,0.4221052631578947,0.1388264742086024,0.504900271464761,1
3502,4dTiQezDWmEOWcdCbWVWMp,numb numb juice,schoolboy q,0.8814371257485031,0.4633995037220843,0.1599999999999999,0.0012197979729162,0.6667452644816476,1
3503,4dVpf9jZjcORqGTLUaeYj9,plain jane,aap ferg,0.7748502994011978,0.8500827129859387,0.5136842105263159,0.0654858783789378,0.7462197473987147,0
3504,4dZTZbmJBCCofAExHwefda,lottery renegade,k camp,0.9161676646706588,0.5523159636062863,0.671578947368421,0.0145800601487453,0.6181778608093156,0
3505,4daEMLSZCgZ2Mt7gNm2SRa,flooded the face,lil uzi vert,0.5868263473053893,0.6071133167907362,0.38,0.4949659930522411,0.514942653824993,2
3506,4e3ZNTAV6PCrdYMUrUlMpQ,electric touch feat fall out boy taylors version from the vault,taylor swift fall out boy,0.4754491017964073,0.8614557485525227,0.263157894736842,0.0164915434419739,0.5100091294385094,1
3507,4e4fqjx0Izh4svvTef1z7e,meant to be feat florida georgia line,bebe rexha florida georgia line,0.5892215568862277,0.7756410256410257,0.5863157894736841,0.0478801112044641,0.6485952152068635,0
3508,4e5ayHsOLJNLTGfjau2mEw,the lucky one taylors version,taylor swift,0.6419161676646709,0.5678246484698097,0.5326315789473685,0.066391317833625,0.4302988530764998,1
3509,4e6l3QGj4RZesjDLVqYk3H,marlboro rot,samra,0.7652694610778444,0.8169975186104219,0.4052631578947367,0.2374187703856549,0.2860476786437645,1
3510,4eBvRhTJ2AcxCsbfTUjoRp,cheques,shubh,0.7089820359281438,0.6257237386269645,0.3410526315789474,0.2635759101877301,0.2616702640281985,1
3511,4eL3XeuGaEoVT8ttDh3hwY,too easy,gunna future,0.776047904191617,0.5709263854425145,0.291578947368421,0.0241374766148882,0.6604997611835621,1
3512,4eMKD8MRroxCqugpsxCCNb,mojabi ghost,tainy bad bunny,0.7844311377245511,0.7084367245657568,0.7494736842105263,0.1428506495627678,0.4552385443684665,0
3513,4eNOLmx8r2IJAVKvBBL1jv,headshot feat polo g  fivio foreign,lil tjay polo g fivio foreign,0.7880239520958086,0.6381306865177834,0.3821052631578947,0.0806771403409122,0.43096995749672,1
3514,4eWQlBRaTjPPUlzacqEeoQ,never be the same,camila cabello,0.5832335329341318,0.7146401985111662,0.2221052631578947,0.1820863592658805,0.5030562458055974,1
3515,4ea9w8c4ROqiZpJVhfBA3m,hot remix feat gunna and travis scott,young thug travis scott gunna,0.8323353293413175,0.6298593879239041,0.54,0.18912866613567,0.3945912611321713,0
3516,4ecVWqbtW6phQGpZMAyqIU,not shy,itzy,0.7497005988023954,0.9193548387096776,0.5557894736842106,0.1559292194638054,0.3283514410607077,0
3517,4eqne0oIdt9GW2ubiliny0,have yourself a merry little christmas,judy garland,0.1473053892215569,0.1439205955334987,0.0831578947368421,0.9668005533281354,0.1054540837610867,2
3518,4etKC4ngPKsQDHUMnYgV3A,down like that feat rick ross lil baby  sx,ksi sx rick ross lil baby,0.5281437125748504,0.804590570719603,0.5894736842105263,0.3551258994949931,0.5607893639018375,0
3519,4evLyY5Ue1Wesc61t2KXAU,superman taylors version,taylor swift,0.458682634730539,0.7446236559139785,0.3410526315789474,0.0031111603893739,0.5151905392414706,1
3520,4evmHXcjt3bTUHD1cvny97,beautiful people feat khalid,ed sheeran khalid,0.5868263473053893,0.6474358974358975,0.5431578947368422,0.1247418604690234,0.2796812556303242,1
3521,4ewazQLXFTDC8XvCbhvtXs,glimpse of us,joji,0.3473053892215569,0.3052109181141439,0.2484210526315789,0.8963774846302408,0.7448412626436678,2
3522,4f0aDk7HX37SfzerfznYlr,lapada dela  ao vivo,grupo menos  mais matheus fernandes,0.6479041916167665,0.7549627791563276,0.6863157894736842,0.7122714621771732,0.7276646170774914,2
3523,4f1XXGjZZ9EkFkrbPJek6X,gun smoke,21 savage,0.7892215568862277,0.4540942928039702,0.3084210526315789,0.0008294529635621,0.2374500450425939,1
3524,4f8Mh5wuWHOsfXtzjrJB3t,i think,tyler the creator,0.8095808383233534,0.5760959470636889,0.4199999999999999,0.008855670707445,0.4495613637325498,1
3525,4f9wNNZET9wH7eMBgONd3d,doctor work it out feat miley cyrus,pharrell williams miley cyrus,0.8275449101796407,0.6226220016542597,0.9452631578947368,0.0212199494831183,0.4432433086052516,0
3526,4fSHADbZbhpZCT9oJpxwbP,ameaa,paulo pires mc danny marcynho sensao,0.591616766467066,0.9472704714640198,0.7536842105263157,0.2172978936148279,0.7447566188429193,0
3527,4fYte8ZvTK14NEhAOZocBi,i aint worried,onerepublic,0.6550898203592815,0.8066583953680728,0.831578947368421,0.0993895557377814,0.5636853910845894,0
3528,4fZxGiES1FKbNqJPrI4L3s,boomtrap protocol,logic,0.7149700598802397,0.5275020678246485,0.331578947368421,0.055224231225816,0.1832780125635583,1
3529,4fj7e6Tc48Bmomwyz2Z2XC,te quemaste,manuel turizo anuel aa,0.6934131736526947,0.7766749379652605,0.7221052631578947,0.614685209838662,0.7819575692718821,0
3530,4fnNBPN9W6AoOYSQS3FJxT,notice me,sza,0.6874251497005989,0.6805210918114145,0.7842105263157895,0.2766544800887677,0.6844116348950116,0
3531,4fouWK6XVHhzl78KzQ1UjL,abcdefu,gayle,0.6526946107784432,0.5357733664185278,0.403157894736842,0.3007995322137601,0.4547427735355111,1
3532,4frLb7nWtsz2ymBE6k2GRP,earned it fifty shades of grey,the weeknd,0.6095808383233534,0.2783291976840363,0.3936842105263157,0.4074401790991435,0.4420280654659338,2
3533,4fsQ0K37TOXa3hEQfjEic1,antifragile,le sserafim,0.8766467065868265,0.8014888337468984,0.8336842105263157,0.0825886236341408,0.3525232921601702,0
3534,4fwo6czG5nvOQMzhOto1ya,lonely with jonas brothers,diplo jonas brothers,0.7041916167664671,0.7187758478081059,0.4926315789473684,0.0623671424794596,0.3103344034728142,1
3535,4fzyvSu73BhGvi96p2zwjL,christmas lights,coldplay,0.1976047904191617,0.4096360628618692,0.2157894736842105,0.1317841673388129,0.4981771352910236,1
3536,4g32MdRoqwGKQd3NXIRhpU,good guy feat jessie reyez,eminem jessie reyez,0.6538922155688623,0.6329611248966088,0.7326315789473684,0.2454671210939857,0.2615191143840047,0
3537,4gALhhysObk59C3fxeTLwh,one night stand,capital bra,0.5928143712574852,0.6350289495450786,0.9105263157894736,0.3993918283908127,0.3338291041662888,0
3538,4gB61mP4tNChn4LgfquMhi,thru these tears,lany,0.6718562874251498,0.511993382961125,0.2757894736842105,0.154923175625264,0.4427293998149927,1
3539,4gZOWIMzQnn8H2ENrs7UsW,i love you,axwell  ingrosso kid ink,0.4023952095808384,0.8831679073614558,0.74,0.2766544800887677,0.4066953246392058,0
3540,4ga4WvRNhMsIL38pkBbnIN,pressure feat tove lo,martin garrix tove lo,0.8491017964071857,0.5543837882547561,0.3421052631578947,0.6629753140886471,0.412698988506581,2
3541,4gbVRS8gloEluzf0GzDOFc,maps,maroon 5,0.7089820359281438,0.7146401985111662,0.891578947368421,0.0206163231799935,0.443255400576787,0
3542,4gmmRb6bZJffOOiww1JGTO,no heart,21 savage metro boomin,0.9053892215568864,0.4365177832919768,0.68,0.1368143865315197,0.5643625414905773,0
3543,4gqMQftUs22F8pOGVn5Acr,reminding me,shawn hook vanessa hudgens,0.5425149700598804,0.5461124896608769,0.2452631578947368,0.1166935097606926,0.5208012140339422,1
3544,4gvrJnKCKIPiacNsWVQwEU,love nwantiti feat dj yo  axel  remix,ckay dj yo axel,0.5137724550898204,0.5936724565756824,0.4326315789473683,0.4386275380939254,0.4424573304554441,2
3545,4gzsuuZypVbxs0Af1LSZyB,lo siento bb with bad bunny  julieta venegas,tainy bad bunny julieta venegas,0.5856287425149702,0.7043010752688171,0.111578947368421,0.089429721736222,0.7446840670137063,1
3546,4h4QlmocP3IuwYEj2j14p8,sunroof,nicky youre dazy,0.740119760479042,0.7156741108354011,0.8526315789473684,0.3541198556564518,0.5122461441725767,0
3547,4h5x3XHLVYFJaItKuO2rhy,ghost in the machine feat phoebe bridgers,sza phoebe bridgers,0.5676646706586828,0.4251447477253928,0.5863157894736841,0.8420511173490077,0.4731648921698438,2
3548,4h90qkbnW1Qq6pBhoPvwko,sidewalks,the weeknd kendrick lamar,0.4694610778443114,0.7218775847808105,0.6221052631578947,0.1478808687554745,0.6234015925126513,0
3549,4hGZxsGcFnuCJXn25EWj5j,need me feat pink,eminem pnk,0.6550898203592815,0.663978494623656,0.5621052631578947,0.0050327041209879,0.3522451768148537,0
3550,4hJhHbkhZFnxmWbAkZRoe0,peru,fireboy dml ed sheeran,0.9652694610778444,0.4086021505376344,0.7178947368421053,0.5754495001355493,0.3706007896057412,0
3551,4hKLzFvNwHF6dPosGT30ed,novo balano,veigh bvga beatz prod malax supernova ent,0.821556886227545,0.4933829611248966,0.6505263157894737,0.6730357524740606,0.4675481713916045,2
3552,4hKWUzhQWsOkgT6LnDEASe,was du liebe nennst,bausa,0.8670658682634732,0.4809760132340777,0.751578947368421,0.3953676530366473,0.5939455498521755,0
3553,4hPpVbbakQNv8YTHYaOJP4,one thing right,marshmello kane brown,0.6095808383233534,0.6236559139784946,0.431578947368421,0.0647816476919588,0.2498443158664804,1
3554,4hQ6UGyWQIGJmHSo0J88JW,back to you  from 13 reasons why  season 2 soundtrack,selena gomez,0.540119760479042,0.7260132340777502,0.5010526315789474,0.0950635672320535,0.3346029903445608,1
3555,4hSJUp6k7QeHLxU32MrLIU,ohne dich,kasimir1441 badmmzjay wildbwoys,0.7868263473053894,0.5306038047973533,0.94,0.192146797651294,0.660796014486182,0
3556,4hTej08FutmriOs7S1hWWy,conceited,sza,0.7676646706586828,0.4509925558312655,0.7789473684210526,0.0488861550430055,0.6247196174100205,0
3557,4hXDobvUaXyDFLnmecoY0z,dip feat nicki minaj,tyga nicki minaj,0.8802395209580839,0.5388751033912325,0.4189473684210526,0.0312803878685318,0.3162534235394409,1
3558,4hceSKjrkDTO0nMKFcb3sj,villano antillano bzrp music sessions vol 51,bizarrap villano antillano,0.8023952095808384,0.7549627791563276,0.411578947368421,0.0587453846607107,0.4914237691884472,1
3559,4hiUYb2nb6NlfTP9CD38Pe,on my way,tisto bright sparks,0.5736526946107785,0.7673697270471465,0.5736842105263157,0.0098617145459864,0.46707658450172,0
3560,4hqJ4bSlYJOXb6Z4SRmzxs,long live taylors version,taylor swift,0.2694610778443114,0.6495037220843674,0.0454736842105263,0.0122661593201002,0.9502596750887248,1
3561,4huBDGP4I3S0pYI0EaRN1c,city of gods,fivio foreign kanye west alicia keys,0.3880239520958084,0.8056244830438379,0.4894736842105263,0.1026088960211137,0.6084559156947744,1
3562,4i6cwNY6oIUU2XZxPIw82Y,karma feat ice spice,taylor swift ice spice,0.5568862275449102,0.6143507030603805,0.043578947368421,0.062668955631022,0.2615432983270757,1
3563,4iHSE5R1U8jf84tRn52xRt,prospect feat lil baby,iann dior lil baby,0.7976047904191618,0.5760959470636889,0.4189473684210526,0.2042193237137903,0.4435335159221035,1
3564,4iJyoBOLtHqaGxP12qzhQI,peaches feat daniel caesar  giveon,justin bieber daniel caesar giveon,0.6311377245508983,0.6970636889991728,0.4547368421052631,0.3229324966616699,0.2618637355727665,1
3565,4iLqG9SeJSnt0cSPICSjxv,attention,charlie puth,0.747305389221557,0.6246898263027295,0.7842105263157895,0.0974780724445528,0.3223900990937067,0
3566,4iN16F8JtVxG2UTzp3avGl,smokin out the window,bruno mars anderson paak silk sonic,0.5712574850299402,0.6164185277088503,0.8589473684210526,0.0561296706805032,0.2134958494307704,0
3567,4iQ5gmTAzWfK8JyFC2LBox,whats free feat rick ross  jay z,meek mill jayz rick ross,0.4323353293413174,0.7198097601323408,0.2473684210526316,0.000316370605906,0.7237165883711509,1
3568,4iYRa2btalAzPZoSYfROqF,xxx feat u2,kendrick lamar u2,0.5005988023952096,0.6174524400330852,0.2747368421052631,0.1388264742086024,0.7460565057829855,1
3569,4iZ4pt7kvcaH6Yo8UoZ4s2,snooze,sza,0.4898203592814373,0.5471464019851118,0.3789473684210526,0.1418446057242264,0.5821679695765998,1
3570,4ihV1wv7QmjbkLHaT9lA4s,beg forgiveness, kanye west ty dolla ign,0.42874251497006,0.2597187758478081,0.0170526315789473,0.1911407538127527,0.3752501526611406,1
3571,4iiWcajF1fEUpwcUewc464,life is good feat drake dababy  lil baby  remix,future dababy drake lil baby,0.7904191616766469,0.5626550868486352,0.5789473684210525,0.1076391152138204,0.5764907889406827,0
3572,4j3GWI86JvSaF0BLdmgcfF,summertime magic,childish gambino,0.7305389221556887,0.5760959470636889,0.1021052631578947,0.0127691812393709,0.3222087195206742,1
3573,4j3iq13kHs5PB94jdTp3Y3,admv,maluma,0.4922155688622756,0.380686517783292,0.7084210526315788,0.8239423282552634,0.7085955779660096,2
3574,4j4w4CXm6BSr0s25wAWrrX,bichiyal,bad bunny yaviah,0.702994011976048,0.7694375516956162,0.6631578947368422,0.311866014437715,0.285600275696951,0
3575,4j6kId9QIqhoXvqHKgSKa0,grapejuice,harry styles,0.5928143712574852,0.7229114971050455,0.8926315789473684,0.3591500748491585,0.8235237214251598,0
3576,4jTs7ny5eSRnKTzxdrFv5I,smoking on my ex pack,sza,0.3784431137724552,0.6763854425144749,0.3168421052631579,0.2424489895783617,0.2086409228592676,1
3577,4jVBIpuOiMj1crqd8LoCrJ,franchise feat young thug  mia,travis scott young thug mia,0.8203592814371258,0.7001654259718776,0.5421052631578948,0.0067429786465082,0.6545565571738643,0
3578,4jXl6VtkFFKIt3ycUQc5LT,circles,mac miller,0.5508982035928145,0.010132340777502,0.3557894736842105,0.9014077038229475,0.6363158181125641,2
3579,4ja2gzrNh9VNigzoXfmbwD,mariposa,peach tree rascals,0.6299401197604793,0.5202646815550042,0.4094736842105263,0.6207214728699102,0.3947605487336682,2
3580,4jbmgIyjGoXjY01XxatOx6,dark horse,katy perry juicy j,0.5952095808383234,0.5822994210090984,0.3378947368421052,0.0031514021429156,0.5152147231845416,1
3581,4jcxBTrNvyqMJdMDyyjdYV,dime cmo quieres,christian nodal ngela aguilar,0.8251497005988025,0.6670802315963607,0.8905263157894736,0.3239385405002112,0.4726207534507463,0
3582,4k6Uh1HXdhtusDW5y8Gbvy,bad habit,steve lacy,0.6419161676646709,0.488213399503722,0.7031578947368421,0.6166972975157448,0.7389887484204862,2
3583,4k7CNPArKLf4QuvGfMeHDk,un cigarrillo,chencho corleone,0.7556886227544911,0.7777088502894955,0.7684210526315789,0.1337962550158956,0.7813711086524102,0
3584,4kELKaXaNP4EQR8Q8xNIID,feel me,trueno,0.7041916167664671,0.5760959470636889,0.5252631578947369,0.4014039160678954,0.461695657168423,0
3585,4kGdnA7FzSVsXC29LPghej,revoada no colcho,z felipe marcynho sensao,0.6634730538922157,0.94520264681555,0.9768421052631576,0.2323885511929481,0.7457421145230625,0
3586,4kKdvXD0ez7jp1296JmAts,let it snow let it snow let it snow with the b swanson quartet,frank sinatra b swanson quartet,0.6011976047904193,0.2452440033085194,0.8463157894736841,0.908450010692737,0.5770953875174578,2
3587,4kLLWz7srcuLKA7Et40PQR,i gotta feeling,black eyed peas,0.710179640718563,0.7694375516956162,0.608421052631579,0.0878200515945558,0.4911879757435051,0
3588,4kRLRWnn5u9wO2wOKAAdEN,automotivo bibi fogosa,bibi babydoll dj brunin xm kza produes,0.6898203592814373,0.880066170388751,0.7294736842105263,0.2012011921981662,0.5340661068083845,0
3589,4kUZvXB3LC3an3HX6h0s17,cudi montage,kids see ghosts,0.6934131736526947,0.4985525227460711,0.2873684210526316,0.4034160037449781,0.3826685771981692,2
3590,4kV4N9D1iKVxx1KLvtTpjS,break up with your girlfriend im bored,ariana grande,0.6898203592814373,0.5502481389578164,0.3189473684210526,0.0423468700924867,0.7453551714339264,1
3591,4kVo85bcmBkvMBcJl42XCA,on the loose,niall horan,0.6838323353293414,0.6112489660876758,0.6663157894736842,0.0074874510870288,0.4673184239324301,0
3592,4kWO6O1BUXcZmaxitpVUwp,jackie chan,tisto dzeko preme post malone,0.7149700598802397,0.8397435897435898,0.6894736842105263,0.3762528201043615,0.4914600451030538,0
3593,4kXxEhuatrvwrTQycA7s9B,bizcochito,rosala,0.9341317365269464,0.7777088502894955,0.7884210526315789,0.608648946807414,0.4247546841274734,0
3594,4keoy2fqgwGnbWlm3ZVZFa,happy now,zedd elley duh,0.4227544910179641,0.7435897435897436,0.4484210526315789,0.5824918070053388,0.251615789696431,2
3595,4kfeRwpq5KUaqTkgi4TbDF,solitaires feat travis scott,future travis scott,0.6479041916167665,0.6308933002481389,0.48,0.1227297727919407,0.7452523896758747,1
3596,4kflIGfjdZJW4ot2ioixTB,someone like you,adele,0.4898203592814373,0.3186517783291976,0.2663157894736842,0.8973835284687821,0.5344107279971464,2
3597,4kfm1uI9QGaoN9qm6CkAMn,what ive done,linkin park,0.5664670658682636,0.9389991728701408,0.2684210526315789,0.0141776426133288,0.4437814013385813,1
3598,4kjI1gwQZRKNDkw1nI475M,my eyes,travis scott,0.3652694610778444,0.6195202646815551,0.2610526315789474,0.6549269633803162,0.4372759206524828,2
3599,4knL4iPxPOZjQzTUlELGSY,rake it up feat nicki minaj,yo gotti nicki minaj,0.910179640718563,0.4365177832919768,0.5242105263157895,0.0221253889378055,0.6241573407336198,0
3600,4knc1Fp3kbuq8bH2byOvLu,ndigo,camilo evaluna montaner,0.7161676646706588,0.78287841191067,0.943157894736842,0.0088858520226013,0.496931662222867,0
3601,4kroNlz8BTfswE4M0i3YCh,hentai,rosala,0.518562874251497,0.2845326716294458,0.2726315789473683,0.8843049585677445,0.4689327021324191,2
3602,4kuexchmxuc5NXmokfo1WH,verleden tijd,frenna lil kleine,0.7437125748502995,0.6608767576509512,0.1589473684210526,0.1317841673388129,0.3516708081669176,1
3603,4l2rsMfr20dj6nf6i6F3Y8,might not give up feat young thug,a boogie wit da hoodie young thug,0.6431137724550899,0.5895368072787428,0.2252631578947368,0.2042193237137903,0.7987472717489223,1
3604,4lAQfuREAHG8IC0PiiigBt,strawberry peels feat young thug  gunna,lil uzi vert gunna young thug,0.8526946107784433,0.6495037220843674,0.6589473684210526,0.0208175319477017,0.510740693716407,0
3605,4lD7gHKF1e8Y9stQuVezZB,ghostin,ariana grande,0.2946107784431138,0.347601323407775,0.0831578947368421,0.4245429243543465,0.3451592814950513,2
3606,4lESS6vuruP6a79KWRaQou,corazn feat nego do borel,maluma nego do borel,0.8634730538922156,0.7715053763440861,0.771578947368421,0.2847028307970984,0.3160297220660342,0
3607,4lKuzrdZrJuCAedbIslF3A,sentado,pedro sampaio felipe original js o mo de ouro,0.6347305389221558,0.8759305210918115,0.9389473684210526,0.1790682277502565,0.769527022533389,0
3608,4lR8sYGMGZPvthF2yUfo7T,smart,le sserafim,0.7772455089820361,0.67535153019024,0.591578947368421,0.1156874659221513,0.4011995235763214,0
3609,4lRwa7PKcGIuJMwtPIYKdy,anpanman,bts,0.7940119760479043,0.8821339950372209,0.7621052631578947,0.0238356634633258,0.3161204118525505,0
3610,4lTiuD1DwBKo4L7wqMkD7C,japan,famous dex,0.6982035928143714,0.6784532671629446,0.851578947368421,0.1217237289533994,0.7815403962539074,0
3611,4lUmnwRybYH7mMzf16xB0y,hats off feat travis scott,lil baby lil durk travis scott,0.5341317365269461,0.6495037220843674,0.1642105263157894,0.1388264742086024,0.527687591823409,1
3612,4laAKIq9ZxBCwf99rauPYb,remember,becky hill david guetta,0.5532934131736528,0.8686931348221671,0.3389473684210525,0.0412402218700912,0.4663329282522869,1
3613,4llr8mcoauwrHBtjGb7F9S,tipo gin  ao vivo,mc kevin o chris,0.7185628742514971,0.6681141439205956,0.7936842105263158,0.7847066185521506,0.2919001928669459,2
3614,4loAa1lBkE83qJXU1ddmCV,too much jewelry,migos,0.6383233532934134,0.3176178660049628,0.2073684210526315,0.2152858059377451,0.6241815246766909,1
3615,4loIMejzvt11s97SGVEat8,poco a poco,xavi los dareyes de la sierra,0.7532934131736528,0.8873035566583954,0.7368421052631579,0.4285670997085118,0.5656866123737145,0
3616,4loQgPwJHocL3dFwLfjb1J,reloj,rauw alejandro anuel aa,0.8059880239520959,0.532671629445823,0.6063157894736841,0.1770561400731738,0.7814255225243201,0
3617,4lsHZ92XCFOQfzJFBTluk8,you got it,vedo,0.7329341317365271,0.4251447477253928,0.3810526315789473,0.1438566934013091,0.4556013035145315,1
3618,4lzxJ4jCuFDXXGkE1LmpKR,verte ir,dj luian mambo kingz anuel aa nicky jam darell brytiago,0.8467065868263474,0.6464019851116626,0.548421052631579,0.3933555653595645,0.2978494428624115,0
3619,4m5Cd9kAbIxg6t9sMrQWtk,tic toc feat lil baby,6ix9ine lil baby,0.8023952095808384,0.6918941273779983,0.6852631578947369,0.0115619286331213,0.5762368575384373,0
3620,4mD9hjoTckjeL1CrJCx0MT,puta mexicana,dj jeeh fdc mc menor mt yuri redicopa mc pel,0.8419161676646708,0.9214226633581472,0.9684210526315788,0.6589511387344816,0.5035520166385528,0
3621,4mGdjNMo0RonTlOEb7cYg4,11 minutes with halsey feat travis barker,yungblud halsey travis barker,0.3760479041916168,0.858354011579818,0.211578947368421,0.0116625330169754,0.6853548086747803,1
3622,4mHM5d2fK3n8xgymjf92w2,ordinary things feat nonna,ariana grande nonna,0.658682634730539,0.5399090157154673,0.271578947368421,0.71730168136988,0.4126566666062068,2
3623,4mHgYpuGHu99Mw69E83CP2,taking a walk,trippie redd,0.7389221556886229,0.5337055417700579,0.3273684210526316,0.6841022346980155,0.2074559096487886,2
3624,4mLkiFppf8Xvem6BSY34qw,blazed feat pharrell williams,ariana grande pharrell williams,0.7724550898203595,0.7622001654259719,0.8663157894736842,0.079771700886225,0.3827290370558467,0
3625,4mU5iXHeLgbR94siF7p1sY,six feet under,the weeknd,0.7449101796407187,0.4985525227460711,0.223157894736842,0.1297720796617302,0.5641932538890804,1
3626,4mUIe9gfsdtsVP2zFIl74x,maze,juice wrld,0.6275449101796409,0.72808105872622,0.4326315789473683,0.1267539481461062,0.6853064407886384,1
3627,4mq14Qa6OehdiyZFtHcdCH,13 beaches,lana del rey,0.3173652694610779,0.3930934656741108,0.2157894736842105,0.5593527987188878,0.5883651049885428,2
3628,4n0Ke1KJsPHvd7xRoU29E2,h 3 t e l,dardan monet192,0.6263473053892217,0.6464019851116626,0.5442105263157895,0.0645804389242506,0.5314300570136459,0
3629,4n4BflhWjCHIxrI4v7Xt9s,how bout now,drake,0.7652694610778444,0.3951612903225806,0.4631578947368421,0.206231411390873,0.4555287516853185,1
3630,4n6NDfYake476trCjJRNl0,1 0 0  m i l  with bas,j cole bas,0.6718562874251498,0.6464019851116626,0.2052631578947368,0.3360110665627075,0.4738480885615995,1
3631,4n7jnSxVLd8QioibtTDBDq,on my way,alan walker sabrina carpenter farruko,0.4299401197604792,0.6898263027295285,0.2789473684210526,0.02101874071541,0.7458872181814884,1
3632,4nDfc6F2uVcc6wdG7kBzWO,bom bidi bom  from fifty shades darker original motion picture soundtrack,nick jonas nicki minaj,0.3808383233532935,0.5099255583126552,0.163157894736842,0.1458687810783918,0.2387680699399633,1
3633,4nK5YrxbMGZstTLbvj6Gxw,supalonely,benee gus dapperton,0.8538922155688623,0.6298593879239041,0.8263157894736841,0.3068357952450082,0.4973367432693064,0
3634,4nMlau89VAjmV7agkl7OY3,fresh eyes,andy grammer,0.8047904191616767,0.5399090157154673,0.8726315789473684,0.5653890617501359,0.4554380618988022,0
3635,4nTduFjaTmGysc9WKNuCcs,vida de rico,camilo,0.7880239520958086,0.4913151364764267,0.9789473684210526,0.1810803154273392,0.2495117866492541,0
3636,4nVBt6MZDDP6tRVdQTgxJg,story of my life,one direction,0.5389221556886228,0.6629445822994211,0.2673684210526316,0.2263522881617,0.4495311338037109,1
3637,4no0eHn4fEB7tN1yZSXMma,c7osure you like,lil nas x,0.8347305389221559,0.7446236559139785,0.5557894736842106,0.3993918283908127,0.5276392239372669,0
3638,4nrPB8O7Y7wsOCJdgXkthe,shakira bzrp music sessions vol 53,bizarrap shakira,0.7520958083832336,0.6308933002481389,0.4905263157894737,0.2756484362502263,0.455782683087564,0
3639,4ntsD33Pgsgk8rUyZLLiUV,devastated,joey bada,0.7928143712574852,0.6267576509511994,0.4768421052631578,0.0637756038534175,0.4612240702785385,1
3640,4nuAslShoN77tq12fzwjUq,sad people,kid cudi,0.5820359281437126,0.6464019851116626,0.4042105263157894,0.2484852526096098,0.6732507451677459,1
3641,4oEf84vBYVftf6KmZexhVo,northern attitude with hozier,noah kahan hozier,0.4023952095808384,0.6391645988420183,0.2705263157894736,0.1368143865315197,0.4552566823257698,1
3642,4oLuMvGQ4WJfU2s4OM6nfE,culture feat dj khaled,migos dj khaled,0.8083832335329342,0.7011993382961125,0.2999999999999999,0.038121485970613,0.521623468098356,1
3643,4ofvoCdXq99vpMZO4Cfp8x,pray for me with kendrick lamar,the weeknd kendrick lamar,0.6922155688622755,0.6681141439205956,0.1368421052631579,0.0809789534924746,0.3253889080345105,1
3644,4ofwffwvvnbSkrMSCKQDaC,shotgun,george ezra,0.6263473053892217,0.7373862696443342,0.76,0.2877209623127225,0.4173302136046772,0
3645,4okba5wu9mMLXx79DXLKi3,la rompe corazones,daddy yankee ozuna,0.6407185628742517,0.8655913978494624,0.9042105263157896,0.1166935097606926,0.7817459597700107,0
3646,4pCEIQ6wBVuaJdER5bALtO,thats a rack,lil uzi vert,0.8407185628742516,0.4241108354011579,0.2378947368421052,0.0602544504185227,0.5642355757894546,1
3647,4pCbJC43j3gSqG6Fen6upD,hey driver feat the war and treaty,zach bryan the war and treaty,0.518562874251497,0.3403639371381306,0.4526315789473684,0.4969780807293238,0.1952611563552378,2
3648,4pLwZjInHj3SimIyN9SnOz,side to side,ariana grande nicki minaj,0.5964071856287426,0.7404880066170388,0.6010526315789474,0.0410390131023829,0.6797320419107735,0
3649,4pNApnaUWAL2J4KO2eqokq,come backbe here taylors version,taylor swift,0.3712574850299402,0.6308933002481389,0.3863157894736841,0.0158879171388491,0.2002914165140055,1
3650,4pUCKHjJ4Ijewc37rRrvHn,kill this love,blackpink,0.7041916167664671,0.8676592224979321,0.5768421052631578,0.3219264528231285,0.5154565626152516,0
3651,4paAidoE8VAemwU4jgCc6l,all my friends,21 savage,0.6742514970059881,0.6184863523573201,0.183157894736842,0.172025920880467,0.5040659254288116,1
3652,4pbJqGIASGPr0ZpGpnWkDn,we will rock you  remastered 2011,queen,0.6491017964071857,0.4913151364764267,0.4663157894736841,0.68007805934385,0.2091306477064553,2
3653,4pcafPzLDSqQktqSpxHL3E,thunder y lightning,bad bunny eladio carrion,0.4814371257485031,0.7466914805624483,0.6263157894736842,0.4989901684064065,0.6608806582869304,0
3654,4pt5fDVTg5GhEvEtlz9dKk,i wanna be your slave,mneskin,0.7185628742514971,0.6060794044665012,0.9747368421052632,0.001652396823489,0.5186790730294621,0
3655,4pvb0WLRcMtbPGmtejJJ6y,exile feat bon iver,taylor swift bon iver,0.1772455089820359,0.3703473945409429,0.1263157894736842,0.7826945308750679,0.1746322529156766,2
3656,4qBejt9FeqLI9blHI1Nq1x,jingle bells feat the puppini sisters,michael bubl the puppini sisters,0.6610778443113773,0.5854011579818031,0.86,0.6378242181251131,0.4608673571182413,0
3657,4qKcDkK6siZ7Jp1Jb4m0aL,look alive feat drake,blocboy jb drake,0.9245508982035928,0.5781637717121588,0.5926315789473684,0.0010387100819787,0.5641146560740995,0
3658,4qNWEOMyexn7b8Icyk29t9,little engine,eminem,0.7413173652694612,0.815963606286187,0.7663157894736842,0.0235338503117634,0.6551611557506394,0
3659,4qOesAYiMiMFiZrn2wfkl6,big drip,ufo361 future,0.7676646706586828,0.532671629445823,0.4221052631578947,0.0415420350216536,0.678341465184191,1
3660,4qSEvFGCpde73gqIuq3sho,hibiki,bad bunny mora,0.7796407185628744,0.6443341604631928,0.5221052631578947,0.6076429029688726,0.4426689399573153,2
3661,4qSsjDGXplb6422X2INvFW,say amen saturday night,panic at the disco,0.4083832335329341,0.8738626964433416,0.6,0.1680017455263016,0.733057636382324,0
3662,4qWCFTuNnmGNdY4egtb4ZY,otherside,post malone,0.6011976047904193,0.6422663358147229,0.0810526315789473,0.3199143651460458,0.3519610154837695,1
3663,4qknM1pQz53QOyfDVTjcM9,me enamor,shakira,0.7065868263473055,0.8862696443341604,0.9642105263157894,0.1941588853283768,0.3445728208755795,0
3664,4qqArAiTPueDxIp7cf87h7,final song,m,0.6526946107784432,0.6722497932175352,0.2242105263157894,0.0140770382294747,0.3522995906867635,1
3665,4qsOrxBv09HhNSpsgMRXdC,esqueame se for capaz,marlia mendona maiara  maraisa,0.7772455089820361,0.685690653432589,0.6221052631578947,0.277660523927309,0.4552324983826988,0
3666,4qu63nuBpdn0qHUHuObEj1,leave before you love me with jonas brothers,marshmello jonas brothers,0.6838323353293414,0.7404880066170388,0.6368421052631579,0.0022660835649992,0.442916825373793,0
3667,4r9jkMEnArtWGH2rL2FZl0,a tu merced,bad bunny,0.8502994011976049,0.7952853598014888,0.9,0.1700138332033843,0.2739133852078911,0
3668,4rDbp1vnvEhieiccprPMdI,somebody to love  remastered 2011,queen,0.3065868263473055,0.6991315136476427,0.3168421052631579,0.1871165784585873,0.3781643178011959,1
3669,4rHZZAmHpZrA3iH5zx8frV,mirrors,justin timberlake,0.5077844311377245,0.5068238213399504,0.5052631578947369,0.2354066827085722,0.1824738964564477,1
3670,4rKQ8daoK0aklVptea8A9E,el tonto,lola indigo quevedo,0.7796407185628744,0.8056244830438379,0.6642105263157895,0.4084462229376849,0.3827774049419887,0
3671,4rMWDm28mERZcRPc1f3yir,santa claus is coming to town,the jackson 5,0.6538922155688623,0.5605872622001654,0.9473684210526316,0.2786665677658504,0.6045441629030406,0
3672,4rPJSqrov3zqGwXlemLBMw,escapism  sped up,raye 070 shake,0.3413173652694611,0.7715053763440861,0.3642105263157894,0.0862103814528896,0.3680191536829122,1
3673,4rPkN1FMzQyFNP9cLUGIIB,love again,dua lipa,0.6095808383233534,0.6670802315963607,0.4589473684210526,0.0017328803305723,0.4187691582174015,1
3674,4rXLjWdF2ZZpXCVTfWcshS,fukumean,gunna,0.8347305389221559,0.62055417700579,0.1978947368421052,0.1197116412763167,0.503527832695482,1
3675,4rmVZajAF7PkrCagGPHbqa,sticky,drake,0.8419161676646708,0.4892473118279569,0.0477894736842105,0.0922466444841378,0.5460069286996898,1
3676,4s7QLoImIwmPi9L6dq1nVW,tsu,drake,0.5005988023952096,0.5564516129032259,0.2252631578947368,0.2293704196773241,0.5036366604393014,1
3677,4s8BIKx4Zh6ryAEz8RTlaU,foolish one taylors version from the vault,taylor swift,0.6239520958083834,0.5854011579818031,0.5378947368421053,0.6207214728699102,0.3037926468721092,2
3678,4sDpxaulErbJ9NBaJDC7cJ,buenas,quevedo saiko,0.5688622754491018,0.7580645161290323,0.4178947368421052,0.2484852526096098,0.2492759932043119,1
3679,4sQMalN597HdggTu196aL0,say it,flume tove lo,0.5365269461077845,0.5275020678246485,0.2410526315789473,0.0671961529044581,0.1707688680100846,1
3680,4sWGHlZGM1XA7TyWdtBAbA,moon relate,lil uzi vert,0.8586826347305391,0.7715053763440861,0.3242105263157895,0.1810803154273392,0.3343611509138507,1
3681,4sWuPniHClkInYAnzXAYUF,camelot,nle choppa,0.7628742514970062,0.7146401985111662,0.7673684210526316,0.0854055463820566,0.7758692616037581,0
3682,4saHEjXw7O1NXJOzBkUKKG,est cabrn ser yo,bad bunny anuel aa,0.7904191616766469,0.8604218362282878,0.891578947368421,0.0736348334711227,0.6491272619544253,0
3683,4slSrbTK1sNK4I1mDYEthf,rover feat dtg,s1mba dtg,0.554491017964072,0.6226220016542597,0.8115789473684211,0.4989901684064065,0.0981263490105744,0
3684,4so0Wek9Ig1p6CRCHuINwW,white christmas,bing crosby,0.2,0.140818858560794,0.2263157894736842,0.677059927828226,0.5065629175508919,2
3685,4srcMdbm2qzVG98tJajHxp,pantysito,alejo feid robi,0.81437125748503,0.7415219189412738,0.6305263157894737,0.1368143865315197,0.3100079202413557,0
3686,4svZDCRz4cJoneBpjpx8DJ,i did something bad,taylor swift,0.6538922155688623,0.5998759305210918,0.2873684210526316,0.0683028011268536,0.2192939497820422,1
3687,4sx6NRwL6Ol3V6m9exwGlQ,love again,the kid laroi,0.6131736526946109,0.3889578163771712,0.4589473684210526,0.7203198128855041,0.3644701600372432,2
3688,4t2OeILB07eMGTXSUbMPEu,oxytocin,billie eilish,0.7269461077844313,0.5957402812241522,0.1557894736842105,0.090938787494034,0.4729956045683468,1
3689,4tCtwWceOPWzenK2HAIJSb,work from home feat ty dolla ign,fifth harmony ty dolla ign,0.7820359281437127,0.5822994210090984,0.5905263157894737,0.103614939859655,0.3524749242740282,0
3690,4tERsdVCLtLtrGdFBf9DGC,new,daya,0.6766467065868265,0.7446236559139785,0.3052631578947368,0.0523067040940461,0.3642887804642108,1
3691,4tHqQMWSqmL6YjXwsqthDI,carol of the bells,mykola dmytrovych leontovych john williams,0.3209580838323354,0.0870554177005789,0.8084210526315789,1.0000000000000002,0.0,2
3692,4tKGFmENO69tZR9ahgZu48,murder on the dancefloor,sophie ellisbextor,0.6946107784431138,0.8552522746071133,0.9,0.0023465670720825,0.4267982273169728,0
3693,4tMzIAFTFdqGBQLdfbPces,haunted taylors version,taylor swift,0.3317365269461079,0.9234904880066171,0.3399999999999999,0.0067027368929666,0.6982085744170159,1
3694,4tNXntkAzQ5A2dfYRYGIIQ,easier,5 seconds of summer,0.4251497005988025,0.4199751861042183,0.6168421052631579,0.491947861536617,0.7805065326876222,2
3695,4tRhRLBxIZ34Iw0eCuiC03,miss you,southstar,0.6143712574850301,0.555417700578991,0.2778947368421052,0.1368143865315197,0.594253895126331,1
3696,4tYFy8ALRjIZvnvSLw5lxN,party,bad bunny rauw alejandro,0.8131736526946108,0.8035566583953682,0.4621052631578947,0.0151836864518702,0.3040828541889612,1
3697,4taclmQm9wFcK4dKQjR5ny,all night,raf camora luciano,0.5604790419161677,0.8459470636889992,0.5073684210526316,0.0826892280179949,0.3082606303544761,1
3698,4tyX1rw9X309WkEdh2As4B,coney island feat the national,taylor swift the national,0.4538922155688624,0.5316377171215881,0.2863157894736842,0.8309846351250528,0.3697422596267208,2
3699,4u9Y4Z9i9VaAbBK7rW1Rha,meet me in the hallway,harry styles,0.4634730538922157,0.3734491315136476,0.3231578947368421,0.751507171880286,0.3478497451616998,2
3700,4uGY9CqDtGtaTTLg1cgsWD,machine,imagine dragons,0.584431137724551,0.6794871794871795,0.5936842105263157,0.0016020946315619,0.2075405534495371,0
3701,4uHscE8VF6F6mKU3ECjIKr,cry alone,lil peep,0.5832335329341318,0.8624896608767577,0.2663157894736842,0.0368136289805092,0.6853124867744063,1
3702,4uOBL4DDWWVx4RhYKlPbPC,queencard,gidle,0.7964071856287426,0.8397435897435898,0.6947368421052631,0.032890058010198,0.5034552808662689,0
3703,4uP3pUP18ennmz0tb3GphR,solo de mi,bad bunny,0.710179640718563,0.7322167080231596,0.1242105263157894,0.2887270061512639,0.8056517874956923,1
3704,4uUG5RXrOk84mYEfFvj3cK,im good blue,david guetta bebe rexha,0.4922155688622756,0.9751861042183624,0.2863157894736842,0.0038455723915091,0.4916716546049249,1
3705,4ukUoXLuFzMixyZyabSGc4,sleigh ride,ella fitzgerald,0.42874251497006,0.2741935483870967,0.6442105263157895,0.768609917135489,0.6532143483334238,2
3706,4umIPjkehX1r7uhmGvXiSV,intentions feat quavo,justin bieber quavo,0.7856287425149703,0.5419768403639372,0.8863157894736842,0.3018055760523014,0.6122648867284566,0
3707,4uoumbAMEMaKdtiv763jKz,tg4m,zara larsson,0.6191616766467067,0.6474358974358975,0.5863157894736841,0.0236344546956175,0.2920997103972817,0
3708,4uqJelb9THHmJ3OCohg4ZJ,nosso quadro,agroplay ana castela,0.6479041916167665,0.7094706368899917,0.6,0.3400352419168729,0.6850101874860186,0
3709,4uqh9bualXNHXXwO2wPorc,daisies,katy perry,0.5856287425149702,0.5419768403639372,0.123157894736842,0.0841982937758069,0.4562361320201452,1
3710,4ut5G4rgB1ClpMTMfjoIuy,high on life feat bonn,martin garrix bonn,0.3161676646706587,0.4799421009098428,0.3536842105263157,0.0129703900070792,0.4916595626333896,1
3711,4uuEGH5SVuzkkSFjo2DEiY,dont you taylors version from the vault,taylor swift,0.4946107784431138,0.466501240694789,0.3926315789473684,0.5170989575001509,0.3338351501520565,2
3712,4vIKzWqtn44umal5jXq4wE,1000 nights feat meek mill  a boogie wit da hoodie,ed sheeran meek mill a boogie wit da hoodie,0.7520958083832336,0.586435070306038,0.5063157894736843,0.4698148970887074,0.3100562881274978,2
3713,4vTgx6h4seHvkuFh84JXYP,my time,bts,0.6275449101796409,0.6391645988420183,0.6652631578947369,0.1519050441096399,0.3215859829865961,0
3714,4vUmTMuQqjdnvlZmAH61Qk,south of the border feat camila cabello  cardi b,ed sheeran camila cabello cardi b,0.8467065868263474,0.6195202646815551,0.6694736842105263,0.1488869125940159,0.3099837362982847,0
3715,4vaxvNDaLSoD36iZX515ug,betrayed,lil xan,0.8035928143712575,0.4261786600496278,0.22,0.4366154504168427,0.4431344808614321,2
3716,4vb4mFvYsr2h6enhjJsq9Y,water under the bridge,adele,0.5341317365269461,0.8438792390405293,0.4631578947368421,0.0190066530383273,0.291803457094662,1
3717,4vkVvmjIiQibQ6zJnC1Q9z,sucker for you,matt terry,0.8670658682634732,0.6484698097601324,0.7157894736842105,0.2193099812919106,0.2919364687815525,0
3718,4vsJWPwWPS27gRM4oLjBNO,dont want it,lil nas x,0.4778443113772457,0.7011993382961125,0.1894736842105263,0.120717685114858,0.2169662452614586,1
3719,4vv1KjUzPwrtDbozizSfQc,dont quit feat travis scott  jeremih,dj khaled calvin harris travis scott jeremih,0.6011976047904193,0.8325062034739454,0.66,0.015083082068016,0.3222087195206742,0
3720,4vwfOiyWxXeEdx4ejAJgdx,eye 2 eye,huncho jack travis scott quavo takeoff,0.8,0.6495037220843674,0.1378947368421052,0.0012197979729162,0.6003482487802223,1
3721,4vziJcnB2Qyi9o4nIRUeN7,now and then,the beatles,0.3497005988023953,0.6029776674937966,0.3431578947368421,0.2394308580627376,0.2447173199354288,1
3722,4w273WCBXwM4P3jTX5HkB2,el rescate,grupo marca registrada junior h,0.7712574850299403,0.5916046319272126,0.6368421052631579,0.2847028307970984,0.3175351725222038,0
3723,4w2Furap0ZzaiK4J14E9sR,think u the shit fart,ice spice,0.9784431137724552,0.5409429280397023,0.2936842105263157,0.0405359911831122,0.4557645451302607,1
3724,4w47S36wQGBhGg073q3nt7,tkn feat travis scott,rosala travis scott,0.7497005988023954,0.5037220843672457,0.4768421052631578,0.1931528414898354,0.2896994540474851,1
3725,4w8niZpiMy6qz1mntFA5uM,taki taki with selena gomez ozuna  cardi b,dj snake selena gomez ozuna cardi b,0.8287425149700599,0.8056244830438379,0.6157894736842106,0.1579413071408881,0.2972387982998688,0
3726,4wBcaYqLPm7EtDVoJQORU4,bust me,lil uzi vert,0.6994011976047905,0.7043010752688171,0.6063157894736841,0.2384248142241962,0.6360679326960865,0
3727,4wNIkl5XGiAACjFBlDWuSd,what a man gotta do,jonas brothers,0.8407185628742516,0.6991315136476427,0.3073684210526316,0.0084331322952577,0.4009758221029147,1
3728,4wNKxMbE3n1gRm4F6OaCP1,coupe,pop smoke,0.9125748502994014,0.586435070306038,0.4778947368421052,0.0333930799294686,0.5393200684405588,0
3729,4wQUopWk9Ed7Ng5qpKN5qd,volta beb volta nenm,dj guuga dj ivis,0.518562874251497,0.9265922249793218,0.8463157894736841,0.2897330499898052,0.7095750276603849,0
3730,4wVOKKEHUJxHCFFNUWDn0B,chicago freestyle feat giveon,drake giveon,0.7005988023952097,0.4416873449131513,0.0081052631578947,0.6327939989324064,0.4608794490897769,2
3731,4wcBRRpIfesgcyUtis7PEg,1 step forward 3 steps back,olivia rodrigo,0.3868263473053892,0.1873449131513647,0.4073684210526315,0.9466796765573084,0.7386138973028857,2
3732,4woTEX1wYOTGDqNXuavlRC,superman,eminem dina rae,0.7808383233532936,0.7580645161290323,0.5768421052631578,0.0216223670185348,0.5036850283254433,0
3733,4wuCQX7JvAZLlrcmH4AeZF,cross me feat chance the rapper  pnb rock,ed sheeran chance the rapper pnb rock,0.7137724550898205,0.7911497105045493,0.6052631578947368,0.2132737182606625,0.2919425147673202,0
3734,4wyNKAZe82BNlp2lHiR1FX,canguro,wos,0.5413173652694612,0.7539288668320927,0.9494736842105264,0.1740380085575497,0.7083235086064608,0
3735,4xBjsLUSjcx2h7PcRikpQp,omg feat quavo,camila cabello quavo,0.6047904191616768,0.5729942100909843,0.1421052631578947,0.0296707177268656,0.563697483056125,1
3736,4xIhSUJantE6BMl3u8dtCJ,father time feat sampha,kendrick lamar sampha,0.4359281437125749,0.78287841191067,0.5105263157894737,0.1820863592658805,0.6417874352323776,1
3737,4xWzZmX4K1yyrdtRfbUvjt,oh juliana,niack,0.7772455089820361,0.5647229114971051,0.98,0.3893313900053992,0.5012847719756468,0
3738,4xhsWYTOGcal8zt0J161CU,lovin on me,jack harlow,0.9497005988023952,0.5543837882547561,0.6042105263157894,0.0026081384701033,0.3522693607579247,0
3739,4xkOaSrkexMciUUogZKVTS,till i collapse,eminem nate dogg,0.4766467065868265,0.8531844499586435,0.071578947368421,0.0625683512471678,0.7541097588256278,1
3740,4xqrdfXkTW4T0RauPLv3WA,heather,conan gray,0.2479041916167665,0.4168734491315136,0.2505263157894737,0.5875220261980455,0.3347057721026125,2
3741,4xxeEWGQNFQ6qehlnev5LS,te amo demais,marlia mendona,0.6742514970059881,0.6236559139784946,0.6894736842105263,0.5764555439740906,0.4069250720983803,0
3742,4xyNG8vZR3g8FnphVkbjRo,love,lana del rey,0.2095808383233533,0.3672456575682382,0.2589473684210526,0.4949659930522411,0.3153102497596721,2
3743,4y5bvROuBDPr5fuwXbIBZR,paper rings,taylor swift,0.791616766467066,0.7208436724565757,0.8768421052631579,0.0129703900070792,0.3461991910471042,0
3744,4yI3HpbSFSgFZtJP2kDe5m,look at her now,selena gomez,0.4946107784431138,0.5605872622001654,0.5452631578947369,0.1146814220836099,0.6507717700832532,1
3745,4yJiXq86uM56uIfIZgE440,me  ur ghost,blackbear,0.724550898203593,0.6298593879239041,0.8936842105263157,0.064178021388834,0.3222994093071904,0
3746,4yLyVdEqV790aIXyGif85v,red sky,21 savage tommy newport mikky ekko,0.635928143712575,0.6195202646815551,0.3821052631578947,0.1790682277502565,0.4124450571043356,1
3747,4yN6xPLopmTLvc27pO9LIE,si t la ves feat wisin,nicky jam wisin,0.6407185628742517,0.7332506203473945,0.7936842105263158,0.2052253675523316,0.7931970568141284,0
3748,4yNoUQkYf1QF8iYlEzNynH,who want smoke feat g herbo lil durk  21 savage,nardo wick g herbo lil durk 21 savage,0.7053892215568863,0.7425558312655087,0.48,0.0045196217633318,0.1744690112999474,1
3749,4ydmav4vl7hebadtfZtMrg,sir baudelaire feat dj drama,tyler the creator dj drama,0.3796407185628744,0.6339950372208437,0.5031578947368421,0.3158901897918804,0.4889872369240443,1
3750,4ygQ5wSuzzNRevVjup1qV2,el gaviln,luis r conriquez tony aguirre peso pluma,0.6874251497005989,0.6846567411083541,0.7336842105263157,0.1448627372398505,0.5888729677930338,0
3751,4yoc5cUWk4OFvqOcvFvw0o,dictadura,anuel aa,0.8047904191616767,0.7094706368899917,0.4463157894736842,0.1700138332033843,0.29175508920852,1
3752,4yyX2Iu4xJjW9xMvBZKSBi,met him last night feat ariana grande,demi lovato ariana grande,0.4646706586826349,0.5068238213399504,0.0926315789473684,0.2213220689689933,0.5940785615390662,1
3753,4z6wo6PJG4Fve45OXK6D9m,infeliz,arcngel bad bunny,0.6742514970059881,0.8025227460711333,0.7252631578947368,0.3682044693960307,0.782078488987237,0
3754,4zGtfOglDBfVUypabBwIjQ,desce pro play pa pa pa,zaac anitta tyga,0.9401197604790422,0.7115384615384616,0.6347368421052632,0.0773571956737257,0.3221966275491387,0
3755,4zI04ezdmrN0lT2pHykYrd,pain  bestfriend  feat travis barker,xxxtentacion travis barker,0.6239520958083834,0.6267576509511994,0.5926315789473684,0.5392319219480607,0.5337819454773003,2
3756,4zN21mbAuaD0WqtmaTZZeP,ferrari,james hype miggy dela rosa,0.8347305389221559,0.6908602150537634,0.6947368421052631,0.0127691812393709,0.4733160418140376,0
3757,4zRZAmBQP8vhNPf9i9opXt,8 letters,why dont we,0.5473053892215569,0.4716708023159636,0.2347368421052631,0.6529148757032335,0.2555094045308617,2
3758,4zWO4gvuFtw6EJZC5FFGlr,bum bum tam tam,mc fioti future j balvin stefflon don juan magn,0.8934131736526948,0.6732837055417701,0.7178947368421053,0.3480835926252036,0.5155532983875357,0
3759,4zbr7Cp3UB00FurUovPU03,matt hardy 999,trippie redd juice wrld,0.6251497005988026,0.6536393713813069,0.391578947368421,0.2022072360367076,0.1922260714998276,1
3760,4zfQER4owi8q6NL8Gg63Ya,crazyz,fuerza regida,0.7892215568862277,0.8418114143920595,0.7852631578947369,0.2172978936148279,0.4790536823076318,0
3761,4zj2FEHN6Hw6a5vqN70PvL,wieso tust du dir das an,apache 207,0.8479041916167666,0.4840777502067824,0.4410526315789473,0.2716242608960609,0.5275424881649828,1
3762,4zm8xZiV5FxJu62EHEvZaT,777,bruno mars anderson paak silk sonic,0.821556886227545,0.62055417700579,0.9052631578947368,0.002698682415572,0.3343248749992443,0
3763,4zmKGsrXjLmljb5fTaBTot,snow on the beach feat more lana del rey,taylor swift lana del rey,0.6155688622754493,0.3920595533498759,0.2978947368421052,0.8108637583542259,0.3816709895464906,2
3764,4zxpssj8DyrfZcEUSUiNxG,ring ring with rvssian feat clever,juice wrld rvssian clever,0.5161676646706588,0.6732837055417701,0.62,0.0772565912898716,0.6853427167032449,0
3765,503OTo2dSqe7qk76rgsbep,still dre,dr dre snoop dogg,0.7976047904191618,0.7787427626137304,0.5210526315789474,0.1609594386565121,0.2824261331688825,0
3766,505v13epFXodT9fVAJ6h8k,amargura,karol g,0.9221556886227548,0.6970636889991728,0.54,0.1840984469429632,0.364258550535372,0
3767,507tQXutCPYNFkpOq8tmKF,dont worry bout me,zara larsson,0.7209580838323354,0.7074028122415219,0.3136842105263158,0.0801741184216415,0.4735397432874442,1
3768,5099x34vBakWpGkHourFxP,qu pena,maluma j balvin,0.5808383233532936,0.6608767576509512,0.8694736842105263,0.1026088960211137,0.4802447415038786,0
3769,50I7FNN2rl2rWiNwGxS146,no opp left behind,21 savage metro boomin,0.8059880239520959,0.7043010752688171,0.24,0.0161897302904115,0.7939890809497037,1
3770,50PWlIBU7PlGGwzgN8TiFJ,million reasons,lady gaga,0.6203592814371259,0.4416873449131513,0.1284210526315789,0.4798753354741208,0.502850682289494,2
3771,50WeOnXhM1H7AZEeIDoWfZ,show yourself,idina menzel evan rachel wood,0.2047904191616767,0.4210090984284532,0.1494736842105263,0.7283681635938348,0.4637331543721546,2
3772,50ZC4PM7hywH27RcCfViau,eleg feat dmelo flow,rauw alejandro dalex lenny tavrez dmelo flow,0.807185628742515,0.6298593879239041,0.68,0.2384248142241962,0.757241579453322,0
3773,50a8bKqlwDEqeiEknrzkTO,ball wo you,21 savage,0.888622754491018,0.6319272125723739,0.4494736842105263,0.0469746717497769,0.5518533969371036,1
3774,50ceCGZ3oD3U5caQV5bP6f,you only live twice with lil wayne  rick ross,drake lil wayne rick ross,0.4419161676646708,0.8573200992555832,0.7147368421052631,0.1187055974377753,0.4661757326223253,0
3775,50eJOxJiGmJ7PBZaTKpje1,make up sex feat blackbear,mgk blackbear,0.6167664670658685,0.6784532671629446,0.6842105263157895,0.0015618528780202,0.5155291144444645,0
3776,514rhnksEwHUh6LxXsQ4Y9,back to you,selena gomez,0.5389221556886228,0.6836228287841192,0.4863157894736842,0.0989871382023648,0.334451840700367,1
3777,51922FOX7bXrEU4jSoxkY5,5 songs in einer nacht,capital bra,0.8706586826347306,0.9110835401157984,0.2273684210526315,0.064882252075813,0.3100321041844268,1
3778,51ChrwmUPDJvedPQnIU8Ls,dive,ed sheeran,0.7317365269461079,0.3765508684863523,0.52,0.3571379871720758,0.5334070943597,2
3779,51FvjPEGKq2zByeeEQ43V9,el merengue,marshmello manuel turizo,0.7485029940119762,0.6774193548387097,0.7010526315789473,0.0314815966362401,0.4673123779466623,0
3780,51NFxnQvaosfDDutk0tams,bellyache,billie eilish,0.6526946107784432,0.5698924731182795,0.3957894736842104,0.4627725902189178,0.3217734085453962,2
3781,51Of5p3lKZeOg6itfs4og4,lovefool,twocolors,0.6311377245508983,0.7694375516956162,0.1747368421052631,0.0220247845539514,0.461574737453068,1
3782,51PIvodunv6NmX5250zxAh,the cure,lady gaga,0.6538922155688623,0.4975186104218362,0.5547368421052632,0.0749426904612265,0.3220031560045708,1
3783,51RN0kzWd7xeR4th5HsEtW,igors theme,tyler the creator,0.3796407185628744,0.6722497932175352,0.0345263157894736,0.0056162095473419,0.7036439156222225,1
3784,51ZQ1vr10ffzbwIjDCwqm4,we cant be friends wait for your love,ariana grande,0.5928143712574852,0.6629445822994211,0.2684210526315789,0.0660895046820626,0.4178501683807036,1
3785,51Zw1cKDgkad0CXv23HCMU,daylight,harry styles,0.6419161676646709,0.4375516956162117,0.6252631578947369,0.4869176423439103,0.5972345661098313,2
3786,51hyZpbJlIgZIaX3TtMxmu,run for the hills,tate mcrae,0.4718562874251498,0.836641852770885,0.211578947368421,0.5462742288178501,0.5035520166385528,2
3787,51pxwIxDVCbFHW8oyJFQXD,erro gostoso  ao vivo,simone mendes,0.5245508982035929,0.9007444168734492,0.6252631578947369,0.1770561400731738,0.6472832362952616,0
3788,51qYdMBxt9mFbtZBzq1Yfi,regalo de dios,julin lvarez y su norteo banda,0.7688622754491019,0.5109594706368901,0.9305263157894736,0.1981830606825422,0.3761872804551417,0
3789,51rXHuKN8Loc4sUlKPODgH,kings dead with kendrick lamar future  james blake,jay rock kendrick lamar future james blake,0.5928143712574852,0.706368899917287,0.3621052631578947,0.0008103381306299,0.5466478031910713,1
3790,51vRumtqbkNW9wrKfESwfu,unforgiven feat nile rodgers,le sserafim nile rodgers,0.7724550898203595,0.8821339950372209,0.3610526315789474,0.1116632905679858,0.3463745246343689,1
3791,51wFQM8W0YfXTmHusXUr5i,mamacita,tyga yg carlos santana,0.761676646706587,0.7353184449958644,0.3431578947368421,0.0258477511404085,0.328466314790295,1
3792,51wrmElSLxFzc0vSQPeTxs,where were you in the morning,shawn mendes,0.6694610778443114,0.5109594706368901,0.4557894736842105,0.5603588425574291,0.249542016578093,2
3793,521Os1SMlxmsoevsqyjNmJ,changes,justin bieber,0.4011976047904192,0.4034325889164598,0.6105263157894737,0.7424527773334139,0.1048615771558473,2
3794,524euygKKFWurhvIdSrkg6,i tuoi particolari,ultimo,0.6095808383233534,0.5854011579818031,0.2789473684210526,0.6358121304480305,0.539096366967152,2
3795,5274I4mUMnYczyeXkGDWZN,fine china,future juice wrld,0.6059880239520959,0.5378411910669976,0.5463157894736842,0.0486849462752972,0.7218483787689163,1
3796,527k23H0A4Q0UJN3vGs0Da,after party,don toliver,0.5736526946107785,0.6929280397022333,0.4431578947368421,0.0098617145459864,0.7027249257855248,1
3797,52NGJPcLUzQq5w7uv4e5gf,private landing feat justin bieber  future,don toliver justin bieber future,0.8299401197604791,0.6691480562448305,0.4242105263157895,0.0851037332304941,0.545716721382838,1
3798,52UVKsw31NTOCTNPTpwbFJ,eiskalt,loredana mozzik,0.776047904191617,0.6060794044665012,0.6789473684210526,0.0275580256659288,0.8059057188979379,0
3799,52eIcoLUM25zbQupAZYoFh,redrum,21 savage,0.5676646706586828,0.7425558312655087,0.2252631578947368,0.0053143963957795,0.757991281688523,1
3800,52eYVUkFTOVozbVFIaFrnV,tony tone,aap rocky,0.4335329341317366,0.7870140612076096,0.3136842105263158,0.1398325180471437,0.1400371223526139,1
3801,52okn5MNA47tk87PeZJLEL,let you down,nf,0.6131736526946109,0.7156741108354011,0.4547368421052631,0.3138781021147977,0.6123313925719021,1
3802,52xJxFP6TqMuO4Yt0eOkMz,we dont talk about bruno,carolina gaitn  la gaita mauro castillo adassa rhenzy feliz diane guerrero stephanie beatriz encanto  cast,0.5113772455089821,0.4427212572373862,0.84,0.3591500748491585,0.9621884050084948,0
3803,52zq2a71SGs3f1vJuv59ui,como llora,juanfran,0.8107784431137726,0.6277915632754343,0.4778947368421052,0.1840984469429632,0.2499773275533709,0
3804,531KGXtBroSrOX9LVmiIgc,starlight,dave,0.962874251497006,0.3569065343258891,0.3578947368421052,0.343053373432497,0.4674030677331786,1
3805,53KaP77tkliz36LPxWGlWK,fear of heights,drake,0.5161676646706588,0.3134822167080232,0.0364210526315789,0.012869785623225,0.5454446520232892,1
3806,53RxHysDJ0cjugMcPymwja,abalo emocional  ao vivo,luan santana,0.3485029940119761,0.9234904880066171,0.7305263157894737,0.3078418390835496,0.8417100466145504,0
3807,53dtP2iUMvaF28JZcHnFuU,logical,olivia rodrigo,0.4179640718562875,0.2318031430934657,0.1273684210526315,0.8581478187656694,0.2075768293641436,2
3808,53mrVsi49rLHIaKBiSvElG,do re mi feat gucci mane,blackbear gucci mane,0.7137724550898205,0.6464019851116626,0.1726315789473684,0.0070347313596852,0.3947847326767392,1
3809,53tfEupEzQRtVFOeZvk7xq,despech,rosala,0.9149700598802396,0.62055417700579,0.7768421052631579,0.1468748249169332,0.5037636261404239,0
3810,53v2u51nq3CxiKUNphRzP1,que malo,bad bunny engo flow,0.7808383233532936,0.7911497105045493,0.4357894736842105,0.0836952718565363,0.2860234947006935,1
3811,54DmTIv86D3sYdiawjULQ0,disease,bts,0.695808383233533,0.8511166253101737,0.4757894736842105,0.0132722031586416,0.3287021082352372,1
3812,54ELExv56KCAB4UP9cOCzC,gato de noche,engo flow bad bunny,0.888622754491018,0.6619106699751862,0.6052631578947368,0.1700138332033843,0.2857211954123059,0
3813,54LGxQGf5LPXNGjtzDZ5IE,so good feat ty dolla ign,zara larsson ty dolla ign,0.6898203592814373,0.5729942100909843,0.7905263157894737,0.0855061507659107,0.2136469990749642,0
3814,54h8xHewdRPnYzmbEHBhOO,ill make it up to you,imagine dragons,0.4335329341317366,0.685690653432589,0.1378947368421052,0.0099925002449968,0.7878705433527411,1
3815,54l9GJGQ1UCFKe2tzt1Vxt,only you with little mix,cheat codes little mix,0.5473053892215569,0.7425558312655087,0.1968421052631578,0.0833934587049738,0.3708123991076125,1
3816,54u86CmMqGI1rRuULlTqaB,toca o trompete,felipe amorim,0.954491017964072,0.7528949545078578,0.9778947368421052,0.4265550120314292,0.4732495359705923,0
3817,54ucfuN596MU25jQD3KjCL,sober ii melodrama,lorde,0.4479041916167665,0.3000413564929693,0.0726315789473684,0.1669957016877603,0.4004256373980495,1
3818,54zcJnb3tp9c5OVKREZ1Is,mi ex tena razn,karol g,0.5796407185628744,0.7270471464019851,0.8031578947368422,0.0780614263607047,0.683964231948198,0
3819,550erGcdD9n6PnwxrvYqZT,hey stephen taylors version,taylor swift,0.7640718562874254,0.5678246484698097,0.8052631578947369,0.1066330713752791,0.4188175261035435,0
3820,550rQQCGkrTzvp4SfpOPzx,hallelujah,pentatonix,0.2059880239520958,0.3672456575682382,0.351578947368421,0.4567363271876697,0.4350147219753444,2
3821,551xyaSJsg8hILXFq9JdST,the plan  from the motion picture tenet,travis scott,0.3389221556886228,0.4354838709677419,0.0045263157894736,0.0927496664034084,0.2006360377027672,1
3822,554Ip3S1rbeES9TNWXGoK1,on off feat matre gims,shirin david gims,0.5856287425149702,0.4292803970223325,0.7242105263157894,0.7645857417813235,0.3532790403811389,2
3823,559SdaPI7mqy9IQiscuaMj,sure thing  sped up,miguel,0.7221556886227546,0.4509925558312655,0.6631578947368422,0.0816831841794535,0.3527167637047382,0
3824,55Am8neGJkdj2ADaM3aw5H,train wreck,james arthur,0.192814371257485,0.4789081885856078,0.2031578947368421,0.7052291553073837,0.1852308659665415,2
3825,55CHeLEfn5iJ0IIkgaa4si,savage,megan thee stallion,0.8299401197604791,0.7435897435897436,0.6821052631578948,0.0253447292211378,0.739212449893893,0
3826,55GiOwtxNajXVbpjjIzMnD,swish,tyga,0.8790419161676649,0.5368072787427627,0.2547368421052631,0.0835946674726821,0.3524265563878863,1
3827,55ZATsjPlTeSTNJOuW90pW,shorty party,cartel de santa la kelly,0.931736526946108,0.4613316790736145,0.4610526315789472,0.3299748035314593,0.2979945465208375,0
3828,55sgQENF3LY1sUcJUwasLl,dont go with justin bieber  don toliver,skrillex justin bieber don toliver,0.6455089820359282,0.6960297766749379,0.3442105263157894,0.0191072574221814,0.1712948687718788,1
3829,5600nq7TiBraBX2jobyJ3l,swan song  from the motion picture alita battle angel,dua lipa,0.5245508982035929,0.826302729528536,0.5021052631578947,0.0058174183150502,0.8547814678444248,1
3830,561jH07mF1jHuk7KlaeF0s,mockingbird,eminem,0.5832335329341318,0.6784532671629446,0.2336842105263158,0.2102555867450384,0.2256422348381792,1
3831,567e29TDzLwZwfDuEpGTwo,stay with justin bieber,the kid laroi justin bieber,0.5281437125748504,0.7673697270471465,0.4694736842105262,0.0385239035060295,0.7449259064444163,1
3832,568OIKgeHyGRD3uWR44JbO,racks 2 skinny,migos,0.7952095808383234,0.5812655086848635,0.3926315789473684,0.0084331322952577,0.5701243659272426,1
3833,56CvVCJYRQNWwM4vF4neCD,asesina,brytiago darell,0.8203592814371258,0.7043010752688171,0.4947368421052631,0.5633769740730532,0.2871420020677271,2
3834,56JwgcQcxo08w7YXrBzrA5,jesus lord,kanye west,0.3916167664670659,0.7146401985111662,0.0852631578947368,0.0989871382023648,0.3592464283339077,1
3835,56JyMaElW79S7TDWh1Zw1m,on a roll,ashley o,0.7017964071856289,0.8149296939619521,0.3736842105263157,0.0774578000575799,0.4733583637144118,1
3836,56gH0zGe3SP9SGNoQ2pWwn,la cintura feat flo rida  tini  remix,alvaro soler flo rida tini,0.635928143712575,0.8459470636889992,0.7263157894736841,0.0353045632226972,0.3224807888802229,0
3837,56uXDJRCuoS7abX3SkzHKQ,myron,lil uzi vert,0.7437125748502995,0.6536393713813069,0.5694736842105262,0.0553248356096701,0.6549555922345358,0
3838,56v8WEnGzLByGsDAXDiv4d,eta,newjeans,0.7928143712574852,0.7518610421836228,0.851578947368421,0.1086451590523618,0.5335763819611969,0
3839,5719MEdRQcH4c3phXqX7WN,mal feito  ao vivo,hugo  guilherme marlia mendona,0.6970059880239522,0.836641852770885,0.6863157894736842,0.557340711041805,0.4668952049286876,0
3840,575NJxNUVDqwJGdzBrlLbv,lost in japan  remix,shawn mendes zedd,0.665868263473054,0.8614557485525227,0.2747368421052631,0.0916430181810129,0.3655765754327414,1
3841,577YBGuskWkVDCxZrLRB4v,pure cocaine,lil baby,0.9748502994011976,0.4809760132340777,0.0789473684210526,0.0012701001648433,0.485686128694853,1
3842,57BrRMwf9LrcmuOsyGilwr,crawling,linkin park,0.5149700598802396,0.7032671629445822,0.2810526315789473,0.0468740673659228,0.3528316374343254,1
3843,57RA3JGafJm5zRtKJiKPIm,are you bored yet feat clairo,wallows clairo,0.6371257485029942,0.6836228287841192,0.64,0.1569352633023467,0.4432009867048772,0
3844,57VeLYXrvNxe8Vs18K2M9W,way out feat big sean,jack harlow big sean,0.9520958083832336,0.5791976840363937,0.9210526315789472,0.1146814220836099,0.3706612494634188,0
3845,57ZUX6TNyKLBydAdVVd02x,p u n c h i n   t h e  c l o c k,j cole,0.7413173652694612,0.7425558312655087,0.6947368421052631,0.1981830606825422,0.2864950815905779,0
3846,57fyAFYS2zPTPMOQP1DZUn,bye,peso pluma,0.7568862275449103,0.8169975186104219,0.7031578947368421,0.5704192809428426,0.4555347976710863,0
3847,57nOpVSc3j9o03Cr928ZM4,what are you so afraid of,xxxtentacion,0.5856287425149702,0.3000413564929693,0.331578947368421,0.7786703555209026,0.342511139728777,2
3848,57p8CBvPOxrvyCbn6ttl5r,would you ever,skrillex poo bear,0.6023952095808385,0.9183209263854426,0.0632631578947368,0.0079401708143724,0.4796220049698003,1
3849,57q6BgYP4gN6hPQViCB3um,distorted records,aap rocky,0.6047904191616768,0.8759305210918115,0.0524210526315789,0.1418446057242264,0.5386429180345709,1
3850,57vxBYXtHMk6H1aD29V7PU,heartless,the weeknd,0.4562874251497006,0.7528949545078578,0.1747368421052631,0.0063506215494771,0.7450831020743778,1
3851,57wp7VFnV8X0pSVnYArGeJ,whatever she wants,bryson tiller,0.8023952095808384,0.4809760132340777,0.4199999999999999,0.1026088960211137,0.298127558207728,1
3852,58AGoOGbwsQMhBbH0eFLRR,over now with the weeknd,calvin harris the weeknd,0.5532934131736528,0.891439205955335,0.6810526315789474,0.0763511518351844,0.7939890809497037,0
3853,58HvfVOeJY7lUuCqF0m3ly,middle of the night,elley duh,0.311377245508982,0.609181141439206,0.0609473684210526,0.0229302240086386,0.8404464355890908,1
3854,58IL315gMSTD37DOZPJ2hf,shaky shaky,daddy yankee,0.8970059880239521,0.6246898263027295,0.8852631578947369,0.0764517562190385,0.2496327063646092,0
3855,58QhkbaAkLFnn7JwAnAato,fall,eminem,0.81437125748503,0.5419768403639372,0.5294736842105263,0.2283643758387827,0.8237957907847087,0
3856,58T4yPLn4NjBYXfRxeweyM,woo baby feat chris brown,pop smoke chris brown,0.4946107784431138,0.6722497932175352,0.2652631578947367,0.3611621625262413,0.3207637289221821,1
3857,58TaFP5j5i9swOf584yon2,houstonfornication,travis scott,0.6455089820359282,0.7249793217535153,0.2694736842105263,0.099087742586219,0.6851552911444447,1
3858,58cvckETahSOG74RP5WE99,state of emergency,logic 2 chainz,0.6287425149700601,0.67535153019024,0.6210526315789474,0.0830916455534114,0.7690735736008079,0
3859,58ge6dfP91o9oXMzq3XkIS,505,arctic monkeys,0.44311377245509,0.858354011579818,0.2126315789473684,0.0023767483872387,0.5655959225871983,1
3860,58kwvMXeOlsvzPqUlyj75Y,confess,logic killer mike,0.7065868263473055,0.9813895781637718,0.5221052631578947,0.3028116198908428,0.4609096790186156,0
3861,58pgi1RpcU2fVJsxhm7BIr,tapo na raba,ra saia rodada,0.7880239520958086,0.8004549214226634,0.8073684210526316,0.4647846778960006,0.4917200224910671,0
3862,58q2HKrzhC3ozto2nDdN4z,i like it,cardi b bad bunny j balvin,0.7976047904191618,0.72808105872622,0.6505263157894737,0.0995907645054896,0.540087908633063,0
3863,58st6r10Ze6QomHs0BMUA8,91s,pnl,0.7508982035928146,0.6681141439205956,0.2221052631578947,0.2504973402866925,0.3404978264681165,1
3864,58zsLZPvfflaiIbNWoA22O,human,ragnbone man,0.5413173652694612,0.7084367245657568,0.5494736842105263,0.3953676530366473,0.1715185702452856,0
3865,5902W4uHWzhtOff1UK7the,when im gone with katy perry,alesso katy perry,0.6407185628742517,0.8935070306038049,0.6136842105263157,0.0281616519690536,0.4734974213870701,0
3866,590bUp2TKTfTS9NfiD4Nmn,finesse,drake,0.7868263473053894,0.3093465674110835,0.2873684210526316,0.1327902111773543,0.2918760089238749,1
3867,59CfNbkERJ3NoTXDvoURjj,boyfriend,dove cameron,0.2335329341317365,0.6102150537634409,0.2105263157894736,0.2333945950314895,0.8044486363279102,1
3868,59J5nzL1KniFHnU120dQzt,wokeuplikethis,playboi carti lil uzi vert,0.7604790419161678,0.6184863523573201,0.4694736842105262,0.0138758294617664,0.1920144619979564,1
3869,59JWp4PjZ9TRM8cmtaDYB1,yessirskiii,lil uzi vert 21 savage,0.8922155688622756,0.7415219189412738,0.7694736842105263,0.0184030267352025,0.5640239662875834,0
3870,59KOoHFcw5XfICnO57holu,last kiss taylors version,taylor swift,0.4790419161676648,0.3558726220016542,0.1347368421052631,0.4496940203178803,0.1976009528473569,2
3871,59L8x0xy8njj75vzVCPMqg,fulanito,becky g el alfa,0.9341317365269464,0.8428453267162944,0.8305263157894737,0.257539647156482,0.3940773523419126,0
3872,59NTlSZN6G2eCs4jcf46C0,not enough,juice wrld,0.6502994011976049,0.7167080231596361,0.3063157894736842,0.0037047262541133,0.2617186319143404,1
3873,59NraMJsLaMCVtwXTSia8i,prada,cass raye dblock europe,0.584431137724551,0.7187758478081059,0.4105263157894736,0.0009984683284371,0.5754932012890042,1
3874,59PYgzOiOjGDzjDT5N5oOX,asesina  remix,brytiago daddy yankee ozuna darell anuel aa,0.8083832335329342,0.6908602150537634,0.5094736842105263,0.5925522453907524,0.2870392203096754,2
3875,59c0HrzmHfyQs6LgDw5cHe,loco,itzy,0.7293413173652696,0.8935070306038049,0.4810526315789474,0.0103546760268717,0.3346271742876317,0
3876,59hBR0BCtJsfIbV9VzCVAp,set me free pt2,jimin,0.5209580838323353,0.8200992555831266,0.5599999999999999,0.1156874659221513,0.5161578969643106,0
3877,59iGOjPSOcPLGl3vqEStUp,kinda crazy,selena gomez,0.6479041916167665,0.4385856079404466,0.528421052631579,0.4869176423439103,0.280001692876015,2
3878,59nOXPmaKlBfGMDeOVGrIK,wait for u feat drake  tems,future drake tems,0.3748502994011977,0.641232423490488,0.3231578947368421,0.3158901897918804,0.2217123440891419,1
3879,59qrUpoplZxbIZxk6X0Bm3,take you dancing,jason derulo,0.7652694610778444,0.7125723738626965,0.7589473684210526,0.0333930799294686,0.4006493388714563,0
3880,59s0s39NFWScuHDbHytI14,indeciso,reik j balvin lalo ebratt,0.7041916167664671,0.7508271298593879,0.9094736842105264,0.1830924031044219,0.2916039395643262,0
3881,59uQI0PADDKeE6UZDTJEe8,last night,morgan wallen,0.4395209580838324,0.67535153019024,0.511578947368421,0.4617665463803765,0.9500359736153184,2
3882,59ywHNwwchG4nZJMLyxSzd,clout feat cardi b,offset cardi b,0.9209580838323356,0.62055417700579,0.4126315789473683,0.2293704196773241,0.5641146560740995,1
3883,5A0M6B0RBSXSNWv0wcppZ9,i dont love you anymore,tyler the creator,0.584431137724551,0.5171629445822995,0.5810526315789474,0.3541198556564518,0.5818293943736057,0
3884,5A1w94uzc1kO1Zhe8WWxC3,right back,khalid,0.7640718562874254,0.4189412737799834,0.6010526315789474,0.0662907134497709,0.3041856359470129,0
3885,5AEtlRudpgdT5FtNiuly6Y,let me go with alesso florida georgia line  watt,hailee steinfeld alesso florida georgia line watt,0.6095808383233534,0.7187758478081059,0.7136842105263157,0.0395299473445709,0.3404978264681165,0
3886,5ATwkalJ9FnLp7Zcvxo1rl,belki,dedublman mavzer tabancas,0.2850299401197605,0.4902812241521918,0.3242105263157895,0.3189083213075044,0.8297934086663161,1
3887,5AiqL0ezAAauDuVK5EJvXU,nenene,fero47,0.6874251497005989,0.8407775020678246,0.7663157894736842,0.0308779703331153,0.503545970652785,0
3888,5AjINjwKyRvQJhSe2zpPHi,pop out feat lil tjay,polo g lil tjay,0.8514970059880241,0.6195202646815551,0.2336842105263158,0.1217237289533994,0.225261337734811,1
3889,5AqiaZwhmC6dIbgWrD5SzV,peso pluma bzrp music sessions vol 55,bizarrap peso pluma,0.84311377245509,0.6681141439205956,0.8136842105263158,0.2655879978648128,0.5214541804968591,0
3890,5B03nSG8pLE48jh7kmasuL,levels  radio edit,avicii,0.5137724550898204,0.8945409429280398,0.4631578947368421,0.0486849462752972,0.4795857290551937,1
3891,5B0kgjHULYJhAQkK5XsMoC,wusyaname feat youngboy never broke again  ty dolla ign,tyler the creator youngboy never broke again ty dolla ign,0.4107784431137725,0.652605459057072,0.863157894736842,0.2706182170575196,0.5781715729841173,0
3892,5BK0uqwY9DNfZ630STAEaq,gold rush,taylor swift,0.4335329341317366,0.4551282051282051,0.3378947368421052,0.8350088104792183,0.3949963421786105,2
3893,5BKiMkWucQVb7wrFi29VtX,3d alternate ver,jung kook,0.8562874251497007,0.7890818858560794,0.8463157894736841,0.0222259933216596,0.3706975253780253,0
3894,5BQrp63SHCVf4bzCzJePne,dont cry feat xxxtentacion,lil wayne xxxtentacion,0.5604790419161677,0.7115384615384616,0.211578947368421,0.4094522667762261,0.3947786866909715,1
3895,5BYl3SodS3rGmafWXRWmB7,the great war,taylor swift,0.502994011976048,0.7415219189412738,0.5905263157894737,0.2142797620992038,0.2981094202504248,0
3896,5Ber68jZ7ytegr2UISEdb7,santa claus is coming to town,michael bubl,0.5317365269461078,0.379652605459057,0.3831578947368421,0.7897368377448575,0.4571551218568432,2
3897,5BfMJ6iytQnu1r7iiCYSXe,intro,khalid,0.0754491017964072,0.4055004135649296,0.0245263157894736,0.3098539267606323,0.1985380806413581,2
3898,5BibcbKVdZUuTttSG02JTp,modus,joji,0.7041916167664671,0.5285359801488835,0.2421052631578947,0.1840984469429632,0.5156621261313552,1
3899,5BwQjRasNcdRPuVWKcHto2,h u n g e r  o n  h i l l s i d e with bas,j cole bas,0.4946107784431138,0.7043010752688171,0.2757894736842105,0.1267539481461062,0.2918095030804298,1
3900,5C0ivQMxes2lWuOANhvVAm,giants,true damage becky g keke palmer jeon soyeon duckwrth thutmose league of legends,0.5892215568862277,0.6836228287841192,0.5810526315789474,0.0838964806242445,0.6539519585970894,0
3901,5CE0V7z1ePOZQNJNpWxYGA,confessions of a dangerous mind,logic,0.7784431137724552,0.7653019023986767,0.6452631578947369,0.383295126974151,0.5758982823354435,0
3902,5CFJRZRq6sdKKtRwNPWbYv,show out with skepta  pop smoke,kid cudi skepta pop smoke,0.5616766467065869,0.586435070306038,0.1326315789473684,0.4325912750626773,0.5875368049383611,1
3903,5CKtlUULFD5aPVX4PL02H6,broke leg with quavo  tyga,tory lanez quavo tyga,0.8395209580838324,0.8562861869313482,0.6421052631578947,0.2273583320002414,0.3219910640330352,0
3904,5CPqOpKSk0QcJ3dGdaWcRB,on hold,the xx,0.6862275449101797,0.6691480562448305,0.3347368421052631,0.0525079128617543,0.4736002031451218,1
3905,5CZ40GBx1sQ9agT82CLQCT,traitor,olivia rodrigo,0.2754491017964072,0.3279569892473118,0.0556842105263157,0.6951687169219702,0.3258121270382529,2
3906,5ChkMS8OtdzJeqyybCc9R5,billie jean,michael jackson,0.9221556886227548,0.6536393713813069,0.8578947368421053,0.0237350590794717,0.425202087074287,0
3907,5CpsIb7SMFHjmAG8RvIWfq,leaving heaven feat skylar grey,eminem skylar grey,0.6119760479041918,0.7508271298593879,0.5021052631578947,0.1760500962346324,0.7573504071971415,0
3908,5CqkgDH8QZjSqqI3HmYxDD,airwaves,pashanim,0.8802395209580839,0.575062034739454,0.3747368421052631,0.0743390641581017,0.5156077122594453,1
3909,5CscrLqFBgPfZR8fGtikov,making the bed,olivia rodrigo,0.4634730538922157,0.4044665012406947,0.2042105263157894,0.3480835926252036,0.52292940102419,2
3910,5CtI0qwDJkDQGwXD1H1cLb,despacito  remix,luis fonsi daddy yankee justin bieber,0.651497005988024,0.8200992555831266,0.8221052631578947,0.2303764635158655,0.2552191972140097,0
3911,5CzixCxDkRXX9mScCmah8O,un ratito,bad bunny,0.7628742514970062,0.5419768403639372,0.1999999999999999,0.3068357952450082,0.2801226125913699,1
3912,5D34wRmbFS29AjtTOP2QJe,yes and,ariana grande,0.7604790419161678,0.7694375516956162,0.8126315789473685,0.1951649291669181,0.4371912768517342,0
3913,5DA77EqppDmCTWGovd4oTP,sex,cheat codes kris kross amsterdam,0.4311377245508982,0.6929280397022333,0.1863157894736841,0.0045296822017172,0.3367734992351828,1
3914,5DV4ZSCqbFv74ui3ZhimXo,coo,jason derulo puri jhorrmountain,0.8970059880239521,0.5233664185277089,0.4463157894736842,0.0005497727764476,0.3223659151506358,1
3915,5Db9VIdDsN5yu3Eu7CT0i4,stay with me,sam smith,0.3940119760479043,0.4106699751861041,0.1621052631578947,0.5714253247813839,0.2315370709617348,2
3916,5DfWF0jqMgZDCiu9zJENTA,ring feat kehlani,cardi b kehlani,0.7389221556886229,0.5388751033912325,0.4768421052631578,0.049288572578422,0.3585934618709906,1
3917,5DgY6Ab0vpyUMKnY9ubFOF,hukum  thalaivar alappara,anirudh ravichander super subu,0.6862275449101797,0.8997105045492143,0.5273684210526316,0.1026088960211137,0.334210001269657,0
3918,5DoLhdU27owX1NMrKLUbUl,lean,super yei sammy jone quest towy osquel beltito sammy  falsetto,0.8538922155688623,0.6691480562448305,0.963157894736842,0.1116632905679858,0.7094601539307976,0
3919,5DqdesEfbRyOlSS3Tf6c29,its you,ali gatie,0.6970059880239522,0.45616211745244,0.3842105263157894,0.3762528201043615,0.2977829370189662,2
3920,5DttNeiizFqWUON9hZBqTY,babylon,lady gaga,0.6562874251497006,0.8035566583953682,0.3357894736842105,0.0129703900070792,0.4186180085732078,1
3921,5E30LdtzQTGqRvNd7l6kG5,daddy issues,the neighbourhood,0.5245508982035929,0.5161290322580646,0.3210526315789473,0.0682021967429994,0.2315249789901994,1
3922,5EKHbW7mXcAR4hCyS3YXjb,atrasadinha  live,felipe arajo ferrugem,0.6299401197604793,0.8500827129859387,0.72,0.5010022560834893,0.684713934183399,0
3923,5EVzgDPaM0LCM3M5exl3z8,manslaughter feat rick ross  thedream,pop smoke rick ross thedream,0.3485029940119761,0.6215880893300249,0.2663157894736842,0.1358083426929783,0.1896262976196953,1
3924,5Eax0qFko2dh7Rl2lYs3bx,efecto,bad bunny,0.7796407185628744,0.4685690653432588,0.2126315789473684,0.1418446057242264,0.3103344034728142,1
3925,5EbtodsuLbxrFDH6j5avVS,el mismo aire  con pablo alborn,camilo pablo alborn,0.3988023952095809,0.4861455748552523,0.6610526315789473,0.6066368591303313,0.591255086185527,2
3926,5EgYDyMDCi8X0zDydTF7Rb,heartbeat bts world original soundtrack,bts,0.3437125748502995,0.717741935483871,0.2894736842105263,0.3923495215210232,0.7459295400818626,1
3927,5Eh1nj7IjV9lwpcKAkidyY,one of your girls,troye sivan,0.5736526946107785,0.6536393713813069,0.8073684210526316,0.0883230735138265,0.280025876819086,0
3928,5EnYT6F7wEcdege6mDHEfO,signs,drake,0.7796407185628744,0.729114971050455,0.1957894736842105,0.0869146121398686,0.3667071747713106,1
3929,5F2xRvRFkxDvqdFtUNAEyw,se for amor,joo gomes vitor fernandes,0.6191616766467067,0.9069478908188586,0.8452631578947368,0.4255489681928878,0.6121197830700307,0
3930,5F8ffc8KWKNawllr5WsW0r,surtada  remix brega funk,dad bolado tati zaqui oik,0.8167664670658683,0.5461124896608769,0.8936842105263157,0.2504973402866925,0.649012388224838,0
3931,5FOCkGt7bp22nBVfQ4WSIT,indecente,anitta,0.8670658682634732,0.5998759305210918,0.5842105263157894,0.1609594386565121,0.4914116772169118,0
3932,5FYu8uBB6E11mepU601601,not for radio,nas diddy 070 shake,0.4119760479041917,0.8066583953680728,0.4431578947368421,0.0674979660560205,0.3022085986009589,1
3933,5Fim1gaXBgsiFfsQAfQSDS,hasta el amanecer,nicky jam,0.8167664670658683,0.6060794044665012,0.5863157894736841,0.2836967869585571,0.2859448968857127,0
3934,5Fla3zyOCcIRqrDoKLU0DP,let you love me,rita ora,0.3892215568862276,0.8521505376344086,0.4410526315789473,0.2766544800887677,0.2981759260938699,1
3935,5G6Gt9RtNaeIE418pd4yre,smithereens,twenty one pilots,0.7353293413173654,0.544044665012407,0.5126315789473684,0.2977814006981361,0.6306084075478087,0
3936,5GF0X7GdNmnouKcdhhRmtm,party en el barrio feat duki,paulo londra duki,0.4514970059880241,0.6650124069478909,0.5410526315789475,0.0168939609773905,0.5339089111784232,1
3937,5GG3knKdxKWrNboRijxeKF,run me dry,bryson tiller,0.5940119760479043,0.7590984284532672,0.6,0.3953676530366473,0.8897393575535524,0
3938,5GK1GYXH16RdfmltogHhAk,heart of glass live from the iheart festival,miley cyrus,0.5149700598802396,0.9162531017369728,0.4157894736842105,0.0003294491758071,0.4129287359657556,1
3939,5GNjiM8jZCgbqjHklAcT9e,all i am,jess glynne,0.724550898203593,0.6825889164598843,0.4905263157894737,0.0266525862112416,0.4554501538703377,1
3940,5GXAXm5YOmYT0kL5jHvYBt,i feel it coming,the weeknd daft punk,0.7461077844311379,0.8242349048800661,0.5821052631578947,0.4285670997085118,0.2797598534453049,0
3941,5GkQIP5mWPi4KZLLXeuFTT,motive with doja cat,ariana grande doja cat,0.7652694610778444,0.7446236559139785,0.6621052631578948,0.0685040098945618,0.4247123622270993,0
3942,5GtUTcvOx52F5648wXQfc7,problematic, kanye west ty dolla ign,0.3676646706586827,0.8521505376344086,0.7526315789473684,0.7243439882396695,0.6528878651019656,2
3943,5GyyPRvEwdI4wJSUbzxHQv,blanche,maes booba,0.7497005988023954,0.7146401985111662,0.5463157894736842,0.5281654397241058,0.4913512173592343,0
3944,5H0NU2sHWUnWCcZyYlX46X,65th  ingleside,chance the rapper,0.7688622754491019,0.5512820512820513,0.0547368421052631,0.039630551728425,0.3218640983319125,1
3945,5H4mXWKcicuLKDn4Jy0sK7,time flies,drake,0.8550898203592815,0.4706368899917286,0.4926315789473684,0.2022072360367076,0.2402795663819006,0
3946,5HDPtsnyb3maFmPL8LLUTG,new man,ed sheeran,0.754491017964072,0.7477253928866833,0.8736842105263157,0.0562302750643573,0.2860234947006935,0
3947,5HEtuK03ygUzqca6yfgOYZ,lettre  une femme,ninho,0.4035928143712576,0.3889578163771712,0.9189473684210526,0.840039029671925,0.6206143930737187,2
3948,5HR7yfhSCeoOHRQN05XnZQ,que vuelvas,grupo frontera carin leon,0.4155688622754492,0.6433002481389578,0.7863157894736842,0.18912866613567,0.7002702555638185,0
3949,5Hfnps0jaWFpYg55WOPexG,alone,jimin,0.5305389221556887,0.4385856079404466,0.1431578947368421,0.2847028307970984,0.3345788064014897,1
3950,5Hkj1XjMJv5QCGc9NwZm6z,never know feat shirin david,luciano shirin david,0.8670658682634732,0.5378411910669976,0.4726315789473684,0.0624677468633137,0.5761703516949921,1
3951,5HnxL39pSgVVQMLP7WnSfv,missing my idols,trippie redd,0.665868263473054,0.6360628618693135,0.5221052631578947,0.0601538460346686,0.2364040895047732,1
3952,5HrIcZOo1DysX53qDRlRnt,shoong feat lisa of blackpink,taeyang lisa,0.7341317365269462,0.7001654259718776,0.2347368421052631,0.007930110375987,0.3826625312124015,1
3953,5Htb1uFQ1KrkFXlefS8oGj,tell me you love me,demi lovato,0.4383233532934133,0.5895368072787428,0.251578947368421,0.0248417073018671,0.2136167691461253,1
3954,5HujDMiRNqZwEzVAh3oFD3,farfalle,sangiovanni,0.6982035928143714,0.7880479735318445,0.3631578947368421,0.0932526883226791,0.4431586648045031,1
3955,5HwnezK198pJCEj1l2Adjy,she loves control,camila cabello,0.598802395209581,0.761166253101737,0.6642105263157895,0.1669957016877603,0.2913076862617066,0
3956,5I8oEqbk2ZBmQfXCrZbUFb,fallin all in you,shawn mendes,0.8419161676646708,0.4706368899917286,0.8084210526315789,0.4034160037449781,0.2739557071082655,0
3957,5IAESfJjmOYu7cHyX557kz,take two,bts,0.5592814371257486,0.586435070306038,0.5621052631578947,0.026954399362804,0.2797658994310727,1
3958,5INKIG4QNuD4xq7qZcfPzp,bandito,twenty one pilots,0.6119760479041918,0.5150951199338296,0.4157894736842105,0.257539647156482,0.4859219221397953,1
3959,5IQvs70wHdurk63TnCV6ZP,we made it,tlow miksu  macloud,0.7568862275449103,0.7125723738626965,0.7778947368421053,0.5885280700365869,0.4191742392638408,0
3960,5IUtvfNvOyVYZUa6AJFrnP,spicy feat post malone,ty dolla ign post malone,0.7568862275449103,0.5047559966914806,0.0905263157894736,0.1438566934013091,0.3220998917768546,1
3961,5IgjP7X4th6nMNDh4akUHb,under the influence,chris brown,0.6982035928143714,0.6908602150537634,0.2926315789473683,0.0638762082372716,0.4248756038428286,1
3962,5IhzJOXNE7ki0IIJbZbnGq,canyon moon,harry styles,0.5425149700598804,0.6195202646815551,0.7031578947368421,0.3299748035314593,0.2859993107576224,0
3963,5IlLm20JXhKbMtsH20NblC,lo que hay x aqu,rels b,0.7868263473053894,0.4840777502067824,0.7442105263157894,0.5251473082084818,0.2043785028930042,0
3964,5IvdLxVB8gwwcgnEkXSSW2,dark side of the moon feat nicki minaj,lil wayne nicki minaj,0.5425149700598804,0.4499586435070306,0.4452631578947368,0.5291714835626472,0.1632778916438431,2
3965,5Iy2Jj87Ha0C0IBlNE1I4y,the days,avicii,0.5269461077844312,0.7260132340777502,0.52,0.0402341780315498,0.4857405425667627,1
3966,5J1c3M4EldCfNxXwrwt8mT,traicionera,sebastian yatra,0.7497005988023954,0.6691480562448305,0.6621052631578948,0.1428506495627678,0.2678008935966965,0
3967,5J5CpT6bgE6KYKk23jgp9W,patience feat yungblud  polo g,ksi yungblud polo g,0.5580838323353294,0.7435897435897436,0.4199999999999999,0.0025175945246345,0.4552264523969311,1
3968,5J64qSSq0VZuh0CiI9o9Nq,t no amas,mambo kingz dj luian anuel aa karol g arcngel,0.7820359281437127,0.586435070306038,0.5578947368421053,0.4446638011251735,0.5643262655759709,0
3969,5J7teKIJGtqVypgYI6sqXj,una vez,bad bunny mora,0.4790419161676648,0.5957402812241522,0.5378947368421053,0.1327902111773543,0.224414899727326,1
3970,5JCoSi02qi3jJeHdZXMmR8,favorite crime,olivia rodrigo,0.2622754491017964,0.2586848635235731,0.1957894736842105,0.871226388666707,0.7630699097334326,2
3971,5JEx7HbmvHQQswJCsoo9rA,close to me with diplo feat swae lee,ellie goulding diplo swae lee,0.5089820359281437,0.761166253101737,0.4852631578947368,0.0959690066867408,0.5888125079353563,1
3972,5JSVa5i6lFPoyOzK4gj0Ox,no shame,5 seconds of summer,0.5101796407185629,0.8200992555831266,0.4347368421052631,0.0187048398867649,0.2675590541659864,1
3973,5JUu0unA8VwhTZ9LkMWUVI,since way back,drake partynextdoor,0.3808383233532935,0.2524813895781637,0.1999999999999999,0.3500956803022864,0.6443569791836712,2
3974,5JWPUEov2wlX7c0jhYZpeB,lost in yesterday,tame impala,0.5017964071856288,0.8459470636889992,0.7547368421052632,0.0296707177268656,0.8243157455607351,0
3975,5Ja2u1FPlVxrxeMWEa2dcn,when im alone,post malone,0.4011976047904192,0.6557071960297768,0.0778947368421052,0.0348015413034265,0.5646285648643583,1
3976,5JdLUE9D743ob2RtgmVpVx,makeba,jain,0.807185628742515,0.6557071960297768,0.4063157894736842,0.3903374338439405,0.419289112993428,1
3977,5JiH89mHrv9oWHlD0T326z,to be so lonely,harry styles,0.7281437125748504,0.4282464846980975,0.6031578947368421,0.6217275167084515,0.3521242570994988,2
3978,5JwLhFNrXw49pn3HQqu02G,summer bummer feat aap rocky  playboi carti,lana del rey aap rocky playboi carti,0.7317365269461079,0.5729942100909843,0.1031578947368421,0.0181012135836401,0.5336368418188744,1
3979,5K6Ssv4Z3zRvxt0P6EKUAP,heartbreak anthem with david guetta  little mix,galantis david guetta little mix,0.532934131736527,0.7880479735318445,0.4705263157894737,0.2172978936148279,0.4679169765234373,1
3980,5KBARWIxeMGkvUax9VtVC9,my type,saweetie,0.8970059880239521,0.815963606286187,0.5842105263157894,0.0006735161685882,0.352601889975151,0
3981,5KCbr5ndeby4y4ggthdiAb,wonder,shawn mendes,0.2191616766467066,0.6360628618693135,0.1052631578947368,0.1317841673388129,0.5633649538388987,1
3982,5KD6AEm19QnMbfWpfoOHMl,now that we dont talk taylors version from the vault,taylor swift,0.7700598802395211,0.5068238213399504,0.0359999999999999,0.1871165784585873,0.3825657954401175,1
3983,5KFHrrBMyGj5MhVbZMM3ts,tu veneno,j balvin,0.6155688622754493,0.6588089330024814,0.8052631578947369,0.0628701643987303,0.7805851305026028,0
3984,5KHzV8Gf3aweIMImliFAOs,happy xmas war is over feat sean ono lennon,miley cyrus mark ronson sean ono lennon,0.1604790419161676,0.6360628618693135,0.1736842105263157,0.0629707687825844,0.2740463968947816,1
3985,5KI7I4mEtulXcv5VQJaV35,just like me,21 savage burna boy metro boomin,0.665868263473054,0.6495037220843674,0.4736842105263158,0.4738390724428727,0.2192637198532034,2
3986,5KPKjcE2trO2hBWRzkb2Mo,bounce back,little mix,0.7556886227544911,0.8604218362282878,0.3978947368421052,0.0264513774435333,0.3404071366816002,1
3987,5KQxun2WxwDMsV7HCN2ONK,rich mf feat lil durk,trippie redd polo g lil durk,0.7257485029940121,0.6991315136476427,0.6610526315789473,0.0854055463820566,0.1860893959455619,0
3988,5KVciTEfXvpcFHR3RFbtJy,wassup,logic big sean,0.7508982035928146,0.5667907361455748,0.3042105263157895,0.0874176340591393,0.5639393224868348,1
3989,5KW4KhJIAbVVSH6pJ4GPkb,tie that binds,drake,0.7485029940119762,0.6887923904052936,0.2652631578947367,0.0176987960482235,0.4431647107902708,1
3990,5KbBGUpIZd6gVFUU8tqYiQ,si se da,myke towers farruko,0.81437125748503,0.7115384615384616,0.7063157894736841,0.3762528201043615,0.2857272413980737,0
3991,5KfJvZ0PZzRdwFRaTUDAA7,somebody,jung kook,0.598802395209581,0.6794871794871795,0.2357894736842105,0.2877209623127225,0.3587748414440232,1
3992,5KlPy74NOEAt8jC3FYURnQ,urgency feat syd,lil uzi vert syd,0.5616766467065869,0.7880479735318445,0.4621052631578947,0.0327894536263438,0.6609290261730725,1
3993,5L3ecxQnQ9qTBmnLQiwf0C,kpop,travis scott bad bunny the weeknd,0.7952095808383234,0.6164185277088503,0.5294736842105263,0.0388257166575919,0.4495613637325498,0
3994,5LABCxgmP7DATATIJXOh6n,ever since new york,harry styles,0.2862275449101796,0.532671629445823,0.3694736842105263,0.2012011921981662,0.4912121596865761,1
3995,5LHHKZOwV8XW4LJP2C64mw,cooler than a bitch feat roddy ricch,gunna roddy ricch,0.8227544910179642,0.5833333333333334,0.6168421052631579,0.2826907431200158,0.425323006789642,0
3996,5LOiuvbH62YGtnwe6Ltt4T,mirror,kendrick lamar,0.6011976047904193,0.6701819685690654,0.2547368421052631,0.2263522881617,0.2733692464887937,1
3997,5LTGmestwpHZ1BfCmpFQJx,entertainer,zayn,0.665868263473054,0.56575682382134,0.5347368421052632,0.5040203875991133,0.6486677670360765,2
3998,5LXj9Ch3O9ATm1NoHT8GXn,hypnotised,coldplay,0.4347305389221557,0.6836228287841192,0.1273684210526315,0.3410412857554142,0.443400504235213,1
3999,5LYMamLv12UPbemOaTPyeV,music for a sushi restaurant,harry styles,0.6826347305389222,0.7167080231596361,0.3421052631578947,0.2595517348335647,0.3647119994679532,1
4000,5LYRIyhmlrDAQsYdHEvP0f,mona lisa,booba jsx,0.7592814371257487,0.5244003308519438,0.2252631578947368,0.6871203662136395,0.5279536151971898,2
4001,5LZtB6nxvjIhUoElp3Zqk0,teach me how to love,shawn mendes,0.5293413173652696,0.8924731182795699,0.7357894736842105,0.050797638336234,0.3160418140375697,0
4002,5Lbsc65org0b85kNsPkluY,only angel,harry styles,0.4838323353293414,0.848014888337469,0.3326315789473684,0.2887270061512639,0.407003669913361,1
4003,5LciLoxa1gK70yIUeoHgRx,to my love  tainy remix,bomba estreo tainy,0.7353293413173654,0.5874689826302729,0.2621052631578947,0.1297720796617302,0.322118029734158,1
4004,5Lgqu1th1KqlG97OF2gWGe,window pain  outro,j cole,0.6814371257485031,0.6246898263027295,0.1547368421052631,0.0610592854893558,0.1711860410280594,1
4005,5LhI8m7n8xlQmNe3b7Rwis,madonna,natanael cano oscar maydon,0.6970059880239522,0.880066170388751,0.6631578947368422,0.0451637928404025,0.4916051487614798,0
4006,5MFzQMkrl1FOOng9tq6R9r,dont wanna know feat kendrick lamar,maroon 5 kendrick lamar,0.7580838323353295,0.6215880893300249,0.4368421052631579,0.3400352419168729,0.3224324209940809,1
4007,5MMW4CZsZiZt2iuqAXzzWC,the heart part 5,kendrick lamar,0.658682634730539,0.8169975186104219,0.8094736842105263,0.1840984469429632,0.306452880609919,0
4008,5MPPttjfGap2C6j6eKcO6J,baby lil baby feat dababy,quality control lil baby dababy,0.9820359281437128,0.45616211745244,0.4505263157894736,0.0962708198383032,0.3705282377765282,1
4009,5MYzajZVxBaPT2JUSRa99L,wake up call feat trippie redd,ksi trippie redd,0.5892215568862277,0.6691480562448305,0.2052631578947368,0.3199143651460458,0.6612252794756921,1
4010,5MvLsT03RBp67RLoeISCdl,do you mean,the chainsmokers ty dolla ign blow,0.5389221556886228,0.6660463192721258,0.5621052631578947,0.1026088960211137,0.3220757078337837,0
4011,5N1o6d8zGcSZSeMFkOUQOk,hot girl summer feat nicki minaj  ty dolla ign,megan thee stallion ty dolla ign nicki minaj,0.8646706586826348,0.8190653432588916,0.5663157894736841,0.0048717371068213,0.3160055381229632,0
4012,5N4erncE7kuUccm7zEmwzk,electricity with dua lipa,silk city dua lipa diplo mark ronson,0.5245508982035929,0.6701819685690654,0.4978947368421053,0.0104552804107258,0.4319312692337922,1
4013,5N5k9nd479b1xpDZ4usjrg,promises with sam smith,calvin harris sam smith jessie reyez,0.7556886227544911,0.7715053763440861,0.4778947368421052,0.0119643461685378,0.4616231053392099,1
4014,5NAOhPAZ57eFAXr3qatS6i,breathe,yeat,0.7437125748502995,0.5368072787427627,0.0778947368421052,0.0276586300497829,0.431356900585856,1
4015,5NNlUMcOEOdoOIwwaWXv0k,cold feat future,maroon 5 future,0.6622754491017965,0.7167080231596361,0.4894736842105263,0.1398325180471437,0.32168271875888,1
4016,5NPzbTzFxIQPaheZuPhn4f,forever alone,paulo londra,0.8550898203592815,0.4179073614557485,0.4684210526315789,0.5010022560834893,0.5032436713643977,2
4017,5NU40QTlXrDUJzDBdv79bg,deserve you,justin bieber,0.6311377245508983,0.6319272125723739,0.3968421052631579,0.0315822010200942,0.2612833209390624,1
4018,5NhLA2P7AiV3cloVmwtwLS,pasiempre,tainy arcngel jhayco myke towers omar courtz arca,0.6035928143712577,0.815963606286187,0.4210526315789473,0.040334782415404,0.7048712507330757,1
4019,5NsCv3I7o0f6vSQScG01f1,pass auf wen du liebst,ufo361,0.5293413173652696,0.5688585607940446,0.2978947368421052,0.1468748249169332,0.7095689816746171,1
4020,5NxhMcHSVY3Z7ykWxZf3aj,en la de ella,jhayco feid sech,0.7976047904191618,0.7735732009925559,0.6726315789473685,0.0802747228054956,0.3039437965163029,0
4021,5O2P9iiztwhomNh8xkR9lJ,night changes,one direction,0.6251497005988026,0.5150951199338296,0.3557894736842105,0.8641840817969174,0.4430679750179868,2
4022,5O4erNlJ74PIF6kGol1ZrC,could you be loved,bob marley  the wailers,0.917365269461078,0.7218775847808105,0.7663157894736842,0.3621682063647826,0.3421665185400153,0
4023,5O8x1YlmLQopQHErxtDfi9,unfazed feat the weeknd,lil uzi vert the weeknd,0.7520958083832336,0.7084367245657568,0.4484210526315789,0.0461698366789438,0.4834732979038567,1
4024,5OCJzvD7sykQEKHH7qAC3C,god is a woman,ariana grande,0.5413173652694612,0.6577750206782466,0.2484210526315789,0.0234332459279092,0.5943989987847569,1
4025,5OELUCYgOHKFAvCERnAvfS,more than my hometown,morgan wallen,0.5628742514970061,0.8759305210918115,0.5947368421052631,0.6187093851928275,0.4794527173683033,0
4026,5ONOlTiqymhzwcFjqcIT6E,hate you,jung kook,0.3221556886227545,0.260752688172043,0.2294736842105263,0.8672022133125415,0.1987738740863003,2
4027,5OOkp4U9P9oL23maHFHL1h,panda,desiigner,0.5101796407185629,0.7694375516956162,0.2147368421052631,0.0281616519690536,0.5932018936027426,1
4028,5OX1JvE7gTkOd1DSzlrtFw,salir con vida,morat feid,0.5532934131736528,0.6980976013234077,0.6326315789473684,0.2625698663491888,0.2736292238768069,0
4029,5Ohxk2dO5COHF1krpoPigN,sign of the times,harry styles,0.4383233532934133,0.5926385442514475,0.1999999999999999,0.0276586300497829,0.442892641430722,1
4030,5OqIKA0ETzvxocl2IS7nV6,extasy,187 strassenbande bonez mc frauenarzt,0.8538922155688623,0.7425558312655087,0.5347368421052632,0.0290670914237408,0.5033162231936106,0
4031,5OxclJsdFESni44YlpNpkR,parasite eve,bring me the horizon,0.525748502994012,0.8014888337468984,0.2105263157894736,0.0290670914237408,0.3371906722531575,1
4032,5P1z8XwsCStb74emERTx9v,letter to my brudda,21 savage,0.377245508982036,0.8769644334160464,0.5873684210526315,0.2253462443231587,0.6656751250007558,0
4033,5PAAUJTKLT0nCmHUlLdPXb,andere welt,capital bra clueso kc rebell,0.6491017964071857,0.7673697270471465,0.5599999999999999,0.577461587812632,0.2255817749805016,2
4034,5PIB8aoUJoCRh1O5TEGdOj,ghostbusters,ray parker jr,0.7532934131736528,0.7187758478081059,0.7968421052631579,0.0125679724716626,0.4151536587282873,0
4035,5PIBgH1cUFwu5IiUk9tnN9,walk on water feat beyonc,eminem beyonc,0.3808383233532935,0.4365177832919768,0.6368421052631579,0.8008033199688123,0.1771534289808282,2
4036,5PLqXnvHH7Gh6CcfiUEr7e,mas altas que bajadas,natanael cano,0.5389221556886228,0.597808105872622,0.5926315789473684,0.0038958745834362,0.264312359808705,1
4037,5PPUw4Xo3Hz6rl4GpBfd3c,savior  interlude,kendrick lamar,0.5604790419161677,0.4220430107526881,0.8357894736842104,0.8118698021927672,0.4256797199499392,2
4038,5PUXKVVVQ74C3gl5vKy9Li,heeriye feat arijit singh,jasleen royal arijit singh harrykahanhai,0.6922155688622755,0.488213399503722,0.5536842105263159,0.5191110451772336,0.3524144644163507,2
4039,5PYQUBXc7NYeI1obMKSJK0,never really over,katy perry,0.7425149700598804,0.8893713813068652,0.371578947368421,0.1951649291669181,0.3220877998053192,1
4040,5PZAbR6JHYYV9xp5gv0XES,bandido,z felipe mc mari,0.8766467065868265,0.7229114971050455,0.9873684210526316,0.0963714242221573,0.4431707567760385,0
4041,5PfFHceiEv61KldMOuVrv8,siempre pendientes,peso pluma luis r conriquez,0.747305389221557,0.7508271298593879,0.7178947368421053,0.3329929350470834,0.5393684363267008,0
4042,5PfTI3zrQbZEWcQdycMqJM,gang up with young thug 2 chainz  wiz khalifa feat pnb rock,young thug 2 chainz wiz khalifa pnb rock,0.5760479041916169,0.7342845326716294,0.5442105263157895,0.0305761571815528,0.6351973107455304,0
4043,5Py8zRKGkZvgHniVVtvNCN,all around me,justin bieber,0.4982035928143713,0.4303143093465674,0.6947368421052631,0.8138818898698499,0.4256918119214747,2
4044,5PyDJG7SQRgWXefgexqIge,agora hills,doja cat,0.724550898203593,0.6877584780810588,0.3673684210526315,0.1840984469429632,0.4612603461931451,1
4045,5Q2P43CJra0uRAogjHyJDK,baby its cold outside feat meghan trainor,brett eldredge meghan trainor,0.518562874251497,0.5688585607940446,0.6863157894736842,0.7424527773334139,0.4067739224541866,2
4046,5QO79kh1waicV47BqGRL3g,save your tears,the weeknd,0.6347305389221558,0.8314722911497104,0.6442105263157895,0.0213205538669724,0.4312783027708752,0
4047,5QW9K4A1gMnIi94YUxtsfM,phir aur kya chahiye from zara hatke zara bachke,sachinjigar arijit singh amitabha bhattacharya,0.4862275449101798,0.5481803143093467,0.5252631578947369,0.534201702755354,0.3224505589513842,2
4048,5QYnNhTKsN3kE7OaqILA1U,first times,ed sheeran,0.5233532934131737,0.2535153019023987,0.3368421052631578,0.8450692488646318,0.3151591001154782,2
4049,5QZKcQDp0tCcvMdyqEciBV,tommy lee feat post malone,tyla yaweh post malone,0.3676646706586827,0.6195202646815551,0.6336842105263157,0.2193099812919106,0.2336229360516085,0
4050,5QskYLFPX9y7pLU0VEMNbr,like to be you feat julia michaels,shawn mendes julia michaels,0.7017964071856289,0.4427212572373862,0.6642105263157895,0.8138818898698499,0.6479482947297142,2
4051,5QvBXUm5MglLJ3iBfTX2Wo,running out of time,tyler the creator,0.2514970059880239,0.3817204301075269,0.1368421052631579,0.2977814006981361,0.2271053633939746,2
4052,5QvW5lK6mkfTegpAK9JOO7,paris to tokyo,fivio foreign the kid laroi,0.5892215568862277,0.7911497105045493,0.3936842105263157,0.0186042355029108,0.6046892665614665,1
4053,5R0cvR5BMFkLomChhmcCzr,kick it,blackpink,0.7353293413173654,0.7911497105045493,0.3673684210526315,0.0153848952195784,0.4729835125968113,1
4054,5R2rsbwCDXORX2tLfprRmM,yacht club feat juice wrld,lil yachty juice wrld,0.6838323353293414,0.5026881720430108,0.4473684210526315,0.3189083213075044,0.6843632670088695,1
4055,5R4Yrc2j4jw1itr4hKcN26,feline with polo g  trippie redd,juice wrld polo g trippie redd,0.5089820359281437,0.6174524400330852,0.2778947368421052,0.0209181363315559,0.3832610838034087,1
4056,5R691ipUYRDYW6ehapjoj6,9 5  s o u t h,j cole,0.6742514970059881,0.7973531844499587,0.18,0.2726303047346023,0.151185920108344,1
4057,5R9KPXQVeyqsHZoPLMgfNy,baby me atende,matheus fernandes dilsinho,0.598802395209581,0.7963192721257238,0.8842105263157894,0.6106610344844967,0.6487886867514314,0
4058,5RAIMjdrCEjpjaR5tBATXU,aloha,maluma bele rauw alejandro mambo kingz dj luian darell,0.7868263473053894,0.7136062861869313,0.8,0.5352077465938953,0.3221663976203,0
4059,5RX8T3EoTuXcybAxe6oPAw,cha cha cha,krij,0.6802395209580839,0.7952853598014888,0.7484210526315789,0.0020749352356763,0.6551672017364072,0
4060,5RcxRGvmYai7kpFSfxe5GY,chanel,becky g peso pluma,0.8407185628742516,0.67535153019024,0.5221052631578947,0.3993918283908127,0.5156439881740518,0
4061,5RgBnDtHKFHgtVdqabjGE3,harder with bebe rexha,jax jones bebe rexha,0.9053892215568864,0.8387096774193549,0.7578947368421053,0.0904357655747633,0.3464289385062787,0
4062,5RhFmJifQe83FpQ6ZFFTZ5,i am not a woman im a god,halsey,0.4467065868263474,0.7032671629445822,0.4863157894736842,0.0039864185289049,0.8057727072110472,1
4063,5RmSunLqeDqNWww8LWhAiK,wacha,khea duki,0.702994011976048,0.6329611248966088,0.5221052631578947,0.3470775487866623,0.2914709278774358,0
4064,5RqSsdzTNPX1uzkmlHCFvK,qlona,karol g peso pluma,0.8275449101796407,0.7404880066170388,0.4757894736842105,0.523135220531399,0.7448654465867388,0
4065,5RsKelNxucrDxgMbZ3vd3W,young  alive,bazzi,0.6778443113772455,0.5595533498759305,0.4873684210526315,0.3279627158543766,0.2375286428575746,1
4066,5RubKOuDoPn5Kj5TLVxSxY,te mudaste,bad bunny,0.791616766467066,0.6360628618693135,0.4621052631578947,0.2354066827085722,0.2739254771794268,1
4067,5S1IUPueD0xE0vj4zU3nSf,bigger than you feat drake  quavo,2 chainz drake quavo,0.8838323353293415,0.5099255583126552,0.2442105263157894,0.2484852526096098,0.5700820440268684,1
4068,5S4PZ7AuYlYiVIVik3wHUf,tales of dominica,lil nas x,0.7089820359281438,0.7363523573200993,0.5357894736842106,0.6327939989324064,0.4125417928766196,2
4069,5SE57ljOIUJ1ybL9U6CuBH,dna,bts,0.5365269461077845,0.7787427626137304,0.6894736842105263,0.0221253889378055,0.5024274632857513,0
4070,5SFXOMJJ334Wn2PwBHeRZN,girls like us,zoe wees,0.3520958083832336,0.6474358974358975,0.1463157894736842,0.2897330499898052,0.4775603238229978,1
4071,5SHhPFh68OhUmuRPymKX9d,undrunk,fletcher,0.6335329341317367,0.5688585607940446,0.5368421052631579,0.4577423710262111,0.2789678293097298,2
4072,5SHpuW2qjkQtFRpE6P9Nks,the 30th,billie eilish,0.2838323353293414,0.1170388751033912,0.1873684210526315,0.934607150494812,0.2192818578105066,2
4073,5SWnsxjhdcEDc7LJjq9UHk,runnin,21 savage metro boomin,0.8011976047904192,0.6246898263027295,0.403157894736842,0.007517632402185,0.5821800615481352,1
4074,5ScbulRnixQ2XAdvrPMFjz,get along better,drake ty dolla ign,0.2035928143712575,0.4592638544251447,0.3221052631578948,0.0064814072484875,0.7918729859309912,1
4075,5Se32hEA9raeboZerywxka,you broke my heart,drake,0.377245508982036,0.7011993382961125,0.2568421052631578,0.2042193237137903,0.4482252008778771,1
4076,5SehvGGC53A7SZKCLXQcyt,nico and the niners,twenty one pilots,0.6922155688622755,0.5998759305210918,0.311578947368421,0.0703148888039363,0.5644713692343968,1
4077,5SiZJoLXp3WOl3J4C8IK0d,darkness,eminem,0.6239520958083834,0.6215880893300249,0.171578947368421,0.0100327419985384,0.1713250987007176,1
4078,5SixeLvPsYpk7qq9lo5xYg,have mercy,chle,0.9017964071856288,0.5306038047973533,0.5010526315789474,0.2987874445366774,0.5036547983966044,0
4079,5SleX0NFeODNY7Xenal3gr,only you,zara larsson,0.4754491017964073,0.5895368072787428,0.4410526315789473,0.4989901684064065,0.7092485444289263,2
4080,5SwyN9hzmWjBsINlif8li8,ficha limpa,gusttavo lima,0.747305389221557,0.7342845326716294,0.7389473684210526,0.1086451590523618,0.5337819454773003,0
4081,5T03itPFOPGGkvVPvPiyla,put it all on me feat ella mai,ed sheeran ella mai,0.5712574850299402,0.5916046319272126,0.3747368421052631,0.257539647156482,0.3282305213453527,1
4082,5T8EDUDqKcs6OSOwEsfqG7,dont stop me now  remastered 2011,queen,0.4898203592814373,0.8748966087675766,0.6073684210526316,0.04777950682061,0.6625009824726873,0
4083,5TCBWmEBrin7etRa4Lswr1,when to say when,drake,0.311377245508982,0.825268817204301,0.52,0.2535154718023166,0.7497022352009384,1
4084,5TGcyccg8Hkgn9jB7gUpMN,never let me down,vize tom gregory,0.7281437125748504,0.8542183622828784,0.7094736842105263,0.2082434990679557,0.491115423914292,0
4085,5TJEBoTCDbJXiKMdCN9pd3,hold me closer,elton john britney spears,0.6095808383233534,0.7756410256410257,0.4757894736842105,0.0752445036127889,0.4794466713825355,1
4086,5TMLavqGRKNxgzMBrVpC9R,mon amour  remix,zzoilo aitana,0.7161676646706588,0.7642679900744417,0.3473684210526315,0.1227297727919407,0.4191258713776988,1
4087,5TOgxgZrIZzvaKg9r2bvc2,chemical,post malone,0.407185628742515,0.901778329197684,0.3663157894736841,0.0012097375345308,0.7448049867290611,1
4088,5TRPicyLGbAF2LGBFbHGvO,flashing lights,kanye west dwele,0.5856287425149702,0.6267576509511994,0.4189473684210526,0.0383226947383213,0.2645965211397892,1
4089,5TXDeTFVRVY7Cvt0Dw4vWW,revenge,xxxtentacion,0.7137724550898205,0.2369727047146402,0.1557894736842105,0.7867187062292333,0.5639755984014414,2
4090,5TmZYdHW6HJ9gt7Aokuql5,sutra,sebastian yatra dalmata,0.7137724550898205,0.7477253928866833,0.8378947368421052,0.0476789024367558,0.806310799944377,0
4091,5Ts1DYOuouQLgzTaisxWYh,love grows where my rosemary goes,edison lighthouse,0.5005988023952096,0.8294044665012407,0.7589473684210526,0.4054280914220608,0.3742888409240685,0
4092,5TxRUOsGeWeRl3xOML59Ai,are we still friends,tyler the creator,0.0790419161676646,0.4913151364764267,0.2957894736842105,0.1287660358231888,0.8500051390879027,1
4093,5TysCiZtv1HnSWcTcUFusI,suena el dembow,joey montana sebastian yatra,0.644311377245509,0.8655913978494624,0.6978947368421052,0.1871165784585873,0.2740282589374784,0
4094,5U1OEoEW4xnalSAToamwZL,did you know that theres a tunnel under ocean blvd,lana del rey,0.3365269461077845,0.3289909015715467,0.022,0.7987912322917297,0.4423182727827858,2
4095,5U4laaEEChW8FOtZXCu8C7,put on a smile,bruno mars anderson paak silk sonic,0.4766467065868265,0.6257237386269645,0.4852631578947368,0.0473770892851934,0.5881293115436006,1
4096,5UMMPHPp6vRP6ghPpSUOzp,clouds,nf,0.7700598802395211,0.6495037220843674,0.8178947368421053,0.3732346885887375,0.4921009195944352,0
4097,5UWwZ5lm5PKu6eKsHAGxOk,everlong,foo fighters,0.3149700598802395,0.8883374689826303,0.3494736842105262,5.268651582441063e-05,0.6732084232673716,1
4098,5Ua3GXyHwiSfpNTMjq6m2z,touch,little mix,0.5473053892215569,0.7198097601323408,0.5463157894736842,0.032185827323219,0.3331519537603009,1
4099,5UlnuulVAVmmesw4VzqHdG,enemy  from the series arcane league of legends,imagine dragons arcane league of legends,0.6850299401197606,0.7477253928866833,0.5136842105263159,0.2484852526096098,0.1832598746062551,0
4100,5UtiebKGhsSce9gX1qCqic,bonnie  clyde,loredana mozzik,0.7688622754491019,0.6184863523573201,0.6368421052631579,0.1106572467294445,0.7452705276331781,0
4101,5UusfWUMMLEXLMc1ViNZoe, meh,playboi carti,0.8694610778443116,0.4861455748552523,0.3873684210526316,0.0136746206940581,0.6307535112062348,1
4102,5VTjBl3ddZEiG2LrH4VzyR,toma toma vapo vapo,z felipe mc danny,0.7341317365269462,0.8655913978494624,0.8221052631578947,0.3239385405002112,0.7094178320304234,0
4103,5VTqW8raQYnj2avZ27nO2a,penhasco,lusa sonza,0.3353293413173653,0.4602977667493796,0.368421052631579,0.7796763993594439,0.18458999147516,2
4104,5VuxWXbt7XENQCtE9TzpTv,spoil my night feat swae lee,post malone swae lee,0.6251497005988026,0.7187758478081059,0.2031578947368421,0.343053373432497,0.6908324717803613,1
4105,5VwwpU7KsLhgfbMEecedhJ,get me feat kehlani,justin bieber kehlani,0.8167664670658683,0.5026881720430108,0.7557894736842106,0.0494897813461303,0.3786842725772223,0
4106,5VxmI3IdgAxWVvUnJoLuY2,speed drive from barbie the album,charli xcx,0.6011976047904193,0.8862696443341604,0.7968421052631579,0.0028495889913532,0.7690917115581111,0
4107,5VzNsUnLmYcRfRfxpQsusa,la nota,manuel turizo rauw alejandro myke towers,0.7017964071856289,0.6308933002481389,0.4957894736842105,0.1810803154273392,0.2739557071082655,1
4108,5W1qmxHrMlQGGAiFA3ZQqP,se le ve,dmelo flow dalex sech justin quiles arcngel de la ghetto lenny tavrez,0.4934131736526947,0.7580645161290323,0.6073684210526316,0.0972768636768445,0.2253883034359337,0
4109,5W4kiM2cUYBJXKRudNyxjW,you proof,morgan wallen,0.6970059880239522,0.8449131513647643,0.628421052631579,0.2665940417033541,0.4413932369603202,0
4110,5W7DOVGQLTigu09afW7QMT,295,sidhu moose wala,0.4874251497005989,0.7983870967741936,0.4210526315789473,0.1800742715887978,0.2699411725584797,1
4111,5W83ErFkO3aKAIS1WMi6u0,secreto,anuel aa karol g,0.7868263473053894,0.8076923076923078,0.7094736842105263,0.6056308152917899,0.2736957297202522,0
4112,5W8HXMOMLtXLz0RGKUtnlZ,last one standing feat polo g mozzy  eminem  from venom let there be carnage,skylar grey polo g mozzy eminem,0.6155688622754493,0.6929280397022333,0.211578947368421,0.2384248142241962,0.6542119359851026,1
4113,5W8jRrZ6tWrTrqnKRtIQBf,p r i d e  i s  t h e  d e v i l with lil baby,j cole lil baby,0.8514970059880241,0.6557071960297768,0.3147368421052632,0.1046209836981964,0.2554368527016487,1
4114,5WEqjIUHkwZ5h3DSE7F9bM,friend of mine feat vargas  lagola,avicii vargas  lagola,0.6598802395209581,0.7187758478081059,0.6673684210526316,0.0182018179674942,0.3825960253689562,0
4115,5WHTFyqSii0lmT9R21abT8,dont call me up,mabel,0.6275449101796409,0.8883374689826303,0.2126315789473684,0.2977814006981361,0.3160599519948729,1
4116,5WNYg3usc6H8N3MBEp4zVk,boredom feat rex orange county  anna of the north,tyler the creator rex orange county anna of the north,0.4898203592814373,0.575062034739454,0.2178947368421052,0.7947670569375642,0.2008476472046385,2
4117,5WnfnSpuNEGXyEt78PBA6d,costa rica with bas  jid feat guapdad 4000 reese laflare jace mez smokepurpp buddy  ski mask the slump god,dreamville bas jid guapdad 4000 reese laflare jace mez smokepurpp buddy ski mask the slump god,0.5892215568862277,0.6464019851116626,0.6652631578947369,0.520117089015775,0.4475903723722634,0
4118,5WrEilrRI5cIW0DxMvQYPZ,jopping,superm,0.7065868263473055,0.8407775020678246,0.5294736842105263,0.0139764338456205,0.4613449899938935,0
4119,5WtfUKzXircvW8l5aaVZWT,what a time feat niall horan,julia michaels niall horan,0.4383233532934133,0.4602977667493796,0.3726315789473684,0.6659934456042711,0.5208193519912454,2
4120,5WvAo7DNuPRmk4APhdPzi8,no brainer,dj khaled justin bieber quavo chance the rapper,0.4814371257485031,0.7632340777502068,0.6389473684210526,0.0737354378549769,0.5379959975574218,0
4121,5WxVXxCMRnvxUKFq40ELwq,escapism,raye 070 shake,0.4646706586826349,0.7446236559139785,0.2294736842105263,0.1388264742086024,0.2986051910833802,1
4122,5XVdHRf4CAJ2Jm0uMIy5qY,la vctima,xavi,0.7520958083832336,0.8407775020678246,0.6673684210526316,0.1529110879481813,0.5644774152201646,0
4123,5XWlyfo0kZ8LF7VSyfS4Ew,drama,aespa,0.591616766467066,0.8790322580645161,0.3642105263157894,0.1649836140106775,0.5096645082497475,1
4124,5XbA7TAqsD0fj0dGBrbb0D,i heard youre married feat lil wayne,the weeknd lil wayne,0.7017964071856289,0.8542183622828784,0.791578947368421,0.103614939859655,0.3822755881232655,0
4125,5XeFesFbtLpXzIVDNQP22n,i wanna be yours,arctic monkeys,0.3760479041916168,0.4086021505376344,0.4705263157894737,0.1368143865315197,0.1258169638268671,1
4126,5Xhqh4lwJPtMUTsdBztN1a,me gusta,shakira anuel aa,0.7485029940119762,0.6970636889991728,0.7821052631578947,0.0562302750643573,0.2738166494356073,0
4127,5Xitt5a5uLQ1QtYdFxmi9e,se me olvid,christian nodal,0.5952095808383234,0.5502481389578164,0.7421052631578947,0.3500956803022864,0.5750034764418166,0
4128,5XkyZyKMdFungjDb9cUKc3,a brand new day bts world original soundtrack pt 2,bts zara larsson,0.7832335329341319,0.4923490488006617,0.7073684210526315,0.3410412857554142,0.3524205104021184,0
4129,5Xn4IyTtW6FUGIUyWjbUHG,goodbye feat nicki minaj  willy william,jason derulo david guetta nicki minaj willy william,0.5904191616766469,0.9121174524400332,0.4726315789473684,0.0780614263607047,0.3404494585819745,1
4130,5XqCz18k96K8tx6DAYM97i,pa romperla,bad bunny don omar,0.7449101796407187,0.8356079404466501,0.7,0.0160891259065574,0.2859328049141772,0
4131,5XsAal7ZcWg1I5T4NcRjkv,halleys comet,billie eilish,0.302994011976048,0.1418527708850289,0.0064210526315789,0.9668005533281354,0.1551520867719876,2
4132,5XzombolzpiaOSTdj1W0VS,bleed,a boogie wit da hoodie,0.6562874251497006,0.5688585607940446,0.3778947368421053,0.1358083426929783,0.1495051360649096,1
4133,5Y35SjAfXjjG0sFQ3KOxmm,nobody gets me,sza,0.2491017964071856,0.271091811414392,0.2568421052631578,0.8098577145156844,0.3209088325806081,2
4134,5Y3Tj0wJhKAaPbwWxXxZGS,feelings mutual,lil uzi vert,0.5209580838323353,0.6918941273779983,0.3336842105263157,0.1056270275367377,0.4792048319518255,1
4135,5Y9fnynLlIvqtM710MHzfz,sguelo bailando,ozuna,0.844311377245509,0.663978494623656,0.6252631578947369,0.1659896578492189,0.3101409319282462,0
4136,5YABYtKx9qa56vBjlXDbmw,snooze acoustic feat justin bieber,sza justin bieber,0.3736526946107785,0.3196856906534326,0.6021052631578947,0.9164983614010678,0.5722283689744194,2
4137,5YL553x8sHderRBDlm3NM3,white horse taylors version,taylor swift,0.3269461077844312,0.511993382961125,0.351578947368421,0.3712226009116548,0.8376350522070872,1
4138,5YLGlPYkZBDXieMwzVve7g,move feat grace jones  tems,beyonc grace jones tems,0.8694610778443116,0.6267576509511994,0.8178947368421053,0.0165921478258281,0.431139245098217,0
4139,5YRFttxjAEgm2nq5Z2tlqK,lord i need you,kanye west,0.6718562874251498,0.4199751861042183,0.1736842105263157,0.1458687810783918,0.2195781111131264,1
4140,5YSHygGN9D0mID1NsVd5my,reminds me of you,juice wrld the kid laroi,0.554491017964072,0.6298593879239041,0.3136842105263158,0.0666931309851874,0.624393134178562,1
4141,5YYW3yRktprLRr47WK219Y,ella no es tuya  remix,rochy rd myke towers nicki nicole,0.5209580838323353,0.609181141439206,0.9789473684210526,0.3923495215210232,0.3042521417904582,0
4142,5YaskwnGDZFDRipaqzbwQx,your love 9pm,atb topic a7s,0.621556886227545,0.7880479735318445,0.5105263157894737,0.1951649291669181,0.4792955217383418,0
4143,5YbPxJwPfrj7uswNwoF1pJ,last last,burna boy,0.7724550898203595,0.5616211745244003,0.5452631578947369,0.1317841673388129,0.2491369355316536,0
4144,5YeHLHDdQ4nKHk81XFWhCU,successful,ariana grande,0.8347305389221559,0.6009098428453268,0.74,0.1076391152138204,0.4070580837852708,0
4145,5YqltLsjdqFtvqE7Nrysvs,we are never ever getting back together taylors version,taylor swift,0.4994011976047904,0.686724565756824,0.72,0.0318840141716566,0.7575378327559419,0
4146,5Yu1AOnIzC1tWRJ4U0uW7u,ela e ela,z neto  cristiano,0.5089820359281437,0.6691480562448305,0.5178947368421053,0.274642392411685,0.3825960253689562,1
4147,5YxP1CkunbhUQVvctFOHa7,fuck 3x,thasup,0.6047904191616768,0.8190653432588916,0.6926315789473684,0.0702142844200821,0.8063168459301446,0
4148,5YzA563GXTuwQaRq24z1k5,como antes feat wisin,yandel wisin,0.7940119760479043,0.8831679073614558,0.751578947368421,0.1830924031044219,0.2918336870235007,0
4149,5Z3GHaZ6ec9bsiI5BenrbY,young dumb  broke,khalid,0.7772455089820361,0.5347394540942929,0.3810526315789473,0.2001951483596249,0.5455292958240376,1
4150,5Z5nbOXhsSbySVC7WUc6y9,four out of five,arctic monkeys,0.540119760479042,0.869727047146402,0.6778947368421053,0.0629707687825844,0.5046644780198186,0
4151,5Z8HZM6iQMhhqyPcCGY5g9,hot feat gunna,young thug gunna,0.844311377245509,0.6505376344086022,0.5547368421052632,0.0633731863180009,0.3946759049329197,0
4152,5ZJGv7aGdIr9IGpxzSG18T,everybody feat lil uzi vert,nicki minaj lil uzi vert,0.7017964071856289,0.772539288668321,0.3747368421052631,0.0271556081305123,0.5515692356060193,1
4153,5ZSIExfQuVv69tw5Qw3yDl,break da law,21 savage,0.902994011976048,0.5719602977667494,0.3442105263157894,0.0495903857299844,0.5702513316283655,1
4154,5ZX1X9Rl4zbx1Wwyn3idVD,no peace,sam smith yebba,0.6107784431137726,0.5378411910669976,0.1263157894736842,0.3450654611095797,0.5387577917641582,1
4155,5Zlb01Jcn0Ld49zazzZJSB,worth nothing feat oliver tree  fast  furious drift tapephonk vol 1,twisted oliver tree fast  furious the fast saga,0.5437125748502994,0.5988420181968569,0.1305263157894736,0.1508990002710986,0.5632561260950792,1
4156,5ZnJsoJGkQ5K15W7Rcr5JO,no more sad songs feat machine gun kelly,little mix mgk,0.6694610778443114,0.7859801488833748,0.7326315789473684,0.077558404441434,0.3344276567572959,0
4157,5ZrDlcxIDZyjOzHdYW1ydr,barbie girl,aqua,0.7928143712574852,0.8862696443341604,0.9789473684210526,0.0167933565935363,0.5034673728378045,0
4158,5ZwRTJD1bTACtIuW5Iibnu,tricheur,nekfeu damso,0.7257485029940121,0.6360628618693135,0.1673684210526315,0.4054280914220608,0.5527482028307305,1
4159,5a0nHa7F4S9hb0Zi0zLS8w,sugas interlude,halsey suga bts,0.4790419161676648,0.7342845326716294,0.2252631578947368,0.0869146121398686,0.6476339034697913,1
4160,5a6pdCHlWS2ekOOQ70QnAr,july,noah cyrus,0.6682634730538923,0.1697684036393713,0.3042105263157895,0.8732384763437896,0.1561254904805953,2
4161,5aAx2yezTd8zXrkmtKl66Z,starboy,the weeknd daft punk,0.635928143712575,0.5916046319272126,0.5294736842105263,0.1659896578492189,0.8424234729351447,0
4162,5aIVCx5tnk0ntmdiinnYvw,water,tyla,0.6263473053892217,0.7239454094292804,0.5126315789473684,0.0861097770690355,0.4260545710675397,1
4163,5aUSEPNd3m5xliFK4pn5mU,good thing with kehlani,zedd kehlani,0.6502994011976049,0.5605872622001654,0.5705263157894737,0.4014039160678954,0.8415709889418921,0
4164,5abwHwUhywLGNli5NDcEN7,magic,thomas gold jillian edwards,0.5736526946107785,0.8893713813068652,0.4252631578947368,0.0504958251846716,0.3523963264590475,1
4165,5ajjAnNRh8bxFvaVHzpPjh,reckless,madison beer,0.2826347305389222,0.4179073614557485,0.2410526315789473,0.8118698021927672,0.8064498576170354,2
4166,5aucVLKiumD89mxVCB4zvS,rush hour feat jhope of bts,crush jhope,0.7041916167664671,0.7156741108354011,0.7452631578947368,0.1579413071408881,0.2921238943403527,0
4167,5b195aHKKd6oTr4f7DoRCo,olabilir,mero,0.7041916167664671,0.783912324234905,0.7863157894736842,0.325950628177294,0.5634616896111826,0
4168,5b6zjsBrZCqe6RFycLz2tc,schizophrenia,xxxtentacion,0.5461077844311378,0.3382961124896608,0.2178947368421052,0.0766529649867468,0.8061536043144155,1
4169,5bITfqKGaPakO1l99hOMsI,no quiero amarte feat zion  lennox,justin quiles zion  lennox,0.6994011976047905,0.7973531844499587,0.5042105263157894,0.1287660358231888,0.2614465625547917,0
4170,5bJ1DrEM4hNCafcDd1oxHx,self care,mac miller,0.44311377245509,0.5337055417700579,0.1526315789473684,0.3692105132345721,0.5754327414313267,1
4171,5bLGQqcpsz5ISWeihZfJnR,are you entertained feat ed sheeran,russ ed sheeran,0.5233532934131737,0.6081472291149711,0.5515789473684211,0.0404353867992581,0.5039026838130822,1
4172,5bXgMzxuNymWhpwkgvYn4O,100 messaggi,lazza,0.6155688622754493,0.5605872622001654,0.5368421052631579,0.3470775487866623,0.2009262450196191,0
4173,5bcTCxgc7xVfSaMV3RuVke,feels feat pharrell williams katy perry  big sean,calvin harris pharrell williams katy perry big sean funk wav,0.8898203592814372,0.7477253928866833,0.8842105263157894,0.0645804389242506,0.328297027188798,0
4174,5bmSver2b3ZXyuyLKtgnFI,bad con nicky,bad bunny nicky jam,0.5269461077844312,0.7311827956989247,0.7157894736842105,0.3229324966616699,0.2803886359651509,0
4175,5bvnqVuq7UFl0txSlHpsfS,loyal feat drake,partynextdoor drake,0.8574850299401199,0.5254342431761787,0.18,0.520117089015775,0.3520819351991245,2
4176,5bzaS5tAni5oUpW7bWVdtY,i wanna rock feat gunna,geazy gunna,0.7508982035928146,0.8573200992555832,0.7010526315789473,0.0077289016082787,0.3223719611364035,0
4177,5c2HadbVTsMKjja4gohEFI,maman ne le sait pas feat niska,ninho niska,0.724550898203593,0.8821339950372209,0.38,0.4014039160678954,0.5942599411120988,1
4178,5cBrOhKDyiJF9bPGUHKkG0,linda,dalex,0.6107784431137726,0.4975186104218362,0.3831578947368421,0.1317841673388129,0.7810083495063453,1
4179,5cGpjfgAvidLy6znwkCxkP,cant be broken,lil wayne,0.5149700598802396,0.5740281224152192,0.1273684210526315,0.1257479043075648,0.3178072418817526,1
4180,5cQB9fbuQCz4muQUFkv3rR,serendipity  full length edition,bts,0.2359281437125748,0.575062034739454,0.2042105263157894,0.4476819326407976,0.2419119825391931,2
4181,5cQX9BexkPIEESTZijJhXg,i wish i hated you,ariana grande,0.5113772455089821,0.2318031430934657,0.2778947368421052,0.8601599064427521,0.1130599338569157,2
4182,5cXg9IQS34FzLVdHhp7hu7,big shot with travis scott,kendrick lamar travis scott,0.844311377245509,0.4716708023159636,0.2652631578947367,0.0076282972244246,0.5036306144535336,1
4183,5cpJFiNwYyWwFLH0V6B3N8,del mar,ozuna doja cat sia,0.7293413173652696,0.6350289495450786,0.5305263157894737,0.022527806473222,0.382456967696298,0
4184,5d1rmWWF1725tnYjq6rMDB,way to break my heart feat skrillex,ed sheeran skrillex,0.6898203592814373,0.7332506203473945,0.4263157894736842,0.1106572467294445,0.746116965640663,1
4185,5d35jcJj7WjDQBOHCHPY6t,melodien,capital bra juju,0.7197604790419163,0.5244003308519438,0.3136842105263158,0.0854055463820566,0.3237262619483793,1
4186,5dKyZWlgjWw1oJgLa4GCZD,cool girl,tove lo,0.6239520958083834,0.7115384615384616,0.211578947368421,0.3370171104012488,0.3343671968996185,1
4187,5de9Ho64dovuQI8Uhn5gPD,i dont wanna do this anymore,xxxtentacion,0.3389221556886228,0.7818444995864351,0.7705263157894737,0.8480873803802558,0.408043579465414,2
4188,5dhQeuLGmlhfwlI6BWfSpo,roller,apache 207,0.931736526946108,0.761166253101737,0.7336842105263157,0.0304755527976987,0.4915205049607312,0
4189,5e0RPsQUTQu0A29wqD6bZR,super trapper,future,0.7976047904191618,0.4055004135649296,0.1736842105263157,0.4255489681928878,0.6244898699508461,2
4190,5eEQCfq7MXQr6aHLNRUZLs,keii,anuel aa,0.6682634730538923,0.8014888337468984,0.5031578947368421,0.4024099599064367,0.2496810742507512,0
4191,5eTaQYBE1yrActixMAeLcZ,miracle with ellie goulding,calvin harris ellie goulding,0.5820359281437126,0.8759305210918115,0.2884210526315789,0.0380208815867589,0.5821861075339028,1
4192,5egD7A5x9AHdVO2fMo3Wbo,silly watch,lil uzi vert,0.9017964071856288,0.5306038047973533,0.131578947368421,0.029972530878428,0.5042291670445407,1
4193,5elW2CKSoqjYoJ32AGDxf1,polaroid love,enhypen,0.7041916167664671,0.6701819685690654,0.651578947368421,0.4607605025418352,0.5522222020689365,0
4194,5enxwA8aAbwZbf5qCHORXi,all too well 10 minute version taylors version from the vault,taylor swift,0.5760479041916169,0.5130272952853598,0.1821052631578947,0.2756484362502263,0.2799593709756406,1
4195,5esKpsrB3TbGHwFaAjIGMx,move ya hips feat nicki minaj  madeintyo,aap ferg nicki minaj madeintyo,0.7892215568862277,0.6805210918114145,0.0350526315789473,0.0538157698518581,0.5880930356289942,1
4196,5f1joOtoMeyppIcJGZQvqJ,be like that  feat swae lee  khalid,kane brown swae lee khalid,0.6910179640718563,0.6246898263027295,0.3052631578947368,0.0471758805174852,0.2433630191234529,1
4197,5f5r2N4Lp9WoULWPH9zp2W,cant have everything,drake,0.8455089820359282,0.5688585607940446,0.4442105263157895,0.0136746206940581,0.2160049335243864,1
4198,5fHrHoJKfCgBd35zwIBmUK,d4l,future drake young thug,0.6802395209580839,0.7074028122415219,0.8242105263157894,0.012869785623225,0.7453854013627652,0
4199,5fROvzNghPid8mbKNDYvpJ,yo visto as,bad bunny,0.644311377245509,0.8883374689826303,0.6789473684210526,0.0952647759997618,0.4612784841504483,0
4200,5fbHRCsGpFIOLRtlhCRFDR,lemonhead feat 42 dugg,tyler the creator 42 dugg,0.5628742514970061,0.5833333333333334,0.4789473684210525,0.1559292194638054,0.5466357112195357,1
4201,5fc6rQgAKiLutfUYWQ6QnJ,helium,sia,0.3101796407185628,0.4044665012406947,0.1031578947368421,0.4637786340574592,0.5459646067993156,2
4202,5fcM0StdQxMjzulVGhFkHN,8 out of 10,drake,0.4598802395209582,0.6846567411083541,0.3221052631578948,0.1649836140106775,0.7478763474990779,1
4203,5ffntNJnJOeFv7b7DCd0Bw,takin shots,post malone,0.7329341317365271,0.6195202646815551,0.5905263157894737,0.6136791660001207,0.443400504235213,2
4204,5fj32MKLHkut2Vod1UodcU,amygdala,agust d,0.192814371257485,0.772539288668321,0.1347368421052631,0.2273583320002414,0.1907327130151935,1
4205,5fpyAakgFOm4YTXkgfPzvV,asap,newjeans,0.938922155688623,0.4799421009098428,0.3578947368421052,0.468808853250166,0.503836177969637,2
4206,5g7sDjBhZ4I3gcFIpkrLuI,locked out of heaven,bruno mars,0.6922155688622755,0.6980976013234077,0.8821052631578947,0.0559284619127949,0.5880809436574586,0
4207,5gCg2qMPzKkW4jS4dBKdDs,puesto pa guerrial,bad bunny myke towers,0.8586826347305391,0.686724565756824,0.6589473684210526,0.3128720582762563,0.563788172842641,0
4208,5gDWsRxpJ2lZAffh5p7K0w,stargirl interlude,the weeknd lana del rey,0.6766467065868265,0.4633995037220843,0.414736842105263,0.3551258994949931,0.2614707464978628,2
4209,5gEUDNQvoQjdjklrwPdGwD,prteme la cara,c tangana ed maverick,0.7317365269461079,0.2834987593052109,0.5757894736842105,0.554322579526181,0.4910549640566146,2
4210,5gIRPQWULwrvIt0F6pY7ph,stranger things feat onerepublic,kygo onerepublic,0.5437125748502994,0.6608767576509512,0.4989473684210526,0.2354066827085722,0.3645608498237595,1
4211,5gNOINI5dXZVom2b36LMOd,pick up feat quavo,dababy quavo,0.9161676646706588,0.6102150537634409,0.7642105263157895,0.0949629628481994,0.5030985677059716,0
4212,5gflgO9EPbIBf16n5TKnQS,yo voy feat daddy yankee,zion  lennox,0.7880239520958086,0.6980976013234077,0.5494736842105263,0.0412402218700912,0.2922750439845464,0
4213,5goGDc74vVREyN8al8CkPh,diplomatic immunity,drake,0.6047904191616768,0.8449131513647643,0.5452631578947369,0.0053646985877066,0.1701884533763807,0
4214,5gx2E5aIXMRBellPZW1up5,pills  automobiles feat yo gotti a boogie wit da hoodie  kodak black,chris brown yo gotti a boogie wit da hoodie kodak black,0.8023952095808384,0.6970636889991728,0.6157894736842106,0.1197116412763167,0.5940966994963695,0
4215,5h1BN75CEh8wdSwE1xrbSe,slow dancing,v,0.5137724550898204,0.6288254755996692,0.5473684210526316,0.2585456909950233,0.6604755772404913,0
4216,5h8VHxOBK1VWWj46T8fSly,telfono,aitana,0.6479041916167665,0.8345740281224152,0.5599999999999999,0.1026088960211137,0.758426592663801,0
4217,5hDAT527wXWNBnJlujhuUs,stuck in a dream feat gunna,lil mosey gunna,0.7221556886227546,0.6515715467328371,0.7505263157894737,0.4466758888022562,0.5637518969280346,0
4218,5hEM0JchdVzQ5PwvSfITeX,me llamas feat maluma  remix,piso 21 maluma,0.7305389221556887,0.8438792390405293,0.7505263157894737,0.5502984041720156,0.2801226125913699,0
4219,5hM5arv9KDbCHS0k9uqwjr,borderline,tame impala,0.5640718562874253,0.880066170388751,0.8852631578947369,0.0408378043346746,0.30980840271102,0
4220,5hM6sP0Gh1jD57drszNueC,for you with rita ora,liam payne rita ora,0.3988023952095809,0.8035566583953682,0.1463157894736842,0.0189060486544732,0.400413545426514,1
4221,5hQSXkFgbxjZo9uCwd11so,false god,taylor swift,0.7053892215568863,0.3083126550868486,0.3357894736842105,0.7404406896563311,0.2010411187492064,2
4222,5hTpBe8h35rJ67eAWHQsJx,caroline,amin,0.9461077844311376,0.3238213399503722,0.7105263157894737,0.1710198770419257,0.4433037684629291,0
4223,5hVghJ4KaYES3BFUATCYn0,earfquake,tyler the creator,0.4838323353293414,0.4923490488006617,0.4010526315789473,0.2313825073544068,0.1990157135170104,1
4224,5hYTyyh2odQKphUbMqc5gN,how far ill go  from moana,alessia cara,0.1964071856287425,0.5512820512820513,0.1336842105263158,0.1579413071408881,0.8038017158507609,1
4225,5hcisvFMidkMJlElTO9Qmw,sensualidad,bad bunny prince royce j balvin mambo kingz dj luian,0.7868263473053894,0.6815550041356494,0.6778947368421053,0.4255489681928878,0.5640179203018156,0
4226,5hff5RQeE84pznOt8WEWeO,birthday,annemarie,0.5497005988023953,0.7890818858560794,0.7621052631578947,0.0504958251846716,0.6365032436713645,0
4227,5hnbE5BF2e8BCk9OMR1UVC,mikrokosmos,bts,0.5149700598802396,0.8645574855252275,0.4663157894736841,0.1257479043075648,0.7697809539356344,1
4228,5hx4FpDZOnDVYlyoG3rMks,peek a boo,lil yachty migos,0.9664670658682636,0.5854011579818031,0.2799999999999999,0.0615623074086265,0.4857163586236918,1
4229,5i50gKdLAjjIr7UxRT5IVy,alguien robo,sebastian yatra nacho wisin,0.7125748502994013,0.9296939619520266,0.651578947368421,0.0902345568070551,0.2796570716872532,0
4230,5iFwAOB2TFkPJk8sMlxP8g,make you mine,public,0.5461077844311378,0.8035566583953682,0.6378947368421053,0.012869785623225,0.340364814781226,0
4231,5iIgIxtMNeogKaFUfvuAbs,gib ihm,shirin david,0.931736526946108,0.3930934656741108,0.5747368421052631,0.2183039374533692,0.309905138483304,0
4232,5icOoE6VgqFKohjWWNp0Ac,here with me,marshmello chvrches,0.7676646706586828,0.5616211745244003,0.1568421052631578,0.062668955631022,0.3219064202322867,1
4233,5id3Rqn7SPj1LX4FfY4nGz,together,sia,0.444311377245509,0.8842018196856907,0.1757894736842105,0.0132722031586416,0.8058633969975635,1
4234,5itOtNx0WxtJmi1TQ3RuRd,giant with ragnbone man,calvin harris ragnbone man,0.7868263473053894,0.8945409429280398,0.6042105263157894,0.0160891259065574,0.4552445903542343,0
4235,5itzep0nGnq7hxCfFNsTIR,difference interlude,xxxtentacion,0.5305389221556887,0.0465260545905707,0.1663157894736842,0.9547280272656392,0.3369911547228217,2
4236,5iwz1NiezX7WWjnCgY5TH4,calma  remix,pedro cap farruko,0.8095808383233534,0.7766749379652605,0.7673684210526316,0.3249445843387526,0.4847731848439229,0
4237,5ixdmTpCmH5diBA1j154wN,un preview,bad bunny,0.7724550898203595,0.8200992555831266,0.3178947368421052,0.0370148377482175,0.2918578709665717,1
4238,5ixqGGFu0hdHfErdp32QwT,jenifer,gabriel diniz,0.740119760479042,0.9431348221670804,0.9305263157894736,0.2213220689689933,0.6855543262051162,0
4239,5j1yOqWONR9T6l43AzJ6Es,tip toe feat a boogie wit da hoodie,roddy ricch a boogie wit da hoodie,0.7269461077844313,0.6732837055417701,0.5705263157894737,0.0955665891513242,0.2795663819007369,0
4240,5jAIouBES8LWMiriuNq170,state of grace acoustic version taylors version,taylor swift,0.3532934131736528,0.1129032258064516,0.0726315789473684,0.6669994894428124,0.9806588915289696,2
4241,5jQI2r1RdgtuT8S3iG8zFC,lavender haze,taylor swift,0.6982035928143714,0.4282464846980975,0.0690526315789473,0.2595517348335647,0.3039135665874642,1
4242,5jZ32WOU7sqzDYbzINwMUk,sorry papi,bad bunny abra,0.5532934131736528,0.5574855252274608,0.38,0.060455659186231,0.8778348115768537,1
4243,5jbDih9bLGmI8ycUKkN5XA,perfect,logic,0.7413173652694612,0.8345740281224152,0.648421052631579,0.0095297200792678,0.6845567385534375,0
4244,5jhBwnqzNNrENXnYrAdoCe,everybody dies,billie eilish,0.1497005988023952,0.1377171215880893,0.0282105263157894,0.9336011066562708,0.1113549658704102,2
4245,5jt25aFjW2kNoBqaEVaz5W,la inocente,mora feid,0.7269461077844313,0.7932175351530191,0.4547368421052631,0.308847882922091,0.2732362348019032,0
4246,5jyyPsIGM2yqkZN9R3TmvN,the ways with swae lee,khalid swae lee,0.6910179640718563,0.7218775847808105,0.5863157894736841,0.0629707687825844,0.5644653232486292,0
4247,5jzEwSyyymBlf1fa1o39T2,512,mora jhayco,0.8,0.6732837055417701,0.6978947368421052,0.3500956803022864,0.2493545910192927,0
4248,5kHMfzgLZP95O9NBy0ku4v,i can see you taylors version from the vault,taylor swift,0.651497005988024,0.7673697270471465,0.8284210526315788,0.058946593428419,0.4614659097092485,0
4249,5kI4eCXXzyuIUXjQra0Cxi,betty,taylor swift,0.5305389221556887,0.3672456575682382,0.4947368421052631,0.6036187276147071,0.2975894654743982,2
4250,5kRPPEWFJIMox5qIkQkiz5,sweet creature,harry styles,0.3317365269461079,0.2483457402812241,0.2063157894736842,0.7505011280417446,0.3468400655384856,2
4251,5kVZxyMY1gfdCLiChsfjn1,yo no soy celoso,bad bunny,0.8646706586826348,0.5854011579818031,0.9452631578947368,0.2766544800887677,0.576097799865779,0
4252,5kYSScXYOZYyi0fxramiW6,beautiful feat future  sza,dj khaled future sza,0.4059880239520959,0.5461124896608769,0.22,0.103614939859655,0.7567397626345989,1
4253,5kbps8unnGH4raN5WduZuq,confa,sech daddy yankee,0.6850299401197606,0.7601323407775021,0.7694736842105263,0.1710198770419257,0.7331906480692145,0
4254,5kfNriitmkNE8mUbZ7gbq8,saturday nights,khalid,0.480239520958084,0.4323821339950372,0.3252631578947368,0.6096549906459553,0.7328037049800786,2
4255,5kkaSMcf4BFlhRRICCKZb6,something special,pop smoke,0.7053892215568863,0.6143507030603805,0.6547368421052632,0.2535154718023166,0.2681576067569937,0
4256,5knuzwU65gJK7IF5yJsuaW,rockabye feat sean paul  annemarie,clean bandit sean paul annemarie,0.6826347305389222,0.7663358147229116,0.7473684210526316,0.4084462229376849,0.3340225757108567,0
4257,5kpxVMDvYGRmNqawPqDTYR,jgl,la adictiva luis r conriquez,0.6610778443113773,0.5833333333333334,0.9821052631578946,0.5533165356876396,0.3998452227643456,0
4258,5kqNIqFjijuzvVLhuY9B8j,la zona,bad bunny,0.7329341317365271,0.8056244830438379,0.8189473684210526,0.2012011921981662,0.28581793118459,0
4259,5lAnYvAIkSDNXqfo7DyFUm,aint shit,doja cat,0.844311377245509,0.4820099255583126,0.6178947368421053,0.5090506067918201,0.4678323327226887,0
4260,5lCxlSBFyP5g4EhVypAoOu,au dd,pnl,0.7508982035928146,0.6991315136476427,0.091578947368421,0.294763269182512,0.4428382275588122,1
4261,5lVmzrKaqPpPYtF7udoiNq,intro,drake,0.0514970059880239,0.0,0.1905263157894736,0.9607642902968871,0.4763208967406091,2
4262,5lZZmityu9TAjNvSY6GLhR,zack and codeine,post malone,0.7041916167664671,0.8294044665012407,0.3726315789473684,0.1508990002710986,0.5521254662966522,1
4263,5lar0mCUejpILVkAz50s2J,train food,xxxtentacion,0.4095808383233533,0.7136062861869313,0.2084210526315789,0.5674011494272184,0.5485825186367512,2
4264,5lcIegmdblnWqT9nS9EhZj,up up and away,juice wrld,0.6119760479041918,0.6650124069478909,0.4778947368421052,0.5412440096251434,0.1713492826437886,2
4265,5lfWrciYtohtIMVDVZd0Rf,stay with me with justin timberlake halsey  pharrell,calvin harris justin timberlake halsey pharrell williams,0.7904191616766469,0.7353184449958644,0.9136842105263158,0.277660523927309,0.4791866939945223,0
4266,5lw8Mgb4LyhriPIC86gV6e,rnp feat anderson paak,cordae anderson paak,0.5520958083832336,0.7156741108354011,0.6273684210526316,0.1851044907815046,0.9028168247691946,0
4267,5lwVd35Zg6DJ4qibVMq99H,date la vuelta,luis fonsi sebastian yatra nicky jam,0.7149700598802397,0.8304383788254756,0.8778947368421053,0.0489867594268596,0.2859025749853385,0
4268,5mAxA6Q1SIym6dPNiFLUyd,all night,steve aoki lauren jauregui,0.473053892215569,0.8717948717948718,0.3157894736842105,0.0728299984002897,0.261633988113592,1
4269,5mCPDVBb16L4XQwDdbRUpz,passionfruit,drake,0.7892215568862277,0.45616211745244,0.3494736842105262,0.257539647156482,0.3945731231748681,1
4270,5mQTzYTDDob48mOP3U9k7Q,tu no,irama,0.518562874251497,0.6267576509511994,0.3399999999999999,0.3279627158543766,0.4551659925392535,1
4271,5mTJcvxRxq3uF5wUjjciDw,lucky strike,troye sivan,0.5532934131736528,0.694995864350703,0.5599999999999999,0.5824918070053388,0.3404675965392778,2
4272,5mZXWEH2eh8zMZGCxT5aW0,yah yah feat royce da 59 black thought qtip  denaun,eminem royce da 59 black thought qtip denaun,0.3688622754491019,0.9762200165425972,0.3410526315789474,0.1408385618856851,0.8275019800603391,1
4273,5mey7CLLuFToM2P68Qu1gF,andas en mi cabeza,chino  nacho daddy yankee,0.6347305389221558,0.9638130686517784,0.5147368421052632,0.0245398941503047,0.3465014903354917,0
4274,5mg3VB3Qh7jcR5kAAC4DSV,cupid,fifty fifty,0.747305389221557,0.6598428453267163,0.9778947368421052,0.6659934456042711,0.4432009867048772,0
4275,5mjYQaktjmjcMKcUIcqz4s,strangers,kenya grace,0.5724550898203594,0.5181968569065344,0.4042105263157894,0.7052291553073837,0.7452523896758747,2
4276,5mqzhMuUpvnMfwNz6iepmO,welcome to the party with french montana  lil pump feat zhavia ward  from deadpool 2,diplo french montana lil pump zhavia,0.5604790419161677,0.8511166253101737,0.4778947368421052,0.1146814220836099,0.756975556079541,1
4277,5n6gBhdEjCuj3obgCoTEFD,thats it,future lil uzi vert,0.9461077844311376,0.5275020678246485,0.5968421052631578,0.120717685114858,0.4614598637234808,0
4278,5n9NAd0Y5OUeOGU0nVtLua,chang,pnl,0.7125748502994013,0.4489247311827957,0.0968421052631579,0.4426517134480908,0.2860597706152999,2
4279,5nCthAh3jt4xKuLJAifAaR,harleys in hawaii,katy perry,0.6850299401197606,0.7601323407775021,0.7252631578947368,0.1861105346200459,0.5645499670493774,0
4280,5nq1uTNIR1cBR72T87viS0,go go,bts,0.8455089820359282,0.6153846153846154,0.7652631578947369,0.172025920880467,0.5402934721491666,0
4281,5nzhL67GpF9szXWg5y509A,close friends lil baby  gunna,lil baby,0.6299401197604793,0.575062034739454,0.7010526315789473,0.0512000558716506,0.6782265914546037,0
4282,5o4yGlG0PfeVUa6ClIyOxq,boys,charli xcx,0.8586826347305391,0.5409429280397023,0.5189473684210526,0.0649828564596671,0.5636370231984476,0
4283,5oH4DQAuu1J1800RzUsBWa,that that prodfeat suga of bts,psy suga,0.9041916167664672,0.9720843672456576,0.92,0.0300731352622822,0.5033343611509138,0
4284,5oI9blwsXC8AkTWw6wASY8,mquina do tempo,matu,0.5736526946107785,0.729114971050455,0.1052631578947368,0.0650834608435212,0.6243084903778138,1
4285,5ojNTROUJJgCFFbdD3xTZn,goutte deau,ninho,0.6143712574850301,0.685690653432589,0.2947368421052632,0.6820901470209327,0.5508860392142636,2
4286,5ojXuKXBYq0apcNucYSDXq,mamita,cnco,0.7820359281437127,0.7260132340777502,0.488421052631579,0.1126693344065272,0.2679399512693547,0
4287,5opjywL6TBjJRF22TcFDMo,jetzt rufst du an,loredana,0.6119760479041918,0.466501240694789,0.3894736842105263,0.3400352419168729,0.4943318883427347,1
4288,5ozqshq2dtU7SYCpCBu0NE,one more year,tame impala,0.5413173652694612,0.8873035566583954,0.4852631578947368,0.0573369232867528,0.4068404282976317,1
4289,5p10VwQ8LRoyTc8LFrvPw6,outro tear,bts,0.6718562874251498,0.9110835401157984,0.4578947368421052,0.328968759692918,0.5640723341737253,0
4290,5p3NP9mQblDsVJLdfNZJ3I,god,kendrick lamar,0.665868263473054,0.5533498759305212,0.1821052631578947,0.0349021456872807,0.5215388242976076,1
4291,5p56JT5F9a1z9pwXnqTg7d,worldwide steppers,kendrick lamar,0.4359281437125749,0.4654673283705541,0.5526315789473685,0.7575434349115341,0.1843844279590565,2
4292,5p7GiBZNL1afJJDUrOA6C8,hurt feelings,mac miller,0.6467065868263473,0.4551282051282051,0.3084210526315789,0.3450654611095797,0.6707235231168267,1
4293,5p7ujcrUXASCNwRaWNHR1C,without me,halsey,0.7209580838323354,0.4820099255583126,0.5273684210526316,0.2987874445366774,0.5400455867326888,0
4294,5p9ufaI7TwrlXtmiKCz3q3,bad husband feat x ambassadors,eminem x ambassadors,0.4311377245508982,0.7218775847808105,0.4410526315789473,0.083494063088828,0.2876135889576116,1
4295,5pIVEk6Di7n1v5khOzJaJL,overtime,zach bryan,0.2718562874251498,0.7218775847808105,0.24,0.0218235757862431,0.577355364905471,1
4296,5pvVAwQbuFoR7LkcicrKnk,obsession feat jon bellion,vice jon bellion,0.7077844311377246,0.555417700578991,0.4568421052631579,0.0073164236344768,0.3342281392269602,1
4297,5q2JbCNi4FcnglgPfxcV65,sola remix,anuel aa daddy yankee zion  lennox farruko wisin,0.5856287425149702,0.8759305210918115,0.7736842105263158,0.2716242608960609,0.744158066251912,0
4298,5q5gzmbBS5yQzos2BvVr1t,nights with you,m,0.7341317365269462,0.6712158808933003,0.6,0.4034160037449781,0.443424688178284,0
4299,5q86iSKkBtOoNkdgEDY5WV,vista al mar,quevedo,0.7293413173652696,0.5574855252274608,0.4831578947368421,0.8078456268386018,0.3518582337257178,2
4300,5qFeMRz4TvetPmzjre9Dq7,no es justo,j balvin zion  lennox,0.6395209580838325,0.815963606286187,0.7252631578947368,0.1619654824950535,0.2487802223713565,0
4301,5qHirGR7M9tdm6C17DlzSY,reel it in,amin,0.7233532934131738,0.3310587262200165,0.411578947368421,0.0734336247034145,0.4973609272123773,1
4302,5qN1G8fSHq4Sv5FRoOkNGu,por eso vine,paulo londra,0.7305389221556887,0.6453680727874277,0.6242105263157894,0.2344006388700309,0.8542433751110949,0
4303,5qN4HFkapdAOV94XPryVof,black panther,kendrick lamar,0.5604790419161677,0.5791976840363937,0.471578947368421,0.628769823578241,0.2618939655016052,2
4304,5qP24CrDI0rmY5zwRvUfzU,ahora qu,quevedo,0.3556886227544911,0.7684036393713813,0.5368421052631579,0.2132737182606625,0.331483261688402,1
4305,5qaEfEh1AtSdrdrByCP7qR,demons,imagine dragons,0.4251497005988025,0.7115384615384616,0.4168421052631579,0.1911407538127527,0.2613075048821335,1
4306,5qbcsZMwL0x46sX7VO37Ye,up,nav,0.6107784431137726,0.4851116625310173,0.3621052631578947,0.0339967062325934,0.6494235152570451,1
4307,5qzLdvRViHUrRNdkpakG7C,baticano,bad bunny,0.7604790419161678,0.597808105872622,0.4199999999999999,0.4577423710262111,0.3524265563878863,2
4308,5r011NB07RHjABbuVGVIbd,the louvre,lorde,0.6035928143712577,0.379652605459057,0.1052631578947368,0.2625698663491888,0.4621128301863977,1
4309,5rFj8OzffT0iggSjcBaeND,fire on fire  from watership down,sam smith,0.5197604790419162,0.3982630272952853,0.3252631578947368,0.4788692916355795,0.4135817024286725,2
4310,5rJ7bdPmr8nfmm2JQ8xHOz,pop,nayeon,0.7700598802395211,0.8655913978494624,0.3789473684210526,0.0358075851419679,0.3040103023597483,1
4311,5rU6kDNXZLXIinFezpbWbO,tap feat meek mill,nav meek mill,0.8994011976047905,0.6763854425144749,0.4421052631578948,0.0649828564596671,0.2315612549048059,1
4312,5rYpwP1dHWGVMrSZbTmt3e,life is beautiful,lil peep,0.458682634730539,0.6370967741935484,0.3073684210526316,0.0387251122737378,0.5340902907514555,1
4313,5rZlwNFl01HqLWBQGryKSm,mood swings feat lil tjay,pop smoke lil tjay,0.3952095808383233,0.5998759305210918,0.2494736842105263,0.4899357738595343,0.8045997859721039,2
4314,5raTDhlbxFDnpn89bxArdH,that way,lil uzi vert wanmor,0.6814371257485031,0.609181141439206,0.4810526315789474,0.0585441758930024,0.5032920392505396,1
4315,5rb9QrpfcKFHM1EUbSIurX,yeah feat lil jon  ludacris,usher lil jon ludacris,0.8910179640718564,0.7952853598014888,0.58,0.0184030267352025,0.352480970259796,0
4316,5reQI13tWWYDLMrGcUF4Mk,nuestra cancin,monsieur perin vicente garcia,0.9053892215568864,0.7332506203473945,0.8021052631578948,0.4285670997085118,0.3644338841226368,0
4317,5ri4zqtWhG07hIuNNDWP76,fly away,tones and i,0.7856287425149703,0.5078577336641853,0.4957894736842105,0.2183039374533692,0.4732193060417536,0
4318,5rohUzwEoRsUvAA1Bf3DLo,dos oruguitas,sebastian yatra,0.3269461077844312,0.3444995864350703,0.4557894736842105,0.765591785619865,0.284584550087969,2
4319,5rqQTEIVK2PTuXU9GI2wT0,the worlds first ever monster truck front flip,arctic monkeys,0.5413173652694612,0.5988420181968569,0.548421052631579,0.3480835926252036,0.5946650221585377,0
4320,5rurggqwwudn9clMdcchxT,calling spiderman across the spiderverse metro boomin  swae lee nav feat a boogie wit da hoodie,metro boomin swae lee nav a boogie wit da hoodie,0.5760479041916169,0.5306038047973533,0.1978947368421052,0.4667967655730833,0.5647494845797134,2
4321,5ry2OE6R2zPQFDO85XkgRb,money in the grave drake ft rick ross,drake rick ross,0.8155688622754492,0.4964846980976012,0.0726315789473684,0.1016028521825723,0.3254130919775814,1
4322,5s6pKnF3ZPtuqvEx1i1V7U,hittas,lil wayne,0.7640718562874254,0.7684036393713813,0.6673684210526316,0.2756484362502263,0.5884618407608269,0
4323,5s8LepdwU0THzpd0M7nLsa,te so de nuevo,ozuna,0.7449101796407187,0.6836228287841192,0.78,0.0536145610841498,0.7335110853149052,0
4324,5sBplhIrmzA4kQGyIOpmDf,lemonade  remix,internet money don toliver roddy ricch,0.8167664670658683,0.5450785773366419,0.3705263157894737,0.1690077893648429,0.5642537137467578,1
4325,5sCwso3aURYAdieWEFI1nE,icy feat gucci mane,logic gucci mane,0.8107784431137726,0.5171629445822995,0.4684210526315789,0.1639775701721362,0.6364730137425256,1
4326,5sK3o66yupTNIK6gWgzGjf,dance again,selena gomez,0.7592814371257487,0.5481803143093467,0.4557894736842105,0.0449625840726942,0.394597307117939,1
4327,5sNESr6pQfIhL3krM8CtZn,numb  encore,jayz linkin park,0.6431137724550899,0.7973531844499587,0.7568421052631579,0.0606568679539393,0.3647361834110242,0
4328,5sWbwccBcyHsg5LEKWGZo9,brackets,j cole,0.6323353293413175,0.5636889991728701,0.6589473684210526,0.18912866613567,0.2256422348381792,0
4329,5sbooPcNgIE22DwO0VNGUJ,popstars,kda madison beer gidle jaira burns league of legends,0.4982035928143713,0.772539288668321,0.371578947368421,0.0184030267352025,0.7455788729073332,1
4330,5sdQ7VUx6GOfsRoSxnK1YG,110,capital bra samra lea,0.3952095808383233,0.7518610421836228,0.4073684210526315,0.5362137904324367,0.8001136645324338,2
4331,5sdQOyqq2IDhvmx2lHOpwd,super shy,newjeans,0.7497005988023954,0.8221670802315963,0.508421052631579,0.1810803154273392,0.6239638691890519,0
4332,5sdb5pMhcK44SSLsj1moUh,i found you with calvin harris,benny blanco calvin harris,0.7485029940119762,0.8790322580645161,0.3652631578947368,0.0331918711617604,0.461163610420861,1
4333,5sp71CUt0jXRNqHblPGp7b,ballad of a homeschooled girl,olivia rodrigo,0.2814371257485031,0.880066170388751,0.4599999999999999,0.0560290662966491,0.4454380014389446,1
4334,5stPVcRqb4qixbafP9e8lt,hola  remix,dalex lenny tavrez chencho corleone juhn dmelo flow,0.6047904191616768,0.6722497932175352,0.3273684210526316,0.4738390724428727,0.8171693903832551,1
4335,5sv0WnUs74Orn6GoPmC5im,collide,ed sheeran,0.6251497005988026,0.7322167080231596,0.5547368421052632,0.1136753782450686,0.4670584465444168,0
4336,5tAa8Uaqr4VvA3693mbIhU,ruin my life,zara larsson,0.6167664670658685,0.7001654259718776,0.5821052631578947,0.4255489681928878,0.4726630753511207,0
4337,5tEaVciE2GnR28aN6W9cLS,fuk sumn, kanye west ty dolla ign,0.747305389221557,0.8232009925558312,0.4273684210526315,0.1277599919846475,0.576581478727199,1
4338,5tFep7dXGd7vEJ668wTPux,both feat drake,gucci mane drake,0.8383233532934132,0.3961952026468155,0.3284210526315789,0.1197116412763167,0.5638365407287831,1
4339,5tRmoZRoupvMYPV1oezFrH,x,lil uzi vert,0.5664670658682636,0.5771298593879239,0.283157894736842,0.0043184129956235,0.7040006287825198,1
4340,5tVA6TkbaAH9QMITTQRrNv,free fallin,tom petty,0.5664670658682636,0.4416873449131513,0.5684210526315789,0.2132737182606625,0.227722053942285,1
4341,5tf1VVWniHgryyumXyJM7w,sugar feat francesco yates,robin schulz francesco yates,0.5820359281437126,0.8200992555831266,0.6357894736842106,0.0186042355029108,0.4615807834388358,0
4342,5tyMJlMqaggzvuX7TtlrTe,love song,lana del rey,0.2802395209580839,0.0499379652605458,0.2694736842105263,0.9718307725208422,0.1010102842217909,2
4343,5tz69p7tJuGPeMGwNTxYuV,18002738255,logic alessia cara khalid,0.5628742514970061,0.5709263854425145,0.3421052631578947,0.5724313686199253,0.3222812713498872,2
4344,5u1n1kITHCxxp8twBcZxWy,holy feat chance the rapper,justin bieber chance the rapper,0.6263473053892217,0.7053349875930521,0.3578947368421052,0.1971770168440008,0.2430546738492977,1
4345,5u6vkDnOyaf8LsteDAj2ub,ghostface killers feat travis scott,21 savage offset metro boomin travis scott,0.7568862275449103,0.4272125723738627,0.2210526315789473,0.3350050227241661,0.2193362716824163,1
4346,5u7twkeask1VIyDeNTElSU,sal y perrea,sech,0.761676646706587,0.9069478908188586,0.8221052631578947,0.1931528414898354,0.2618335056439277,0
4347,5uCax9HTNlzGybIStD3vDh,say you wont let go,james arthur,0.2491017964071856,0.5533498759305212,0.4863157894736842,0.6991928922761357,0.2317124045489997,2
4348,5uDASfU19gDxSjW8cnCaBp,chill bill feat j davi  spooks,rob tone j davi j spooks,0.8814371257485031,0.4189412737799834,0.2084210526315789,0.0313809922523859,0.3707156633353285,1
4349,5uEYRdEIh9Bo4fpjDd4Na9,goosebumps  remix,travis scott hvme,0.8275449101796407,0.5905707196029777,0.8168421052631579,0.420518749000181,0.4727900410522433,0
4350,5uSFGgIfHMT3osrAd9n9ym,forget me,lewis capaldi,0.621556886227545,0.7446236559139785,0.72,0.2977814006981361,0.3341253574689085,0
4351,5uSG6fUPRaehaV820zcpsK,overheated,billie eilish,0.7508982035928146,0.5171629445822995,0.1578947368421052,0.5301775274011885,0.4128803680796135,2
4352,5unjCay0kUjuej5ebn4nS4,down in atlanta,pharrell williams travis scott,0.8395209580838324,0.8242349048800661,0.916842105263158,0.3390291980783315,0.2202915374337208,0
4353,5uu28fUesZMl89lf9CLrgN,feels great feat fetty wap  cvbz,cheat codes fetty wap cvbz,0.4455089820359282,0.8387096774193549,0.2778947368421052,0.0456668147596731,0.8058754889690989,1
4354,5v4GgrXPMghOnBBLmveLac,savage remix feat beyonc,megan thee stallion beyonc,0.8047904191616767,0.7456575682382134,0.6357894736842106,0.0160891259065574,0.2281815488606339,0
4355,5vC8UAOHeG95ehRzZChniB,ai preto,l7nnon dj biel do furduncinho bianca,0.9616766467065868,0.5667907361455748,0.8442105263157894,0.540237965786602,0.5032013494640233,0
4356,5vdp5UmvTsnMEMESIF2Ym7,another one bites the dust  remastered 2011,queen,0.9377245508982038,0.5233664185277089,0.76,0.1126693344065272,0.3824025538243883,0
4357,5vnuJ8EopkP5dHukpOmT3L,what would meek do,pusha t kanye west,0.6323353293413175,0.6350289495450786,0.0332631578947368,0.0064311050565604,0.2197897206149976,1
4358,5vuiHi3QYbwcm1OKJOYnrf,huncho jack,huncho jack travis scott quavo,0.7700598802395211,0.5709263854425145,0.029578947368421,0.0110589067138506,0.5457348593401412,1
4359,5w9c2J52mkdntKOmRLeM2m,con calma,daddy yankee snow,0.702994011976048,0.8666253101736973,0.6568421052631579,0.1106572467294445,0.2857997932272867,0
4360,5wANPM4fQCJwkGd4rN57mH,drivers license,olivia rodrigo,0.4922155688622756,0.4230769230769231,0.1105263157894737,0.7726340924896544,0.5874098392372384,2
4361,5wG3HvLhF6Y5KTGlK0IW3J,trance with travis scott  young thug,metro boomin travis scott young thug,0.5041916167664671,0.5450785773366419,0.4368421052631579,0.1810803154273392,0.440020798191041,1
4362,5wIeuNURiubue1VTcglU57,woman feat the dapkings horns,kesha the dapkings horns,0.710179640718563,0.7684036393713813,0.3221052631578948,0.044057144618007,0.4127775863215617,1
4363,5wihevBA7MO9PNYyWyTfkh,brown paper bag,migos,0.9065868263473056,0.4830438378825475,0.231578947368421,0.0479807155883182,0.5457348593401412,1
4364,5wjsJIUf6pdrwauPDae43o,el jefe,shakira fuerza regida,0.7437125748502995,0.6608767576509512,0.9810526315789474,0.2283643758387827,0.1709623395546526,0
4365,5woaU1FNkqCwg6WzWiQPW5,tap in feat post malone dababy  jack harlow,saweetie post malone dababy jack harlow,0.9556886227544912,0.6288254755996692,0.4136842105263157,0.0065015281252583,0.3223356852217969,1
4366,5wttBUDyaHAR5q9fYnN3YF,prove it,21 savage summer walker,0.4898203592814373,0.7456575682382134,0.2431578947368421,0.3822890831356096,0.5270829932466339,1
4367,5wujBwqG7INdStqGd4tRMX,armed and dangerous,juice wrld,0.7017964071856289,0.6701819685690654,0.8557894736842104,0.1871165784585873,0.5037152582542821,0
4368,5wxYxygyHpbgv0EXZuqb9V,on the street with j cole,jhope j cole,0.635928143712575,0.826302729528536,0.8221052631578947,0.5352077465938953,0.2863137020175454,0
4369,5xDrO9DEDJGUQGfyoHvgDJ,last christmas,ariana grande,0.4239520958083833,0.804590570719603,0.7968421052631579,0.1257479043075648,0.9626841758414502,0
4370,5xIODxqlpUnRVA9ewZUCug,harami,samra,0.5928143712574852,0.7777088502894955,0.6347368421052632,0.2374187703856549,0.2416822350800185,0
4371,5xMw6qCcpd2gBXPGTegC4W,sos,sza,0.4275449101796408,0.6567411083540117,0.4989473684210526,0.6730357524740606,0.4379772550015418,2
4372,5xMzazov0IHYllrc8U2K6F,ni t ni yo feat gente de zona,jennifer lopez gente de zona,0.6263473053892217,0.9152191894127378,0.7747368421052632,0.1237358166304821,0.3767979250176845,0
4373,5xNUR50KxswPRAvx7S163g,come alive,hugh jackman keala settle daniel everidge zendaya the greatest showman ensemble,0.6610778443113773,0.7735732009925559,0.2136842105263157,0.0056061491089565,0.4311755210128236,1
4374,5xP9lQYA8YQmQh6BOxcAnR,popular with playboi carti  madonna,the weeknd playboi carti madonna,0.8407185628742516,0.67535153019024,0.84,0.0655864827627919,0.3161687797386924,0
4375,5xXqyjLicvEpch72qEryFT,speak now taylors version,taylor swift,0.6910179640718563,0.6774193548387097,0.6389473684210526,0.2494912964481511,0.4369857133356308,0
4376,5xbrhx2tMMcN68IT3cJbhS,ayala outro,xxxtentacion,0.502994011976048,0.2721257237386269,0.0687368421052631,0.7414467334948724,0.2222927587228459,2
4377,5xesHO6GLWTrjsKOjAXRmf,checklist with calvin harris feat wizkid,normani calvin harris wizkid,0.8862275449101799,0.6226220016542597,0.7684210526315789,0.0942587321612205,0.4192165611642149,0
4378,5xhJmd0I15jFcEdqxfCzKk,it wont kill ya,the chainsmokers louane,0.5053892215568863,0.5254342431761787,0.0926315789473684,0.0650834608435212,0.7461955634556436,1
4379,5xi2SXmF3A5AIsuGXiUIZu,inside out,camila cabello,0.702994011976048,0.6980976013234077,0.6557894736842106,0.4325912750626773,0.2864769436332746,0
4380,5xiAfKzE3mbxYbOkUZPR11,ateo,c tangana nathy peluso,0.8095808383233534,0.7425558312655087,0.7378947368421053,0.1428506495627678,0.5036729363539079,0
4381,5xjei7JnROsAzLY2a7RdZU,shots,lil tecca,0.8131736526946108,0.5791976840363937,0.5031578947368421,0.5281654397241058,0.370679387420722,2
4382,5xlS0QkVrSH7ssEbBgBzbM,little saint nick  1991 remix,the beach boys,0.5413173652694612,0.5492142266335815,0.9884210526315788,0.1086451590523618,0.5071131022557573,0
4383,5xzCzOAOfRi4DOttSzvznR,lullaby,sigala paloma faith,0.6886227544910181,0.8397435897435898,0.8705263157894736,0.0788662614315378,0.4432191246621805,0
4384,5y4WmuvFX1t3NdSId0MFOh,yeah yeah yeah,blackpink,0.6934131736526947,0.5854011579818031,0.6389473684210526,0.0057671161231231,0.4673607458328043,0
4385,5y7DaS3jAc9eZzcSOoUIwU,una locura,ozuna j balvin chencho corleone,0.6754491017964073,0.7642679900744417,0.92,0.1398325180471437,0.7334022575710857,0
4386,5yFSF6qQA1rcLsQRnBsZgb,all falls down feat juliander,alan walker noah cyrus digital farm animals juliander,0.6083832335329342,0.6784532671629446,0.6631578947368422,0.3048237075679255,0.309905138483304,0
4387,5yH8pYxNckOU1cxfPsMIaz,agora  tudo meu,dennis mc kevinho,0.8359281437125748,0.9421009098428454,0.4989473684210526,0.7042231114688424,0.5639695524156736,0
4388,5yUzqd3H7cmJ1no6B4uTzu,angst,apache 207,0.5377245508982037,0.794251447477254,0.5221052631578947,0.0214211582508265,0.3228616859835911,1
4389,5ydjxBSUIDn26MFzU3asP4,rainy days,v,0.5784431137724552,0.4468569065343258,0.263157894736842,0.7434588211719552,0.1699526599314385,2
4390,5yuShbu70mtHXY0yLzCQLQ,go flex,post malone,0.6167664670658685,0.4923490488006617,0.1,0.2293704196773241,0.2131149523274021,1
4391,5zFglKYiknIxks8geR8rcL,beautiful mistakes feat megan thee stallion,maroon 5 megan thee stallion,0.6742514970059881,0.6763854425144749,0.7252631578947368,0.0379202772029047,0.3163864352263315,0
4392,5zNW5ARjYhJQJz1AChP33n,thot shit,megan thee stallion,0.9580838323353296,0.6939619520264682,0.9042105263157896,0.0133728075424957,0.503642706425069,0
4393,5zNxUkUW9WiV5oyg6gh2wB,danarina,pedro sampaio mc pedrinho,0.7520958083832336,0.5678246484698097,0.5494736842105263,0.0425480788601949,0.5337456695626939,0
4394,5zj8WNkBrEzlI5FKeYV4ol,la luz,sech j balvin,0.6167664670658685,0.6980976013234077,0.5515789473684211,0.4295731435470532,0.2861867363164227,0
4395,5zyZM1EiSqrniyqtprwxpv,falling back,drake,0.6802395209580839,0.761166253101737,0.3336842105263157,0.2394308580627376,0.4369494374210244,1
4396,5zzbORcD0GwLY0wQHP1Xs1,arcoris,j balvin mr eazi,0.695808383233533,0.7911497105045493,0.38,0.0858079639174731,0.2796449797157177,1
4397,609E1JCInJncactoMmkDon,beso,rosala rauw alejandro,0.740119760479042,0.6433002481389578,0.5242105263157895,0.7404406896563311,0.2922145841268689,2
4398,60APt5N2NRaKWf5xzJdzyC,heatstroke feat young thug pharrell williams  ariana grande,calvin harris young thug pharrell williams ariana grande funk wav,0.7592814371257487,0.7301488833746899,0.7168421052631578,0.3420473295939556,0.3835996590064027,0
4399,60QN1JrgYM7jcfW8pdQFqT,sinceramente,annalisa,0.6946107784431138,0.8076923076923078,0.3936842105263157,0.0362100026773844,0.4796340969413358,1
4400,60SdxE8apGAxMiRrpbmLY0,lucky you feat joyner lucas,eminem joyner lucas,0.8694610778443116,0.7901157981803144,0.571578947368421,0.0630713731664385,0.6429905864001597,0
4401,60Z57Wdrn0pEVpHI7d7GAX,stepping stone,eminem,0.5580838323353294,0.6846567411083541,0.2947368421052632,0.030676761565407,0.8028162201706177,1
4402,60a0Rd6pjrkxjPbaKzXjfq,in the end,linkin park,0.4862275449101798,0.8707609594706369,0.3873684210526316,0.0096303244631219,0.3532367184807647,1
4403,60brXKLTC15vK0av5gIldm,confirmation,justin bieber,0.3449101796407187,0.3031430934656741,0.4389473684210526,0.611667078323038,0.8666678758638202,2
4404,60dwJ8dnqZ4WrIdiu7LkNR,saturday,twenty one pilots,0.6431137724550899,0.8976426799007444,0.8652631578947368,0.0039763580905195,0.4011027878040374,0
4405,60iSKGrGazRzICtMjADNSM,hold me while you wait,lewis capaldi,0.644311377245509,0.5254342431761787,0.1368421052631579,0.4456698449637148,0.36421018264923,2
4406,60xaS8mYBKUW4VQQ666N0T,all night feat knox fortune,chance the rapper knox fortune,0.6634730538922157,0.7808105872622002,0.3789473684210526,0.0360087939096761,0.3942164100145708,1
4407,60ynsPSSKe6O3sfwRnIBRf,streets,doja cat,0.7173652694610779,0.45616211745244,0.1652631578947368,0.2112616305835797,0.2618939655016052,1
4408,619pVMIK3WvX529JIkQTY3,give yourself a try,the 1975,0.2167664670658683,0.7880479735318445,0.9157894736842104,2.381305765827381e-05,0.8237413769127988,0
4409,61AZsmFB3VoJdmraMk5ZSn,vibe feat jimin of bts,taeyang jimin,0.754491017964072,0.6836228287841192,0.6063157894736841,0.0805765359570581,0.3224384669798487,0
4410,61KpQadow081I2AsbeLcsb,deja vu,olivia rodrigo,0.3461077844311377,0.6081472291149711,0.1473684210526315,0.5965764207449177,0.8123991076125008,2
4411,61S79KIVA4I9FXbnsylEHT,in the bible with lil durk  giveon,drake lil durk giveon,0.6419161676646709,0.3755169561621174,0.1210526315789473,0.6177033413542862,0.5825428206942,2
4412,61WbtB6ujkpNAsAf5LjF4b,bon apptit,katy perry migos,0.7748502994011978,0.7963192721257238,0.5347368421052632,0.1116632905679858,0.3586478757429005,0
4413,61ZM92T2zaXIVsqncThQzC,in your eyes feat alida,robin schulz alida,0.502994011976048,0.6722497932175352,0.4515789473684211,0.1730319647190083,0.4431707567760385,1
4414,61sqsOPon94ecMskeEXwev,better to lie with jesse  swae lee,benny blanco jesse swae lee,0.7281437125748504,0.5998759305210918,0.5126315789473684,0.0378196728190506,0.6549011783626262,1
4415,628Ueb4sRiXApObhcU9iPU,black  chinese,huncho jack travis scott quavo,0.6203592814371259,0.8500827129859387,0.3136842105263158,0.0039059350218216,0.6795083404373667,1
4416,62aP9fBQKYKxi7PDXwcUAS,ily i love you baby feat emilee,surf mesa emilee,0.6275449101796409,0.7777088502894955,0.3136842105263158,0.0690070318138325,0.3949963421786105,1
4417,62hTXlVQacy3pjBW4ntRPl,1000 doves,lady gaga,0.6203592814371259,0.8314722911497104,0.3747368421052631,0.0237350590794717,0.4610366447197383,1
4418,62ke5zFUJN6RvtXZgVH0F8,only love can hurt like this,paloma faith,0.4982035928143713,0.8924731182795699,0.2863157894736842,0.0963714242221573,0.2676678819098059,1
4419,62l3NSQPUxvcwwzKUmysrE,bad man smooth criminal,polo g,0.8766467065868265,0.6619106699751862,0.5663157894736841,0.0124673680878085,0.4432674925483226,0
4420,62o8KoI44JfN7aYxgTnPvh,mala ma,maluma,0.7173652694610779,0.7549627791563276,0.9147368421052632,0.311866014437715,0.8061173283998091,0
4421,62vpWI1CHwFy7tMIcSStl8,no role modelz,j cole,0.6491017964071857,0.5161290322580646,0.4536842105263158,0.3028116198908428,0.3248629072727163,1
4422,62zKJrpbLxz6InR3tGyr7o,jackboys,jackboys,0.3149700598802395,0.1118693134822167,0.0374736842105263,0.905431879177113,0.4632676134680378,2
4423,630sXRhIcfwr2e4RdNtjKN,rewrite the stars,zac efron zendaya,0.6395209580838325,0.6174524400330852,0.2652631578947367,0.0720251633294566,0.4735699732162831,1
4424,63OA8vSo2PhUkmQopR1l64,a veces feat feid,paulo londra feid,0.7724550898203595,0.6722497932175352,0.8136842105263158,0.0398317604961333,0.2738045574640717,0
4425,63SevszngYpZOwf63o61K4,nevermind,dennis lloyd,0.5389221556886228,0.6887923904052936,0.0497894736842105,0.1599533948179708,0.3220031560045708,1
4426,63THFs9ovzO3WQsz4lzh0H,dodi,shindy,0.8059880239520959,0.5564516129032259,0.3568421052631578,0.0101534672591634,0.6060496133592101,1
4427,63WuQOXohQIxOxIFA2K7bR,supermodel,mneskin,0.5820359281437126,0.8831679073614558,0.8073684210526316,0.0016423363851036,0.4490051330419168,0
4428,63mdJr3NMY3wReOkNE6c6W,people you know,selena gomez,0.6526946107784432,0.6184863523573201,0.6189473684210526,0.0886248866653889,0.6246349736092722,0
4429,63wx9vdskaXbYxyDx4oJCZ,bs feat her,jhen aiko her,0.5592814371257486,0.5202646815550042,0.3631578947368421,0.557340711041805,0.538473630433074,2
4430,6416zJN0FGPmh1Ph4BH2h3,kein schlaf,nimo hava,0.5461077844311378,0.7167080231596361,0.38,0.2957693130210533,0.7698414137933121,1
4431,643PW82aBMUa1FiWi5VQY7,babushka boi,aap rocky,0.894610778443114,0.7456575682382134,0.9189473684210526,0.3058297514064669,0.533624749847339,0
4432,645YBsxhFPSOKxGep3uHLv,love maze,bts,0.5820359281437126,0.8831679073614558,0.7652631578947369,0.0489867594268596,0.6240303750324971,0
4433,64A5aseVdsvdNOjobGQclN,letzte trne,kontra k,0.6646706586826348,0.9276261373035568,0.6052631578947368,0.437621494255384,0.5278810633679769,0
4434,64CovjRwInpOJW4PiGMprY,faz um vuk vuk teto espelhado,mc kevin o chris dj nk da serra mc magrinho,0.9221556886227548,0.4044665012406947,0.6810526315789474,0.5070385191147374,0.5039933735995985,0
4435,64FzgoLZ3oXu2SriZblHic,bad blood taylors version,taylor swift,0.5616766467065869,0.686724565756824,0.3494736842105262,0.0387251122737378,0.7450165962309325,1
4436,64SCQtbRtmO28ks1QhS3w5,warning,morgan wallen,0.5784431137724552,0.663978494623656,0.2484210526315789,0.4627725902189178,0.4131826673680011,2
4437,64dLd6rVqDLtkXFYrEUHIU,new gold feat tame impala and bootie brown,gorillaz tame impala bootie brown,0.6526946107784432,0.9317617866004964,0.5463157894736842,0.0427492876279032,0.3705947436199735,0
4438,64ydkbrt0xhdJXRaam06Mc,mile high feat travis scott  metro boomin,james blake travis scott metro boomin,0.7233532934131738,0.3600082712985938,0.2063157894736842,0.4054280914220608,0.4124752870331743,2
4439,650OeHTLxZAQmb4aEbGmaA,good goodbye feat pusha t and stormzy,linkin park pusha t stormzy,0.6550898203592815,0.8459470636889992,0.4421052631578948,0.1066330713752791,0.4916353786903185,1
4440,6520aj0B4FSKGVuKNsOCOi,chained to the rhythm,katy perry skip marley,0.3568862275449103,0.8056244830438379,0.4526315789473684,0.0737354378549769,0.865059643649599,1
4441,65FftemJ1DbbZ45DUfHJXE,omg,newjeans,0.7832335329341319,0.7746071133167908,0.7442105263157894,0.3591500748491585,0.4851178060326845,0
4442,65MqlYPOWReasKWcuCaOCW,remix,daddy yankee,0.8011976047904192,0.7849462365591399,0.371578947368421,0.0324876404747814,0.3225170647948295,1
4443,65OVbaJR5O1RmwOQx0875b,wants and needs feat lil baby,drake lil baby,0.5125748502994012,0.4416873449131513,0.071578947368421,0.0621659337117513,0.5398339772308176,1
4444,65Q2mv3UlVi9eO70OpsmSe,a holly jolly christmas,burl ives,0.6383233532934134,0.3651778329197684,0.9010526315789472,0.5824918070053388,0.5668051197407482,2
4445,65irrLqfCMRiO3p87P4C0D,frosty the snowman,ella fitzgerald,0.5137724550898204,0.4964846980976012,0.8463157894736841,0.737422558140707,0.1819720796377245,2
4446,65jw6GhwQW3Db55PxlPEpS,be something,polo g lil baby,0.8131736526946108,0.5150951199338296,0.2273684210526315,0.0233326415440551,0.5404204378502893,1
4447,65kp3OFn7JXbCvkm3m2Ui2,two,lil uzi vert,0.1389221556886228,0.641232423490488,0.0053684210526315,0.4265550120314292,0.1711255811703819,2
4448,65u1dHQyQyE4y4aN2eDmMF,  with matt ox,xxxtentacion matt ox,0.747305389221557,0.5016542597187759,0.5010526315789474,0.0639768126211258,0.5643867254336483,1
4449,660eekzsNZ7sdATvfIsAkR,fuego with sean paul  anitta feat tainy,dj snake sean paul anitta tainy,0.8011976047904192,0.8655913978494624,0.6105263157894737,0.0245398941503047,0.3518038198538081,0
4450,665AK0ovB11McZRwfa852G,astronomia,vicetone tony igy,0.6023952095808385,0.9545078577336642,0.3084210526315789,0.0056363304241127,0.4799001203151168,1
4451,66VenHDtrQAw7FCjyF2J56,the christmas song shawn mendes  camila cabello,shawn mendes camila cabello,0.2287425149700599,0.1645988420181968,0.1894736842105263,0.8933593531146167,0.2230364149722791,2
4452,66W1rVTnEv86dIkFhoiElg,secrets,regard raye,0.8359281437125748,0.7715053763440861,0.7842105263157895,0.0414414306377995,0.4367801498195273,0
4453,6755DFiZ7CWe2WMdTGW5C1,ski,young stoner life young thug gunna,0.9616766467065868,0.6195202646815551,0.8957894736842105,0.0170951697450987,0.4612966221077516,0
4454,675w3ACw5xZR3ODhUJlEVN,sola,manuel turizo,0.6634730538922157,0.7074028122415219,0.8673684210526316,0.4859115985053689,0.2796087038011113,0
4455,67ACYA3UI6QMNtHX6b34wX,la droga,bad bunny,0.5904191616766469,0.729114971050455,0.2768421052631579,0.0441577490018611,0.2617972297293212,1
4456,67G6iaOw8DZqp1z8STR89R,whole lotta money feat nicki minaj  remix,bia nicki minaj,0.8898203592814372,0.45616211745244,0.588421052631579,0.2001951483596249,0.2074256797199499,0
4457,67XyC1GdSkKb9sbRRkUDXS,shotta flow feat blueface  remix,nle choppa blueface,0.8910179640718564,0.5057899090157155,0.5642105263157894,0.0252441248372837,0.443545607893639,0
4458,67dU06KGaJHLLlo5Y5bkD2,reputation,post malone,0.1964071856287425,0.4313482216708023,0.3494736842105262,0.6750478401511433,0.8065405474035514,2
4459,67dyMPOUsbZ9Yg06PnfAAh,draco,future,0.7832335329341319,0.4489247311827957,0.1399999999999999,0.0006644617740414,0.5036064305104626,1
4460,67nepsnrcZkowTxMWigSbb,meltdown feat drake,travis scott drake,0.4874251497005989,0.7777088502894955,0.3842105263157894,0.012064950552392,0.3945428932460292,1
4461,67xBtV07CC73eFw7z5oCvU,do you remember,chance the rapper death cab for cutie,0.5461077844311378,0.6546732837055418,0.6989473684210525,0.1398325180471437,0.6838372662470753,0
4462,684EjRHwNsZQ9hCQxL4NYL,el favor with nicky jam  sech feat farruko zion  lunay,dmelo flow nicky jam sech farruko zion lunay,0.7149700598802397,0.6464019851116626,0.4694736842105262,0.1136753782450686,0.2495178326350219,1
4463,688QpQAwqsLdBR6lr13wK1,same bitches feat geazy  yg,post malone geazy yg,0.695808383233533,0.7777088502894955,0.1968421052631578,0.4366154504168427,0.3221724436060677,1
4464,68EMU2RD1ECNeOeJ5qAXCV,we dont talk anymore feat selena gomez,charlie puth selena gomez,0.6922155688622755,0.5595533498759305,0.3368421052631578,0.6247456482240756,0.3222449954352807,2
4465,68HocO7fx9z0MgDU0ZPHro,every summertime,niki,0.5724550898203594,0.6763854425144749,0.7273684210526316,0.3953676530366473,0.1951523286114184,0
4466,68cUJFq7aAbgeurngTmngL,ad boyz ii,junior h,0.4766467065868265,0.5885028949545078,0.3694736842105263,0.4014039160678954,0.2218453557760325,2
4467,68lOQPb5tX8U2cQRuas0L2,used 2,lil wayne,0.6311377245508983,0.6650124069478909,0.5157894736842106,0.3390291980783315,0.2473956916305419,0
4468,68m6iwhKElLTBaGRG1LLwE,get it right feat m,diplo m,0.3664670658682636,0.8387096774193549,0.2410526315789473,0.1086451590523618,0.6837405304747912,1
4469,68mrW6gXHgupgSiDHgaDi5,polvo,nicky jam myke towers,0.7341317365269462,0.6195202646815551,0.5789473684210525,0.0105558847945799,0.2135684012599834,0
4470,68uKHxQzoY6gd7YSKJf21J,s quer vrau,mc mm dj rd,0.6263473053892217,0.7632340777502068,0.9494736842105264,0.1116632905679858,0.6258018488624477,0
4471,68vgtRHr7iZHpzGpon6Jlo,my boo,usher alicia keys,0.6131736526946109,0.5016542597187759,0.6778947368421053,0.2585456909950233,0.2399893590650487,0
4472,693iqPOQvhI7PobtR8CC8v,bonita,j balvin jowell  randy,0.7568862275449103,0.8748966087675766,0.8968421052631579,0.0106564891784341,0.2982122020084765,0
4473,694vvR5o19xHPhhJ5QdLN7,no halo,brockhampton,0.5904191616766469,0.5698924731182795,0.4610526315789472,0.4124703982918502,0.7162921178483546,1
4474,69CrOS7vEHIrhC2ILyEi0s,flower,jisoo,0.8275449101796407,0.3744830438378825,0.5947368421052631,0.0237350590794717,0.4670100786582749,0
4475,69PkhA9q3xCWU2CzoZnLAu,lose it feat lil baby,quavo lil baby,0.9724550898203592,0.5698924731182795,0.7326315789473684,0.0161897302904115,0.4735034673728378,0
4476,69b0SDYOymaqYwm3la237H,ye vs the people starring ti as the people,kanye west,0.3760479041916168,0.8273366418527709,0.7263157894736841,0.0571357145190446,0.2010592567065097,0
4477,69bp2EbF7Q2rqc5N3ylezZ,sorry,justin bieber,0.6035928143712577,0.7632340777502068,0.3978947368421052,0.0801741184216415,0.3218096844600027,1
4478,69dXVFCMiz3SL1L7M24NdX,bad vibes forever,xxxtentacion pnb rock trippie redd,0.7784431137724552,0.521298593879239,0.751578947368421,0.3360110665627075,0.5027599925029775,0
4479,69phA1R4gmQsBFRQ3INW8C,one call,rich amiri,0.598802395209581,0.5347394540942929,0.2326315789473683,0.0061997149736959,0.6734442167123138,1
4480,69uxyAqqPIsUyTO8txoP2M,adventure of a lifetime,coldplay,0.584431137724551,0.9327956989247312,0.5242105263157895,0.0020548143589055,0.3946638129613843,0
4481,69vlMrzHwATKzupwNcUPyK,la santa,bad bunny daddy yankee,0.7113772455089822,0.8748966087675766,0.5831578947368421,0.0327894536263438,0.2800440147763892,0
4482,69w5X6uTrOaWM32IetSzvO,daydreaming,harry styles,0.6670658682634731,0.815963606286187,0.9126315789473683,0.3128720582762563,0.4066106808384573,0
4483,69xohKu8C1fsflYAiSNbwM,run bts,bts,0.6874251497005989,0.8232009925558312,0.6989473684210525,0.0202139056445769,0.1831087249620614,0
4484,6A8B1kJ9ZNHbl2uFPN6Wtm,dark side,blind channel,0.5041916167664671,0.9648469809760132,0.4263157894736842,0.0025477758397908,0.3101107019994075,1
4485,6A8dnC0xkiuWN4BshmTB2I,oceans away,a r i z o n a,0.5592814371257486,0.641232423490488,0.1989473684210526,0.1307781235002716,0.3577228399204348,1
4486,6AENBD8I0mDGglFqrRZGu7,canudinho  ao vivo,gusttavo lima ana castela,0.665868263473054,0.8728287841191067,0.9242105263157896,0.243455033416903,0.7271325703299296,0
4487,6AFIVhbJLR7YVvW9fLFMu1,huracan,samra capital bra,0.635928143712575,0.7022332506203474,0.511578947368421,0.3903374338439405,0.7457965283949723,0
4488,6AGOKlMZWLCaEJGnaROtF9,put your records on,ritt momney,0.2982035928143713,0.4851116625310173,0.1252631578947368,0.0566326925997739,0.2681273768281549,1
4489,6AGON2BGdPmPMJGiiNuuwl,immortal,j cole,0.7113772455089822,0.4220430107526881,0.2463157894736842,0.4577423710262111,0.2740101209801752,2
4490,6AQbmUe0Qwf5PZnt4HmTXv,boys a liar pt 2,pinkpantheress ice spice,0.6538922155688623,0.8138957816377173,0.8684210526315789,0.2535154718023166,0.5214299965537881,0
4491,6AUuRg513AfT50d52O60fS,one day at a time,sam smith,0.4215568862275449,0.3083126550868486,0.3210526315789473,0.7796763993594439,0.4996281718752833,2
4492,6Ab81Bs9fcOwaTYuBsUUpI,eazy,the game kanye west,0.6778443113772455,0.5471464019851118,0.2873684210526316,0.1680017455263016,0.2156905422644635,1
4493,6AtZLIzUINvExIUy4QhdjP,i knew you were trouble taylors version,taylor swift,0.5197604790419162,0.5533498759305212,0.7736842105263158,0.0129703900070792,0.6486738130218441,0
4494,6AyWdCtEn1DdxjnxPeojR2,live off my closet feat future,lil baby future,0.7868263473053894,0.6784532671629446,0.1873684210526315,0.0347009369195724,0.6063277287045266,1
4495,6B3zy3LOKHndqsviCr2z15,em calls paul  skit,eminem,0.6670658682634731,0.3021091811414392,0.6,0.982897254744797,0.3464108005489755,2
4496,6BJbOXDlgVAXSaq6wYFYT2,nc17,travis scott,0.7832335329341319,0.7663358147229116,0.0278947368421052,0.0682021967429994,0.540112092576134,1
4497,6BXyD6UUPizpRpA7iOi99r,in meinem benz,ak ausserkontrolle bonez mc,0.761676646706587,0.6660463192721258,0.7421052631578947,0.1680017455263016,0.6538370848675021,0
4498,6BczFLHW9aIf9aWn5NFuNL,dont play that,king von 21 savage,0.954491017964072,0.6029776674937966,0.6568421052631579,0.0752445036127889,0.5034492348805011,0
4499,6Bg7MznA9X0dIhlAsLyBYj,ghost town,kanye west partynextdoor,0.5053892215568863,0.5388751033912325,0.3126315789473683,0.0959690066867408,0.2215611944449483,1
4500,6C6mUonH6MNdSg5pw7kOc9,ayer me llam mi ex,khea lenny santos,0.7209580838323354,0.717741935483871,0.548421052631579,0.2555275594793993,0.4249662936293448,0
4501,6CTWathupIiDs7U4InHnDA,trip,ella mai,0.3916167664670659,0.6081472291149711,0.3431578947368421,0.2263522881617,0.2005090720016445,1
4502,6CUP2khYzdphXebxVTfPE3,lo mein,lil uzi vert,0.844311377245509,0.6763854425144749,0.5021052631578947,0.0893291173523678,0.522155514845918,0
4503,6CcJMwBtXByIz4zQLzFkKc,i love you,billie eilish,0.3245508982035928,0.1129032258064516,0.0926315789473684,0.9577461587812632,0.5485401967363768,2
4504,6CfrYuD3YRDYdYvH9jNtXY,no long talk,drake giggs,0.9137724550898206,0.6060794044665012,0.5747368421052631,0.0674979660560205,0.3043851534773487,0
4505,6CrnvqCxBKVWahSiQwOesM,hands,mac miller,0.7053892215568863,0.6257237386269645,0.5368421052631579,0.0461698366789438,0.1707628220243169,0
4506,6Cs7b9bu3fy5XhMwBA9Tz4,contando lunares feat cruz cafun,don patricio cruz cafun,0.8455089820359282,0.5181968569065344,0.7126315789473684,0.4466758888022562,0.3580251392088223,0
4507,6CvTEtGagmzQvkUzzyKR9k,harley quinn,fuerza regida marshmello,0.7964071856287426,0.7435897435897436,0.588421052631579,0.0278598388174912,0.4734792834297668,0
4508,6D2TCm4nf5nxAcdGJ7w3QP,qu ms pues,j balvin maria becerra,0.9017964071856288,0.8221670802315963,0.7368421052631579,0.0273568168982205,0.3343188290134765,0
4509,6D3t4w54PgLNGQ48R7th7R,life after salem,lil nas x,0.2898203592814372,0.5760959470636889,0.2326315789473683,0.0141776426133288,0.5861341362402432,1
4510,6DEMMeWXfmFAXgDUMMzeg6,all i ask,adele,0.5281437125748504,0.2669561621174524,0.3326315789473684,0.8943653969531581,0.5755657531182172,2
4511,6DNtNfH8hXkqOX1sjqmI7p,cold water feat justin bieber  m,major lazer justin bieber m,0.5485029940119761,0.8025227460711333,0.4936842105263158,0.0740372510065393,0.2794756921142207,1
4512,6DUdDIRgLqCGq1DwkNWQTN,borro cassette,maluma,0.6946107784431138,0.7022332506203474,0.7926315789473685,0.1327902111773543,0.7813348327378038,0
4513,6DXZiYUbrYgrVIhfX3U9Z2,pretty please,dua lipa,0.9053892215568864,0.4675351530190239,0.6568421052631579,0.0312803878685318,0.3643190103930495,0
4514,6DZz58CbF0AKw5PCKqNKcM,come to life,kanye west,0.3473053892215569,0.4582299421009098,0.22,0.6931566292448875,0.4850029323030974,2
4515,6De0lHrwBfPfrhorm9q1Xl,me rehso,danny ocean,0.7113772455089822,0.8087262200165427,0.414736842105263,0.023232037160201,0.3513020030350848,1
4516,6DoL1yYIwEW7VZMRaJhoJI,la llevo al cielo ft engo flow,chris jedi anuel aa chencho corleone engo flow,0.7724550898203595,0.8511166253101737,0.7757894736842105,0.1056270275367377,0.7455002750923525,0
4517,6Dq8FZrvx9S28iyaKSwn9x,jealous feat chris brown lil wayne  big sean,dj khaled chris brown lil wayne big sean,0.5556886227544912,0.685690653432589,0.608421052631579,0.0133728075424957,0.2913076862617066,0
4518,6DuHcOuuGWXNvF3uocsrBa,cant die,juice wrld,0.6011976047904193,0.6712158808933003,0.2547368421052631,0.0223265977055138,0.2254548092793789,1
4519,6Dy1jexKYriXAVG6evyUTJ,out out feat charli xcx  saweetie,joel corry jax jones charli xcx saweetie,0.7628742514970062,0.8387096774193549,0.8042105263157895,0.0181012135836401,0.4670644925301846,0
4520,6E39QsoWB7JjphPF9xCQSN,outlet,desiigner,0.598802395209581,0.8056244830438379,0.3410526315789474,0.117699553599234,0.4679895283526502,1
4521,6EBlOYNcZ8MrdEov9lEdV6,hold the line feat a r i z o n a,avicii a r i z o n a,0.5964071856287426,0.5502481389578164,0.3578947368421052,0.3309808473700007,0.3103223115012787,1
4522,6ED7qim1NAX1HjNU8039WS,alucin,eugenio esquivel grupo marca registrada sebastian esquivel,0.7628742514970062,0.772539288668321,0.5021052631578947,0.0033224295954676,0.4914298151742151,0
4523,6ERZ30cRjVWGtVLhczX9aL,the greatest,lana del rey,0.3508982035928144,0.2111248966087676,0.1726315789473684,0.9446675888802256,0.1960350425335098,2
4524,6EbVuwU7EnKeF2hdpViXCH,die young feat 347aidan,sleepy hallow 347aidan,0.7880239520958086,0.5791976840363937,0.6768421052631579,0.8319906789635941,0.1859322003156004,2
4525,6EbduYTr62sSzvl36wWiFM,blow with chris stapleton  bruno mars,ed sheeran chris stapleton bruno mars,0.5760479041916169,0.8004549214226634,0.5936842105263157,0.0002389052303384,0.2766098948603074,0
4526,6Ec5LeRzkisa5KJtwLfOoW,am i dreaming metro boomin  aap rocky roisee,metro boomin aap rocky roisee,0.5377245508982037,0.521298593879239,0.1073684210526315,0.0410390131023829,0.2617911837435534,1
4527,6Ed1q0X8oSKSm4IIhiQbYg,daylight,joji diplo,0.4526946107784432,0.7518610421836228,0.7336842105263157,0.0049019184219775,0.7087467276102031,0
4528,6EfBMJQwe2xLgldra6DaYp,yaya,6ix9ine,0.6251497005988026,0.7353184449958644,0.3389473684210525,0.0028998911832802,0.3526321199039897,1
4529,6ElmxV9B2mSNscEjP27M7i,chambea,bad bunny,0.84311377245509,0.8748966087675766,0.6305263157894737,0.2414429457398203,0.4188175261035435,0
4530,6EpRaXYhGOB3fj4V2uDkMJ,strip that down feat quavo,liam payne quavo,0.8610778443113775,0.4789081885856078,0.5210526315789474,0.2474792087710684,0.3585874158852231,0
4531,6Es8Sk3xe1HiJ2MXCfHHwR,laoriginalmp3,emilia tini,0.8179640718562875,0.8138957816377173,0.9189473684210526,0.0840976893919528,0.4917623443914413,0
4532,6Et5KimMg3IXwD6lJPGmQw,me fije,alex rose rauw alejandro,0.7305389221556887,0.6681141439205956,0.7136842105263157,0.3993918283908127,0.7575196947986385,0
4533,6EtKlIQmGPB9SX8UjDJG5s,formula,labrinth,0.5077844311377245,0.663978494623656,0.2042105263157894,0.0450631884565483,0.5921196621503153,1
4534,6EuE9M1viu9gkdFSafia9o,i thought about killing you,kanye west,0.7089820359281438,0.3982630272952853,0.3768421052631578,0.8269604597708874,0.419264929050357,2
4535,6F2r4HgpJnvKDmkN6JEN6J,as i am feat khalid,justin bieber khalid,0.532934131736527,0.5388751033912325,0.0810526315789473,0.1277599919846475,0.3217069027019509,1
4536,6F609ICg9Spjrw1epsAnpa,controlla,drake,0.5473053892215569,0.4696029776674937,0.331578947368421,0.0777596132091423,0.4610547826770415,1
4537,6FAYpZ4jve8vpvTwUvjK6H,jhoome jo pathaan,vishalshekhar arijit singh sukriti kakar vishal dadlani shekhar ravjiani kumaar,0.7988023952095809,0.7404880066170388,0.6147368421052631,0.0969750505252821,0.3521544870283375,0
4538,6FE2iI43OZnszFLuLtvvmg,classic,mkto,0.6826347305389222,0.7952853598014888,0.7621052631578947,0.0386245078898837,0.3346634502022382,0
4539,6FE9EXi8TYg09hR4xv5PWJ,mood ring,lorde,0.6694610778443114,0.4520264681555004,0.3631578947368421,0.43460336273976,0.2919969286392299,2
4540,6FRLCMO5TUHTexlWo8ym1W,girls like you feat cardi b  cardi b version,maroon 5 cardi b,0.8395209580838324,0.5368072787427627,0.4378947368421052,0.5714253247813839,0.4730439724544888,2
4541,6FuGJB290AQMAHTfjOYVaK,mood remix feat justin bieber j balvin  iann dior,24kgoldn justin bieber j balvin iann dior,0.6838323353293414,0.7477253928866833,0.7021052631578947,0.1519050441096399,0.2676557899382705,0
4542,6G12ZafqofSq7YtrMqUm76,monotona,shakira ozuna,0.865868263473054,0.6960297766749379,0.8326315789473684,0.4215247928387224,0.5153900567718064,0
4543,6G2xXQRSZlEzYsUEb3uvuR,est daada,ivan cornejo,0.3053892215568863,0.5616211745244003,0.1410526315789473,0.3822890831356096,0.6842483932792822,1
4544,6G41AeVgQkpvEbTxN5fNkW,habiba,boef,0.8958083832335332,0.8180314309346567,0.7778947368421053,0.1136753782450686,0.4852991856057171,0
4545,6GNifiuBPrKFpwNBYnooFm,the way life goes feat nicki minaj  oh wonder  remix,lil uzi vert nicki minaj oh wonder,0.7173652694610779,0.6712158808933003,0.7621052631578947,0.6841022346980155,0.2132781939431314,2
4546,6GXgd1BPD9bUpqw5AntGV5,all you had to do was stay taylors version,taylor swift,0.5221556886227545,0.7218775847808105,0.4726315789473684,0.0007147639659684,0.3043488775627422,1
4547,6GeD5g9vZTz25Egf8kxoIY,last day alive,the chainsmokers florida georgia line,0.3413173652694611,0.7074028122415219,0.2189473684210525,0.057437527670607,0.5936855724641625,1
4548,6Gg1gjgKi2AK4e0qzsR7sd,bandit with youngboy never broke again,juice wrld youngboy never broke again,0.3880239520958084,0.6298593879239041,0.4136842105263157,0.0691076361976866,0.8061294203713445,1
4549,6GnhWMhgJb7uyiiPEiEkDA,weekend feat miguel,mac miller miguel,0.8299401197604791,0.4272125723738627,0.1663157894736842,0.4728330286043313,0.4434125962067486,2
4550,6GsD646HrIDJJpzoY9T1Rt,unfollow,duki justin quiles bizarrap,0.8,0.6474358974358975,0.7168421052631578,0.0166927522096822,0.2738892012648202,0
4551,6Gy7rXB6Ku5vIWC7WGWsl3,kika feat tory lanez,6ix9ine tory lanez,0.7125748502994013,0.7167080231596361,0.3263157894736842,0.1287660358231888,0.2889678897695875,1
4552,6GzApXoBQiiAjak3tOQfV3,lie to me feat julia michaels,5 seconds of summer julia michaels,0.5520958083832336,0.5150951199338296,0.7778947368421053,0.0132722031586416,0.6844600027811534,0
4553,6H0AwSQ20mo62jGlPGB8S6,its a vibe,2 chainz ty dolla ign trey songz jhen aiko,0.8047904191616767,0.4964846980976012,0.5189473684210526,0.0313809922523859,0.1589187359052956,1
4554,6H7fWtwEUHVfTyZD7zeG4w,when the partys over  recorded at spotify studios nyc,lewis capaldi,0.4299401197604792,0.1666666666666666,0.2378947368421052,0.9517098957500152,0.4270642506907539,2
4555,6HJIZUOiZDE814XMhRGSZN,soy el unico,yahritza y su esencia,0.6682634730538923,0.4416873449131513,0.6294736842105263,0.4537181956720457,0.2278006517572657,2
4556,6HJcuxVgYjxcYDnPG0ystc,hunger,florence  the machine,0.6934131736526947,0.67535153019024,0.3157894736842105,0.5331956589168125,0.4189747217335051,2
4557,6HN5XPJEV31RQJGoyqZ81K,take it back,logic,0.8227544910179642,0.8459470636889992,0.6936842105263157,0.0624677468633137,0.5338061294203713,0
4558,6HTJgY7iWWlVLSDHsfHePf,jefe,ninho,0.5964071856287426,0.5967741935483871,0.1905263157894736,0.4768572039584968,0.4490172250134522,2
4559,6HUnnBwYZqcED1eQztxMBN,solo dance,martin jensen,0.7113772455089822,0.8418114143920595,0.3452631578947368,0.0437553314664446,0.4126203906916003,1
4560,6HZILIRieu8S0iqY8kIKhj,dna,kendrick lamar,0.584431137724551,0.5181968569065344,0.4105263157894736,0.0045598635168735,0.563455643625415,1
4561,6HexNTb392JS071DoTGo0y,hummingbird metro boomin  james blake,metro boomin james blake,0.5221556886227545,0.5926385442514475,0.2357894736842105,0.4617665463803765,0.209717108325927,2
4562,6HgWWaMu31KdOpEG5l28BG,all my life feat j cole,lil durk j cole,0.8131736526946108,0.4282464846980975,0.6957894736842105,0.1508990002710986,0.5823070272492579,0
4563,6Hgh47WXVKtXN5zGOu0hjI,otw,khalid 6lack ty dolla ign,0.6011976047904193,0.6784532671629446,0.2610526315789474,0.1840984469429632,0.1588340921045472,1
4564,6Hio4nlyWL2WBL8nYlbuGt,agudo mgico 3,mc kk dj tg beats dj aurlio mc lipivox,0.5976047904191618,0.8014888337468984,0.4821052631578947,0.2223281128075346,0.5033162231936106,1
4565,6HlE9t71z9DjGi7KqSyEpA,deep end,foushe,0.6718562874251498,0.5895368072787428,0.5294736842105263,0.7625736541042409,0.4717743154432613,2
4566,6I3mqTwhRpn34SLVafSH7G,ghost,justin bieber,0.540119760479042,0.7435897435897436,0.4305263157894736,0.1861105346200459,0.6483836057049923,1
4567,6I6NX6tjGsxFAsIfGzY9lJ,deja vu,j cole,0.6071856287425151,0.412737799834574,0.1568421052631578,0.3541198556564518,0.7699260575940605,1
4568,6IAZHEBUIGJ6NJKxxOBIEr,rolling in the deep,adele,0.6946107784431138,0.772539288668321,0.5,0.1388264742086024,0.3520577512560535,0
4569,6IAgarq2wDeYzpsY2Kx0Hw,almeda,solange,0.8107784431137726,0.5492142266335815,0.0327368421052631,0.0228296196247844,0.3826927611412402,1
4570,6IBcOGPsniK3Pso1wHIhew,forever after all,luke combs,0.4035928143712576,0.6495037220843674,0.4463157894736842,0.192146797651294,0.6363158181125641,1
4571,6IPNp9PfaEqrzotY47TIWy,sg with ozuna megan thee stallion  lisa of blackpink,dj snake ozuna megan thee stallion lisa,0.7784431137724552,0.8428453267162944,0.7052631578947368,0.0040769624743736,0.3222329034637453,0
4572,6IRdLKIyS4p7XNiP8r6rsx,all the good girls go to hell,billie eilish,0.6898203592814373,0.4365177832919768,0.5652631578947368,0.2847028307970984,0.8363170273097178,0
4573,6IZvVAP7VPPnsGX6bvgkqg,pride,kendrick lamar,0.6167664670658685,0.5306038047973533,0.3557894736842105,0.079067470199246,0.5569803928681554,1
4574,6IaieqiCVvsNvEt6Y7yOFa,ball for me feat nicki minaj,post malone nicki minaj,0.7748502994011978,0.5461124896608769,0.5378947368421053,0.5160929136616096,0.5289512028488683,2
4575,6Im9k8u9iIzKMrmV7BWtlF,3435,ariana grande,0.81437125748503,0.5822994210090984,0.4768421052631578,0.2384248142241962,0.3824690596678334,0
4576,6ImrWnhjEOw5re3cGLMIHJ,buck shots,aap rocky,0.3389221556886228,0.8562861869313482,0.5768421052631578,0.3269566720158353,0.6846353363684181,0
4577,6J834IBcZJMH38ksrgAqwF,paris,taylor swift,0.6538922155688623,0.4789081885856078,0.3231578947368421,0.103614939859655,0.3884183096632991,1
4578,6JIC3hbC28JZKZ8AlAqX8h,cold heart  pnau remix,elton john dua lipa pnau,0.7724550898203595,0.804590570719603,0.9494736842105264,0.0356063763742596,0.419071457505789,0
4579,6JQvHMSaR8flFsN53ypOfP,noticed,lil mosey,0.6574850299401198,0.5543837882547561,0.4852631578947368,0.4647846778960006,0.2011741304360969,2
4580,6JV2JOEocMgcZxYSZelKcc,cant stop the feeling from dreamworks animations trolls,justin timberlake,0.6179640718562875,0.8356079404466501,0.7052631578947368,0.0123667637039544,0.400921408231005,0
4581,6JdS5rJvJaRA7B1tcm7kxZ,dionysus,bts,0.4215568862275449,0.9183209263854426,0.5852631578947368,0.0402341780315498,0.7821449948306822,0
4582,6JjPBQfI2Y8nIjnm65X6Pw,x feat maluma  ozuna  remix,nicky jam j balvin maluma ozuna,0.6143712574850301,0.6970636889991728,0.7431578947368421,0.0564314838320656,0.806504271488945,0
4583,6Jkm5kUldvIqxzI1Pa7nXH,10 things i hate about you,leah kate,0.4718562874251498,0.7901157981803144,0.4357894736842105,0.0099623189298405,0.6484259276053665,1
4584,6JqpFboOH2bq9pzaYbkKBn,rip feat rita ora  anitta,sofa reyes rita ora anitta,0.7353293413173654,0.7549627791563276,0.7010526315789473,0.1810803154273392,0.3225412487379005,0
4585,6Jrdb6CFOJEGaHjaa6c4WR,idgaf with blackbear,boywithuke blackbear,0.7580838323353295,0.7528949545078578,0.8926315789473684,0.4285670997085118,0.3097660808106457,0
4586,6JsHgIkMYHcbNtKfsal2Mg,jerry sprunger with tpain,tory lanez tpain,0.7305389221556887,0.7487593052109182,0.4389473684210526,0.137820430370061,0.3222087195206742,1
4587,6Juv5N0dNU1imms9c9u1dA,papi chulo,octavian skepta,0.8574850299401199,0.5595533498759305,0.2894736842105263,0.1861105346200459,0.4911516998288985,1
4588,6JyEh4kl9DLwmSAoNDRn5b,4th dimension,kids see ghosts louis prima,0.7365269461077846,0.5378411910669976,0.7389473684210526,0.2796726116043918,0.7571206597379669,0
4589,6K4t31amVTZDgR3sKmwUJJ,the less i know the better,tame impala,0.5868263473053893,0.7425558312655087,0.7926315789473685,0.0115619286331213,0.4241924074510728,0
4590,6K5BsR04ijf3FHNzjbaagD,si se da  remix,myke towers farruko arcngel sech zion,0.7988023952095809,0.6722497932175352,0.7810526315789473,0.4436577572866322,0.2858602530849641,0
4591,6K5ph5mq1qprHae3TrgTj5,surface pressure  from encantosoundtrack version,jessica darrow,0.6011976047904193,0.5802315963606286,0.388421052631579,0.0165921478258281,0.8060750064994349,1
4592,6KJqZcs9XDgVck7Lg9QOTC,seven,taylor swift,0.5341317365269461,0.4820099255583126,0.403157894736842,0.905431879177113,0.291464881891668,2
4593,6KUE0HSSudAp9AOycaF6SH,make it right,bts,0.584431137724551,0.7043010752688171,0.2410526315789473,0.0104552804107258,0.3570033676140726,1
4594,6KfoDhO4XUWSbnyKjNp9c4,maniac,conan gray,0.5724550898203594,0.6381306865177834,0.4852631578947368,0.0016222155083327,0.3707821691787737,1
4595,6Kfoo60npYPdvNxMPMiDpX,wrapped around your finger,post malone,0.7113772455089822,0.6267576509511994,0.5336842105263159,0.0495903857299844,0.4428563655161155,0
4596,6KgtcmCF9Ky68XC7ezxl3s,rumors feat cardi b,lizzo cardi b,0.8107784431137726,0.7332506203473945,0.6052631578947368,0.1307781235002716,0.4369675753783276,0
4597,6Kj17Afjo1OKJYpf5VzCeo,pain 1993 with playboi carti,drake playboi carti,0.8083832335329342,0.3631100082712986,0.0926315789473684,0.1639775701721362,0.1847230031620505,1
4598,6KjbNLbRjuoa8rEq5yNA6H,honest,the chainsmokers,0.6263473053892217,0.5088916459884202,0.2947368421052632,0.0121655549362461,0.3223538231791001,1
4599,6Knv6wdA0luoMUuuoYi2i1,my house,flo rida,0.644311377245509,0.7032671629445822,0.7452631578947368,0.0216223670185348,0.2859025749853385,0
4600,6L4XGeAdRRC32vVJpp8MdM,face 2 face,juice wrld,0.6718562874251498,0.7218775847808105,0.4263157894736842,0.0953653803836159,0.6606992787138981,1
4601,6LcX2hBbXaJcK4AuefE936,what you need,don toliver,0.6155688622754493,0.6546732837055418,0.1031578947368421,0.0593490109638355,0.5034431888947333,1
4602,6LcauUZjF1eXQrgqMUecHX,ayy macarena,tyga,0.7976047904191618,0.6277915632754343,0.7178947368421053,0.1337962550158956,0.3009389415897315,0
4603,6LtHYDgYHRCHoKK3snfr2w,im tired with zendaya  bonus track,labrinth zendaya,0.2694610778443114,0.1149710504549214,0.1684210526315789,0.6549269633803162,0.513926928216011,2
4604,6LuvVxHXQDtsPxtE07Ycbe,sclass,stray kids,0.8814371257485031,0.7849462365591399,0.6736842105263158,0.0900333480393468,0.3523479585729055,0
4605,6M3PsepEj5gyJoIi7Xvr7u,take my breath  single version,the weeknd,0.7149700598802397,0.7415219189412738,0.5168421052631579,0.0106564891784341,0.4490837308568975,0
4606,6MF4tRr5lU8qok8IKaFOBE,under the sun with j cole  lute feat dababy,dreamville j cole lute dababy,0.6479041916167665,0.6391645988420183,0.1378947368421052,0.5140808259845269,0.5559525752876378,2
4607,6MJUCumnQsQEKbCy28tbCP,adictiva,daddy yankee anuel aa,0.7640718562874254,0.7746071133167908,0.7042105263157894,0.2927511815054293,0.316325975368654,0
4608,6MNGxu8MprKGkchUchkJsy,machika,j balvin jeon anitta,0.5568862275449102,0.8387096774193549,0.5326315789473685,0.0527091216294626,1.0,0
4609,6MOst484piqXpzPPRRe8i5,vice city,xxxtentacion,0.8419161676646708,0.4602977667493796,0.3126315789473683,0.0059884457676022,0.2436834563691436,1
4610,6MWoRt97mnSTXZhu3ggi9C,hoax,taylor swift,0.6131736526946109,0.1645988420181968,0.4178947368421052,0.9718307725208422,0.4359216198405068,2
4611,6MbH1QiphMCPTqVEVC7UYi,nothings into somethings,drake,0.7377245508982038,0.2193961952026468,0.2357894736842105,0.3339989788856248,0.303290830053386,2
4612,6MjNilJCVKJq0LfFvo5jWJ,fast,juice wrld,0.5664670658682636,0.6060794044665012,0.2431578947368421,0.4285670997085118,0.2313315074456315,2
4613,6N1K5OVVCopBjGViHs2IvP,the joker and the queen feat taylor swift,ed sheeran taylor swift,0.4526946107784432,0.2969396195202646,0.2894736842105263,0.9295769313021054,0.5266779122001948,2
4614,6N22FZs2ZhPBYi3b9XPajV,still dont know my name,labrinth,0.1988023952095809,0.6288254755996692,0.2957894736842105,0.4738390724428727,0.2595239390806473,2
4615,6NFyWDv5CjfwuzoCkw47Xf,delicate,taylor swift,0.7185628742514971,0.3951612903225806,0.0188421052631578,0.2172978936148279,0.2921843541980302,1
4616,6NJfIydBMYrXvlaXsFxmc8,aint it different feat aj tracey  stormzy,headie one aj tracey stormzy,0.7389221556886229,0.56575682382134,0.5178947368421053,0.0099321376146843,0.1833989322789134,1
4617,6NMtzpDQBTOfJwMzgMX0zl,skeletons,travis scott,0.3712574850299402,0.686724565756824,0.231578947368421,0.0014612484941661,0.6126760137606637,1
4618,6NYtLvyThMT0oALFdJFdzq,love language,ariana grande,0.644311377245509,0.5698924731182795,0.548421052631579,0.0690070318138325,0.3828076348708275,1
4619,6NZOc8kO0Fxo0fLPvIdLnW,mother i sober feat beth gibbons of portishead,kendrick lamar beth gibbons,0.4095808383233533,0.3589743589743589,0.4831578947368421,0.8752505640208723,0.564054196216422,2
4620,6NfrH0ANGmgBXyxgV2PeXt,la difcil,bad bunny,0.6407185628742517,0.8542183622828784,0.7673684210526316,0.0866127989883062,0.8050350969473818,0
4621,6Nle9hKrkL1wQpwNfEkxjh,chanel,frank ocean,0.7497005988023954,0.4975186104218362,0.4642105263157894,0.8792747393750378,0.3834122334476025,2
4622,6NnCWIWV740gP7DQ8kqdIE,nxde,gidle,0.6898203592814373,0.9183209263854426,0.648421052631579,0.0415420350216536,0.5395921378001076,0
4623,6NriykdkRrjQMZo1sfVYUo,no body no crime feat haim,taylor swift haim,0.4754491017964073,0.6112489660876758,0.5221052631578947,0.4335973189012186,0.1952430183979346,2
4624,6O10oTtZIZ4DkkUqyfCbrR,higher feat nipsey hussle  john legend,dj khaled nipsey hussle john legend,0.2407185628742515,0.9658808933002482,0.4357894736842105,0.0954659847674701,0.2233205763033633,1
4625,6O5TrlFWTYvznd9fMC0VvU,when we were young,adele,0.2706586826347306,0.5926385442514475,0.2452631578947368,0.3048237075679255,0.5903481883203647,1
4626,6O6M7pJLABmfBRoGZMu76Y,roses,the chainsmokers rozes,0.6778443113772455,0.8107940446650125,0.331578947368421,0.0363106070612386,0.3223417312075647,1
4627,6O7fPYTsb2mY0PiFt2ymDB,aim for the moon feat quavo,pop smoke quavo,0.6742514970059881,0.6029776674937966,0.4210526315789473,0.4999962122449479,0.5762247655669019,2
4628,6OQea06z3cbOqYgG2O6eOZ,killing spree,logic ansel elgort,0.8455089820359282,0.7601323407775021,0.1673684210526315,0.029167695807595,0.4676630451211918,1
4629,6OTKVgVpVaVjhRLYizPJKA,just for me,pinkpantheress,0.7736526946107786,0.6236559139784946,0.6410526315789474,0.6569390510573989,0.5218713535148338,2
4630,6OZh916QF8XNunWaP97WEZ,fast car,jonas blue dakota,0.3700598802395211,0.5843672456575683,0.5778947368421052,0.4557302833491284,0.4061874618347148,2
4631,6OZwia8loN0aPS0vTvsBjR,tout va bien feat ninho  naps,alonzo ninho naps,0.6107784431137726,0.7218775847808105,0.6273684210526316,0.3028116198908428,0.3217613165738608,0
4632,6OaVWaGfhXn70ZJfdVcabn,no bystanders,travis scott,0.695808383233533,0.815963606286187,0.414736842105263,0.0205157187961393,0.6065756141210044,1
4633,6OfOzTitafSnsaunQLuNFw,dogtooth,tyler the creator,0.665868263473054,0.6474358974358975,0.8105263157894738,0.5080445629532787,0.1863070514332009,0
4634,6OrTKLtcF7EBayOV2QqkSK,hold that heat feat travis scott,southside future travis scott,0.7113772455089822,0.6060794044665012,0.0391578947368421,0.0296707177268656,0.5037938560692627,1
4635,6OufwUcCqo81guU2jAlDVP,love tonight edit,shouse,0.6910179640718563,0.6815550041356494,0.4378947368421052,0.0021453583043742,0.4613691739369646,1
4636,6OzUIp8KjuwxJnCWkXp1uL,besos moja2,wisin  yandel rosala,0.7017964071856289,0.729114971050455,0.6442105263157895,0.0587453846607107,0.286156506387584,0
4637,6Ozh9Ok6h4Oi1wUSLtBseN,bop,dababy,0.7413173652694612,0.7911497105045493,0.8463157894736841,0.1901347099742114,0.4839932526798832,0
4638,6P096SaOzrgGxs8NWOfX7M,salimo de noche,tiago pzk trueno,0.621556886227545,0.6267576509511994,0.791578947368421,0.2957693130210533,0.2242153821969902,0
4639,6P2ffRHZZ8CdH3GfWq71Ci,castle,eminem,0.6071856287425151,0.8314722911497104,0.24,0.0229302240086386,0.2318393702501224,1
4640,6PCUP3dWmTjcTtXY02oFdT,castle on the hill,ed sheeran,0.3724550898203593,0.8397435897435898,0.4621052631578947,0.0233326415440551,0.5337940374488359,1
4641,6PDlkWmrq2ZKiUuFt2aQsH,loco,justin quiles chimbala zion  lennox,0.7425149700598804,0.9069478908188586,0.8621052631578947,0.223334156646076,0.4917321144626026,0
4642,6PFoEnjp0PAe5siGswjH9i,dancings not a crime,panic at the disco,0.4502994011976049,0.8986765922249793,0.8126315789473685,0.0377190684351964,0.2864406677186682,0
4643,6PGoSes0D9eUDeeAafB2As,love feat zacari,kendrick lamar zacari,0.7784431137724552,0.5822994210090984,0.7863157894736842,0.2655879978648128,0.4796885108132455,0
4644,6PJ8FF6UR8FZXfEvpHkIVN,how would you feel paean,ed sheeran,0.5592814371257486,0.4313482216708023,0.2210526315789473,0.4265550120314292,0.5638546786860865,2
4645,6PYnUsNEpYC7A4BS2sjw3L,right back feat a boogie wit da hoodie,khalid a boogie wit da hoodie,0.761676646706587,0.4199751861042183,0.5515789473684211,0.0938563146258039,0.3040103023597483,0
4646,6PfI6EeLNiNGVAVg11nv7D,speed it up,gunna,0.9125748502994014,0.5843672456575683,0.4242105263157895,0.039630551728425,0.5822828433061868,1
4647,6Pgkp4qUoTmJIPn7ReaGxL,without you feat sandro cavazza,avicii sandro cavazza,0.6131736526946109,0.8645574855252275,0.2768421052631579,0.0016322759467181,0.5276634078803377,1
4648,6Pgmqg15yVexuOgtzuxwoX,dancing in my room,347aidan,0.9940119760479044,0.4044665012406947,0.7705263157894737,0.6750478401511433,0.4430196071318448,2
4649,6Pif6RkFoYzLygdqktus4Q,the foundations of decay,my chemical romance,0.2550898203592815,0.6701819685690654,0.1747368421052631,0.0005779420039268,0.6253483999298666,1
4650,6PoKfDY78ih5OveWirggRX,off white vlone lil baby  gunna feat lil durk  nav,lil baby gunna lil durk nav,0.8491017964071857,0.500620347394541,0.1273684210526315,0.1056270275367377,0.5698643885392294,1
4651,6Poyf51k7W3NKnsGwAI90B,barbie dreams,nicki minaj,0.8383233532934132,0.7911497105045493,0.7031578947368421,0.3148841459533391,0.2494876027061832,0
4652,6Pw3Gvw4wNMZfTYZa6IQal,the way i are dance with somebody feat lil wayne,bebe rexha lil wayne,0.3784431137724552,0.6588089330024814,0.3452631578947368,0.0028294681145823,0.8431187612984361,1
4653,6PzOPrXx8tJEqace76yrv2,eta,justin bieber,0.377245508982036,0.488213399503722,0.4473684210526315,0.4929539053751584,0.487185533165255,2
4654,6Q36XucqrejMId3RydVhch,biggest alley oop,quavo,0.8502994011976049,0.3992969396195202,0.024,0.1669957016877603,0.1739006886377789,1
4655,6Q3K9gVUZRMZqZKrXovbM2,ill wait,kygo sasha alex sloan,0.5520958083832336,0.6505376344086022,0.3357894736842105,0.1448627372398505,0.4610971045774159,1
4656,6QT6j7rKt7Vk3IuV2AUO9W,lacy,olivia rodrigo,0.3652694610778444,0.369313482216708,0.4010526315789473,0.8078456268386018,0.1828850234886546,2
4657,6Qb7YsAqH4wWFUMbGsCpap,training season,dua lipa,0.7964071856287426,0.5791976840363937,0.6726315789473685,0.0367130245966551,0.4613812659085001,0
4658,6QgjcU0zLnzq5OrUoSZ3OK,feel it still,portugal the man,0.7796407185628744,0.7994210090984285,0.76,0.0419444525570701,0.1953458001559864,0
4659,6Qyc6fS4DsZjB2mRW9DsQs,iris,the goo goo dolls,0.1976047904191617,0.7167080231596361,0.4894736842105263,0.0012499792880724,0.66026396773862,1
4660,6R9c642Hs3tOdLowjYaWt2,lovehate letter to alcohol with fleet foxes,post malone fleet foxes,0.3892215568862276,0.56575682382134,0.0078947368421052,0.0372160465159258,0.3705524217195993,1
4661,6RBfz4bNLNzvt37HycN1Xf,present,khalid,0.6395209580838325,0.5088916459884202,0.1789473684210526,0.0024270505791658,0.2496750282649834,1
4662,6RJBrG3VHz2hPITjv88chh,glitch,taylor swift,0.5041916167664671,0.4706368899917286,0.3147368421052632,0.3148841459533391,0.5684193979407373,1
4663,6RKkHI2fkmgZq7uQPPav8f,gang gang,migos,0.695808383233533,0.6257237386269645,0.4926315789473684,0.2625698663491888,0.2618637355727665,1
4664,6RQ5IwG7uADz9LDWliJGjU,special,sza,0.5437125748502994,0.1832092638544251,0.1673684210526315,0.7816884870365266,0.1778487173441193,2
4665,6RS6rcjnWrdfVuu2U2W2dj,make it to christmas,alessia cara,0.4455089820359282,0.5171629445822995,0.2873684210526316,0.1307781235002716,0.1835198519942684,1
4666,6RUKPb4LETWmmr3iAEQktW,something just like this,the chainsmokers coldplay,0.5592814371257486,0.6339950372208437,0.4357894736842105,0.0500934076492551,0.3403950447100648,1
4667,6RV9pRLIQiXm3qTGeyQluf,machu picchu,camilo evaluna montaner,0.7640718562874254,0.7932175351530191,0.8789473684210526,0.3993918283908127,0.7326465093501171,0
4668,6RcAHyC5sAUIbPTkhOQwd8,y lloro,junior h,0.6922155688622755,0.586435070306038,0.7736842105263158,0.4265550120314292,0.1859563842586714,0
4669,6RnkFd8Fqqgk1Uni8RgqCQ,like i do,david guetta martin garrix brooks,0.5808383233532936,0.9079818031430936,0.1242105263157894,0.0066725555778103,0.4912968034873246,1
4670,6RsRMf9e4KUyo3MecGffNL,i want it,juice wrld,0.1652694610778443,0.6370967741935484,0.1210526315789473,0.1337962550158956,0.1191421955392716,1
4671,6RyaV7owmVU6fzEPE17sF1,que tire pa lante,daddy yankee,0.6083832335329342,0.9090157154673284,0.711578947368421,0.0480813199721724,0.2857393333696092,0
4672,6RyuoOJXNzlVWpfC5xQyeI,alocao with bad gyal,omar montes bad gyal,0.6263473053892217,0.7549627791563276,0.7021052631578947,0.2152858059377451,0.7937593334905291,0
4673,6SIrNxmmdbv1KUbFBu1PaN,bebe feat anuel aa,ozuna anuel aa,0.7053892215568863,0.6887923904052936,0.5789473684210525,0.554322579526181,0.7443273538534092,0
4674,6SQLk9HSNketfgs2AyIiMs,she,harry styles,0.4610778443113773,0.5161290322580646,0.4473684210526315,0.0005276398119997,0.5641388400171707,1
4675,6SRsiMl7w1USE4mFqrOhHC,brutal,olivia rodrigo,0.6251497005988026,0.521298593879239,0.2610526315789474,0.0312803878685318,0.4672398261174492,1
4676,6SUocL0caib4mLHe8ZrZzi,sun comes up feat james arthur,rudimental james arthur,0.5616766467065869,0.8645574855252275,0.2084210526315789,0.0079502312527578,0.3585209100417777,1
4677,6SYSu569pfYdkDT9A5lZqi,cuidao por ah,j balvin bad bunny,0.8323353293413175,0.8180314309346567,0.5831578947368421,0.1116632905679858,0.2676074220521284,0
4678,6Sq7ltF9Qa7SNFBsV5Cogx,me porto bonito,bad bunny chencho corleone,0.9113772455089822,0.7136062861869313,0.4136842105263157,0.0906369743424716,0.2738045574640717,1
4679,6SwRhMLwNqEi6alNPVG00n,loyalty feat rihanna,kendrick lamar rihanna,0.6083832335329342,0.5306038047973533,0.4073684210526315,0.0266525862112416,0.3867375256198647,1
4680,6SznMYPQJHzr3IwsAHLId2,bibia be ye ye,ed sheeran,0.7041916167664671,0.6774193548387097,0.8947368421052632,0.523135220531399,0.4857889104529048,0
4681,6T0sEnqjmHISIKwFETeeiP,suburban legends taylors version from the vault,taylor swift,0.6574850299401198,0.6195202646815551,0.3284210526315789,0.1991891045210835,0.431260164813572,1
4682,6T6D9CIrHkALcHPafDFA6L,vibez,zayn,0.5904191616766469,0.6712158808933003,0.2789473684210526,0.2424489895783617,0.3035447614556315,1
4683,6TBzRwnX2oYd8aOrOuyK1p,fin de semana,oscar maydon junior h,0.6574850299401198,0.5368072787427627,0.3505263157894737,0.0631719775502927,0.312438406519991,1
4684,6TIU9Ehmi6dMzZK73Ym4yj,save myself,ed sheeran,0.4814371257485031,0.2772952853598014,0.4726315789473684,0.8551296872500452,0.1942212468031849,2
4685,6TqXcAFInzjp0bODyvrWEq,talk feat disclosure,khalid disclosure,0.8982035928143713,0.391025641025641,0.3305263157894736,0.0519042865586295,0.5397009655439271,1
4686,6TwcRSQgztJFw8tQDrs35D,the thrill of it all,sam smith,0.41437125748503,0.2659222497932175,0.0747368421052631,0.8148879337083913,0.4857042666521563,2
4687,6U0FIYXCQ3TGrk4tFpLrEA,sugar,brockhampton,0.362874251497006,0.5337055417700579,0.5094736842105263,0.451706107994963,0.4610366447197383,2
4688,6U2NuJILEOEpW2tVCuqKHb,dura  remix,daddy yankee natti natasha becky g bad bunny,0.7449101796407187,0.8076923076923078,0.8642105263157894,0.18912866613567,0.2917974111088942,0
4689,6UN73IYd0hZxLi8wFPMQij,players,coi leray,0.962874251497006,0.5109594706368901,0.6231578947368421,0.0301737396461363,0.3523781885017442,0
4690,6UTmrvq4nRmx1iQ6iMd1FD,almost sweet music,hozier,0.4467065868263474,0.6877584780810588,0.7147368421052631,0.0216223670185348,0.2619000114873729,0
4691,6Uj1ctrBOjOas8xZXGqKk4,woman,doja cat,0.807185628742515,0.7673697270471465,0.8936842105263157,0.0893291173523678,0.3704980078476895,0
4692,6UjfByV1lDLW0SOVQA4NAi,gyalchester,drake,0.8706586826347306,0.3817204301075269,0.0947368421052631,0.0318840141716566,0.5096766002212831,1
4693,6Um358vY92UBv5DloTRX9L,que vuelvas,carin leon grupo frontera,0.4083832335329341,0.6422663358147229,0.7863157894736842,0.1881226222971286,0.6998288986027728,0
4694,6V9kwssTrwkKT72imgowj9,my type,the chainsmokers emily warren,0.5437125748502994,0.6009098428453268,0.1242105263157894,0.035908189525822,0.2918457789950362,1
4695,6VBhH7CyP56BXjp8VsDFPZ,kesariya from brahmastra,pritam arijit singh amitabh bhattacharya,0.5113772455089821,0.5709263854425145,0.4252631578947368,0.5754495001355493,0.2859207129426417,2
4696,6VDz4m1vEGHDDqQojf1mpc,wu tang forever ft ghostface killah raekwon rza method man inspectah deck cappadonna jackpot scotty wotty ugod masta killa gza,logic ghostface killah raekwon rza method man inspectah deck cappadonna jackpot scotty wotty ugod masta killa gza,0.6886227544910181,0.8138957816377173,0.7610526315789473,0.134802298854437,0.2676739278955737,0
4697,6VHdcVbiKLYYOcMbIqBcuK,lumbra,cali y el dandee shaggy,0.6874251497005989,0.8459470636889992,0.8452631578947368,0.0533127479325874,0.2738347873929105,0
4698,6VLkgf5YmLixsabdqiCVGU,at least for now,justin bieber,0.2694610778443114,0.2917700578990901,0.2768421052631579,0.6871203662136395,0.224390715784255,2
4699,6VMAFT0zfide2Jg8MVZAPz,capital bra je mappelle,capital bra,0.570059880239521,0.7715053763440861,0.7589473684210526,0.1599533948179708,0.2016215333829104,0
4700,6VObnIkLVruX4UVyxWhlqm,skyfall,adele,0.2347305389221557,0.5481803143093467,0.0493684210526315,0.4195127051616397,0.1763190829448787,2
4701,6VciS3dRMpZhJiDxT8ArFi,young miko bzrp music sessions vol 58,bizarrap young miko,0.6634730538922157,0.5678246484698097,0.4326315789473683,0.5915462015522109,0.2980550063785149,2
4702,6Vgtvd7I5yopJdBuxqjBd2,your man,joji,0.7604790419161678,0.8232009925558312,0.0192631578947368,0.6277637797396997,0.4308490377813651,2
4703,6VrBWh90BiwWmwKtvwWFcq,ambiente,j balvin,0.7652694610778444,0.7332506203473945,0.7978947368421053,0.1398325180471437,0.2073228979618981,0
4704,6VrCmhRBFnuGKmtNfk4jDs,spotlight,marshmello lil peep,0.4742514970059881,0.8273366418527709,0.6136842105263157,0.0145800601487453,0.6248042612107692,0
4705,6VrQTLzzuyGIYjUDe4kAZk,un coco,bad bunny,0.8251497005988025,0.6908602150537634,0.7494736842105263,0.2082434990679557,0.6364790597282934,0
4706,6VsvKPJ4xjVNKpI8VVZ3SV,invisible string,taylor swift,0.6023952095808385,0.4447890818858561,0.4399999999999999,0.843057161187549,0.221978367462923,2
4707,6VzcQuzTNTMFnJ6rBSaLH9,fine line,harry styles,0.1868263473053892,0.336228287841191,0.0201052631578947,0.1730319647190083,0.4490837308568975,1
4708,6W9l02gRsXVxzIuQC1oc1X,pretty isnt pretty,olivia rodrigo,0.4838323353293414,0.8604218362282878,0.591578947368421,0.0039562372137487,0.4667984691564036,0
4709,6WBTeFDEfAJbaSUUc1V1xQ,lost in japan,shawn mendes,0.7017964071856289,0.7404880066170388,0.391578947368421,0.2625698663491888,0.3524205104021184,1
4710,6WbTTAGKrQtCQvmc5BuYfh,girls in the hood,megan thee stallion,0.8035928143712575,0.869727047146402,0.8863157894736842,0.0082822257194765,0.8058996729121701,0
4711,6WhzFzROw3aq3rPWjgYlxr,gold,kiiara,0.5389221556886228,0.4034325889164598,0.3957894736842104,0.6187093851928275,0.4010362819605923,2
4712,6WkJ2OK163XXS2oARUC9JM,dancin feat luvli  krono remix,aaron smith krono luvli,0.6826347305389222,0.7435897435897436,0.3421052631578947,0.1016028521825723,0.4424331465123731,1
4713,6WlxcZKpEV6Bwe9InoVhMp,wifi lit,future,0.8790419161676649,0.5760959470636889,0.2957894736842105,0.0643792301565423,0.5940483316102274,1
4714,6Ww0J5EFjiPxkgZpEkRQVN,nowhere fast feat kehlani,eminem kehlani,0.6682634730538923,0.7311827956989247,0.6442105263157895,0.2625698663491888,0.1953216162129154,0
4715,6WzRpISELf3YglGAh7TXcG,popular with playboi carti  madonna  from the idol vol 1 music from the hbo original series,the weeknd playboi carti madonna,0.844311377245509,0.6784532671629446,0.863157894736842,0.0572363189028987,0.3162715614967442,0
4716,6X29iaaazwho3ab7GNue5r,8,billie eilish,0.7005988023952097,0.2204301075268817,0.4526315789473684,0.7022110237917597,0.0950912641551641,2
4717,6XBjCetHKdO5L9cwMDVffw,hipcrita,anuel aa zion,0.7664670658682636,0.8645574855252275,0.7978947368421053,0.3048237075679255,0.2740766268236204,0
4718,6XHVuErjQ4XNm6nDPVCxVX,no guidance feat drake,chris brown drake,0.6538922155688623,0.4468569065343258,0.1094736842105263,0.1237358166304821,0.2793850023277045,1
4719,6XO8RlYuJCiI0v3IA48FeJ,bye bye,marshmello juice wrld,0.5928143712574852,0.5202646815550042,0.2168421052631578,0.0577393408221694,0.219469283369307,1
4720,6XOYVSmNDjKUNMXooU4s4z,no vacancy,onerepublic,0.6706586826347306,0.7322167080231596,0.471578947368421,0.057437527670607,0.3220575698764805,1
4721,6XXKB32Om6WuXg3uEWwTob,imperfect for you,ariana grande,0.5808383233532936,0.379652605459057,0.2189473684210525,0.5080445629532787,0.6251428364137632,2
4722,6XaJfhwof7qIgbbXO5tIQI,igual que un ngel with peso pluma,kali uchis peso pluma,0.6407185628742517,0.6081472291149711,0.4547368421052631,0.0034934570480196,0.3705040538334572,1
4723,6XbtvPmIpyCbjuT0e8cQtp,columbia,quevedo,0.6203592814371259,0.7136062861869313,0.2442105263157894,0.3712226009116548,0.322263133392584,1
4724,6Xj014IHwbLVjiVT6H89on,malas decisiones,kenia os,0.7928143712574852,0.7952853598014888,0.6347368421052632,0.0476789024367558,0.3824146457959237,0
4725,6XjDF6nds4DE2BBbagZol6,gata only,floyymenor cris mj,0.7676646706586828,0.4933829611248966,0.6705263157894737,0.4486879764793389,0.3220575698764805,0
4726,6XjEOPgbgHKcaHcunEHSJJ,uff,veysel gzuz,0.7964071856287426,0.8335401157981803,0.2936842105263157,0.0412402218700912,0.5638123567857123,1
4727,6XlSyYFTU1nodeWwwzVgTV,sangria wine,pharrell williams camila cabello,0.8155688622754492,0.7146401985111662,0.6926315789473684,0.1820863592658805,0.5162727706938979,0
4728,6Xom58OOXk2SoU711L2IXO,moscow mule,bad bunny,0.7832335329341319,0.6743176178660051,0.2736842105263157,0.2957693130210533,0.321948742132661,1
4729,6XsFgTG4dY768oIB4Dmeu0,jiwa yang bersedih,ghea indrawari,0.2550898203592815,0.3817204301075269,0.4410526315789473,0.8098577145156844,0.306283593008422,2
4730,6Y46tOTRhkBamosyuWa6YX,la fama,rosala the weeknd,0.7377245508982038,0.2824648469809759,0.8136842105263158,0.9527159395885564,0.539894437088495,2
4731,6Y4PDQv4XjYjHLeLmvyOt0,si te vas,sech ozuna,0.6946107784431138,0.6433002481389578,0.5494736842105263,0.0938563146258039,0.7701558050532349,0
4732,6YAxCn4juTWn5hWl2hzHGw,you better move,lil uzi vert,0.8287425149700599,0.5523159636062863,0.2884210526315789,0.1599533948179708,0.4360244015985586,1
4733,6YJdPrH3i2POzu7hdHIRrb,santa baby,ariana grande liz gillies,0.7161676646706588,0.7818444995864351,0.7842105263157895,0.0503952208008175,0.2978917647627857,0
4734,6YOfGIE6iFxC7G8OlGGvzW,rockstar,junior h,0.7317365269461079,0.6577750206782466,0.9084210526315788,0.2937572253439706,0.4735095133586055,0
4735,6YZdkObH88npeKrrkb8Ggf,duele el corazon feat wisin,enrique iglesias wisin,0.6778443113772455,0.9162531017369728,0.8810526315789473,0.0863109858367438,0.267909721340516,0
4736,6Yocr5JJOjupv71R5uhye5,roli glitzer glitzer,capital bra luciano eno,0.8311377245508983,0.7363523573200993,0.531578947368421,0.015083082068016,0.6544598214015804,0
4737,6Yx181fZzA0YE2EkUsYruq,big plans,why dont we,0.6502994011976049,0.6019437551695617,0.651578947368421,0.0671961529044581,0.1710772132842398,0
4738,6YzQOngfcV0W9F8UOTnEEK,bande organise,13 organis sch kofs jul naps soso maness elams solda houari,0.8994011976047905,0.9483043837882548,0.8136842105263158,0.117699553599234,0.5818052104305347,0
4739,6Z165JvPnS8PYvGW8oLGLc,flowers,lauren spencer smith,0.6395209580838325,0.4416873449131513,0.3252631578947368,0.874244520182331,0.1175762852254245,2
4740,6Z4rRhYZVQsYKmrxD40tru,obsessed,riar saab abhijay sharma,0.776047904191617,0.7425558312655087,0.8621052631578947,0.6197154290313689,0.5333405885162545,0
4741,6Z4rmc0uujCpl8yXe3yjgI,whip feat travis scott,2 chainz travis scott,0.7700598802395211,0.3899917287014061,0.0062105263157894,0.120717685114858,0.4548455552935628,1
4742,6ZRuF2n1CQxyxxAAWsKJOy,nights like this feat ty dolla ign,kehlani ty dolla ign,0.5508982035928145,0.7270471464019851,0.2726315789473683,0.3692105132345721,0.6012430546738494,1
4743,6ZZf5a8oiInHDkBe9zXfLP,curtains,ed sheeran,0.4191616766467066,0.7601323407775021,0.4326315789473683,0.0994901601216355,0.7812985568231972,1
4744,6ZelF5APDN5r6XnFqcnvWR,give no fxk,migos travis scott young thug,0.902994011976048,0.6257237386269645,0.2147368421052631,0.0304755527976987,0.6001124553352801,1
4745,6ZfXA2xakAvphXOSOJ3u1W,when i look at you,miley cyrus,0.3700598802395211,0.5409429280397023,0.1705263157894737,0.1428506495627678,0.5515329596914129,1
4746,6Zisja44KqMZj4GM4UY6Yv,balenciaga challenge feat offset,6lack offset,0.7113772455089822,0.3848221670802316,0.6589473684210526,0.0900333480393468,0.5818838082455156,0
4747,6ZprqcYFC6D9eIZaCoqrSn,gently feat bad bunny,drake bad bunny,0.8598802395209583,0.3982630272952853,0.2347368421052631,0.0481819243560265,0.3676322105937762,1
4748,6a4GH1gljLL7VvmO9u5O92,dont break my heart,the weeknd,0.7389221556886229,0.6164185277088503,0.2221052631578947,0.311866014437715,0.4549060151512403,1
4749,6aH3QgooXRmx8k8jzrSm3V,a lammoniaque,pnl,0.518562874251497,0.3713813068651778,0.1273684210526315,0.4185066613230983,0.4894165019135545,2
4750,6aoGtdWXBkYQ2O2wnyIz2x,not ok,kygo chelsea cutler,0.5604790419161677,0.6598428453267163,0.3957894736842104,0.0293689045753032,0.3523721425159765,1
4751,6ap9lSRJ0iLriGLqoJ44cq,city of angels,24kgoldn,0.6419161676646709,0.5368072787427627,0.7284210526315789,0.0422462657086325,0.4435576998651745,0
4752,6b2RcmUt1g9N9mQ3CbjX2Y,how do you sleep,sam smith,0.3916167664670659,0.6825889164598843,0.3294736842105262,0.1539171317867227,0.3860301452850379,1
4753,6b5P51m8xx2XA6U7sdNZ5E,alone again,the weeknd,0.081437125748503,0.6515715467328371,0.0293684210526315,0.0331918711617604,0.1127999564689024,1
4754,6b81dy3WjbozXK6b7C1gu5,austin,dasha,0.7185628742514971,0.6712158808933003,0.7431578947368421,0.4708209409272487,0.4122394935882321,0
4755,6b8Be6ljOzmkOmFslEb23P,24k magic,bruno mars,0.8,0.8076923076923078,0.631578947368421,0.0341979150003017,0.364282734478443,0
4756,6bGMSP3H9YqkmaLnaJTIoF,hold on,adele,0.258682634730539,0.3538047973531844,0.4494736842105263,0.8631780379583761,0.7205847677434567,2
4757,6bGwKHXHNLmTy6yt147FPh,if you know you know,pusha t,0.3712574850299402,0.6980976013234077,0.7042105263157894,0.0187048398867649,0.6451550493050138,0
4758,6bLopGnirdrilrpdVB6Um1,the greatest,sia,0.5856287425149702,0.7890818858560794,0.688421052631579,0.0174975872805153,0.8780706050217957,0
4759,6bM4daGlfZHtKMQp8tEqVz,2012,bausa juju,0.7844311377245511,0.6174524400330852,0.4673684210526315,0.2193099812919106,0.3160659979806408,1
4760,6bMIExEulvwM2X6zsuiYwr,miami feat gunna,tory lanez gunna,0.6275449101796409,0.8686931348221671,0.3421052631578947,0.0190066530383273,0.6853427167032449,1
4761,6bOkaEXc5CopinGazSLokx,whats good,tyler the creator,0.3688622754491019,0.9172870140612076,0.4389473684210526,0.0570351101351904,0.4323423962659992,1
4762,6bQ5823aHmFVKLZW8E7rRo,si quieren frontear,duki de la ghetto quevedo,0.7652694610778444,0.8428453267162944,0.4673684210526315,0.1257479043075648,0.2105091324615021,0
4763,6bTdZ7xfKp3NqqADJ8HLyj,vampiro,matu wiu teto,0.7568862275449103,0.6422663358147229,0.6263157894736842,0.0136746206940581,0.4127957242788651,0
4764,6bpq1jGkVz66Q3LYeoXdjZ,scoop feat doja cat,lil nas x doja cat,0.8275449101796407,0.522332506203474,0.5789473684210525,0.0429504963956115,0.7089341531690034,0
4765,6c1QaQHdDhtFMfUkhueuXK,monster,red velvet  irene  seulgi,0.5760479041916169,0.7508271298593879,0.3357894736842105,0.2132737182606625,0.416852580729025,1
4766,6cAKeFFYW2aClZSUyvqAEW,its gotta be you,isaiah firebrace,0.325748502994012,0.7477253928866833,0.5852631578947368,0.2223281128075346,0.2948566799073754,1
4767,6cHxkkZ3TZUKsjd13pIO1p,puta madre  bonustrack,raf camora,0.8311377245508983,0.7880479735318445,0.966315789473684,0.4728330286043313,0.4791806480087546,0
4768,6cPyTS0Kk2sc4xQwC93kOg,break up every night,the chainsmokers,0.5676646706586828,0.8107940446650125,0.5221052631578947,0.0041272646663007,0.6244354560789365,1
4769,6cS9PmLky2NhLOhpIsUlow,gnat,eminem,0.8203592814371258,0.8759305210918115,0.8294736842105263,0.2494912964481511,0.5696951009377325,0
4770,6cjSh516BbrNUs213jDAGm,graduation with juice wrld,benny blanco juice wrld,0.695808383233533,0.6495037220843674,0.6031578947368421,0.1076391152138204,0.6544779593588836,0
4771,6cx06DFPPHchuUAcTxznu9,head  heart feat mnek,joel corry mnek,0.6994011976047905,0.881100082712986,0.9189473684210526,0.1690077893648429,0.4609157250043833,0
4772,6dBUzqjtbnIa1TwYbyw5CM,lovers rock,tv girl,0.4898203592814373,0.8779983457402812,0.5684210526315789,0.0,0.352190762942944,0
4773,6dPyzkyZwoj9LqjQXOFdVv,press,cardi b,0.8838323353293415,0.5202646815550042,0.2221052631578947,0.029167695807595,0.5276029480226603,1
4774,6dTA6y0C2ReQklntzZl8l3,the story of us taylors version,taylor swift,0.4371257485029941,0.7849462365591399,0.5663157894736841,0.0019240286598951,0.5630505625789757,1
4775,6dVZCbi9CYtD9LjAHXRjIG,mask off feat kendrick lamar  remix,future kendrick lamar,0.6826347305389222,0.4158395368072787,0.2063157894736842,0.0122661593201002,0.6245019619223815,1
4776,6dXiWwFrcGieqnoLYzPNp5,sial,mahalini,0.4946107784431138,0.4230769230769231,0.1726315789473684,0.8953714407916994,0.4431465728329675,2
4777,6dgUya35uo964z7GZXM07g,nonsense,sabrina carpenter,0.7065868263473055,0.6980976013234077,0.7368421052631579,0.026954399362804,0.5578872907333177,0
4778,6dpLxbF7lfCAnC9QRTjNLK,home,good neighbours,0.518562874251497,0.6763854425144749,0.1073684210526315,0.0290670914237408,0.1830966329905258,1
4779,6e2PtJYcltVk76nLwxBzRn,one day feat ryan tedder,logic ryan tedder,0.4538922155688624,0.8779983457402812,0.2526315789473684,0.1187055974377753,0.8652954370945412,1
4780,6e9Ew4AECYwY5Xgs2ZKMgp,mercedes tintia,anuel aa,0.7964071856287426,0.6701819685690654,0.7747368421052632,0.0907375787263257,0.7575378327559419,0
4781,6eGMMPRVYzpssGgednRvzU,cherry,lana del rey,0.2455089820359281,0.5368072787427627,0.3210526315789473,0.0459686279112355,0.4643679828777683,1
4782,6eJUG282cUKuIoa72sEsqO,macetando,ivete sangalo ludmilla,0.7868263473053894,0.7932175351530191,0.8168421052631579,0.0614617030247724,0.5034734188235721,0
4783,6ePyl2ns4b7MVYhjsj32ZK,intro singularity,bts,0.7485029940119762,0.2576509511993383,0.1810526315789473,0.557340711041805,0.3463322027339947,2
4784,6eT2V7nKXyMf47TwPbtgAD,seek  destroy,sza,0.6000000000000001,0.6464019851116626,0.3294736842105262,0.4396335819324667,0.6369506466181778,1
4785,6eT7xZZlB2mwyzJ2sUKG6w,white iverson,post malone,0.6287425149700601,0.5585194375516958,0.291578947368421,0.2344006388700309,0.5041142933149536,1
4786,6eUncuJutsFi9BGO1JaBHh,if im lucky,jason derulo,0.894610778443114,0.6329611248966088,0.4989473684210526,0.0041473855430715,0.394984250207075,0
4787,6eVxH9Kyanzrw636zJRPcw,errbody,lil baby,0.8826347305389223,0.6040115798180314,0.2526315789473684,0.0004018843321821,0.5639514144583704,1
4788,6eiztdXRkooWsBt2xToMWI,make believe,juice wrld,0.377245508982036,0.8459470636889992,0.6736842105263158,0.1257479043075648,0.2252915676636497,0
4789,6f3Slt0GbA2bPZlz0aIFXN,the business,tisto,0.776047904191617,0.6184863523573201,0.2136842105263157,0.4164945736460156,0.4432493545910193,1
4790,6f5ExP43esnvdKPddwKXJH,better days neiked x mae muller x polo g,neiked mae muller polo g,0.6790419161676647,0.6712158808933003,0.7021052631578947,0.0018033033992702,0.3829285545861825,0
4791,6fDC5DIa4bt6NbPZWR1yxM,zombie,samra capital bra,0.4970059880239521,0.6019437551695617,0.3063157894736842,0.2193099812919106,0.3770699943772331,1
4792,6fI3tBVND8zUXZi9rr2Yps,take one,kodak black,0.6071856287425151,0.6112489660876758,0.4768421052631578,0.1237358166304821,0.7697084021064213,1
4793,6fLVTVaHWaEfVKfEgbkf4D,losses,drake,0.480239520958084,0.5667907361455748,0.4978947368421053,0.2816846992814745,0.2356060193834303,1
4794,6fOOKqQWcSy33ApU1wqkkW,paradise,khalid,0.5161676646706588,0.4447890818858561,0.5168421052631579,0.2072374552294143,0.1712706848288079,1
4795,6fWa5CRgy0z30OeGZyMBvD,heart on ice,rod wave,0.6982035928143714,0.379652605459057,0.223157894736842,0.0516024734070671,0.6720717779430347,1
4796,6fcQIY5VSFNrK4YzDoljPQ,perna bamba,parangol leo santana,0.8107784431137726,0.901778329197684,0.9768421052631576,0.3541198556564518,0.527778281609925,0
4797,6feiJqgHqeSvkGUzf11AYs,remember with david guetta,becky hill david guetta,0.570059880239521,0.8707609594706369,0.5505263157894738,0.068604614278416,0.4662361924800028,0
4798,6flur5o18COKeafnjLHRiJ,be like me feat lil wayne,lil pump lil wayne,0.9556886227544912,0.3868899917287014,0.5905263157894737,0.0033626713490093,0.3463624326628334,0
4799,6fmQjRuo7XvRFCK2qex5hQ,mi cuarto,jerry di,0.84311377245509,0.5202646815550042,0.6294736842105263,0.8239423282552634,0.3043307396054389,2
4800,6ft4hAq6yde8jPZY2i5zLr,paradise feat dermot kennedy,meduza dermot kennedy,0.5772455089820361,0.5926385442514475,0.4242105263157895,0.0693088449653949,0.4679351144807405,1
4801,6fujklziTHa8uoM5OQSfIo,black beatles,rae sremmurd gucci mane,0.7712574850299403,0.6308933002481389,0.3399999999999999,0.1428506495627678,0.5998101560468927,1
4802,6fwdbPMwP1zVStm8FybmkO,x feat future,21 savage metro boomin future,0.8203592814371258,0.4044665012406947,0.0831578947368421,0.3752467762658202,0.6184197002400256,1
4803,6fxVffaTuwjgEk5h9QyRjy,photograph,ed sheeran,0.5556886227544912,0.369313482216708,0.1778947368421052,0.6106610344844967,0.3704435939757798,2
4804,6gBFPUFcJLzWGx4lenP6h2,goosebumps,travis scott,0.8275449101796407,0.7301488833746899,0.4189473684210526,0.0852043376143483,0.5038180400123338,1
4805,6gFtgkh8ShkrJn52Cbdhxy,cut my lip,twenty one pilots,0.5880239520958085,0.5574855252274608,0.68,0.120717685114858,0.3943191917726226,0
4806,6gMj2DzKR2PjrrbNSwcGFR,oa,anuel aa quevedo maluma mambo kingz dj luian,0.7940119760479043,0.8728287841191067,0.6473684210526316,0.1710198770419257,0.3221059377626225,0
4807,6gPPoRYJwCsoB2VVdPJfmo,miserable man,david kushner,0.5772455089820361,0.3382961124896608,0.2894736842105263,0.931589018979188,0.3824871976251368,2
4808,6gTJaPuj8DT8RjuDJyBgzP,dont,ed sheeran,0.7856287425149703,0.6060794044665012,0.86,0.011360719865413,0.2922085381411012,0
4809,6gcuJpHu0Ey30D5WR76y98,you  me,jennie,0.7628742514970062,0.5698924731182795,0.571578947368421,0.0147812689164536,0.3946698589471519,0
4810,6gi6y1xwmVszDWkUqab1qw,out west feat young thug,jackboys travis scott young thug,0.7808383233532936,0.5885028949545078,0.291578947368421,0.0104552804107258,0.5631593903227952,1
4811,6gm12xlADJwiBbHIKBXzGW,ren,residente,0.4023952095808384,0.3786186931348221,0.4578947368421052,0.437621494255384,0.2645300152963439,2
4812,6gxKUmycQX7uyMwJcweFjp,we paid feat 42 dugg,lil baby 42 dugg,0.9293413173652696,0.5378411910669976,0.5599999999999999,0.1358083426929783,0.5345981535559465,0
4813,6gzIcEUuswJQGfJNPYMjjv,hard work pays off,future juice wrld,0.7017964071856289,0.4758064516129032,0.6063157894736841,0.328968759692918,0.5643685874763451,0
4814,6hFwju6M40CKovKBPu5IpY,acorda pedrinho,jovem dionisio,0.8694610778443116,0.3486352357320099,0.8884210526315789,0.1881226222971286,0.4673426078755011,0
4815,6hH6QJ9ZAO0Z6m7PfvLoXW,chicken teriyaki,rosala,0.7640718562874254,0.391025641025641,0.5536842105263159,0.4567363271876697,0.3096632990525941,2
4816,6hLkeOMrhZ2CMLBp2of576,wanted,onerepublic,0.6203592814371259,0.5295698924731184,0.7147368421052631,0.1649836140106775,0.5991450976124402,0
4817,6hcqxx32EL884qpJXDstsA,meer,luciano,0.6922155688622755,0.6370967741935484,0.5957894736842105,0.2414429457398203,0.6851190152298381,0
4818,6hkfgHhYXyDVYahUOZhGRd,science fiction,arctic monkeys,0.4694610778443114,0.7694375516956162,0.6431578947368422,0.0296707177268656,0.2499652355818354,0
4819,6hyQVqfHFvsJDjcmj4qrHf,fun tonight,lady gaga,0.5928143712574852,0.9317617866004964,0.3063157894736842,0.366192381718948,0.4306374282794937,1
4820,6hzi3AGB39FjxFqcjgbWs7,deux frres,pnl,0.7712574850299403,0.6588089330024814,0.2905263157894736,0.1438566934013091,0.3948089166198102,1
4821,6i0V12jOa3mr6uu4WYhUBr,heathens,twenty one pilots,0.6970059880239522,0.3868899917287014,0.5431578947368422,0.0846007113112235,0.2618274596581599,1
4822,6i1g5ZRmJZAkDwBaUZ3f2i,caile,luar la l,0.6634730538922157,0.7590984284532672,0.4515789473684211,0.2997934883752188,0.4535638063107999,1
4823,6i759FCuKx713ZnYjtpQGU,true colors,the weeknd,0.5580838323353294,0.4158395368072787,0.5789473684210525,0.2857088746356398,0.1811256416302396,0
4824,6i7zAdNhzUN2k1HcrBxPHG,head shoulders knees  toes feat norma jean martine,ofenbach quarterhead norma jean martine,0.776047904191617,0.8335401157981803,0.5978947368421053,0.0248417073018671,0.4730621104117921,0
4825,6iF4RgIjDvDqyW13PezSj3,single soon,selena gomez,0.5508982035928145,0.5678246484698097,0.7526315789473684,0.0086745828165076,0.352432602373654,0
4826,6iYMfxznTBlcVOgRHab2W0,sunflower vol 6,harry styles,0.4982035928143713,0.8521505376344086,0.871578947368421,0.0005598332148331,0.6850222794575542,0
4827,6igOR5QCn09zAVF2ikZjsV,surf feat gunna,young thug gunna,0.9341317365269464,0.5574855252274608,0.5936842105263157,0.1016028521825723,0.5699490323399778,0
4828,6iiAfo4wTA2CVC3Uwx9uh8,youre not sorry taylors version,taylor swift,0.4263473053892216,0.4365177832919768,0.22,0.0541175830034205,0.5269378895882078,1
4829,6irysuQyZWd7Bjj7ePiOs2,holanda,jhayco,0.8155688622754492,0.7622001654259719,0.223157894736842,0.2786665677658504,0.3702743063742827,1
4830,6isTQfKXhNO3EyJd9mSxx8,am i dreaming feat miley cyrus,lil nas x miley cyrus,0.5736526946107785,0.4375516956162117,0.1863157894736841,0.7746461801667371,0.2864890356048101,2
4831,6it15CsDlkqB7N4lF0C1qM,caro,bad bunny,0.6000000000000001,0.5719602977667494,0.2273684210526315,0.6307819112553237,0.6849436816425734,2
4832,6jA8HL9i4QGzsj6fjoxp8Y,there for you,martin garrix troye sivan,0.5520958083832336,0.6433002481389578,0.1031578947368421,0.1247418604690234,0.3582307027249257,1
4833,6jA8JUuPCGYjFcgw0AoM5T,me niego feat ozuna  wisin,reik ozuna wisin,0.7508982035928146,0.78287841191067,0.7747368421052632,0.0546206049226912,0.2860053567433901,0
4834,6jfEZdUJ2Yla6h7gTJgKuo,walk me home,pnk,0.6011976047904193,0.445822994210091,0.4210526315789473,0.0522060997101919,0.2498201319234094,1
4835,6jmZlyf9DxcIoRrjw02YXm,old town road  remix,lil nas x billy ray cyrus mason ramsey young thug,0.887425149700599,0.4975186104218362,0.6757894736842106,0.0579405495898776,0.5398521151881208,0
4836,6jmngk8Fwup05JZ6kgXEGX,walking the wire,imagine dragons,0.465868263473054,0.7715053763440861,0.0926315789473684,0.0168939609773905,0.3219064202322867,1
4837,6jreFSOTUAViWjKyzOC4Kg,remedy,alesso,0.540119760479042,0.7787427626137304,0.4747368421052631,0.2706182170575196,0.44284427354458,1
4838,6juLaduD4STCUDWT0AYun4,more,kda madison beer gidle lexie liu jaira burns seraphine league of legends,0.6107784431137726,0.7911497105045493,0.1757894736842105,0.002577957154947,0.5761824436665277,1
4839,6jy9yJfgCsMHdu2Oz4BGKX,papis home,drake,0.6598802395209581,0.7435897435897436,0.5852631578947368,0.1126693344065272,0.5650517838681008,0
4840,6kWxIqQDsKFYCJGbU4AjCX,hardest to love,the weeknd,0.3796407185628744,0.6060794044665012,0.0799999999999999,0.0914418094133047,0.2070085067019751,1
4841,6kXNnS7JJz0nAv4XEwEmQJ,heart upon my sleeve feat imagine dragons,avicii imagine dragons,0.5245508982035929,0.5988420181968569,0.3663157894736841,0.3179022774689631,0.479700602784781,1
4842,6kYGOFNUMxpab09L5Ukoke,rich spirit,kendrick lamar,0.8407185628742516,0.412737799834574,0.4473684210526315,0.4305791873855946,0.2978192129335728,2
4843,6kex4EBAj0WHXDKZMEJaaF,swalla feat nicki minaj  ty dolla ign,jason derulo nicki minaj ty dolla ign,0.6538922155688623,0.8221670802315963,0.7894736842105263,0.0754457123804972,0.3104371852308659,0
4844,6kig1UFggPUyZBCvXD3Wod,no complaints feat offset  drake bonus,metro boomin offset drake,0.9137724550898206,0.4923490488006617,0.1947368421052631,0.0833934587049738,0.4670947224590233,1
4845,6klLvorLoo1sxvZcjJIY8I,make no sense,youngboy never broke again,0.8694610778443116,0.7353184449958644,0.9789473684210526,0.0209181363315559,0.6540910162697477,0
4846,6kls8cSlUyHW2BUOkDJIZE,hate me with juice wrld,ellie goulding juice wrld,0.6071856287425151,0.7715053763440861,0.7652631578947369,0.1086451590523618,0.1711437191276851,0
4847,6koKhrBBcExADvWuOgceNZ,open arms feat travis scott,sza travis scott,0.340119760479042,0.5833333333333334,0.2178947368421052,0.7575434349115341,0.190696437100587,2
4848,6kp0inxIexxSiDJfWqq0ZL,tati feat dj spinking,6ix9ine dj spinking,0.7532934131736528,0.7704714640198511,0.5168421052631579,0.0021453583043742,0.2736594538056456,0
4849,6krYS8KtmNAYyb5uTZiYW4,dawn fm,the weeknd,0.1556886227544911,0.4716708023159636,0.0512631578947368,0.6780659716667673,0.3925779478715107,2
4850,6kxaaIeowajN7w21PfMLbu,so good,halsey,0.5101796407185629,0.6257237386269645,0.2936842105263157,0.0387251122737378,0.715119196609411,1
4851,6l8mgVN9Xf1hiDIFGA6CTE,america has a problem feat kendrick lamar,beyonc kendrick lamar,0.7592814371257487,0.7011993382961125,0.1810526315789473,0.0112601154815589,0.4794285334252323,1
4852,6lOWoTqVnAWXchddtTH31W,leave a light on,tom walker,0.5221556886227545,0.6226220016542597,0.2473684210526316,0.0153848952195784,0.1345715512185684,1
4853,6lU4BQWZomCWRfKSowfezE,emotions,ufo361,0.7952095808383234,0.4520264681555004,0.1884210526315789,0.3531138118179104,0.5126995931051579,1
4854,6lX6l7OuA3qrnIRfdsr0dw,medallo,blessd justin quiles lenny tavrez,0.7628742514970062,0.7011993382961125,0.7989473684210526,0.5714253247813839,0.2618032757150889,0
4855,6lruHh1jF7ezgbLv72xYmf,fml,arizona zervas,0.8047904191616767,0.5719602977667494,0.6147368421052631,0.1136753782450686,0.3226682144390232,0
4856,6lt8iodSkYWEV0ifKCSlfg,stripes like burberry,future lil uzi vert,0.7281437125748504,0.5709263854425145,0.7094736842105263,0.2172978936148279,0.5886553123053948,0
4857,6lzc0Al0zfZOIFsFvBS1ki,state of grace taylors version,taylor swift,0.5317365269461078,0.7146401985111662,0.311578947368421,0.0003224068689373,0.5032678553074685,1
4858,6m2LNopVJKsvBB9l7Z1rwn,olha a exploso,mc kevinho,0.747305389221557,0.609181141439206,0.3747368421052631,0.1096512028909031,0.2616521260708952,1
4859,6m9qPYXmhge2QhBLfFKnVF,same drugs,chance the rapper,0.3724550898203593,0.2803970223325062,0.5252631578947369,0.9527159395885564,0.8076167328702109,2
4860,6mADjHs6FXdroPzEGW6KVJ,bloody valentine,mgk,0.458682634730539,0.8645574855252275,0.4989473684210526,0.0002036936959894,0.6852459809309608,1
4861,6mAN61JH0dzyZpWslS11jy,fantasias,rauw alejandro farruko,0.873053892215569,0.7043010752688171,0.7957894736842105,0.1438566934013091,0.285890483013803,0
4862,6mCqxnyOhr4tHMbRbQL4Yn,enzo with sheck wes feat offset 21 savage  gucci mane,dj snake sheck wes offset 21 savage gucci mane,0.7628742514970062,0.7301488833746899,0.1747368421052631,0.0907375787263257,0.4427293998149927,1
4863,6mICuAdrwEjh6Y6lroV2Kg,chantaje feat maluma,shakira maluma,0.8407185628742516,0.7766749379652605,0.9210526315789472,0.1881226222971286,0.3344397487288315,0
4864,6mQLN3zRtAp6ovjusyYKrV,rewrite the stars with james arthur  annemarie,james arthur annemarie,0.6227544910179642,0.7456575682382134,0.5673684210526315,0.2384248142241962,0.4789992684357221,0
4865,6maTPqynTmrkWIralgGaoP,if we ever broke up,mae stephens,0.8958083832335332,0.7342845326716294,0.9768421052631576,0.6247456482240756,0.4186059166016723,0
4866,6mapJIPnQ23RTAevUoE0DL,swang,rae sremmurd,0.635928143712575,0.3021091811414392,0.1410526315789473,0.2012011921981662,0.5639332765010672,1
4867,6me7F0aaZjwDo6RJ5MrfBD,evergreen,richy mitch  the coal miners,0.4850299401197606,0.2007857733664185,0.4968421052631578,0.5603588425574291,0.195835525003174,2
4868,6mmPpaltUZK7xjNlBPQQ0p,desesperados,rauw alejandro chencho corleone,0.8610778443113775,0.694995864350703,0.5042105263157894,0.3581440310106172,0.2618032757150889,0
4869,6mw02h3qbWmuq2bJCRjRAe,millionr,187 strassenbande bonez mc gzuz,0.6826347305389222,0.7932175351530191,0.2042105263157894,0.1770561400731738,0.2798263592887502,1
4870,6myUpr3GDR80Dg3zqNTmmG,another day,kid cudi,0.5940119760479043,0.761166253101737,0.0338947368421052,0.5593527987188878,0.7634689447941041,2
4871,6mzTuMlbCgEtoCitsszlqP,what would i change it to feat aluna,avicii aluna,0.7604790419161678,0.4892473118279569,0.5831578947368421,0.3068357952450082,0.382553703468582,0
4872,6n3HGiq4v35D6eFOSwqYuo,teenage fever,drake,0.7377245508982038,0.2700578990901571,0.1178947368421052,0.1116632905679858,0.3042460958046905,1
4873,6n4U3TlzUGhdSFbUUhTvLP,walk it talk it,migos drake,0.9065868263473056,0.6319272125723739,0.3821052631578947,0.0881218647461182,0.5997376042176796,1
4874,6n8TMVyFKoUmDc4apxceRD,breaking the habit,linkin park,0.5137724550898204,0.8552522746071133,0.5778947368421052,0.1086451590523618,0.3222691793783517,0
4875,6nO3tr47nr2P7f3hXb8JIo,champion feat travis scott,nav travis scott,0.5892215568862277,0.7859801488833748,0.3831578947368421,0.383295126974151,0.697023561206537,1
4876,6nkoWsFZeFt5dUdNmlIceh,bloqueado  ao vivo,gusttavo lima,0.8119760479041916,0.7229114971050455,0.651578947368421,0.1539171317867227,0.4980320316325976,0
4877,6nsLzJfvp5OLd4mgqUJkpq,waiting for love,avicii,0.5113772455089821,0.7435897435897436,0.5778947368421052,0.2997934883752188,0.4919195400214027,0
4878,6nxQdXa1uAL0rY72wPZu89,love me now,john legend,0.4131736526946108,0.7653019023986767,0.711578947368421,0.594564333067835,0.4665989516260678,2
4879,6o79O9qBP3OAkWOXajAQIS,waka feat a boogie wit da hoodie,6ix9ine a boogie wit da hoodie,0.7449101796407187,0.8169975186104219,0.6557894736842106,0.0838964806242445,0.3064649725814545,0
4880,6oX9RuILbVIglevEhbg8iM,karma,nimo,0.6562874251497006,0.6329611248966088,0.5221052631578947,0.1398325180471437,0.6848529918560571,0
4881,6odrHMSLjP3aOXC4ipKUC6,la bebe,yng lvcas,0.7485029940119762,0.4582299421009098,0.7105263157894737,0.6126731221615793,0.7440371465365572,2
4882,6ojZtz3sZr6ynvejLOqgCj,nos comemos feat ozuna,tiago pzk ozuna,0.8107784431137726,0.8242349048800661,0.5578947368421053,0.100596808344031,0.2738771092932847,0
4883,6onwlDmIVKE8bBgyBRSuS0,friends feat kill edward,j cole kill edward,0.6766467065868265,0.6515715467328371,0.4905263157894737,0.1016028521825723,0.3782489616019444,1
4884,6osMzmRHCVETbZMHceLRmh,dreamcatcher feat swae lee  travis scott,metro boomin swae lee travis scott,0.6287425149700601,0.2152605459057072,0.0726315789473684,0.192146797651294,0.7693154130315176,1
4885,6otePxalBK8AVa20xhZYVQ,mientras me curo del cora,karol g,0.4467065868263474,0.4706368899917286,0.5663157894736841,0.8601599064427521,0.2007448654465867,2
4886,6p8NuHm8uCGnn2Dtbtf7zE,slippery feat gucci mane,migos gucci mane,0.9221556886227548,0.67535153019024,0.7547368421052632,0.308847882922091,0.5758740983923725,0
4887,6pGuOWYOFDcSgmVvFWRWSv,the flute song,russ,0.7652694610778444,0.5192307692307693,0.3273684210526316,0.2132737182606625,0.5522766159408461,1
4888,6pK5edDoyrn4mWwRSVc2a5,amor genuino,ozuna,0.3497005988023953,0.4375516956162117,0.411578947368421,0.6569390510573989,0.2359506405721921,2
4889,6pLKMPAUlBCjHjylj2Nbd9,risiko,bonez mc raf camora,0.7461077844311379,0.7425558312655087,0.2042105263157894,0.1559292194638054,0.4250630294016287,1
4890,6pQKUKBpwr6GhfhcFFFozo,no nasceu pra namorar,mc zaquin mc rick,0.4491017964071857,0.4406534325889164,0.5210526315789474,0.1408385618856851,0.2218151258471938,1
4891,6pVW5LRWgeLaHudxauOTJU,jingle bell rock  daryls version,daryl hall  john oates,0.6179640718562875,0.8469809760132341,0.8505263157894737,0.6166972975157448,0.4956982811262462,0
4892,6pYNq0ZwpPVazKzsqpf0G8,the very first night taylors version from the vault,taylor swift,0.6323353293413175,0.7353184449958644,0.5778947368421052,0.0011493749042183,0.4491623286718783,0
4893,6pcywuOeGGWeOQzdUyti6k,glock in my lap,21 savage metro boomin,0.8347305389221559,0.7353184449958644,0.1789473684210526,0.0057671161231231,0.5036971202969789,1
4894,6phY2gnvf9WwCiXlLMQOY3,hemotions,juice wrld,0.4922155688622756,0.7632340777502068,0.2999999999999999,0.6710236647969778,0.7087104516955967,2
4895,6potEImiklXkwD9qFzpu15,forever,labrinth,0.4946107784431138,0.4520264681555004,0.1736842105263157,0.92555275594794,0.2011197165641872,2
4896,6pr7X9UZCDn8CruopaNVha,big time feat future  lil baby,dj khaled future lil baby,0.41437125748503,0.7011993382961125,0.4547368421052631,0.0198114881091604,0.3687628099323454,1
4897,6q2uIyLqASSpv2SIv2ehWK,vacation,tyga,0.8035928143712575,0.6081472291149711,0.4610526315789472,0.0248417073018671,0.3884848155067442,1
4898,6q8Lb50EtqNeeJXXe8mMAH,culpables,karol g anuel aa,0.6922155688622755,0.8056244830438379,0.4042105263157894,0.2806786554429331,0.5038784998700112,1
4899,6qAcApH8obo8eqatCKUHd9,bad blood feat kendrick lamar taylors version,taylor swift kendrick lamar,0.5413173652694612,0.6474358974358975,0.1494736842105263,0.0104552804107258,0.7459114021245594,1
4900,6qAxQhNfM909QrDGLYEocf,frhstck in paris,capital bra cro,0.7113772455089822,0.6433002481389578,0.5736842105263157,0.2303764635158655,0.3031094504803536,0
4901,6qCsKKS7Ol63SJW3LOIX5R,plastic hearts,miley cyrus,0.480239520958084,0.7590984284532672,0.6168421052631579,0.0514012646393588,0.7815403962539074,0
4902,6qDF4wWL49CAVbgT7yuHl8,sigo extrandote,j balvin,0.8850299401197607,0.8593879239040529,0.936842105263158,0.154923175625264,0.2799533249898729,0
4903,6qI0MU175Dk2DeoUjlrOpy,911,lady gaga,0.7652694610778444,0.8180314309346567,0.4084210526315789,0.0295701133430115,0.4189203078615953,1
4904,6qP73DRFGojLuIk1siIhNE,dile la verdad,the rudeboyz jowell  randy manuel turizo,0.8814371257485031,0.7022332506203474,0.8326315789473684,0.2937572253439706,0.3402801709804775,0
4905,6qdMhG7pRFi0csRlFGvLE4,mille  feat orietta berti,fedez achille lauro orietta berti,0.4514970059880241,0.7673697270471465,0.8389473684210526,0.0160891259065574,0.8320546073434545,0
4906,6qj02zSeEJGWZ4c0dn5QzJ,boyfriends,harry styles,0.3197604790419162,0.1863110008271298,0.3063157894736842,0.9406434135260604,0.4311452910839847,2
4907,6qmvAJSUfVGMubvI2awW7p,uh oh,tate mcrae,0.5688622754491018,0.6019437551695617,0.3578947368421052,0.2585456909950233,0.770083253224022,1
4908,6qouBO0wJtYc3k7DfKRUBx,manifesto feat domo genesis,tyler the creator domo genesis,0.3640718562874252,0.8728287841191067,0.511578947368421,0.1217237289533994,0.2765736189457009,1
4909,6qraVL4IJaIj0IuEexYJNa,explcito,myke towers,0.8119760479041916,0.8356079404466501,0.4105263157894736,0.3500956803022864,0.2919546067388557,0
4910,6qyS9qBy0mEk3qYaH8mPss,murder in my mind,kordhell,0.6730538922155689,0.9824234904880068,0.5642105263157894,0.0054954842867169,0.4428563655161155,0
4911,6r46lnXFbE9fr2d3KNaGbe,imitadora,romeo santos,0.702994011976048,0.7105045492142267,0.5515789473684211,0.3350050227241661,0.4793197056814128,0
4912,6r7ULK6c5CLVvImjTIztl1,floor 555,xxxtentacion,0.6526946107784432,0.686724565756824,0.3389473684210525,0.0004189870774373,0.3536962133991136,1
4913,6rAGFgcGtlIdYxlhDizXNo,smash  feat pnb rock,xxxtentacion pnb rock,0.8011976047904192,0.5078577336641853,0.6052631578947368,0.1539171317867227,0.5641751159317772,0
4914,6rDaCGqcQB1urhpCrrD599,album of the year  freestyle,j cole,0.6646706586826348,0.8211331679073615,0.9442105263157896,0.0809789534924746,0.2871420020677271,0
4915,6rQSrBHf7HlZjtcMZ4S4bO,safari,j balvin pharrell williams bia sky rompiendo,0.42874251497006,0.6877584780810588,0.5505263157894738,0.554322579526181,0.8060870984709703,2
4916,6rTInqW3YECMkQsBEHw4sd,solid feat drake,young stoner life young thug gunna drake,0.8826347305389223,0.4789081885856078,0.311578947368421,0.0394293429607167,0.4792592458237353,1
4917,6rdkCkjk6D12xRpdMXy0I2,new jeans,newjeans,0.7868263473053894,0.7229114971050455,0.5263157894736843,0.5130747821459855,0.5277903735814606,0
4918,6rjuKpPydT2SxN15TZpV7r,500lbs,lil tecca,0.6850299401197606,0.7890818858560794,0.5231578947368422,0.0947617540804911,0.4611152425347191,0
4919,6s2wpWPFPAgKg2LXxi1Oee,santa claus is comin to town  live at cw post college greenvale ny  december 1975,bruce springsteen,0.2479041916167665,0.6681141439205956,0.394736842105263,0.3641802940418653,0.5638970005864605,1
4920,6sI8Q7TTJeA9exw6hxEqq3,blueberry eyes feat suga of bts,max suga,0.7137724550898205,0.609181141439206,0.3989473684210526,0.4567363271876697,0.6242419845343685,2
4921,6sPBi0qLI6KM3yXX56NxsA,meia noite voc tem meu whatsapp,tarcsio do acordeon,0.6694610778443114,0.8211331679073615,0.9357894736842104,0.6891324538907222,0.6248042612107692,0
4922,6sn8WaooLLVhQvU96wtEAm,save that shit,lil peep,0.4598802395209582,0.5802315963606286,0.1189473684210526,0.0263507730596792,0.3583999903264227,1
4923,6stYbAJgTszHAHZMPxWWCY,ay mi dios,iamchino pitbull yandel el chacal,0.7317365269461079,0.8345740281224152,0.8221052631578947,0.1680017455263016,0.2739738450655687,0
4924,6t2ubAB4iSYOuIpRAOGd4t,cake  challenge version,flo rida 99 percent,0.761676646706587,0.8604218362282878,0.6894736842105263,0.0733330203195603,0.352843729405861,0
4925,6t4rYZeShwJai1YSs0tWOQ,scars,sam smith,0.4994011976047904,0.3899917287014061,0.4199999999999999,0.7635796979427822,0.1854364294826449,2
4926,6tCssnvTUREcperDOUTqvA,wannabe,itzy,0.7892215568862277,0.9193548387096776,0.64,0.0079904730062995,0.4553655100695893,0
4927,6tDDoYIxWvMLTdKpjFkc1B,telepata,kali uchis,0.6023952095808385,0.5192307692307693,0.548421052631579,0.1126693344065272,0.2252250618202044,1
4928,6tNQ70jh4OwmPGpYy6R2o9,beautiful things,benson boone,0.3856287425149701,0.4644334160463192,0.1968421052631578,0.1519050441096399,0.3525474761032413,1
4929,6tTeRmhhuwDl5Y4UiJdHuO,attention with justin bieber,omah lay justin bieber,0.7988023952095809,0.7218775847808105,0.3705263157894737,0.1730319647190083,0.4429954231887739,1
4930,6tUgfsOa8PLkoede5nOR7D,lemon,nerd rihanna pharrell williams,0.9209580838323356,0.7322167080231596,0.1652631578947368,0.001944149536666,0.2921783082122625,1
4931,6tZ3b7ik1QDXFAZlXib0YZ,kevins heart,j cole,0.8131736526946108,0.522332506203474,0.4663157894736841,0.4849055546668276,0.4193556188368731,2
4932,6tarvNiKnEjYMj1VZhlDqR,66,lil yachty trippie redd,0.6191616766467067,0.7249793217535153,0.2305263157894736,0.0457674191435273,0.6127001977037345,1
4933,6th8IdY4lYeM0QlSQJhhkp,lost in the citadel,lil nas x,0.740119760479042,0.7673697270471465,0.4631578947368421,0.096874446141428,0.2796087038011113,1
4934,6tjituizSxwSmBB5vtgHZE,holly jolly christmas,michael bubl,0.5952095808383234,0.4582299421009098,0.7021052631578947,0.8702203448281656,0.6320050302601588,2
4935,6tpHfEM8eaETzlPOARYWfZ,drug addicts,lil pump,0.9377245508982038,0.4820099255583126,0.1873684210526315,0.0106564891784341,0.5764605590118441,1
4936,6tsOcBnaKgzK22yEiqRh8P,monopoly with victoria mont,ariana grande victoria mont,0.888622754491018,0.5016542597187759,0.6978947368421052,0.7082472868230079,0.5879237480274973,2
4937,6tvQzeCPwOytDlBYCIOY0n,breathe feat ina wroldsen,jax jones ina wroldsen,0.6850299401197606,0.7466914805624483,0.688421052631579,0.0235338503117634,0.4792471538521998,0
4938,6u0EAxf1OJTLS7CvInuNd7,vai malandra feat tropkillaz  dj yuri martins,anitta zaac maejor tropkillaz dj yuri martins,0.8694610778443116,0.5461124896608769,0.5526315789473685,0.0228296196247844,0.5030622917913652,0
4939,6u3CPnFMKANYgfdiifFOiJ,gravity feat tyler the creator,brent faiyaz dahi tyler the creator,0.465868263473054,0.6133167907361456,0.4852631578947368,0.1740380085575497,0.7086258078948482,1
4940,6u7gmPOz7pzzaeR9xSBpsR,my hair,ariana grande,0.6419161676646709,0.521298593879239,0.3578947368421052,0.081984997331016,0.2738529253502137,1
4941,6uAFJ75WDAoAPyCWJAtvks,good in bed,dua lipa,0.6347305389221558,0.7022332506203474,0.6494736842105263,0.1388264742086024,0.2862290582167969,0
4942,6uAm7pG66O1XesXS9bpHSF,good as hell,lizzo ariana grande,0.6395209580838325,0.913151364764268,0.4842105263157894,0.2867149184741812,0.2978675808197147,0
4943,6uIIdjYTxxpWOyWuVXrKQO,que onda,calle 24 chino pacas fuerza regida,0.7880239520958086,0.9534739454094292,0.9526315789473684,0.1840984469429632,0.472892822810295,0
4944,6uJONCdr2rC65BNmCnTBWK,gang gang,jackboys sheck wes,0.8491017964071857,0.597808105872622,0.5642105263157894,0.0714215370263317,0.4613026680935193,0
4945,6uJwPeBGb3swi85TSr9iIz,miracles someone special,coldplay big sean,0.5676646706586828,0.8294044665012407,0.351578947368421,0.0167933565935363,0.3040768082031934,1
4946,6uTPA1xlcsk6dbchB2dhzl,back for more with anitta,tomorrow x together anitta,0.7604790419161678,0.9048800661703889,0.9042105263157896,0.0454656059919649,0.4183701231567301,0
4947,6uTPdRrEDeH8Fyg5L5qmeU,never lose me,flo milli,0.7556886227544911,0.5636889991728701,0.0445263157894736,0.0506970339523799,0.454936245080079,1
4948,6ufcuVInt0ocHrUimDjGlb,plastic off the sofa,beyonc,0.5604790419161677,0.7136062861869313,0.2873684210526316,0.1408385618856851,0.3043488775627422,1
4949,6ug9fUi5oLLgQgOF1G8WkM,california breeze,lil baby,0.7041916167664671,0.6660463192721258,0.1926315789473684,0.00362424274703,0.6953850990634769,1
4950,6urLjX35oXXRYtcH1b3dCh,dubai shit,huncho jack travis scott quavo offset,0.747305389221557,0.5244003308519438,0.2052631578947368,0.0677997792075829,0.5523249838269881,1
4951,6uvMKqNlrSvcC4NaKnrwjZ,body remix feat arrdee e1 3x3 zt 3x3 bugzy malone buni fivio foreign  darkoo,tion wayne russ millions arrdee e1 3x3 zt 3x3 bugzy malone buni fivio foreign darkoo,0.8778443113772457,0.6743176178660051,0.7347368421052631,0.2112616305835797,0.5701485498703136,0
4952,6uvh0In7u1Xn4HgxOfAn8O,matilda,harry styles,0.4275449101796408,0.281430934656741,0.3726315789473684,0.9014077038229475,0.4079891655935041,2
4953,6v0UJD4a2FtleHeSYVX02A,i drink wine,adele,0.3437125748502995,0.5616211745244003,0.2884210526315789,0.7012049799532183,0.415183888657126,2
4954,6v0lAdFF4haL8xjBIUjtOw,te robar,nicky jam ozuna,0.6263473053892217,0.7549627791563276,0.8052631578947369,0.2424489895783617,0.781618994068888,0
4955,6vB8bdQCCTDDIH8fhRfuXA,734,juice wrld,0.5808383233532936,0.5502481389578164,0.2978947368421052,0.134802298854437,0.6656872169722914,1
4956,6vBgJ1SLmpB4VMcEVy1ovL,all i need,joakim lundell arrhult,0.6562874251497006,0.8387096774193549,0.4642105263157894,0.4939599492136998,0.2918518249808039,0
4957,6vFsBXYczYsP0H3lgunZOm,cloud 9,beach bunny,0.5832335329341318,0.9379652605459058,0.9157894736842104,0.0016725177002598,0.2071112884600269,0
4958,6vSwxzO2Qf4BinHSXRwZJe,tenerife sea,ed sheeran,0.4550898203592816,0.3351943755169561,0.3442105263157894,0.7012049799532183,0.4544041983325171,2
4959,6vWEAOUSxohKxhp0K1BsxL,mixed personalities feat kanye west,ynw melly kanye west,0.6119760479041918,0.4323821339950372,0.3368421052631578,0.4597544587032938,0.624060604961336,2
4960,6vjymPak0JRQC2P84XlI9t,unholy,miley cyrus,0.807185628742515,0.5295698924731184,0.183157894736842,0.035908189525822,0.5759708341646563,1
4961,6vnfObZ4Ys70SBAtti1xZ9,coffee bean,travis scott,0.7904191616766469,0.5791976840363937,0.4957894736842105,0.0867134033721603,0.2919364687815525,1
4962,6vxU64pcIuQ38O015Zy4qj,homecoming,lil uzi vert,0.9329341317365272,0.5595533498759305,0.3378947368421052,0.0005880024423122,0.5032618093217007,1
4963,6w8ZPYdnGajyfPddTWdthN,can i get it,adele,0.6622754491017965,0.6805210918114145,0.5305263157894737,0.0171957741289529,0.3099595523552137,1
4964,6w8yBI2vthyN9UnwO4UBWb,entre nosotros,tiago pzk lit killah,0.6934131736526947,0.5078577336641853,0.7968421052631579,0.4969780807293238,0.7457481605088301,0
4965,6wQlQrTY5mVS8EGaFZVwVF,smile with the weeknd,juice wrld the weeknd,0.651497005988024,0.685690653432589,0.2884210526315789,0.2253462443231587,0.6778336023797,1
4966,6wV12xIUb8oFY7lBy4KuQe,sooner or later,aaron carter,0.702994011976048,0.7311827956989247,0.4252631578947368,0.1277599919846475,0.3943131457868548,1
4967,6wWaVoUOzLQJHd3bWAUpdZ,never recover lil baby  gunna drake,lil baby gunna drake,0.7221556886227546,0.686724565756824,0.8989473684210526,0.0681015923591453,0.5159462874624394,0
4968,6wbDn8NI3ygkOeDJiS0ASi,bilmem mi,sefo,0.7173652694610779,0.7198097601323408,0.4136842105263157,0.6951687169219702,0.2615977121989855,2
4969,6wf7Yu7cxBSPrRlWeSeK0Q,what was i made for from the motion picture barbie,billie eilish,0.3520958083832336,0.0716501240694789,0.1157894736842105,0.9647884656510528,0.191567059051143,2
4970,6wmKvtSmyTqHNo44OBXVN1,void,melanie martinez,0.6766467065868265,0.6557071960297768,0.403157894736842,0.1790682277502565,0.322118029734158,1
4971,6woeVu3fVMflqen1t4N6pg,old town road feat rm of bts  seoul town road remix,lil nas x rm bts,0.8862275449101799,0.5078577336641853,0.608421052631579,0.0710191194909152,0.5399186210315661,0
4972,6wqWfSOZvTK18SAczoYm1L,start this shit off right feat ashanti  mack maine,lil wayne ashanti mack maine,0.8562874251497007,0.5647229114971051,0.8947368421052632,0.0207169275638476,0.267643697966735,0
4973,6ws54n2IzyrIxxyzlG2bVJ,right on,lil baby,0.4610778443113773,0.6164185277088503,0.1884210526315789,0.0246404985341589,0.7211228604767865,1
4974,6wsqVwoiVH2kde4k4KKAFU,i know ,travis scott,0.9305389221556888,0.6174524400330852,0.8263157894736841,0.0187048398867649,0.4309397275678813,0
4975,6wtZPYBIXUvCpXwVjMCJBf,ultra solo remix,polim westcoast feid pailita paloma mami de la ghetto,0.908982035928144,0.8294044665012407,0.5821052631578947,0.0781620307445588,0.3824206917816915,0
4976,6wvlEKW2qxucJSBXYpMV2P,tootimetootimetootime,the 1975,0.6131736526946109,0.8325062034739454,0.4684210526315789,0.1669957016877603,0.4129166439942199,1
4977,6wyhUr4Xw8z5uSy0AhoZfU,im on one feat drake,future drake,0.7461077844311379,0.7084367245657568,0.0852631578947368,0.0103546760268717,0.1829454833463322,1
4978,6wyr4ReB05D9sJB1Rsmcqo,chicken noodle soup feat becky g,jhope becky g,0.8095808383233534,0.8221670802315963,0.1431578947368421,0.0050427645593733,0.3043246936196712,1
4979,6x9pCndnXEoea0CMcfjs9W,nhie,21 savage doja cat,0.8,0.5068238213399504,0.1294736842105263,0.0935545014742415,0.5154142407148774,1
4980,6xRWoYwfwIKnT8bQGzKbxR,god is,kanye west,0.6059880239520959,0.6360628618693135,0.2473684210526316,0.3420473295939556,0.3525958439893833,1
4981,6xTU6B6nFwKKTSZ9ySXS80,remind me to forget,kygo miguel,0.6455089820359282,0.499586435070306,0.2947368421052632,0.1589473509794294,0.3161990096675312,1
4982,6xZ4Q2k2ompmDppyeESIY8,level of concern,twenty one pilots,0.7233532934131738,0.5802315963606286,0.7768421052631579,0.3219264528231285,0.4552264523969311,0
4983,6xdLJrVj4vIXwhuG8TMopk,crazy little thing called love  remastered 2011,queen,0.5377245508982037,0.7642679900744417,0.7157894736842105,0.71730168136988,0.1831752308055066,2
4984,6xwI9R3ZHT9nWtSYvffYQm,vintage,rin,0.8035928143712575,0.7704714640198511,0.7010526315789473,0.1056270275367377,0.6846534743257215,0
4985,6xy6jNeNTYwjnKTDzMyHw2,zombie,the cranberries,0.1904191616766467,0.6484698097601324,0.2957894736842105,0.0158879171388491,0.7267093513261871,1
4986,6y2Kaz9QI01XBKJ8mTb7Pf,skin,ragnbone man,0.4958083832335329,0.7477253928866833,0.3357894736842105,0.2665940417033541,0.7493576140121767,1
4987,6y4pOReFqH2wzo4CV91cZC,mess,lil wayne,0.5880239520958085,0.5760959470636889,0.4094736842105263,0.4818874231512035,0.6002273290648674,2
4988,6y6xhAgZjvxy5kR5rigpY3,chasing stars feat james bay,alesso marshmello james bay,0.5317365269461078,0.6391645988420183,0.4842105263157894,0.0169945653612446,0.2790403811389427,1
4989,6yVkakCN460KOVol9ZazjH,reggaetonera,anuel aa,0.651497005988024,0.8004549214226634,0.508421052631579,0.4828934669897449,0.2802072563921183,0
4990,6ya8ejoKgw906Y8LWclqrp,racks in the middle feat roddy ricch and hitboy,nipsey hussle roddy ricch hitboy,0.6239520958083834,0.8387096774193549,0.7052631578947368,0.0829910411695573,0.1972986535589694,0
4991,6yeZM8gyykjaf8w0GqRfK4,wildberry lillet,nina chuba,0.8862275449101799,0.5161290322580646,0.6463157894736842,0.0784638438961212,0.5638667706576219,0
4992,6yz0Jndhv0QjKdpcEMbOjz,shake it up,trippie redd,0.7497005988023954,0.6060794044665012,0.3894736842105263,0.1287660358231888,0.660868566315395,1
4993,6yzNzQxqsIY3zRsTwzLI3v,mele kalikimaka  new monotostereo mix,bing crosby the andrews sisters,0.4023952095808384,0.2772952853598014,0.4852631578947368,0.4637786340574592,0.9423092038041344,2
4994,6zEgnpM0qYmHLDnh8WPejL,amarillo,j balvin,0.5880239520958085,0.8635235732009926,0.9778947368421052,0.0130709943909333,0.4595553782066396,0
4995,6zFMeegAMYQo0mt8rXtrli,holiday,lil nas x,0.7904191616766469,0.5057899090157155,0.8473684210526315,0.120717685114858,0.6362130363545124,0
4996,6zGPytJiZmFuyVq7RTNO9G,get me,justin bieber kehlani,0.807185628742515,0.4975186104218362,0.791578947368421,0.0502946164169634,0.3789563419367711,0
4997,6zLdXcmvIxnAXpz9sXFnIE,craving you,thomas rhett maren morris,0.5532934131736528,0.8469809760132341,0.491578947368421,0.0009049062514527,0.3522874987152281,1
4998,6zpXc7WJ3TqYWb02B6sKyF,bigger than me,big sean the flint chozen choir starrah,0.258682634730539,0.6381306865177834,0.1431578947368421,0.2706182170575196,0.2214100448007545,1
4999,6zrJLhslleCHby0wbUnvVy,future nostalgia,dua lipa,0.8682634730538924,0.8180314309346567,0.8705263157894736,0.0062097754120813,0.4127896782930972,0
5000,6zzdyvVWjGrQBraSvuqJPY,starry eyes,the weeknd,0.1904191616766467,0.4096360628618692,0.12,0.4678028094116246,0.5290963065072944,2
5001,704LUEih663hiE3CnyUrFW,sejodioto,karol g,0.8047904191616767,0.7384201819685691,0.6810526315789474,0.1579413071408881,0.7812139130224489,0
5002,70AYiGbc4mWZGEqiipBBDb,candy,rosala,0.584431137724551,0.4840777502067824,0.3905263157894737,0.8903412215989926,0.805246706449253,2
5003,70LLyzO7jT6DsQvCwwHDch,mi debilidad,maria becerra,0.7065868263473055,0.6484698097601324,0.6452631578947369,0.1730319647190083,0.2859872187860869,0
5004,70LcF31zb1H0PyJoS1Sx1r,creep,radiohead,0.4371257485029941,0.4220430107526881,0.0757894736842105,0.0097510497237469,0.272831153755464,1
5005,70khXICDeTTxgYtw3EysKH,sweetener,ariana grande,0.6838323353293414,0.4520264681555004,0.4505263157894736,0.2494912964481511,0.4425419742561926,1
5006,70lnL3QaSOIIyMa2X9aVRL,perro fiel feat nicky jam,shakira nicky jam,0.7185628742514971,0.7632340777502068,0.9063157894736842,0.1881226222971286,0.8288986027726892,0
5007,70pwY1UfPmSVE3ybPjFy0p,worst day,future,0.5940119760479043,0.5947063688999172,0.5978947368421053,0.1106572467294445,0.2526496532627162,0
5008,70rFIfYN7lU6iTgUIVP42w,my exs best friend with blackbear,mgk blackbear,0.6922155688622755,0.685690653432589,0.3136842105263158,0.0039260558985924,0.472892822810295,1
5009,70sKIAQgaVN2zWEEyOpyMZ,all night bts world original soundtrack pt 3,bts juice wrld,0.6886227544910181,0.7074028122415219,0.668421052631579,0.1941588853283768,0.4433158604344645,0
5010,70t7Q6AYG6ZgTYmJWcnkUM,i am,ive,0.6383233532934134,0.8821339950372209,0.3705263157894737,0.0115619286331213,0.4551659925392535,1
5011,7129iqBafaphfc3WPCGC0L,7 years,lukas graham,0.7089820359281438,0.4727047146401985,0.3305263157894736,0.291745137666888,0.4427656757295993,1
5012,719aY5gAzJbx2PHjyalZQu,du bist mein,zuna loredana srno,0.7317365269461079,0.5523159636062863,0.5147368421052632,0.1388264742086024,0.853040223943313,0
5013,71BqAINEnezjQfxE4VuJfq,slut taylors version from the vault,taylor swift,0.5736526946107785,0.4044665012406947,0.2884210526315789,0.3470775487866623,0.1890277450286882,2
5014,71SEHJPt1iDwGkBhUOAXDP,survival,drake,0.6407185628742517,0.5905707196029777,0.1178947368421052,0.134802298854437,0.2300195285340298,1
5015,71d7LaAgPcNcUopu3OzmP7,make it rain feat rowdy rebel,pop smoke rowdy rebel,0.4191616766467066,0.7704714640198511,0.5768421052631578,0.1629715263335948,0.6817393091856663,0
5016,71pEiUWwfDFiRO6RmFpnBf,mojaita,j balvin bad bunny,0.3592814371257485,0.848014888337469,0.8978947368421053,0.0171957741289529,0.7578703619731679,0
5017,71qB68guEJjbvtjlkZ8DF5,undeniable feat x ambassadors,kygo x ambassadors,0.6395209580838325,0.500620347394541,0.3368421052631578,0.1599533948179708,0.370727755306864,1
5018,728zbo72kOoYdGR3AhNsyF,say something loving,the xx,0.5712574850299402,0.7229114971050455,0.3694736842105263,0.2977814006981361,0.5040054655711341,1
5019,72TyiiduRmczEbDIEtKQdR,wasted times,the weeknd,0.4934131736526947,0.6743176178660051,0.2747368421052631,0.6257516920626169,0.4593800446193749,2
5020,72dummgz1gSqm8faekYYQh,jesus lord pt 2,kanye west,0.4479041916167665,0.72808105872622,0.12,0.0709185151070611,0.3668825083585753,1
5021,72g37RoelSnovZakG5MwnF,parada louca,mari fernandez marcynho sensao,0.6502994011976049,0.94520264681555,0.8452631578947368,0.3038176637293842,0.7213828378647997,0
5022,72i5s3SBDEkaRUOgUTlkfO,in your head,eminem,0.5604790419161677,0.7963192721257238,0.1757894736842105,0.001944149536666,0.2176857175678208,1
5023,72jYQj3RgTR1DFLfibD71B,arasan da,uzi,0.7089820359281438,0.8376757650951199,0.4305263157894736,0.4275610558699705,0.3582851165968355,0
5024,72jbDTw1piOOj770jWNeaG,paris,the chainsmokers,0.6023952095808385,0.6577750206782466,0.1968421052631578,0.0216223670185348,0.3220817538195514,1
5025,72zHuDxFQTjbL51qJQSA7j,ranjha from shershaah,jasleen royal b praak romy anvita dutt,0.5425149700598804,0.5698924731182795,0.2147368421052631,0.4808813793126621,0.2190037424651902,2
5026,732btJLGu7gYNHHNdzshrG,ink blot,logic juicy j,0.7161676646706588,0.6918941273779983,0.3410526315789474,0.0362100026773844,0.5886008984334852,1
5027,733c1CWmIGymoQXdp7Us88,numbers feat roddy ricch gunna and london on da track,a boogie wit da hoodie london on da track roddy ricch gunna,0.8011976047904192,0.6536393713813069,0.4452631578947368,0.520117089015775,0.5247008748541404,2
5028,735RSTb2xbtWbDtKD9XDYi,somebody,internet money lil tecca a boogie wit da hoodie,0.5748502994011977,0.6712158808933003,0.3168421052631579,0.3651863378804066,0.2612047231240818,1
5029,739vCwA3EpBSkk3uDsI2wB,lemon feat drake  drake remix,nerd rihanna drake,0.7508982035928146,0.6567411083540117,0.2242105263157894,0.0007348848427393,0.8662325648885423,1
5030,73F87Sqh6jQWucOOvz1WFx,genius feat sia diplo and labrinth,sia diplo labrinth lsd,0.5652694610778444,0.6195202646815551,0.5631578947368421,0.0869146121398686,0.6785288907429912,0
5031,73O30uMI7n6DuzBmbtO7kC,antes,anuel aa ozuna,0.7988023952095809,0.739454094292804,0.671578947368421,0.0462704410627979,0.2857756092842157,0
5032,73RbfOTJIjHzi2pcVHjeHM,what it is solo version,doechii,0.7065868263473055,0.761166253101737,0.7631578947368421,0.0613610986409182,0.756999740022612,0
5033,73SpzrcaHk0RQPFP73vqVR,no time to die,billie eilish,0.2754491017964072,0.2038875103391232,0.0207368421052631,0.922534624432316,0.1621472923052739,2
5034,73YUReisjb3A9ActdLLjJQ,happiness,taylor swift,0.4898203592814373,0.3227874276261373,0.1884210526315789,0.8752505640208723,0.4556315334433702,2
5035,73cnVqsbZygieKi8xF10sO,psychofreak feat willow,camila cabello willow,0.5736526946107785,0.6391645988420183,0.4378947368421052,0.3440594172710383,0.805754569253744,1
5036,73qMN9bXy7MSPwwGfH3wQr,sad beautiful tragic taylors version,taylor swift,0.540119760479042,0.3972291149710504,0.2105263157894736,0.6257516920626169,0.5038784998700112,2
5037,73uxnSsFMeJ15POpd3zgrV,believe what i say,kanye west,0.532934131736527,0.6557071960297768,0.4042105263157894,0.1488869125940159,0.3209995223671244,1
5038,73vIOb4Q7YN6HeJTbscRx5,miss you  bonus track,oliver tree robin schulz,0.5233532934131737,0.7446236559139785,0.1757894736842105,0.012869785623225,0.594253895126331,1
5039,73zawW1ttszLRgT9By826D,man made a bar feat eric church,morgan wallen eric church,0.4167664670658684,0.7673697270471465,0.4810526315789474,0.1237358166304821,0.6122527947569212,1
5040,740kQ8xwSGloumdiKR5Cwz,trillionaire feat youngboy never broke again,future youngboy never broke again,0.740119760479042,0.521298593879239,0.4642105263157894,0.2384248142241962,0.5639755984014414,1
5041,741UUVE2kuITl0c6zuqqbO,barbie world with aqua from barbie the album,nicki minaj ice spice aqua,0.7425149700598804,0.5771298593879239,0.7589473684210526,0.5221291766928576,0.5886008984334852,0
5042,74NI58MQexwZjNu1Gu6GjT,far,sza,0.5532934131736528,0.5450785773366419,0.4684210526315789,0.6760538839896846,0.4183640771709624,2
5043,74ODGXs4byLTRdnKGM4s6E,super far,lany,0.7233532934131738,0.4509925558312655,0.4873684210526315,0.1056270275367377,0.2980247764496762,1
5044,74WROFXsox6wkeUrEK2DS6,chale,eden muoz,0.480239520958084,0.4282464846980975,0.8736842105263157,0.39737974071373,0.8581248979739904,0
5045,74X2u8JMVooG2QbjRxXwR8,perfect night,le sserafim,0.6550898203592815,0.825268817204301,0.4947368421052631,0.100596808344031,0.5401241845476696,0
5046,74ZovzRxHBvCq5yIwe8boh,okra,tyler the creator,0.525748502994012,0.5667907361455748,0.4305263157894736,0.0458680235273814,0.5410250364270643,1
5047,74cVJfmK18rhWnscIpGXjt,thru your phone,cardi b,0.8227544910179642,0.5450785773366419,0.1863157894736841,0.1710198770419257,0.4548757852224015,1
5048,74fV8TuLZKVzSIOOGu8wwI,go stupid feat nle choppa  mike will madeit,polo g stunna 4 vegas nle choppa mike will madeit,0.9221556886227548,0.8387096774193549,0.6452631578947369,0.0278598388174912,0.5702331936710621,0
5049,74gykWHknHDrg4eMdcmdRq,farewell,eminem,0.8862275449101799,0.663978494623656,0.4578947368421052,0.0048918579835921,0.2798626352033568,1
5050,74j34STf8L6uADnTN69ohv,el efecto  remix,rauw alejandro chencho corleone kevvo bryant myers lyanno dalex,0.7437125748502995,0.772539288668321,0.9463157894736842,0.1810803154273392,0.733081820325395,0
5051,74lnM5V6ecvoTPV0fvptx9,nuketown feat juice wrld,ski mask the slump god juice wrld,0.7880239520958086,0.6153846153846154,0.631578947368421,0.1136753782450686,0.6242117546055297,0
5052,74loibzxXRL875X20kenvk,poland,lil yachty,0.6526946107784432,0.5512820512820513,0.24,0.1418446057242264,0.6245866057231302,1
5053,74znaWw1hmQBusGPSOuTFy,250 remix,mya tini duki,0.8,0.8169975186104219,0.8547368421052631,0.1126693344065272,0.5637760808711056,0
5054,759ndr57jb0URg4j9YSWml,a tale by quincy,the weeknd,0.3556886227544911,0.5078577336641853,0.5684210526315789,0.683096190859474,0.124371973228375,2
5055,75FEaRjZTKLhTrFGsfMUXR,running up that hill a deal with god,kate bush,0.5736526946107785,0.5430107526881721,0.1736842105263157,0.7243439882396695,0.3727773444821311,2
5056,75JFxkI2RXiU7L9VXzMkle,the scientist,coldplay,0.4874251497005989,0.434449958643507,0.1905263157894736,0.7354104704636244,0.6019322970513727,2
5057,75UMtPC77vqKRwfSuYuNPO,san lucas,kevin kaarl,0.5113772455089821,0.3527708850289495,0.2452631578947368,0.8651901256354588,0.2708178404948034,2
5058,75W3SngKzTuoQ94uLf3y82,how you get the girl taylors version,taylor swift,0.7233532934131738,0.6825889164598843,0.5421052631578948,0.0020950561124472,0.4432251706479482,0
5059,75ZvA4QfFiZvzhj2xkaWAh,i fall apart,post malone,0.4862275449101798,0.5337055417700579,0.2726315789473683,0.0693088449653949,0.5878632881698196,1
5060,75dLEqanQTupF3dtP9exT5,yikes,nicki minaj,0.9113772455089822,0.6360628618693135,0.6610526315789473,0.041139617486237,0.6244173181216333,0
5061,75lcPkAkUsKWHGBlGM476R,1400  999 freestyle feat juice wrld,trippie redd juice wrld,0.8083832335329342,0.5688585607940446,0.5642105263157894,0.0079401708143724,0.5760192020507984,0
5062,75nKBP8jQu681pTNCtrEnn,running over feat lil dicky,justin bieber lil dicky,0.747305389221557,0.6009098428453268,0.9947368421052633,0.4406396257710081,0.6243326743208846,0
5063,75pQqzwgCjUOSSy5CpmAjy,pero ya no,bad bunny,0.8766467065868265,0.6102150537634409,0.7473684210526316,0.04777950682061,0.6122407027853856,0
5064,760jhRscwGbIIe1m1IIQpU,surface pressure,jessica darrow,0.598802395209581,0.5812655086848635,0.3557894736842105,0.0174975872805153,0.8063531218447513,1
5065,76IVpz47q3ghkxoUeTTEKb,colt,samra,0.4718562874251498,0.5254342431761787,0.1599999999999999,0.3470775487866623,0.2622446326761347,1
5066,76PwajqH3ej4hnk9tgaJpp,outstanding,gunna,0.8131736526946108,0.7322167080231596,0.3073684210526316,0.3108599705991736,0.6188489652295357,1
5067,76Y0gxtTxN0FyDCYh5qYQj,get right witcha,migos,0.9580838323353296,0.7456575682382134,0.6178947368421053,0.0649828564596671,0.5457409053259088,0
5068,76YSWx6L6FNsuaP6GWBb8P,all for us,labrinth zendaya,0.3712574850299402,0.6598428453267163,0.1557894736842105,0.0108576979461423,0.5743928318792737,1
5069,76cy1WJvNGJTj78UqeA5zr,idgaf,dua lipa,0.821556886227545,0.5399090157154673,0.5031578947368421,0.0405359911831122,0.3041735439754775,1
5070,76gUmNLXGQVOsGhfcshkFP,madiba riddim,drake,0.8251497005988025,0.5161290322580646,0.3136842105263158,0.2464731649325271,0.358369760397584,1
5071,76gcXhY3Zv6wW0BTe9nHJo,til further notice feat james blake  21 savage,travis scott james blake 21 savage,0.598802395209581,0.6588089330024814,0.1284210526315789,0.175044052396091,0.1829938512324742,1
5072,76iVOVsliCHlWqKuDnCfhE,redemption with babes wodumo,zacari babes wodumo,0.7520958083832336,0.7684036393713813,0.6421052631578947,0.1398325180471437,0.473666708988567,0
5073,77Xwqkw7VrV8E5FCq9JhO8,dolly with lil uzi vert,lil tecca lil uzi vert,0.6155688622754493,0.5833333333333334,0.5863157894736841,0.2132737182606625,0.2526254693196452,0
5074,77Y7tccX9Hx5iClDr39uy9,hollywoods bleeding,post malone,0.3053892215568863,0.6453680727874277,0.1452631578947368,0.3329929350470834,0.5048398116070834,1
5075,77fvnWALKJR0ws1VUx09CY,x with karol g,jonas brothers karol g,0.6766467065868265,0.8325062034739454,0.7557894736842106,0.0487855506591513,0.4308308998240618,0
5076,77lGafvlU68CeHgB2pkHC9,at my best feat hailee steinfeld,mgk hailee steinfeld,0.4479041916167665,0.7756410256410257,0.2157894736842105,0.0027389241691136,0.7444845494833705,1
5077,77mLzdHEWRB60CLlV02TV2,america,logic black thought chuck d big lenbo no id,0.8179640718562875,0.8955748552522746,0.5894736842105263,0.1317841673388129,0.4129468739230588,0
5078,77sMIMlNaSURUAXq5coCxE,fearless taylors version,taylor swift,0.5017964071856288,0.7435897435897436,0.4189473684210526,0.0122661593201002,0.3228556399978233,1
5079,789CxjEOtO76BVD1A9yJQH,stay,rihanna mikky ekko,0.5640718562874253,0.2979735318444995,0.0978947368421052,0.9507038519114738,0.3940471224130739,2
5080,78CLZUWhsxIDwObCKOh1fh,fr euch alle,bushido samra capital bra,0.7005988023952097,0.5833333333333334,0.3442105263157894,0.0623671424794596,0.6843451290515661,1
5081,78Du4CMFgnhdlG33gblkiP,rich men north of richmond,oliver anthony music,0.6323353293413175,0.2504135649296939,0.5221052631578947,0.7575434349115341,0.4534731165242836,2
5082,78SCmQ8A7KQSMdkem2SwBP,mammamia,mneskin,0.7389221556886229,0.6784532671629446,0.7989473684210526,0.0006111414505987,0.5764363750687731,0
5083,78SeXVRJ7KCqVmOwTiFjnI,nathy peluso bzrp music sessions vol 36,bizarrap nathy peluso,0.598802395209581,0.6546732837055418,0.74,0.2515033841252339,0.2862230122310291,0
5084,78kygHp1dvW1kncYjBgbe1,mujeriego,ryan castro,0.7281437125748504,0.6195202646815551,0.9347368421052632,0.0631719775502927,0.2009141530480837,0
5085,78ldtCaBRJVp2i91B715L0,broken glass,kygo kim petras,0.4502994011976049,0.6319272125723739,0.2526315789473684,0.3742407324272788,0.7516732265612247,1
5086,78pn8k7RogKo2oxl0DyX6d,one more sleep,leona lewis,0.584431137724551,0.8180314309346567,0.76,0.4667967655730833,0.400655384857224,0
5087,78qd8dvwea0Gosb6Fe6j3k,boss bitch,doja cat,0.6670658682634731,0.9648469809760132,0.571578947368421,0.1277599919846475,0.4792713377952708,0
5088,78rIJddV4X0HkNAInEcYde,call on me ryan riback remix,starley ryan riback,0.6227544910179642,0.8438792390405293,0.7210526315789473,0.0607574723377934,0.352360050544441,0
5089,78sr3ogs4UzITcCNbXM9cM,used to this feat drake,future drake,0.5604790419161677,0.729114971050455,0.388421052631579,0.0313809922523859,0.7150829206948046,1
5090,78xj07VVFK5uHTaGPIu13S,buss it,erica banks,0.9652694610778444,0.4964846980976012,0.8031578947368422,0.0596508241153979,0.3826202093120273,0
5091,790MhTXPFrYkrqCKvpg4t1,wanted you feat lil uzi vert,nav lil uzi vert,0.7724550898203595,0.7301488833746899,0.5789473684210525,0.2082434990679557,0.6061765790603331,0
5092,794QVQtFNy7hvtjQP1keQd,1942 feat yo gotti  ybn nahmir,geazy yo gotti ybn nahmir,0.7988023952095809,0.6453680727874277,0.8452631578947368,0.0152842908357243,0.7024226264971372,0
5093,798ahLNEcoFER7Vywg1FMT,a la antigita,calibre 50,0.6000000000000001,0.72808105872622,0.98,0.3843011708126924,0.8057606152395118,0
5094,79AHPJd8upvNxyK2qQcY8J,hiss,megan thee stallion,0.7125748502994013,0.6629445822994211,0.688421052631579,0.0784638438961212,0.7280515601666275,0
5095,79DPYZ6x8FfzgSgPoPhpC3,last time i saw you,nicki minaj,0.8347305389221559,0.4261786600496278,0.2747368421052631,0.0227290152409303,0.5033222691793784,1
5096,79cuOz3SPQTuFrp8WgftAu,theres nothing holdin me back,shawn mendes,0.8467065868263474,0.804590570719603,0.983157894736842,0.383295126974151,0.455129716624647,0
5097,79f5CcWzdkkDVD4XAIQgKr,lalalala,stray kids,0.6646706586826348,0.8552522746071133,0.6073684210526316,0.0650834608435212,0.47919273998029,0
5098,79nEEoEPY2w8EXj9hjn5oc,ginseng strip 2002,yung lean,0.540119760479042,0.7136062861869313,0.3726315789473684,0.0853049419982024,0.4128199082219361,1
5099,79s5XnCN4TJKTVMSmOx8Ep,dior,pop smoke,0.4766467065868265,0.8097601323407776,0.648421052631579,0.2132737182606625,0.5766419385848764,0
5100,79uDOz0zuuWS7HWxzMmTa2,back to december taylors version,taylor swift,0.4155688622754492,0.6339950372208437,0.18,0.0062399567272375,0.5764545130260763,1
5101,7A20WnLkjtZU2d7hIB6Ziu,start wit me feat gunna,roddy ricch gunna,0.8814371257485031,0.4727047146401985,0.3957894736842104,0.0774578000575799,0.5036971202969789,1
5102,7A2cNLRT0YJc1yjxHlKihs,starlight taylors version,taylor swift,0.5724550898203594,0.685690653432589,0.6031578947368421,0.0032520065267697,0.4794224874394645,0
5103,7ABLbnD53cQK00mhcaOUVG,lala,myke towers,0.6682634730538923,0.739454094292804,0.6052631578947368,0.0743390641581017,0.2736896837344845,0
5104,7AQim7LbvFVZJE3O8TYgf2,fuck love,xxxtentacion trippie redd,0.7748502994011978,0.5285359801488835,0.3126315789473683,0.017296378512807,0.5097854279651026,1
5105,7AYP21Q4qnxw2WxETEvSRb,memories,conan gray,0.2275449101796407,0.6846567411083541,0.5515789473684211,0.0098415936692156,0.4005526030991722,1
5106,7AYmToZ5y67fBjq4RLFbuq,texas hold em,beyonc,0.6886227544910181,0.7105045492142267,0.3378947368421052,0.5915462015522109,0.38274717501315,2
5107,7AYuSG1LoaaFVKjOxsB6Vh,crushed up,future,0.7568862275449103,0.5967741935483871,0.5831578947368421,0.037417255283634,0.6728033422209323,0
5108,7AbqgE05nFl9qY4FRUiq2p,shot glass of tears,jung kook,0.4275449101796408,0.3848221670802316,0.1389473684210526,0.5110626944689028,0.1888584574271912,2
5109,7AdGloF1UHKe1vAZPbqIXH,the happiest girl,blackpink,0.2778443113772455,0.3600082712985938,0.5515789473684211,0.608648946807414,0.8146421683323359,2
5110,7AtlMCIauSQZqiXSlbBPW6,bobo,j balvin,0.6934131736526947,0.8955748552522746,0.8084210526315789,0.117699553599234,0.7931728728710572,0
5111,7AwVSKaQxpidrtYBerkHKk,pipoco,ana castela melody dj chris no beat,0.747305389221557,0.7446236559139785,0.7410526315789473,0.4758511601199554,0.533697301676552,0
5112,7B3z0ySL9Rr0XvZEAjWZzM,sofia,clairo,0.7113772455089822,0.6174524400330852,0.6410526315789474,0.6016066399376245,0.4007218907006692,2
5113,7BDHDiidJ8WV349p3HTxTV,maniac,stray kids,0.7113772455089822,0.804590570719603,0.7263157894736841,0.1820863592658805,0.2612289070671527,0
5114,7BKLCZ1jbUBVqRi2FVlTVw,closer,the chainsmokers halsey,0.7161676646706588,0.5192307692307693,0.6621052631578948,0.4164945736460156,0.291972744696159,0
5115,7BKUWh5sdtdS17crohRe4L,black spiderman,logic damian lemar hudson,0.5520958083832336,0.8738626964433416,0.3199999999999999,0.1106572467294445,0.5641751159317772,1
5116,7BO3y8lmogACezwHqZ1HTB,bxl zoo,damso hamza,0.7125748502994013,0.6557071960297768,0.3926315789473684,0.0607574723377934,0.551871534894407,1
5117,7Bar1kLTmsRmH6FCKKMEyU,hit different,sza the neptunes pharrell williams ty dolla ign,0.6335329341317367,0.5109594706368901,0.72,0.2001951483596249,0.4435093319790325,0
5118,7BbaIYAdi3pg4MGl6PHwPv,mony so big,yeat,0.6502994011976049,0.5719602977667494,0.3378947368421052,0.1217237289533994,0.5519864086239941,1
5119,7BjmOMyfT4PBKbZuSCwWPc,bi sonraki hayatmda gel,murda ezhel,0.9365269461077846,0.4406534325889164,0.7410526315789473,0.0254453336049919,0.346205237032872,0
5120,7Bk0uXKk1uPT0XuQbpFzvs,fiel,los legendarios wisin jhayco,0.837125748502994,0.7022332506203474,0.4978947368421053,0.4094522667762261,0.3100804720705687,0
5121,7BlBVFwvbWvcwNcUarQmjk,yo x ti tu x mi,rosala ozuna,0.754491017964072,0.7622001654259719,0.5757894736842105,0.4647846778960006,0.273484120218381,0
5122,7BoobGhD4x5K96Me0hqC8Q,build a bitch,bella poarch,0.844311377245509,0.45616211745244,0.8778947368421053,0.2183039374533692,0.3398629979625028,0
5123,7Bot6AB2dsvZEyqzUL8AUH,id do anything to make you smile,jack harlow,0.8167664670658683,0.5171629445822995,0.2326315789473683,0.012064950552392,0.6247075254384853,1
5124,7BpYWzZwrsljT1eIjb0TqR,told you so,paramore,0.5856287425149702,0.8190653432588916,0.9178947368421052,0.0029099516216657,0.4667742852133326,0
5125,7BqBn9nzAq8spo5e7cZ0dJ,just the way you are,bruno mars,0.5808383233532936,0.8469809760132341,0.4126315789473683,0.0134734119263499,0.3766830512880972,1
5126,7BuHdm4lQqcyG3qTwdkxus,aullando,wisin  yandel romeo santos,0.7784431137724552,0.7425558312655087,0.7821052631578947,0.1851044907815046,0.2618939655016052,0
5127,7BuSE9uTIw931wtZYzvZcQ,runaway,sebastian yatra daddy yankee natti natasha jonas brothers,0.7257485029940121,0.8573200992555832,0.9494736842105264,0.0337954974648852,0.1710772132842398,0
5128,7C1trmcQQ5n5RNy4l6ziCv,some say  felix jaehn remix,nea felix jaehn,0.6371257485029942,0.7011993382961125,0.6368421052631579,0.4084462229376849,0.4432433086052516,0
5129,7CAdT0HdiQNlt1C7xk2hep,stay alive prod suga of bts,jung kook,0.4335329341317366,0.7632340777502068,0.4873684210526315,0.3007995322137601,0.504102201343418,1
5130,7CHi4DtfK4heMlQaudCuHK,lose control,meduza becky hill goodboys,0.5365269461077845,0.521298593879239,0.5231578947368422,0.1297720796617302,0.4668528830283133,1
5131,7CIERzyqIwLVKGp00YbHRO,pain,pinkpantheress,0.8131736526946108,0.6153846153846154,0.8189473684210526,0.2283643758387827,0.476949679260455,0
5132,7CJJ7JC3kj9XdweWTvfVhX,vacilo,z felipe igow wesley safado,0.873053892215569,0.8935070306038049,0.983157894736842,0.2384248142241962,0.4791746020229868,0
5133,7COGuXyTr12KvdaYXMqheC,no me conocen remix con duki rei  tiago pzk,bandido duki rei tiago pzk,0.7413173652694612,0.8169975186104219,0.9410526315789474,0.2826907431200158,0.8058392130544925,0
5134,7CkbRn6S0itJqcqn88AtSV,going down,xxxtentacion,0.865868263473054,0.6629445822994211,0.5189473684210526,0.0217229714023889,0.5367686624465686,0
5135,7Cw97917dvg5xm6XMAA4Y2,happy birthday,sfera ebbasta,0.7688622754491019,0.7808105872622002,0.6989473684210525,0.0457674191435273,0.5461459863723481,0
5136,7D0RhFcb3CrfPuTJ0obrod,sparks,coldplay,0.2646706586826347,0.2545492142266335,0.1399999999999999,0.7525132157188273,0.3379645584314294,2
5137,7DBFslKWQzoRgO0HBBkL3u,24,kanye west,0.2826347305389222,0.5295698924731184,0.3273684210526316,0.1297720796617302,0.3829466925434857,1
5138,7DF8lvLdV3htIbuTWpc7lR,girl of my dreams with suga of bts,juice wrld suga bts,0.5425149700598804,0.7746071133167908,0.3157894736842105,0.1951649291669181,0.5639090925579961,1
5139,7DM4BPaS7uofFul3ywMe46,vente pa ca feat maluma,ricky martin maluma,0.6143712574850301,0.9286600496277916,0.5273684210526316,0.004328473434009,0.3217492246023253,0
5140,7DbdUf8aHSYoliSjO6LZv6,sex drugs etc,beach weather,0.5053892215568863,0.8449131513647643,0.4557894736842105,0.0130709943909333,0.5879781618994069,1
5141,7DfFc7a6Rwfi3YQMRbDMau,thinkin bout you,frank ocean,0.6838323353293414,0.3279569892473118,0.1768421052631578,0.4114643544533088,0.5024939691291967,2
5142,7Dj2wqPYXfSRFwa6qyOztr,in too deep,eminem,0.6826347305389222,0.7704714640198511,0.5926315789473684,0.0389263210414461,0.255430806715881,0
5143,7DrluKkTviBwCc8AV3VGmf,clandestino,shakira maluma,0.7377245508982038,0.8273366418527709,0.8936842105263157,0.3923495215210232,0.7202220085973918,0
5144,7Dx9Z6Aon1qPS2N0rHSWTe,just like magic,ariana grande,0.6814371257485031,0.6050454921422663,0.4547368421052631,0.0804759315732039,0.4914660910888216,1
5145,7DyDjhZMEIK5Ied4juTCyc,sie wei feat mero,ayliva mero,0.7688622754491019,0.6794871794871795,0.1810526315789473,0.520117089015775,0.4426508020000121,2
5146,7E1jVNoWuemqUryI4FxsVD,off the table with the weeknd,ariana grande the weeknd,0.3125748502994012,0.5171629445822995,0.368421052631579,0.5221291766928576,0.2515976517391278,2
5147,7EAMXbLcL0qXmciM5SwMh2,heart to heart,mac demarco,0.8994011976047905,0.1180727874276261,0.6431578947368422,0.6710236647969778,0.624900996983053,2
5148,7EI6Iki24tBHAMxtb4xQN2,anywhere,rita ora,0.5724550898203594,0.8014888337468984,0.3042105263157895,0.036612420212801,0.3640408950477331,1
5149,7EQpvVujgytLVY8vKiDHAg,bad idea,ariana grande,0.8347305389221559,0.5771298593879239,0.571578947368421,0.0277592344336371,0.5518594429228714,0
5150,7EUfNvyCVxQV3oN5ScA2Lb,next to me,imagine dragons,0.2814371257485031,0.6877584780810588,0.3357894736842105,0.3299748035314593,0.4047847931365969,1
5151,7EWXP47VlXKO3r7mNxuWHw,ele  ele eu sou eu,wesley safado os bares da pisadinha,0.7281437125748504,0.7663358147229116,0.8652631578947368,0.2313825073544068,0.7087588195817387,0
5152,7Ed6BkggCS2KaKY5YlINaF,mic drop feat desiigner steve aoki remix,bts desiigner steve aoki,0.554491017964072,0.848014888337469,0.6452631578947369,0.015787312754995,0.744859400600971,0
5153,7EgI0dCaQuHFe3OTj5EpWI,open safe,lil wayne,0.9329341317365272,0.5957402812241522,0.4936842105263158,0.0070850335516123,0.2980308224354439,0
5154,7EiUtdeoWcKqLi5ELZCjYf,lost forever feat westside gunn,travis scott westside gunn,0.5928143712574852,0.8076923076923078,0.2968421052631579,0.0855061507659107,0.2586533171300914,1
5155,7EiZI6JVHllARrX9PUvAdX,low life feat the weeknd,future the weeknd,0.6850299401197606,0.3196856906534326,0.0736842105263157,0.3390291980783315,0.5879297940132651,1
5156,7Ek9e3eIuktIFjpDRQfmHE,mios mit bars,luciano,0.6311377245508983,0.6319272125723739,0.391578947368421,0.1116632905679858,0.5942841250551696,1
5157,7EulRO07ZgchxqKUHb8Pvc,1985  intro to the fall off,j cole,0.6335329341317367,0.6474358974358975,0.6347368421052632,0.1458687810783918,0.2881516816909412,0
5158,7F1LWA9sIlTorHUo4amGqk,reminder  remix,the weeknd aap rocky young thug,0.7197604790419163,0.6536393713813069,0.5210526315789474,0.1539171317867227,0.6851129692440703,0
5159,7F4tV8SiUy6itZTdAzdafO,penjaga hati,nadhif basalamah,0.4299401197604792,0.3486352357320099,0.3126315789473683,0.8843049585677445,0.6595021735318836,2
5160,7F9cT6hIRhnFCYP6GKS0tf,imy2 with kid cudi,drake kid cudi,0.5269461077844312,0.4871794871794871,0.0187368421052631,0.4044220475835194,0.6245986976946658,2
5161,7F9vK8hNFMml4GtHsaXui6,back to you feat bebe rexha  digital farm animals,louis tomlinson bebe rexha digital farm animals,0.6383233532934134,0.5254342431761787,0.6452631578947369,0.2082434990679557,0.1710893052557754,0
5162,7FAND3cHMvepHjpBp8gOZ9,go hard,juice wrld,0.5880239520958085,0.4375516956162117,0.0225263157894736,0.628769823578241,0.596037460927817,2
5163,7FCfMXYTIiQ9b4hDYs4Iol,be the one,dua lipa,0.6119760479041918,0.6505376344086022,0.3536842105263157,0.117699553599234,0.2463255521496501,1
5164,7FGdjbZ32vMybPuP0IuE7d,back in blood feat lil durk,pooh shiesty lil durk,0.7293413173652696,0.5337055417700579,0.8410526315789473,0.1519050441096399,0.6058984637150164,0
5165,7FIWs0pqAYbP91WWM0vlTQ,godzilla feat juice wrld,eminem juice wrld,0.7880239520958086,0.7477253928866833,0.8389473684210526,0.1458687810783918,0.7211470444198576,0
5166,7FdUvDkaE24o3FPIWTvzv2,follow you,imagine dragons,0.4694610778443114,0.7342845326716294,0.4810526315789474,0.0020950561124472,0.4727598111234046,1
5167,7Fg342AJtNsIDdwCfX0paC,let me,zayn,0.3712574850299402,0.5636889991728701,0.1652631578947368,0.2404369019012789,0.7358025139208824,1
5168,7FjZU7XFs7P9jHI9Z0yRhK,so close,notd felix jaehn captain cuts georgia ku,0.658682634730539,0.8790322580645161,0.7673684210526316,0.1217237289533994,0.4734732374439991,0
5169,7FmYn9e7KHMXcxqGSj9LjH,mastermind,taylor swift,0.6131736526946109,0.34656741108354,0.0968421052631579,0.5563346672032637,0.4791322801226126,2
5170,7FtZFla3ZH6PqsAJ9MvVCM,steppin on niggas,21 savage metro boomin,0.837125748502994,0.6339950372208437,0.8063157894736842,0.0006040991437289,0.2585626273435752,0
5171,7G0gBu6nLdhFDPRLc0HdDG,mine taylors version,taylor swift,0.5940119760479043,0.7870140612076096,0.4821052631578947,0.0044592591330193,0.4495915936613885,1
5172,7G2XZhDNHo7SSDWSVxC0UT,terremoto,anitta mc kevinho,0.887425149700599,0.8097601323407776,0.9842105263157894,0.3309808473700007,0.2921843541980302,0
5173,7GGhY0m7PZ408BYVXgXtjt,raffaello,shindy,0.5928143712574852,0.4840777502067824,0.1284210526315789,0.1941588853283768,0.1672198743644157,1
5174,7GLWWrk1YlkPYqJK3ynIA0,lance individual,jorge  mateus,0.7209580838323354,0.6184863523573201,0.9789473684210526,0.3108599705991736,0.4273363200503026,0
5175,7GRTrWsP3yo2Fx8umJfA1X,freeee ghost town pt 2,kids see ghosts ty dolla ign,0.2203592814371258,0.8149296939619521,0.2884210526315789,0.0045900448320297,0.6343750566811166,1
5176,7GeTsDIc5ykNB6lORO6Cee,circo loco,drake 21 savage,0.6994011976047905,0.6029776674937966,0.231578947368421,0.0102540716430175,0.346181053089801,1
5177,7GwYENSg87oERcW0Wacd6m,skybox,gunna,0.7532934131736528,0.7084367245657568,0.3273684210526316,0.0996913688893438,0.5693867556635772,1
5178,7H0ya83CMmgFcOhw0UB6ow,space song,beach house,0.42874251497006,0.7963192721257238,0.5989473684210526,0.2303764635158655,0.6067086258078949,0
5179,7HC3sppue0re7HPfo5zscF,you make me,avicii,0.5221556886227545,0.729114971050455,0.488421052631579,0.0024773527710929,0.473231398013289,1
5180,7HC7R2D8WjXVcUHJyEGjRs,breathe feat colbie caillat taylors version,taylor swift colbie caillat,0.4263473053892216,0.6246898263027295,0.3042105263157895,0.1569352633023467,0.6125611400310764,1
5181,7HCTUZPqclRvsiefXWwyFz,nummer,ufo361 raf camora,0.644311377245509,0.6370967741935484,0.2726315789473683,0.2243402004846173,0.8895640239662876,1
5182,7HCX1Ch3mklJyEdpwPZBFW,for a nut feat gunna  young thug,future gunna young thug,0.807185628742515,0.6670802315963607,0.2873684210526316,0.0032218252116135,0.2135381713311447,1
5183,7HEWQj82REyDOKMAAlB9pc,fly as me,bruno mars anderson paak silk sonic,0.7580838323353295,0.6257237386269645,0.471578947368421,0.0075981159092684,0.3222933633214227,1
5184,7HMmFQsKsljwTw8bS7lu19,rare,selena gomez,0.8239520958083834,0.5409429280397023,0.6305263157894737,0.209249542906497,0.4128199082219361,0
5185,7HMz8o0m7ASQ3ImFPfhWTY,coraline,mneskin,0.2550898203592815,0.6784532671629446,0.3042105263157895,0.0300731352622822,0.6977430335128991,1
5186,7Hc3YL8oDiAzbiAW32KXrw,dive,kid cudi,0.5868263473053893,0.6195202646815551,0.3157894736842105,0.6740417963126019,0.4618347148410812,2
5187,7HsjuVBM93Z2RoxjpWLgTT,richer feat polo g,rod wave polo g,0.6898203592814373,0.4023986765922249,0.7389473684210526,0.4406396257710081,0.551315304203774,0
5188,7I3skNaQdvZSS7zXY2VHId,the hype,twenty one pilots,0.4550898203592816,0.8211331679073615,0.3568421052631578,0.0105558847945799,0.2436592724260727,1
5189,7I8L3vYCLThw2FDrE6LuzE,adems de m  remix,rusherking khea duki maria becerra lit killah tiago pzk,0.295808383233533,0.6112489660876758,0.3926315789473684,0.0398317604961333,0.1915489210938397,1
5190,7IBLt4Qarf4JDLxIQDv2O5,dmb,aap rocky,0.6910179640718563,0.6143507030603805,0.3789473684210526,0.5452681849793088,0.5640662881879577,2
5191,7IBSffWIu7P2MC7kMwy2FM,hopeless romantic feat swae lee,wiz khalifa swae lee,0.8706586826347306,0.4706368899917286,0.5473684210526316,0.308847882922091,0.4855228870791238,0
5192,7IG7laqVpcvIIULrwWP5SA,vida louca,mc poze do rodo neo beats mainstreet,0.8407185628742516,0.6184863523573201,0.7494736842105263,0.3611621625262413,0.2765796649314687,0
5193,7IL3UOlcJ6nmcCMwpnlfcA,somethings gotta give,camila cabello,0.473053892215569,0.4509925558312655,0.1389473684210526,0.3692105132345721,0.2008778771334772,2
5194,7ILEWkpfdK6AjH2D7jppWk,dont check on me feat justin bieber  ink,chris brown justin bieber ink,0.6119760479041918,0.3858560794044665,0.6810526315789474,0.8782686955364964,0.2134837574592349,2
5195,7IMwEtpAiJanqF6vQteZN2,turks with gunna  ft travis scott,nav gunna travis scott,0.8910179640718564,0.6164185277088503,0.3652631578947368,0.081280766644037,0.4376205418412445,1
5196,7IPKXYU2rTMnrLW5IZ7ZI5,verdansk,dave,0.97125748502994,0.4964846980976012,0.5305263157894737,0.2816846992814745,0.425395558618855,0
5197,7IWTIkiWGWNQyYfOLdMrGD,burn out feat dewain whitmore,martin garrix justin mylo dewain whitmore,0.5317365269461078,0.7239454094292804,0.394736842105263,0.0156867083711408,0.4906861589247819,1
5198,7IaeavdRzXYQWfu2Wt5GlU,currents,drake,0.8778443113772457,0.2700578990901571,0.4042105263157894,0.1046209836981964,0.4552324983826988,1
5199,7IkZpSOJKGXCGhqAvHs7FG,nautilus,shindy,0.6862275449101797,0.6464019851116626,0.1357894736842105,0.0009672809694423,0.7596841577034927,1
5200,7Il2yWQmsqKgSkLQvHTPUI,tequila,dan  shay,0.3880239520958084,0.5916046319272126,0.4957894736842105,0.0293689045753032,0.2382904370643111,1
5201,7IxGslFZA5QhgXbUsDmcjf,bad girls good vibes,ufo361,0.8095808383233534,0.357940446650124,0.1326315789473684,0.5191110451772336,0.4912907575015569,2
5202,7J2gyNghNTzl4EsLhXp01Q,infinity 888  feat joey bada,xxxtentacion joey bada,0.4934131736526947,0.5760959470636889,0.5736842105263157,0.2756484362502263,0.226271017358025,0
5203,7J4b3LVCIGO4CMBDFLPoP6,holy ground taylors version,taylor swift,0.5652694610778444,0.8138957816377173,0.5042105263157894,0.0289664870398867,0.6661225279475693,1
5204,7J6bnDDitOwfelaJNixHhL,modern slavery,huncho jack travis scott quavo,0.7365269461077846,0.7353184449958644,0.4873684210526315,0.0018636660295826,0.5275001662646086,1
5205,7JDWhC422Gtk1Bq0mL3OTC,feel something,bea miller,0.7065868263473055,0.4065343258891645,0.1305263157894736,0.243455033416903,0.5399730349034759,1
5206,7JDbfYUHjDzQPFSDh5lzGs,enigma,lady gaga,0.621556886227545,0.8087262200165427,0.1599999999999999,0.0307773659492611,0.4188840319469888,1
5207,7JIIY2oDPFkURYMCLJuzhe,elliots song  from euphoria an hbo original series,dominic fike zendaya,0.2922155688622755,0.3155500413564929,0.3989473684210526,0.8541236434115039,0.2819847762078368,2
5208,7JNh1cfm0eXjqFVOzKLyau,mayores,becky g bad bunny,0.710179640718563,0.8614557485525227,0.883157894736842,0.1418446057242264,0.3039377505305352,0
5209,7JYsArznYOjX2jsrT3UEnL,ooouuu,young ma,0.5808383233532936,0.8531844499586435,0.5642105263157894,0.5362137904324367,0.7216125853239743,0
5210,7JyFwJC3uRpiNfq7oKafgn,euthanasia,post malone,0.1808383233532934,0.2907361455748552,0.0067368421052631,0.1780621839117151,0.576055477965405,1
5211,7K8krdGeSIvwDGw1WUqJuK,cara italia,ghali,0.754491017964072,0.7105045492142267,0.7147368421052631,0.5412440096251434,0.3888778045816479,0
5212,7KA4W4McWYRpgf0fWsJZWB,see you again feat kali uchis,tyler the creator kali uchis,0.4886227544910181,0.555417700578991,0.6189473684210526,0.3732346885887375,0.1925041868451442,0
5213,7KKh0ujp8agIiCrkiJhf81,jangueo,anuel aa tego caldern,0.8538922155688623,0.7301488833746899,0.6494736842105263,0.3983857845522713,0.2800319228048537,0
5214,7KOlJ92bu51cltsD9KU5I7,tshirt,migos,0.8562874251497007,0.6877584780810588,0.4778947368421052,0.243455033416903,0.5580747162921178,0
5215,7KPGeiXWDsGEvFK62wzU8E,benzema,capital bra,0.7580838323353295,0.6929280397022333,0.24,0.4879236861824517,0.3226379845101844,2
5216,7KSSdFCBHCfq4KPzz78ghk,heatin up feat gunna,lil baby gunna,0.7640718562874254,0.4282464846980975,0.3252631578947368,0.0614617030247724,0.5025967508872484,1
5217,7KWKWJnbGJ3Soag6Oopion,cachorrinhas,lusa sonza,0.6694610778443114,0.6970636889991728,0.4757894736842105,0.1609594386565121,0.3107697144480921,1
5218,7KXjTSCq5nL1LoYtL7XAwS,humble,kendrick lamar,0.9077844311377248,0.6195202646815551,0.4094736842105263,0.0002761288523644,0.6245080079081493,1
5219,7KZ5MMVgBVox9ycroB2UrI,carousel,travis scott,0.332934131736527,0.3941273779983457,0.1063157894736842,0.2303764635158655,0.2942520813306005,1
5220,7KbF6AdprOXEEHlsq11Z6d,11 pm,maluma,0.7508982035928146,0.7136062861869313,0.6821052631578948,0.2183039374533692,0.2960961069897641,0
5221,7Kba4OaxQFQ1zlknQUpNqN,faz amor comigo s hoje  ao vivo,israel  rodolffo wesley safado,0.5676646706586828,0.9307278742762616,0.8968421052631579,0.3018055760523014,0.714036965156984,0
5222,7KcGEssn7BnJdTgildK5y0,no frauds,nicki minaj drake lil wayne,0.8586826347305391,0.5543837882547561,0.4210526315789473,0.0889266998169513,0.5583044637512924,1
5223,7KokYm8cMIXCsGVmUvKtqf,karma,taylor swift,0.5892215568862277,0.6184863523573201,0.0683157894736842,0.073836042238831,0.2618032757150889,1
5224,7Kq16WtEJzdRSNQgdXsn7Y,loveick feat aap rocky,mura masa aap rocky,0.6251497005988026,0.7673697270471465,0.7694736842105263,0.1418446057242264,0.2548322541248738,0
5225,7LJjWqhqK594nN7qJzLVXE,as if its your last,blackpink,0.761676646706587,0.8593879239040529,0.4399999999999999,0.0692082405815408,0.4734974213870701,1
5226,7LSpFCvRZZot2AlmkUzy9k,sirens,travis scott,0.5245508982035929,0.8873035566583954,0.2210526315789473,0.0981823031315317,0.2979764085635342,1
5227,7Lkxvfl2rkNYWS4kBDCQtN,las morras,peso pluma blessd,0.7508982035928146,0.8469809760132341,0.9147368421052632,0.3138781021147977,0.5217020659133369,0
5228,7MC4XR9M9amdmKQr2iDF7i,iko iko my bestie,justin wellington small jam,0.8526946107784433,0.7559966914805625,0.8368421052631578,0.1317841673388129,0.3526079359609187,0
5229,7MHN1aCFtLXjownGhvEQlF,una lady como t,manuel turizo,0.7640718562874254,0.4706368899917286,0.871578947368421,0.5523104918490983,0.2918095030804298,0
5230,7MRU4vOkywuhZ9kbFiPuiu,si supieras,daddy yankee wisin  yandel,0.6479041916167665,0.901778329197684,0.6221052631578947,0.2927511815054293,0.8301198918977746,0
5231,7MRY4VpCuZvBmFda6ZCk2G,love it if we made it,the 1975,0.3940119760479043,0.729114971050455,0.0270526315789473,0.0007147639659684,0.8063652138162867,1
5232,7MSYSOobsombc1mbDWFxtD,this christmas,donny hathaway,0.5796407185628744,0.6443341604631928,0.6789473684210526,0.2937572253439706,0.2801044746340667,0
5233,7MVIfkyzuUmQ716j8U7yGR,rara vez,taiu milo j,0.8239520958083834,0.7094706368899917,0.9768421052631576,0.1770561400731738,0.442965193259935,0
5234,7MXgrcOQAJ5VwSNUL0lDd3,blinding lights with rosala  remix,the weeknd rosala,0.407185628742515,0.694995864350703,0.2284210526315789,0.0133728075424957,0.750820742567972,1
5235,7MbT4I8qGntX4fMdqMQgke,peace,taylor swift,0.5952095808383234,0.2586848635235731,0.3231578947368421,0.9235406682708572,0.6247075254384853,2
5236,7MiZjKawmXTsTNePyTfPyL,devil eyes,hippie sabotage,0.288622754491018,0.3868899917287014,0.1757894736842105,0.7062351991459251,0.3167733783154674,2
5237,7MkylDYvKTSuWgrsBhHlsG,duki bzrp music sessions vol 50,bizarrap duki,0.4610778443113773,0.881100082712986,0.3063157894736842,0.3732346885887375,0.5640179203018156,1
5238,7MqL7uh6zGd8x0B9srz3r0,gib gas,ufo361 luciano,0.6287425149700601,0.858354011579818,0.2578947368421053,0.07162274579404,0.1709683855404203,1
5239,7My9ca9QEIR8MvIOdIrTWA,from the d 2 the lbc with snoop dogg,eminem snoop dogg,0.6946107784431138,0.7890818858560794,0.5936842105263157,0.1056270275367377,0.2135381713311447,0
5240,7a5fliY9SsZENrQWQBZron,texts go green,drake,0.7365269461077846,0.6257237386269645,0.5305263157894737,0.0009139606459996,0.4369978053071663,0
5241,7aF09WaavZAmAWuUeYxlYD,rich love with seeb,onerepublic seeb,0.5305389221556887,0.8748966087675766,0.488421052631579,0.1840984469429632,0.3522995906867635,1
5242,7aGyRfJWtLqgJaZoG9lJhE,mad at disney,salem ilese,0.7041916167664671,0.6195202646815551,0.7189473684210526,0.4265550120314292,0.406592542881154,0
5243,7aRCf5cLOFN1U7kvtChY1G,search  rescue,drake,0.7988023952095809,0.4323821339950372,0.5389473684210526,0.0606568679539393,0.5762187195811341,0
5244,7aV2mflaASUmGhCErm7kBO,the mack,nevada mark morrison fetty wap,0.6670658682634731,0.8904052936311001,0.5357894736842106,0.0711197238747693,0.3586055538425263,0
5245,7aZDcmt34eouhqw29aMR91,skin and bones,david kushner,0.4,0.4499586435070306,0.1452631578947368,0.6529148757032335,0.4243193731521956,2
5246,7aZusA4cWXz3Wv9e9uhavz,quer voar,matu,0.7856287425149703,0.5926385442514475,0.6789473684210526,0.1388264742086024,0.2162890948554707,0
5247,7abpmGpF7PGep2rDU68GBR,tuesday feat danelle sandoval,burak yeter danelle sandoval,0.8275449101796407,0.6381306865177834,0.6768421052631579,0.0156867083711408,0.316108319881015,0
5248,7aely3H8kMj9o0gt6vXHE1,die for you feat dominic fike,justin bieber dominic fike,0.6922155688622755,0.6277915632754343,0.7136842105263157,0.0019642704134368,0.5339391411072618,0
5249,7afaZ37wJJL6880z1NRgJS,fim de semana no rio,teto,0.8586826347305391,0.488213399503722,0.271578947368421,0.1187055974377753,0.4362178731431266,1
5250,7alOsNr36sJ8CyOEP4aILq,odio,j balvin bad bunny,0.7065868263473055,0.6991315136476427,0.5231578947368422,0.2162918497762865,0.5639211845295318,0
5251,7amMgNDcObIDkIXv4xcvc2,barking,ramz,0.4514970059880241,0.4582299421009098,0.771578947368421,0.1760500962346324,0.5460432046142962,0
5252,7anSoGdgtmJTAPZBzcPhO6,cuaderno,dalex nicky jam justin quiles sech lenny tavrez feid rafa pabn,0.635928143712575,0.6474358974358975,0.6905263157894737,0.5261533520470231,0.7575741086705483,0
5253,7aonAWn0J0AJ47ZU9WHCXC,inferno,sub urban bella poarch,0.8023952095808384,0.609181141439206,0.6368421052631579,0.0770553825221633,0.4907224348393883,0
5254,7aqfrAY2p9BUSiupwk3svU,first person shooter feat j cole,drake j cole,0.3832335329341317,0.6391645988420183,0.2273684210526315,0.0278598388174912,0.7086016239517772,1
5255,7bCfHiRcfUjG0YVVNUL7Ve,egirls are ruining my life,corpse savage gap,0.5556886227544912,0.946236559139785,0.3726315789473684,0.0016121550699473,0.2313315074456315,1
5256,7bDSLyTjZ1VjU5kPHTL3Ko,tiefschwarz feat samra,kontra k samra,0.7197604790419163,0.7870140612076096,0.3652631578947368,0.0719245589456024,0.2858844370280352,1
5257,7bJ4mu7MHa3rHiNyKjOoSl,ice melts,drake young thug,0.7940119760479043,0.5471464019851118,0.5957894736842105,0.0804759315732039,0.4730318804829532,0
5258,7bJwvubZZaoGE1AGEfu8Fi,one last time,ariana grande,0.5676646706586828,0.6164185277088503,0.0947368421052631,0.1156874659221513,0.4735095133586055,1
5259,7bPp2NmpmyhLJ7zWazAXMu,tulum,peso pluma grupo frontera,0.4874251497005989,0.8728287841191067,0.6305263157894737,0.3963736968751886,0.7318605312003097,0
5260,7bRRHQelMfrP86QYQlCsAq,billy,6ix9ine,0.740119760479042,0.7032671629445822,0.7747368421052632,0.1468748249169332,0.2620269771884957,0
5261,7bUcBztfGqO7cSI2gMZeCI,opps with yugen blakrok,vince staples yugen blakrok,0.665868263473054,0.7787427626137304,0.8578947368421053,0.1529110879481813,0.4910005501847048,0
5262,7bcy34fBT2ap1L4bfPsl9q,i didnt change my number,billie eilish,0.837125748502994,0.4737386269644333,0.6789473684210526,0.6156912536772035,0.5762005816238307,2
5263,7boPPE857KEqCIHNwFkDop,audio feat sia diplo and labrinth,sia diplo labrinth lsd,0.2574850299401198,0.6929280397022333,0.3578947368421052,0.1931528414898354,0.2616702640281985,1
5264,7bywjHOc0wSjGGbj04XbVi,luna,feid atl jacob,0.747305389221557,0.8666253101736973,0.4357894736842105,0.1317841673388129,0.3222570874068163,1
5265,7cG6SxmQ24hQWnR8UThrk2,dope new gospel feat nivea,lil wayne nivea,0.6000000000000001,0.7198097601323408,0.3894736842105263,0.2283643758387827,0.4235454869739237,1
5266,7cGFbx7MP0H23iHZTZpqMM,everybody,logic,0.8802395209580839,0.9493382961124897,0.78,0.1619654824950535,0.3826323012835628,0
5267,7cQ0LAxT5HHCLGbxcjaxac,arcngel bzrp music sessions vol 54,bizarrap arcngel,0.6778443113772455,0.783912324234905,0.7936842105263158,0.5533165356876396,0.466375250152661,0
5268,7cQMJ0wDqVS5iM0JIvP6Ay,the last of the real ones,fall out boy,0.5113772455089821,0.8893713813068652,0.5599999999999999,0.0052942755190087,0.4129650118803621,0
5269,7ccTcabbJlCJiIqtrSSwBk,premonition  intro,eminem,0.8347305389221559,0.6360628618693135,0.5042105263157894,0.0259483555242626,0.7210503086475737,0
5270,7chTH3GBjjAyagf0SPCZDL,si sabe ferxxo,blessd feid,0.6898203592814373,0.836641852770885,0.4810526315789474,0.0139764338456205,0.2979401326489277,1
5271,7dNwJbsT0sg1le5kVugGJb,bubalu,becky g prince royce dj luian mambo kingz anuel aa,0.7784431137724552,0.3444995864350703,0.2326315789473683,0.6197154290313689,0.5998282940041959,2
5272,7dQFpbs34ufIEU745DVclf,aute cuture,rosala,0.7149700598802397,0.6422663358147229,0.5326315789473685,0.076049338683622,0.3220273399476417,0
5273,7dR09k1an5JEq7ch0Y5hvV,dijeron que no la iba lograr,chino pacas fuerza regida,0.6622754491017965,0.7952853598014888,0.7652631578947369,0.2565336033179406,0.5773976868058452,0
5274,7daBwTiPNOVgoMUG4SICgh,pet cheetah,twenty one pilots,0.6023952095808385,0.6846567411083541,0.3399999999999999,0.0618641205601889,0.3828983246573438,1
5275,7dt6x5M1jzdTEt8oCbisTK,better now,post malone,0.6347305389221558,0.575062034739454,0.3252631578947368,0.3329929350470834,0.5944413206851311,1
5276,7e1VoRlNumuEkXlITMHKLE,me gusta with cardi b  myke towers,anitta myke towers cardi b,0.910179640718563,0.6019437551695617,0.8157894736842105,0.4507000641564216,0.3830555202873052,0
5277,7eAJEMhjeQLLp4HSdJJ58b,unterwegs,apache 207,0.665868263473054,0.7756410256410257,0.2863157894736842,0.3782649077814443,0.317220781262281,1
5278,7eBqSVxrzQZtK2mmgRG6lC,murder on my mind,ynw melly,0.7293413173652696,0.7322167080231596,0.7452631578947368,0.1458687810783918,0.4128743220938458,0
5279,7eJMfftS33KTjuF7lTsMCx,death bed coffee for your head,powfu beabadoobee,0.6898203592814373,0.4230769230769231,0.3326315789473684,0.7354104704636244,0.5883227830881688,2
5280,7eOuUmpnHBlg5zsm8Cs7c3,summertimes close,zach bryan,0.3820359281437127,0.1925144747725392,0.1926315789473684,0.6106610344844967,0.2078609906952279,2
5281,7eQj6r5PIdYKEIZjucBMcq,stay stay stay taylors version,taylor swift,0.6502994011976049,0.6815550041356494,0.6642105263157895,0.0853049419982024,0.322263133392584,0
5282,7eResoqEJJAVTkQYSqvO3P,thats when feat keith urban taylors version from the vault,taylor swift keith urban,0.5245508982035929,0.6060794044665012,0.5010526315789474,0.2263522881617,0.2628975991390516,1
5283,7eTv2OTr3aY5iKtFdBusoA,besties,karol g,0.7532934131736528,0.8304383788254756,0.6547368421052632,0.1468748249169332,0.7570057860083796,0
5284,7eX3um6NpOQKWJMGCi97XD,real as it gets feat est gee,lil baby est gee,0.7532934131736528,0.706368899917287,0.1726315789473684,0.0047308909694255,0.5640118743160478,1
5285,7eYAHC0RbBF9eaqWzT34Aq,desires with future,drake future,0.7928143712574852,0.500620347394541,0.5494736842105263,0.2826907431200158,0.5946589761727701,0
5286,7ef4DlsgrMEH11cDZd32M6,one kiss with dua lipa,calvin harris dua lipa,0.7676646706586828,0.8686931348221671,0.5894736842105263,0.0372160465159258,0.4672095961886105,0
5287,7f1w2rZoIf7g56McEUTh5W,jail pt 2,kanye west,0.658682634730539,0.5688585607940446,0.688421052631579,0.4557302833491284,0.3825113815682078,0
5288,7f5trao56t7sB7f14QDTmp,juicy,doja cat tyga,0.7604790419161678,0.6515715467328371,0.4757894736842105,0.1026088960211137,0.7455063210781203,1
5289,7fJv128BqCw23AmENDqJuj,breathe,astrid s,0.7017964071856289,0.7218775847808105,0.5073684210526316,0.0334936843133228,0.3039498425020707,1
5290,7fRfIvHPH6bHdMDjPFwTMh,hallelujah,logic,0.6275449101796409,0.5936724565756824,0.4505263157894736,0.4979841245678652,0.5401544144765082,2
5291,7fSM2taFBEB1WNZl8AOIoo,detox,lil baby,0.8323353293413175,0.4975186104218362,0.4042105263157894,0.0271556081305123,0.6064909703202559,1
5292,7fZBQnc0zXwVybgCIrQQil,belly dancer,imanbek byor,0.8323353293413175,0.8014888337468984,0.4105263157894736,0.0585441758930024,0.4550632107812017,1
5293,7faDzZnZYqTyYThx2sbHVQ,mistletoe and holly  remastered 1999,frank sinatra,0.5473053892215569,0.0839536807278742,0.3252631578947368,0.8088516706771431,0.3848874539749333,2
5294,7fesNTgTEMEH0ye8MOgEDY,teenage dream,olivia rodrigo,0.325748502994012,0.2142266335814723,0.0757894736842105,0.8209241967396392,0.5387094238780161,2
5295,7foypmc7KZyU716Yv63BPe,saint,huncho jack travis scott quavo,0.8574850299401199,0.6474358974358975,0.0503157894736842,0.0090468190367679,0.6247921692392335,1
5296,7fwXWKdDNI5IutOMc5OKYw,mi gente feat beyonc,j balvin willy william beyonc,0.6646706586826348,0.7156741108354011,0.423157894736842,0.0250429160695754,0.3523479585729055,1
5297,7fxSLnklnayJNBIKntXedZ,slidin,21 savage metro boomin,0.747305389221557,0.7074028122415219,0.368421052631579,0.0016322759467181,0.6419204469192679,1
5298,7g7raxdQpiLZT7aOlib4S1,motorcycle patches,huncho jack travis scott quavo,0.8598802395209583,0.6567411083540117,0.4252631578947368,0.0158879171388491,0.702235200938337,1
5299,7gHZGXSJzM29WA384suYY2,secure the bag,lil uzi vert,0.7820359281437127,0.7208436724565757,0.5442105263157895,0.3460715049481209,0.5031892574924879,0
5300,7gHs73wELdeycvS48JfIos,faded,alan walker,0.525748502994012,0.6505376344086022,0.1410526315789473,0.0292683001914491,0.2617488618431792,1
5301,7gRFDGEzF9UkBV233yv2dc,shut down,blackpink,0.8,0.6908602150537634,0.6905263157894737,0.003282187841926,0.3830313363442342,0
5302,7gVzhRCrLRUBEGdS7zNTp0,malvada,z felipe,0.8910179640718564,0.8655913978494624,0.9010526315789472,0.1599533948179708,0.5334312783027708,0
5303,7gbpozqwdFoqvv19BTk2hu,sanctify,olly alexander years  years,0.6191616766467067,0.6226220016542597,0.1663157894736842,0.0152842908357243,0.333992345782018,1
5304,7ge7BHazYbVKi8qyZUX1Bm,emotionally scarred,lil baby,0.5209580838323353,0.6401985111662531,0.2463157894736842,0.0287652782721784,0.2513074444222758,1
5305,7gwT3HGL84vF7bgtwL1N88,ojos marrones,lasso,0.7892215568862277,0.6484698097601324,0.7242105263157894,0.0409384087185288,0.4431465728329675,0
5306,7h0d2h0fUmzbs7zeFigJPn,highest in the room feat rosala  lil baby  remix,travis scott rosala lil baby,0.4898203592814373,0.4851116625310173,0.0863157894736842,0.0570351101351904,0.6433714835035278,1
5307,7hU3IHwjX150XLoTVmjD0q,money,lisa,0.8155688622754492,0.5502481389578164,0.3831578947368421,0.1619654824950535,0.5641388400171707,1
5308,7hVb3OyFkgxDgpTdrOX6dT,keys to my life, kanye west ty dolla ign,0.4011976047904192,0.5512820512820513,0.6157894736842106,0.1327902111773543,0.2013131881087552,1
5309,7hav1MHURQf5SAoPk0egqh,baby pluto,lil uzi vert,0.7449101796407187,0.6329611248966088,0.6726315789473685,0.1358083426929783,0.6852157510021222,0
5310,7hlhojpax9zg2FNdBLY5ox,because i had you,shawn mendes,0.873053892215569,0.3269230769230769,0.6926315789473684,0.3219264528231285,0.3348387837895029,0
5311,7hynhxDoDpgMIV12JuVtNa,un peso,j balvin bad bunny marciano cantero,0.5712574850299402,0.67535153019024,0.9778947368421052,0.1257479043075648,0.1970507681424917,0
5312,7hzlzoOwCZ4D3Ow5YZK4kj,insomnia,daya,0.7233532934131738,0.652605459057072,0.3652631578947368,0.0949629628481994,0.4617077491399585,1
5313,7iAgNZdotu40NwtoIWJHFe,bet you wanna feat cardi b,blackpink cardi b,0.6023952095808385,0.6619106699751862,0.6757894736842106,0.004670528339113,0.3929527989891112,0
5314,7iDxZ5Cd0Yg08d4fI5WVtG,skrt on me feat nicki minaj,calvin harris nicki minaj funk wav,0.6742514970059881,0.8966087675765095,0.9768421052631576,0.1700138332033843,0.3340951275400698,0
5315,7iHHlCbsFou5DZSW5HCPfs,ella  remix,boza lunay lenny tavrez juhn bele,0.7149700598802397,0.8169975186104219,0.8968421052631579,0.343053373432497,0.8061959262147897,0
5316,7iKDsPfLT0d5mu2htfMKBZ,love to hate me,blackpink,0.6419161676646709,0.6391645988420183,0.5947368421052631,0.0335942886971769,0.6983536780754418,0
5317,7iL6o9tox1zgHpKUfh9vuC,in da club,50 cent,0.8970059880239521,0.7146401985111662,0.7842105263157895,0.2565336033179406,0.2619907012738892,0
5318,7iQXYTyuG13aoeHxGG28Nh,perro negro,bad bunny feid,0.9113772455089822,0.7818444995864351,0.3294736842105262,0.0892285129685137,0.2983028917949927,1
5319,7iTTQvztpfrDneVSX9IGBD,stamm fort feat sfera ebbasta,luch sfera ebbasta,0.754491017964072,0.5161290322580646,0.6431578947368422,0.0988865338185107,0.6854273605039933,0
5320,7iUtQNMRB8ZkKC4AmEuCJC,la falda,myke towers,0.7784431137724552,0.7404880066170388,0.2473684210526316,0.3742407324272788,0.3403285388666194,1
5321,7ijJ5crvsnCvCLJbHpyq3j,final fantasy,drake,0.3724550898203593,0.4416873449131513,0.0757894736842105,0.4305791873855946,0.2405516357414494,2
5322,7iqOIHHEmu6Vhw25GgQ2eA,una nota,j balvin sech,0.6131736526946109,0.7921836228287842,0.7147368421052631,0.0192078618060356,0.8050713728619885,0
5323,7j31rVgGX9Q2blT92VBEA0,teenagers,my chemical romance,0.3748502994011977,0.8635235732009926,0.8673684210526316,0.0508982427200882,0.3925598099142075,0
5324,7j4OmvkjRz0PrjFADlHfQx,set fire to the rain,adele,0.5425149700598804,0.6701819685690654,0.4357894736842105,0.0040970833511445,0.3704677779188507,1
5325,7jPdqwZug0ovtDZsY5uK4T,im just ken from barbie the album,ryan gosling,0.2419161676646707,0.6267576509511994,0.3736842105263157,0.0265519818273874,0.5665874642531092,1
5326,7jfmlr5W2AQWUGLVhT8ofl,el pauelo,romeo santos rosala,0.8251497005988025,0.7115384615384616,0.6621052631578948,0.053715165468004,0.5035036487524109,0
5327,7jtQIBanIiJOMS6RyCx6jZ,another love,tom odell,0.3497005988023953,0.5337055417700579,0.1126315789473684,0.7213258567240454,0.4597367577796722,2
5328,7jwQlYGpOml9ETGre1HqGA,somebodys watching me,rockwell,0.8023952095808384,0.34656741108354,0.771578947368421,0.0373166508997799,0.4679532524380438,0
5329,7jzldCBnJjpJM3epzJ85KE,tongue tied with yungblud  blackbear,marshmello yungblud blackbear,0.5724550898203594,0.826302729528536,0.4557894736842105,0.0209181363315559,0.2798263592887502,1
5330,7kOf0qHO4Rcwk6QJifZDRJ,el manual,anuel aa,0.8299401197604791,0.8511166253101737,0.911578947368421,0.3521077679793691,0.4853173235630203,0
5331,7kh95COsNZjnTmc6aF76n7,homerun intro,paulo londra,0.8047904191616767,0.2504135649296939,0.6736842105263158,0.6730357524740606,0.5344590958832882,2
5332,7kjEqI6eZ7YlFrGhxixnlN,antes que se acabe,bad bunny,0.6502994011976049,0.5450785773366419,0.4642105263157894,0.5080445629532787,0.5639090925579961,2
5333,7knLcYCOSaURD0d7HUULFM,como un beb,j balvin bad bunny mr eazi,0.8083832335329342,0.8118279569892474,0.8252631578947368,0.0736348334711227,0.3406006082261681,0
5334,7krbSH3rd8lhIZvuzTV3Bl,naked,james arthur,0.4538922155688624,0.6050454921422663,0.2168421052631578,0.1046209836981964,0.3340286216966244,1
5335,7kt9e9LFSpN1zQtYEl19o1,this is me trying,taylor swift,0.4371257485029941,0.4696029776674937,0.3999999999999999,0.3158901897918804,0.5391084589386876,1
5336,7kuRvjpeUcn6qNV9IBXC2C,ta to gucci remix,cauty brytiago darell cosculluela rafa pabn chencho corleone,0.6946107784431138,0.6474358974358975,0.6768421052631579,0.3853072146512337,0.8541345473672757,0
5337,7l2nxyx7IkBX5orhkALg0V,privileged rappers,drake 21 savage,0.938922155688623,0.6122828784119106,0.6147368421052631,0.002748984607499,0.5884376568177558,0
5338,7l9CE3wmEGOUYw1j4ETjnL,saturnz barz feat popcaan,gorillaz popcaan,0.2790419161676647,0.6195202646815551,0.1905263157894736,0.0273568168982205,0.2015308435963941,1
5339,7lAK3oHbfEnvUQWosrMMpR,yosemite,travis scott,0.7604790419161678,0.5502481389578164,0.1178947368421052,0.2847028307970984,0.4917139765052993,1
5340,7lFNXsbcbds699xCWO3pSe,dear reader,taylor swift,0.635928143712575,0.3868899917287014,0.131578947368421,0.4899357738595343,0.3702319844739085,2
5341,7lQ8MOhq6IN2w8EYcFNSUk,without me,eminem,0.9077844311377248,0.6691480562448305,0.6631578947368422,0.002869709868124,0.3961329875029474,0
5342,7lRsNbdOGykkMAgsqs4R1C,bilame,nacho,0.7988023952095809,0.8759305210918115,0.5568421052631579,0.1639775701721362,0.2981336041934957,0
5343,7lUdbnz7wsv3C9zzf4WHl9,porfa remix  feat maluma nicky jam sech  remix,feid j balvin maluma nicky jam sech justin quiles,0.7700598802395211,0.739454094292804,0.7,0.0769547781383092,0.733081820325395,0
5344,7lcI4X8RZxK4zIknJcwpBq,bussin,nicki minaj lil baby,0.8898203592814372,0.7001654259718776,0.7526315789473684,0.0579405495898776,0.5638123567857123,0
5345,7lgA34nFXxjqQgyLkPUcLv,jenny i wanna ruin our friendship,studio killers,0.6203592814371259,0.8035566583953682,0.5589473684210525,0.0030608581974469,0.5272764647912018,0
5346,7lnQCEtaDJeMZN75siSxLc,faberg,rin,0.6838323353293414,0.6464019851116626,0.5557894736842106,0.0516024734070671,0.7091518086566424,0
5347,7lthOBXNue2IvedLRfkod8,home,bts,0.5784431137724552,0.8035566583953682,0.5294736842105263,0.0142782469971829,0.5820651878185479,1
5348,7lvDsmTRXFE3dK4OjvRiWB,pasoori,shae gill ali sethi,0.6754491017964073,0.5936724565756824,0.6705263157894737,0.0660895046820626,0.2737199136633232,0
5349,7m9OqQk4RVRkw9JJdeAw96,jocelyn flores,xxxtentacion,0.8646706586826348,0.3817204301075269,0.4263157894736842,0.47182698476579,0.5278326954818346,2
5350,7mEDVrAHDnQJStDo8jKJJm,shum,goa,0.4514970059880241,0.739454094292804,0.491578947368421,0.0502946164169634,0.421483805827121,1
5351,7mEUjhl6aTztdHCrxoTgBG,wash us in the blood,kanye west travis scott,0.6227544910179642,0.8531844499586435,0.3673684210526315,0.1851044907815046,0.5471738039528655,1
5352,7mWFF4gPADjTQjC97CgFVt,baila baila baila  remix,ozuna daddy yankee j balvin farruko anuel aa,0.7604790419161678,0.5688585607940446,0.4821052631578947,0.0601538460346686,0.322238949449513,1
5353,7mcdgAXmb35dakBnfDIv3q,narcos,anuel aa,0.5556886227544912,0.7487593052109182,0.5989473684210526,0.349089636463745,0.7337045568594733,0
5354,7mldq42yDuxiUNn08nvzHO,body like a back road,sam hunt,0.6970059880239522,0.4509925558312655,0.6621052631578948,0.4496940203178803,0.315721376791879,0
5355,7mpdNiaQvygj2rHoxkzMfa,bite me,enhypen,0.7724550898203595,0.7849462365591399,0.6894736842105263,0.2867149184741812,0.3522028549144795,0
5356,7mrWTjhYctgEQb0lJKrVWy,unterwegs,kitschkrieg jamule sfr,0.8742514970059881,0.6050454921422663,0.8326315789473684,0.1961709730054595,0.4795736370836583,0
5357,7mykoq6R3BArsSpNDjFQTm,i really want to stay at your house,rosa walton hallie coggins,0.407185628742515,0.7404880066170388,0.0989473684210526,0.0023767483872387,0.4730862943548631,1
5358,7n2FZQsaLb7ZRfRPfEeIvr,eleven,ive,0.8119760479041916,0.7332506203473945,0.5842105263157894,0.0620653293278972,0.4429289173453285,0
5359,7n7VsX3sv66znBwA8b5uhp,here comes santa claus right down santa claus lane,elvis presley,0.5089820359281437,0.2214640198511166,0.8389473684210526,0.9738428601979248,0.198659000356713,2
5360,7nAfXgeHfDO50upcOjJOaq,talking to myself,linkin park,0.5305389221556887,0.7136062861869313,0.4642105263157894,0.0018435451528118,0.4673244699181978,1
5361,7nD2JPaxIKUdxd2UWgnaGL,toda  remix,alex rose rauw alejandro lenny tavrez cazzu lyanno,0.4335329341317366,0.4437551695616211,0.3536842105263157,0.1619654824950535,0.2014643377529489,1
5362,7nFJSfGvvV0WjatTZN6QYi,bamba feat aitch  bia,luciano aitch bia,0.776047904191617,0.8107940446650125,0.8294736842105263,0.1458687810783918,0.5523854436846656,0
5363,7nFvKgVumc9FcU97zGjjei,corao de gelo,wiu,0.6970059880239522,0.6712158808933003,0.8463157894736841,0.1247418604690234,0.6843390830657985,0
5364,7nKBxz47S9SD79N086fuhn,subeme la radio,enrique iglesias descemer bueno zion  lennox,0.644311377245509,0.8273366418527709,0.6610526315789473,0.0645804389242506,0.2677948476109287,0
5365,7nVERWQXlgZRQsYw4fHf3b,lose,ksi lil wayne,0.6371257485029942,0.7229114971050455,0.2273684210526315,0.0342985193841558,0.3285932804914176,1
5366,7nWui6jiMM2m9qFmET1Mtj,ronan taylors version,taylor swift,0.5664670658682636,0.2659222497932175,0.3663157894736841,0.6649874017657297,0.4191198253919311,2
5367,7nZmah2llfvLDiUjm0kiyz,friends with bloodpop,justin bieber bloodpop,0.7113772455089822,0.7415219189412738,0.6494736842105263,0.0046101657088005,0.352311682658299,0
5368,7na7Bk98usp84FaOJFPv3d,tattoo,rauw alejandro,0.724550898203593,0.6153846153846154,0.7505263157894737,0.0218235757862431,0.8898360933258362,0
5369,7nc7mlSdWYeFom84zZ8Wr8,tell em,cochise not,0.6251497005988026,0.7187758478081059,0.4642105263157894,0.103614939859655,0.6722350195587641,1
5370,7ntUbTIwmwOD6ygCMRZT6e,writing on the wall feat post malone cardi b  rvssian,french montana post malone cardi b rvssian,0.747305389221557,0.8418114143920595,0.4863157894736842,0.2897330499898052,0.3947786866909715,0
5371,7o0oY5wRcoV7oPuDhD2J1z,fingas,paloma mami,0.6934131736526947,0.8097601323407776,0.3294736842105262,0.1911407538127527,0.8783366283955769,1
5372,7o2CTH4ctstm8TNelqjb51,sweet child o mine,guns n roses,0.3640718562874252,0.9183209263854426,0.628421052631579,0.0871158209075769,0.4739931922200255,0
5373,7o4gBbTM6UBLkOYPw9xMCz,moonwalking in calabasas feat blueface  remix,ddg blueface,0.931736526946108,0.3300248138957816,0.7505263157894737,0.0617635161763348,0.5033162231936106,0
5374,7oDTApxHeWzTQOR7GPPxw4,heat,eminem,0.8203592814371258,0.8707609594706369,0.5042105263157894,0.1639775701721362,0.3163562052974928,0
5375,7oDd86yk8itslrA9HRP2ki,die for you  remix,the weeknd ariana grande,0.4562874251497006,0.5202646815550042,0.4947368421052631,0.2333945950314895,0.1220200847647204,1
5376,7oHkit3F3vimtsBbnZkU0G,fire,kids see ghosts,0.6694610778443114,0.7539288668320927,0.3557894736842105,0.474845116281414,0.3523660965302087,1
5377,7oHsIIDKbEJlFULg1HF0pP,los dioses,anuel aa ozuna,0.7329341317365271,0.6081472291149711,0.2578947368421053,0.0764517562190385,0.6062370389180105,1
5378,7oJrVhiTPZGBXWPwhxjy9S,lust,lil skies,0.6802395209580839,0.7704714640198511,0.5126315789473684,0.1388264742086024,0.6854092225466901,0
5379,7oQepKHmXDaPC3rgeLRvQu,komet,udo lindenberg apache 207,0.4790419161676648,0.4944168734491315,0.3357894736842105,0.2867149184741812,0.4129287359657556,1
5380,7oTE1KmtU2ml9zBhv9Reao,california,lana del rey,0.3580838323353295,0.40136476426799,0.171578947368421,0.765591785619865,0.4657827435474216,2
5381,7oVEtyuv9NBmnytsCIsY5I,burn it down,linkin park,0.5209580838323353,0.9824234904880068,0.5821052631578947,0.0143788513810371,0.3826383472693305,0
5382,7of1slAJIWrXxP8ikAHxje,miss you,james hersey,0.8742514970059881,0.6029776674937966,0.6252631578947369,0.1046209836981964,0.4431647107902708,0
5383,7ofxPmTNMj2GP07g1VZa0O,que va,alex sensation ozuna,0.7437125748502995,0.8407775020678246,0.8263157894736841,0.1307781235002716,0.2678008935966965,0
5384,7omJfT9s6V2IpQNBYyq5C8,my house,beyonc,0.4119760479041917,0.8552522746071133,0.5052631578947369,0.0752445036127889,0.8144547427735356,1
5385,7oolFzHipTMg2nL7shhdz2,eraser,ed sheeran,0.5868263473053893,0.8169975186104219,0.9284210526315788,0.086512194604452,0.2375770107437166,0
5386,7oqftogUN82Q7VNy2TmTJW,mood 4 eva feat oumou sangar,beyonc jayz childish gambino oumou sangar,0.5485029940119761,0.7105045492142267,0.7126315789473684,0.1197116412763167,0.3568582639556466,0
5387,7ovUcF5uHTBRzUpB6ZOmvt,,yoasobi,0.5077844311377245,0.9441687344913152,0.8463157894736841,0.1126693344065272,0.7212256422348382,0
5388,7ozvuHnA1zWzuTvReLChVL,after last night with thundercat  bootsy collins,bruno mars anderson paak silk sonic thundercat bootsy collins,0.6000000000000001,0.7043010752688171,0.6473684210526316,0.0298719264945739,0.5642899896613642,0
5389,7p2ewixAShLpjDZrnzZK7c,get up 10,cardi b,0.7856287425149703,0.5667907361455748,0.4442105263157895,0.0982829075153859,0.2799110030894987,1
5390,7p4vHnYXkxlzvfePJVpcTr,feels like summer,childish gambino,0.4790419161676648,0.5936724565756824,0.2326315789473683,0.1629715263335948,0.7195811341060103,1
5391,7pMRoGLEJuFM2wl5pt0R99,legacy feat travis scott  21 savage,offset travis scott 21 savage,0.8311377245508983,0.5078577336641853,0.3284210526315789,0.1790682277502565,0.4919437239644739,1
5392,7pWK1kMgHy5lNNiIfuRbkP,used to love with dean lewis,martin garrix dean lewis,0.6000000000000001,0.6939619520264682,0.3789473684210526,0.4607605025418352,0.4368345636914371,2
5393,7pYFPMeK0TnaTGdS6qOtEr,waterfall,stargate pnk sia,0.2658682634730539,0.9276261373035568,0.4073684210526315,0.0992889513539272,0.8226591454603716,1
5394,7pdF27mSDuPWhppnHAmWHa,whoa mind in awe,xxxtentacion,0.7005988023952097,0.5202646815550042,0.3547368421052631,0.6569390510573989,0.6857901196500582,2
5395,7pgbDdy7ax962o9d2xJceV,slow dancing piano ver,v,0.5497005988023953,0.6122828784119106,0.5599999999999999,0.3682044693960307,0.6608322904007884,0
5396,7phmBo7bB9I9YifAXqnlqV,i wrote the book,morgan wallen,0.6491017964071857,0.8128618693134823,0.8105263157894738,0.0838964806242445,0.5880265297855489,0
5397,7pj6P5WnxkZsw3XRc8eMe1,count me out,kendrick lamar,0.7497005988023954,0.4230769230769231,0.4873684210526315,0.6750478401511433,0.5276996837949444,2
5398,7q8cy4uoA2itYATsKeXhcq,multi millionaire feat lil uzi vert,lil pump lil uzi vert,0.8455089820359282,0.825268817204301,0.7273684210526316,0.0227290152409303,0.6003119728656159,0
5399,7qEKqBCD2vE5vIBsrUitpD,ilomilo,billie eilish,0.844311377245509,0.4148056244830438,0.5684210526315789,0.7283681635938348,0.443182848747574,2
5400,7qEUFOVcxRI19tbT68JcYK,everything has changed feat ed sheeran taylors version,taylor swift ed sheeran,0.4167664670658684,0.6081472291149711,0.4652631578947368,0.2726303047346023,0.2007267274892835,1
5401,7qLr3HMApUbyDkUvgIvHnB,oh u went feat drake,young thug drake,0.7880239520958086,0.7932175351530191,0.4557894736842105,0.0520048909424837,0.5398581611738886,1
5402,7qiZfU4dY1lWllzX7mPBI3,shape of you,ed sheeran,0.8083832335329342,0.6515715467328371,0.9463157894736842,0.5845038946824215,0.2978192129335728,0
5403,7qmnP8Woc47dLSrMD5MxL1,amor ou o litro,petter ferraz menor nico,0.938922155688623,0.7084367245657568,0.9778947368421052,0.4396335819324667,0.5520287305243683,0
5404,7qoIhutxU269Zqo9PG5IOj,poesia acstica 13,pineapple stormtv chris mc salve malak tz da coronel mc cabelinho chefin l7nnon lusa sonza oruam xam nina,0.5053892215568863,0.5760959470636889,0.4926315789473684,0.47182698476579,0.4913209874303956,2
5405,7qq0EOPW4RRlqdvMBmdd73,crazy over you,blackpink,0.7832335329341319,0.6319272125723739,0.671578947368421,0.0373166508997799,0.412844092165007,0
5406,7r55d7IhAj5UGKiYbXBwRP,prinzessa,capital bra,0.6970059880239522,0.5802315963606286,0.2578947368421053,0.5221291766928576,0.3249475510734648,2
5407,7r6LNJT2LqpLpEyZQJPygt,patek water feat offset,future young thug offset,0.8502994011976049,0.5574855252274608,0.3389473684210525,0.2756484362502263,0.6424827235956687,1
5408,7r6aR2f57resC5r93LwMfK,hands on,kanye west fred hammond,0.4359281437125749,0.3837882547559967,0.5957894736842105,0.5613648863959705,0.1893663202316821,2
5409,7rC5Pl8rQSX4myONQHYPBK,mob ties,drake,0.7233532934131738,0.5719602977667494,0.4831578947368421,0.0452643972242566,0.2375528268006456,1
5410,7rWCWzPRftzZTZtIyQtaDU,keep it burnin feat kanye west,future kanye west,0.6011976047904193,0.575062034739454,0.171578947368421,0.0086544619397368,0.2459325630747464,1
5411,7rbECVPkY5UODxoOUVKZnA,i wonder,kanye west,0.4694610778443114,0.4592638544251447,0.0968421052631579,0.1418446057242264,0.8746546230630174,1
5412,7roKDmJDOzkpfGpUQJ5EnL,business is business lil baby  gunna,lil baby gunna,0.8035928143712575,0.6350289495450786,0.3873684210526316,0.2897330499898052,0.5761219838088503,1
5413,7rpNuuoMbid56XkDsx2FjE,black and white,niall horan,0.3508982035928144,0.5791976840363937,0.2178947368421052,0.0302743440299904,0.6098646303786601,1
5414,7rwX0O3RlxqqIjQM8evm5E,solita,ozuna mambo kingz dj luian bad bunny wisin almighty,0.7868263473053894,0.6319272125723739,0.3084210526315789,0.056733296983628,0.5521194203108846,1
5415,7s25THrKz86DM225dOYwnr,respect,aretha franklin,0.7844311377245511,0.5543837882547561,0.9821052631578946,0.1649836140106775,0.412529700905084,0
5416,7sBgFMWqDWQgrsNSpIBoe8,jesus is lord,kanye west,0.111377245508982,0.2462779156327543,0.3105263157894736,0.8329967228021355,0.1807266065695681,2
5417,7sFYVcKSb24qg0dAkqLEFj,mi cama,karol g,0.8095808383233534,0.8200992555831266,0.6821052631578948,0.223334156646076,0.7034806740064934,0
5418,7sKbyYeJnITO1Eh9xd0lKd,replay,lady gaga,0.6083832335329342,0.8852357320099256,0.6852631578947369,0.0079602916911432,0.4552445903542343,0
5419,7sO5G9EABYOXQKNPNiE9NR,ric flair drip with metro boomin,offset metro boomin,0.8742514970059881,0.4199751861042183,0.3168421052631579,0.1498929564325573,0.3221845355776032,1
5420,7sOfmPd18RWp3FoCzpa7Kw,soli,bad bunny,0.6706586826347306,0.8149296939619521,0.1599999999999999,0.117699553599234,0.2740222129517106,1
5421,7sQKy5vlPQllr0k9IjYJv3,sigues con el,arcngel sech dmelo flow,0.8778443113772457,0.6681141439205956,0.6778947368421053,0.1106572467294445,0.2494210968627379,0
5422,7sT7kZEYd1MrmzLLIRVZas,calling my name,drake,0.8095808383233534,0.2628205128205128,0.4757894736842105,0.6237396043855342,0.4671551823167008,2
5423,7sTtHHrD0zDpmzQzH3zegz,consequences,camila cabello,0.3652694610778444,0.2793631100082712,0.4189473684210526,0.8943653969531581,0.227456030568504,2
5424,7sTyAjxDXq9afwfSQy6D0s,bandit,don toliver,0.6239520958083834,0.6133167907361456,0.0810526315789473,0.0011292540274475,0.5037092122685143,1
5425,7sjFIZ1g5QLJLGja3k592K,44 bulldog,pop smoke,0.7784431137724552,0.5605872622001654,0.3010526315789473,0.0288658826560326,0.563915138543764,1
5426,7sliFe6W30tPBPh6dvZsIH,area codes,kaliii,0.8059880239520959,0.3786186931348221,0.5,0.018805444270619,0.6520656110375516,1
5427,7soCc4TpT99bOhJoCiMqFN,junya pt 2,kanye west,0.7221556886227546,0.7704714640198511,0.2378947368421052,0.3108599705991736,0.6131355086790125,1
5428,7szuecWAPwGoV1e5vGu8tl,in your eyes,the weeknd,0.6191616766467067,0.7208436724565757,0.7210526315789473,0.0028596494297386,0.3222691793783517,0
5429,7tGEAA1f8MydT7eVbbO9Zy,when i was older  music inspired by the film roma,billie eilish,0.6538922155688623,0.3207196029776675,0.0324210526315789,0.8581478187656694,0.6252274802145115,2
5430,7tgjDlQsMR8RvkdlNCJA58,6 kiss feat juice wrld  ynw melly,trippie redd juice wrld ynw melly,0.6431137724550899,0.4416873449131513,0.2073684210526315,0.1096512028909031,0.57636382323956,1
5431,7tqhbajSfrz2F7E1Z75ASX,aint no mountain high enough,marvin gaye tammi terrell,0.6143712574850301,0.597808105872622,0.8084210526315789,0.4325912750626773,0.5034673728378045,0
5432,7tr2za8SQg2CI8EDgrdtNl,slide feat frank ocean  migos,calvin harris frank ocean migos funk wav,0.7017964071856289,0.7994210090984285,0.5042105263157894,0.5010022560834893,0.3467251918088984,0
5433,7txjUEY6McJDJKqIo1Rxjp,acrstico  milan y sasha,shakira,0.7161676646706588,0.4716708023159636,0.3378947368421052,0.8420511173490077,0.5873554253653288,2
5434,7u6DMPznGbpziuEgCE0JGQ,get well soon,ariana grande,0.5437125748502994,0.4416873449131513,0.5221052631578947,0.6609632264115644,0.3242885386247801,2
5435,7u90MSvVyEjL0c8icaE7jl,contra,logic,0.7832335329341319,0.8283705541770058,0.6147368421052631,0.1046209836981964,0.4793801655390903,0
5436,7uH27oIt4a6cIFCA8ZPcyG,baila baila baila,ozuna,0.7976047904191618,0.7570306038047974,0.5273684210526316,0.0363106070612386,0.3219366501611254,0
5437,7uQZVznj0uQOGC9KhV2Mg6,lalisa,lisa,0.7856287425149703,0.652605459057072,0.8610526315789473,0.0283628607367619,0.6247921692392335,0
5438,7uQmJ1jgNzBpATSoWKSPFu,ya no tiene novio,sebastian yatra mau y ricky,0.5772455089820361,0.8376757650951199,0.791578947368421,0.0482825287398807,0.8190255080139541,0
5439,7uYgVgRSgqluZclLS7wpp4,el farsante  remix,ozuna romeo santos,0.702994011976048,0.7446236559139785,0.3726315789473684,0.2193099812919106,0.4428563655161155,1
5440,7uZqvqXzzYMKrexKxdcGmd,diamonds dancing feat travis scott,young stoner life young thug gunna travis scott,0.8395209580838324,0.7043010752688171,0.5936842105263157,0.0095397805176532,0.1650493654737936,0
5441,7ucEkWU0SVy0XFdfXESgfY,los pits,bad bunny,0.7197604790419163,0.6691480562448305,0.6926315789473684,0.4446638011251735,0.2840827332692459,0
5442,7uiBocndm12aKbsdnQ3Scx,undecided,chris brown,0.3485029940119761,0.522332506203474,0.5863157894736841,0.1730319647190083,0.3001952853402983,1
5443,7uoFMmxln0GPXQ0AcCBXRq,snowman,sia,0.6778443113772455,0.5068238213399504,0.3094736842105263,0.4859115985053689,0.3521121651279632,2
5444,7up5MwPUHQdv4DkzQRHRWP,pure souls,kanye west,0.2766467065868264,0.5233664185277089,0.2357894736842105,0.1026088960211137,0.3052557754279045,1
5445,7uqcLJFlSYjVPLUz1vPxkY,guardian angel,xxxtentacion,0.6730538922155689,0.3641439205955334,0.7863157894736842,0.799797276130271,0.5274155224638601,2
5446,7v4pPS4A7NgY7bxFA3Etv3,hot demon btches near u   ,corpse night lovell,0.7640718562874254,0.7673697270471465,0.851578947368421,0.0092279069277053,0.3227165823251651,0
5447,7v8OynJxOxHoeS5C2UA9Y7,nicht verdient,capital bra loredana,0.6814371257485031,0.6495037220843674,0.48,0.383295126974151,0.1890156530571526,0
5448,7vAXN57IQ0sj049wZGIboE,rise up,imagine dragons,0.2155688622754491,0.7208436724565757,0.059578947368421,0.0117631374008296,0.2846450099456466,1
5449,7vBNFh3NIZTj6tB5s1IBjE,marjorie,taylor swift,0.4610778443113773,0.5585194375516958,0.2757894736842105,0.8832989147292032,0.2985810071403091,2
5450,7vGuf3Y35N4wmASOKLUVVU,silence,marshmello khalid,0.44311377245509,0.7642679900744417,0.2673684210526316,0.257539647156482,0.5758982823354435,1
5451,7vJS1DPc3FzBtqBs8n3mW5,bad to you with normani  nicki minaj,ariana grande normani nicki minaj,0.6910179640718563,0.5802315963606286,0.628421052631579,0.0653852739950836,0.6122467487711534,0
5452,7vRriwrloYVaoAe3a9wJHe,i hate u i love u feat olivia obrien,gnash olivia obrien,0.4095808383233533,0.2617866004962779,0.1557894736842105,0.6911445415678049,0.2774019189958827,2
5453,7vTspUAmMKFkUpKL9HLZNL,trap this way this way,lil uzi vert,0.6706586826347306,0.5833333333333334,0.1842105263157894,0.2494912964481511,0.7815585342112106,1
5454,7vgv8KZBSo0TPzyIWG9yzV,salt,ava max,0.6502994011976049,0.8407775020678246,0.7484210526315789,0.1317841673388129,0.4917744363629767,0
5455,7vuTcvFnvlqWlWb4u60nvY,toy,netta,0.761676646706587,0.7136062861869313,0.8031578947368422,0.0700130756523739,0.50439240866027,0
5456,7w05lsU2VLSeiT8Nukrv5M,friends,bts,0.4790419161676648,0.749793217535153,0.648421052631579,0.0671961529044581,0.201101578606884,0
5457,7w87IxuO7BDcJ3YUqCyMTT,pumped up kicks,foster the people,0.6982035928143714,0.7115384615384616,0.9821052631578946,0.1458687810783918,0.4912786655300212,0
5458,7wBJfHzpfI3032CSD7CE2m,stargazing,travis scott,0.4035928143712576,0.7932175351530191,0.0256842105263157,0.0095196596408823,0.6244838239650785,1
5459,7wC5eZcFS1Q1BsQ35DU6H4,come out and play,billie eilish,0.5868263473053893,0.3093465674110835,0.1526315789473684,0.697180804599053,0.5944836425855053,2
5460,7wC76LWyNxaP3hjGzbWOcN,cabriolet feat sfera ebbasta,salmo sfera ebbasta,0.4766467065868265,0.5264681555004136,0.291578947368421,0.1508990002710986,0.6247921692392335,1
5461,7wDqHhtRkP1TXSlZK0sEQH,guiding light,mumford  sons,0.4790419161676648,0.686724565756824,0.2821052631578947,0.0565320882159197,0.3224445129656164,1
5462,7x4ASXYEKfQBCewcZhK776,ay dios mo,karol g,0.6802395209580839,0.7136062861869313,0.5252631578947369,0.5150868698230682,0.8060266386132928,0
5463,7x9aauaA9cu6tyfpHnqDLo,seven feat latto,jung kook latto,0.7808383233532936,0.8376757650951199,0.903157894736842,0.3128720582762563,0.4732737199136633,0
5464,7x9nXsowok1JszkVztI5NI,writing on the wall feat post malone  cardi b,french montana rvssian post malone cardi b,0.7461077844311379,0.8418114143920595,0.4894736842105263,0.2847028307970984,0.3947545027479005,0
5465,7xHWNBFm6ObGEQPaUxHuKO,the greatest feat kendrick lamar,sia kendrick lamar,0.6203592814371259,0.7270471464019851,0.7336842105263157,0.0102540716430175,0.8780343291071893,0
5466,7xLYLM5K6S1TwiSdfuhZQg,se me olvid,gera mx rels b,0.7640718562874254,0.521298593879239,0.5810526315789474,0.5271593958855645,0.2557089220611975,2
5467,7xT1n5JKpB0bMPh6FL589e,poblado,crissin totoy el frio natan  shander,0.8910179640718564,0.7105045492142267,0.4526315789473684,0.0091876651741637,0.2801105206198345,1
5468,7xTDT7gyIrv0xWpwwXExxU,celestial,ed sheeran,0.5077844311377245,0.858354011579818,0.4936842105263158,0.0532121435487333,0.461429633794642,1
5469,7y3xU9vEC1s8DSuuoSYKih,been like this,doja cat,0.6323353293413175,0.5264681555004136,0.151578947368421,0.1267539481461062,0.3161445957956214,1
5470,7y6c07pgjZvtHI9kuMVqk1,get it together,drake black coffee jorja smith,0.7556886227544911,0.7229114971050455,0.86,0.0950635672320535,0.4612663921789128,0
5471,7y9iMe8SOB6z3NoHE2OfXl,bad at love,halsey,0.6287425149700601,0.7539288668320927,0.6105263157894737,0.0607574723377934,0.4332916160315358,0
5472,7yDHHVKLbvDmVw1XXhDDIO,pehle bhi main,vishal mishra raj shekhar,0.3149700598802395,0.3972291149710504,0.2621052631578947,0.7726340924896544,0.1827459658159964,2
5473,7yHEDfrJNd0zWOfXwydNH0,into you,ariana grande,0.5820359281437126,0.729114971050455,0.3431578947368421,0.0161897302904115,0.370437547990012,1
5474,7yIIeKUxTpn36X6CFJhgEi,reggaeton champagne,bellakath dani flow,0.7724550898203595,0.6784532671629446,0.7957894736842105,0.0400329692638416,0.3283816709895464,0
5475,7yN9Qx1HtE4c1fhakBz8Ay,deux toiles de mer,damso,0.444311377245509,0.380686517783292,0.131578947368421,0.5855099385209628,0.3469670312396084,2
5476,7ySUcLPVX7KudhnmNcgY2D,sm,rihanna,0.7413173652694612,0.6846567411083541,0.8452631578947368,0.0105558847945799,0.491260527572718,0
5477,7ycWLEP1GsNjVvcjawXz3z,praise the lord da shine feat skepta,aap rocky skepta,0.84311377245509,0.56575682382134,0.2757894736842105,0.0612604942570641,0.2013131881087552,1
5478,7ygVaACDENw4PgLbN1awFE,matrix,apache 207,0.7652694610778444,0.5037220843672457,0.4063157894736842,0.7726340924896544,0.4125720228054583,2
5479,7yosVOH7pRWrKANBDbsBqI,shot,ufo361 data luv,0.6838323353293414,0.7901157981803144,0.2347368421052631,0.0350027500711348,0.3526200279324542,1
5480,7yotKA30dwTKNEGomV9ZsI,kod,j cole,0.8059880239520959,0.7870140612076096,0.1757894736842105,0.2112616305835797,0.5753601896021137,1
5481,7yq4Qj7cqayVTp3FF9CWbm,riptide,vance joy,0.4,0.7332506203473945,0.5031578947368421,0.4335973189012186,0.3321422741370867,2
5482,7yt6eiZQCkVFEzwGp4Pbor,supastars,migos,0.7568862275449103,0.686724565756824,0.3178947368421052,0.2545215156408579,0.1767241639913179,1
5483,7ytR5pFWmSjzHJIeQkgog4,rockstar feat roddy ricch,dababy roddy ricch,0.7137724550898205,0.6908602150537634,0.4894736842105263,0.2484852526096098,0.2615432983270757,0
5484,7yyRTcZmCiyzzJlNzGC9Ol,broccoli feat lil yachty,dram lil yachty,0.8814371257485031,0.5202646815550042,0.711578947368421,0.2374187703856549,0.6001970991360286,0
5485,7z4xW9WY86uH3gd1V9pfCM,juggernaut feat lil uzi vert  pharrell williams,tyler the creator lil uzi vert pharrell williams,0.8107784431137726,0.5678246484698097,0.6189473684210526,0.0196102793414521,0.5762791794388116,0
5486,7zBscbZUCr4jEABrfV9g03,before the day is over,joji,0.2910179640718563,0.292803970223325,0.1242105263157894,0.7696159609740304,0.6853548086747803,2
5487,7zQirOExB0VR8yWUOqYeio,dolla sign slime feat megan thee stallion,lil nas x megan thee stallion,0.925748502994012,0.5285359801488835,0.5842105263157894,0.0506970339523799,0.5276513159088025,0
5488,7zTx8ePYAmPFQuxP3xlXZn,light,san holo,0.502994011976048,0.7663358147229116,0.4189473684210526,0.0862103814528896,0.6249735488122661,1
5489,7zVCrzzEJU7u24sbJPXA5W,what ifs feat lauren alaina,kane brown lauren alaina,0.5532934131736528,0.8035566583953682,0.6894736842105263,0.0090266981599971,0.47919273998029,0
5490,7zjEyeBsaw9gV0jofJLfOM,livin it up with post malone  aap rocky,young thug aap rocky post malone,0.7389221556886229,0.3010752688172042,0.771578947368421,0.843057161187549,0.2168332335745681,2
5491,7zl7kehxesNEo2pYkKXTSe,killer feat jack harlow  cordae  remix,eminem jack harlow cordae,0.9269461077844312,0.7322167080231596,0.8589473684210526,0.0528097260133167,0.316156687767157,0
5492,7zvfDihYiJ8RQ1nRcpKBF5,mr morale,kendrick lamar tanna leone,0.6910179640718563,0.5254342431761787,0.2378947368421052,0.2847028307970984,0.7696963101348862,1
5493,7zxRMhXxJMQCeDDg0rKAVo,some way,nav the weeknd,0.7113772455089822,0.7167080231596361,0.3242105263157895,0.1016028521825723,0.6544416834442772,1
