track_id,item_id
000xQL6tZNLJzIrtIgxqSl,0
003eoIwxETJujVWmNFMoZy,1
003vvx7Niy0yvhvHt4a68B,2
00B7TZ0Xawar6NZ00JFomN,3
00Blm7zeNqgYLPtW6zg8cj,4
00ETaeHUQ6lops3oWU1Wrt,5
00ZKeP47bZtswtANkvxz2j,6
00gpGR84M27moP7AFuqHIx,7
00imgaPlYRrMGn9o83hfmk,8
00ko9WaS4jOX1kEk3gvHjf,9
00lNx0OcTJrS3MKHcB80HY,10
00syWkRGIVQvYsg2OwfBUw,11
017PF4Q3l4DBUiWoXk4OWT,12
01DOm09B2AbiTARAbXVI6g,13
01K4zKU104LyJ8gMb7227B,14
01Qb6dN5suQNu87VJ1mIpf,15
01TnVDiet1DFTsyWKUKovl,16
01dmH2IPkrLNWIMPNXlreE,17
01qFKNWq73UfEslI0GvumE,18
01uk7IzZyFNfQTDBXxx6NB,19
01vv2AjxgP4uUyb8waYO5Y,20
01z2fBGB8Hl3Jd3zXe4IXR,21
021lWIHJrURZrmvYQ1xcM8,22
0247StOpd3AkeBQzANX4Zf,23
02FaKXXL7KUtRc7K0k54tL,24
02LZ1fGJE8fB56yTlCVMEV,25
02MWAaffLxlfxAUY7c5dvx,26
02RCbjb9czvQKNGBmEmWob,27
02VBYrHfVwfEWXk5DXyf0T,28
02WacdrRpm4zlP8H7X6bnQ,29
02itaCXOdC54J0ISjqqFAp,30
02kDW379Yfd5PzW5A6vuGt,31
02wk5BttM0QL38ERjLPQJB,32
0314PeD1sQNonfVWix3B2K,33
03B2SfXuvDh1m9F4tqrX07,34
03NqHNdG3Ur6kciQWK6e8V,35
03T4ttRCiLXST6MZjeMwmR,36
03eJ2DclFWXYU8GWgANdmZ,37
03fs6oV5JAlbytRYf3371S,38
03hqMhmCZiNKMSPmVabPLP,39
03iCbZaM4OkRR4We6wIzvx,40
03mMSLEJCPoGJwQhHpN5y0,41
03rwnftfgpYVO6QDWOZcG6,42
03wOsqNRdFZAgwo708sjw2,43
03x2rVJRFUrvwlfxoHd9Mo,44
042Sl6Mn83JHyLEqdK7uI0,45
042x9bsUBWW2fJgJ6fUh61,46
044qU7kwVZaDwzWnRsmVVL,47
045ZeOHPIzhxxsm8bq5kyE,48
04CqLjewJiSAqM210vZAmT,49
04CyMEHliadfQWMUJb1w99,50
04DwTuZ2VBdJCCC5TROn7L,51
04MLEeAMuV9IlHEsD8vF6A,52
04S1pkp1VaIqjg8zZqknR5,53
04WxWo7XeVyx22xEsrWRUb,54
04ZTP5KsCypmtCmQg5tH9R,55
04ndZkbKGthTgYSv3xS7en,56
04sN26COy28wTXYj3dMoiZ,57
053zWWZDziDJd3U94x8RuP,58
059bcIhyc2SBwm6sw2AZzd,59
05CwHjIk71RXVU40boRMnR,60
05GsNucq8Bngd9fnd4fRa0,61
05KOgYg8PGeJyyWBPi5ja8,62
05WVKTdZhlIMX4qqMLuo0f,63
05X6aMCQR09E6smUmw9qms,64
05Z7jet4VDNVgNQWcYHnrk,65
05ZXXyeZFhZtA6DAP3Aw7x,66
05aZ9sAU1YXndHv0FMi9iW,67
05bfbizlM5AX6Mf1RRyMho,68
05bnEv2dpFzmGVLGdjD9UP,69
05mAIVLkIWc2d1UBYZBCp8,70
05mDaV9Vb3wrzjF6OPZnhq,71
05rJdH2MRLJ3sQoEUO78qs,72
05t7JMip6JrLuSrMV5yYjX,73
05zd5Nv0e02ZqrlC8A2cwx,74
06FCvd7rrRcF3DdvWH5Isp,75
06Gyf2pFDVmN5K8XAawG96,76
06JvOZ39sK8D8SqiqfaxDU,77
06Qo2fYR2KS1F7bL338iVT,78
06qMRF18gwbOYYbnP2du6i,79
06s3QtMJVXw1AJX3UfvZG1,80
06scTb0zbkxYNgpAB3J9fN,81
073ILU1C3APNRGF66VhtyA,82
079Ey5uxL04AKPQgVQwx5h,83
07FkzikE6FuHIa8Ma7zJGc,84
07KXEDMj78x68D884wgVEm,85
07MDkzWARZaLEdKxo6yArG,86
07Oz5StQ7GRoygNLaXs2pd,87
07rmSXN6vNoquX1AsWd9pP,88
07s9NNOT0sZQp7TyolLLgu,89
083Qf6hn6sFL6xiOHlZUyn,90
086myS9r57YsLbJpU0TgK9,91
08F16baYbciTva9P4BvpiI,92
08LwMWf5Tcfsd752EPzFV0,93
08SB2OtZkaliju77WYEKxk,94
08XWh5c0BMyD1nKVxxl91z,95
08bNPGLD8AhKpnnERrAc6G,96
08fa9LFcFBTcilB3iq2e2A,97
08hm0V6cTsWDX62hW42sEv,98
0939D7aT18uBDS2MTjWzct,99
09CnYHiZ5jGT1wr1TXJ9Zt,100
09IOPhEh1OMe0HD9b36FJk,101
09IStsImFySgyp0pIQdqAc,102
09KlDlkOYuC5x6hOaM7vaP,103
09PGubKAMryhOWv1LHpCYz,104
09WAnxdBuebQopKhJT3oZS,105
09gysnJpfQ3ublBmJDfcEC,106
09mEdoA6zrmBPgTEN5qXmN,107
09oZ9eXQ2fo6YDrPzJqAoP,108
09ts3GnICqYEU5PkQCpJK3,109
09u787BYeYIGd2mFIJ505t,110
0A1JLUlkZkp2EFrosoNQi0,111
0A1hoCfMLkiAgvhWkkucJa,112
0A5gdlrpAuQqZ2iFgnqBFW,113
0AAMnNeIc6CdnfNU85GwCH,114
0AAVJIN4plafvmNKqRCltG,115
0ADG9OgdVTL7fgREP75BrZ,116
0AGS6ZRgzobrazmCi6pYMe,117
0AUvWawuP0ibk4SQ3sIZjk,118
0AYt6NMyyLd0rLuvr0UkMH,119
0AaV4MJrgmLV3XhoiWXjjb,120
0AhJag7VI8uFf3mJFsTwvf,121
0AluA5RNsa4Cx6XRhf2hWZ,122
0At2qAoaVjIwWNAqrscXli,123
0AtP8EkGPn6SwxKDaUuXec,124
0B3FovCVaGKS5w1FTidEUP,125
0B48113ZG9UfkWWt7qD9xX,126
0B6g379TMw0nYGXA7y5xHz,127
0B7wvvmu9EISAwZnOpjhNI,128
0B8B8cVRFIG1yznoQe7c9s,129
0BFQC00Y58JtjMyTXOJazO,130
0BGwAKW4u8kWOhWFflZxfl,131
0Be7sopyKMv8Y8npsUkax2,132
0BnTBAGmr9FtYwkZrwKhwS,133
0CBFOvHlyqy30Q5tbyNHfQ,134
0CYTGMBYkwUxrj1MWDLrC5,135
0CZ8lquoTX2Dkg7Ak2inwA,136
0CcQNd8CINkwQfe1RDtGV6,137
0CfmNX2TXk7yoJqHJiixnp,138
0Clb9aiXWa0dvVff5aN4VN,139
0CokSRCu5hZgPxcZBaEzVE,140
0CrcwVLUe8wzLUIXgjXVZJ,141
0CsR9Y9SnC6ZWmekmVqSHz,142
0D8ZpOXVjapLXrjz5VfZSD,143
0DGTcMqvVR7fmBXgiG6jz4,144
0DJBgBiYeSn6n1AXAkFVE8,145
0DMVrlMUn01M0IcpDbwgu7,146
0DWdj2oZMBFSzRsi2Cvfzf,147
0DZJACISivjWjscIp5Kg1q,148
0DiDStADDVh3SvAsoJAFMk,149
0Dn40gxVCMo5TkgS8Ik18Q,150
0Dq49j3dELbttQVUJbtn0c,151
0DuWDLjriRPjDRoPgaCslY,152
0E0DRHf5PfMeor0ZCwB3oT,153
0E4Y1XIbs8GrAT1YqVy6dq,154
0E6PsO3ymCfUh7pJQjBgkj,155
0E9ZjEAyAwOXZ7wJC0PD33,156
0EPxmvsG1BY5td4aTOkWBF,157
0EQMrxdeiBhry9JCxskko3,158
0EhpEsp4L0oRGM0vmeaN5e,159
0EtuSDTRJYUwlPf4y6coIz,160
0F7FA14euOIX8KcbEturGH,161
0FA4wrjDJvJTTU8AepZTup,162
0FDzzruyVECATHXKHFs9eJ,163
0FFsgUoFibYISzMxuGS61W,164
0FZ4Dmg8jJJAPJnvBIzD9z,165
0FfqyjhB6Kspvit1oOo7ax,166
0FktnzDqjClqU6iqOZVEs2,167
0Fl4eWzVaMUOdXcOrj6F1q,168
0FlfN5cbUUpIHCRH8X1M44,169
0FlwhvrncUKrEAhzunmCKm,170
0Fpen1PTuEnCmOJtUU9Iud,171
0FqBNLXlTNimxmVRdDMj6b,172
0FqVtQxRD3HsPltldG5v5M,173
0Fs9cdPDhptWEDJmiCbkEW,174
0FuTx2s3YH1ppmtiM6l0zI,175
0Fv5N0cHBsl4bzCbollCAS,176
0G149jkGWKwrPXUGkEDgWM,177
0GAyuCo975IHGxxiLKDufB,178
0GJwUAlBMJTbY4VE7iE761,179
0GMiRrUnQuoGddKMsxGPIZ,180
0GQ5bFTVFFKpwNPc7KwQnB,181
0GVuLQtPXFaL18ijEOqoAa,182
0GjEhVFGZW8afUYGChu3Rr,183
0Gl5s8IhMmQE5YQwM8Qx1J,184
0GxQ1A5L9xnMOytbP6eKBG,185
0GzuHFG4Ql6DoyxFRnIk3F,186
0H1Had94fszD13qsFsP1U5,187
0H4ugk6rhnXmTl47ayy9O5,188
0HC6S4VpCGAZvyxTdrMRIQ,189
0HD8mbiPjp3o94X3EaZp0o,190
0HEmnAUT8PHznIAAmVXqFJ,191
0HEytGQM3bG1vKxER7IgVK,192
0HUTL8i4y4MiGCPId7M7wb,193
0HVv5bEOiI9a0QfgcASXpX,194
0HYAsQwJIO6FLqpyTeD3l6,195
0HZgYFimoJG9Ijy8InUWcV,196
0HqZX76SFLDz2aW8aiqi7G,197
0I20rLT2MJDhcF96AjbNYo,198
0IGUXY4JbK18bu9oD4mPIm,199
0Ie5uiv54KgCr7P4sYDTHl,200
0IpnZchq8ek2A6pGEP2Qb1,201
0IqKeD8ZSP72KbGYyzEcAs,202
0IuVhCflrQPMGRrOyoY5RW,203
0J9g1MMJDhyvOb3NWckHMm,204
0JP9xo3adEtGSdUEISiszL,205
0JXXNGljqupsJaZsgSbMZV,206
0JcNysfWVWaMS7R6vzGB2k,207
0JdkDCdrhMOaeXjIZdeBXN,208
0JiVRyTJcJnmlwCZ854K4p,209
0Jlcvv8IykzHaSmj49uNW8,210
0JmnkIqdlnUzPaf8sqBRs3,211
0JoWBcL61YWLXM5vW0YTHO,212
0JzG1wJuB4v9UPkSE7LMXi,213
0KAzP1Rbp0Vz5pw8i1KDDI,214
0KCSJzsQVxkloxoT7dyrqV,215
0KKkJNfGyhkQ5aFogxQAPU,216
0Kdj7nwaYQmvhxnqZaIQuW,217
0KkIkfsLEJbrcIhYsCL7L5,218
0KoiMHhqKLoL4xM54rcWYY,219
0L7loeTIg6akW84aEQZpCT,220
0L87MffumRNWrY2SNUFcvs,221
0L8LOav65XwLjCLS11gNPD,222
0LEFmgIj8ABU7CelzGh5Bs,223
0LMwmV37RCmBO2so0szAFs,224
0LQ1J0BCzA2qnAgp9MkkNE,225
0LThjFY2iTtNdd4wviwVV2,226
0Li1OuXXfi7950ilZUFGkF,227
0Lmbke3KNVFXtoH2mMSHCw,228
0LnS7aOdOdI1dNKZqdOLz4,229
0Lsis3LB0XAK6XlTHXaJk2,230
0LtVx5vsq9nfpGsWgjUin6,231
0Lw6aQcBFWTQ9m4MSwwwes,232
0MMyJUC3WNnFS1lit5pTjk,233
0MWiSBKm8Avs8iDIxcertp,234
0McI9sOmkpfd4E72njtU0G,235
0MrRAUcB8AZiB9ue2VOBYe,236
0Mrnt1YqVuW2bqmwu4VxDt,237
0N9C80kcgL0xXGduKnYKWi,238
0NBgyml7T0IvUNbXIkcSpH,239
0NRHj8hDwwmSPaA41o379r,240
0NTMtAO2BV4tnGvw9EgBVq,241
0NZPBYD5qbEWRs3PrGiRkT,242
0Nhu3zSYbEz32IYiobV75e,243
0NiXXAI876aGImAd6rTj8w,244
0NwGC0v03ysCYINtg6ns58,245
0O6u0VJ46W86TxN9wgyqDj,246
0OEe83mMZ5kaNw5uZQ7ilG,247
0OgGn1ofaj55l2PcihQQGV,248
0OlnLZY4cmQzT6ZGttvWBM,249
0OoNzMdPSgbkM5MkcuEZfm,250
0Oqc0kKFsQ6MhFOLBNZIGX,251
0OwX5aROoW1Iip8FV51Efg,252
0OyQns5ayNK2OVaES0Vb8t,253
0P6AWOA4LG1XOctzaVu5tt,254
0PAcdVzhPO4gq1Iym9ESnK,255
0PB0O24JqAuNdOAFVJljMS,256
0PDUDa38GO8lMxLCRc4lL1,257
0PG9fbaaHFHfre2gUVo7AN,258
0PKpNkxX3FkcfgxCQUXXds,259
0PQsrLxPbOBBwwmXCnGvcF,260
0PZ04XgQ14FmKZBg3Gxlhr,261
0PurA4JVJ8YQgSVopY8fn6,262
0PvFJmanyNQMseIFrU708S,263
0Q2n5yzl2XRqYbV77tZNYp,264
0Q5VnK2DYzRyfqQRJuUtvi,265
0QBzMgT7NIeoCYy3sJCof1,266
0QHEIqNKsMoOY5urbzN48u,267
0QIjsbm2fh1cJ45XO9eGqq,268
0QPRDC97rIQB3Jh3hrVJoH,269
0QS5rZpm5zN9wV9lJgjyUE,270
0QV16pno66L6K3fn4W13b7,271
0QglpM23kl9ldvVdoYNZwF,272
0Qh38w01QRXK6KHIv0e3hb,273
0QosomGFiJYOxj2ViZfqng,274
0QsvXIfqM0zZoerQfsI9lm,275
0QwKxajohg1rAMMmv1AWe1,276
0R6Jlsq25eZB3Wftpxi3oF,277
0R6NfOiLzLj4O5VbYSJAjf,278
0RAvy97QRPzO2AfK5Dw6j3,279
0RFFFGtPn6a58RHY3ccVYX,280
0RLLvYBopDwooCyvnTwgYu,281
0RTzJVkunbGwuRjXDFHnjf,282
0RUTnY2B3s05fZuCHsNaUP,283
0RYHqnmtNRfbYxP6Dn8Vse,284
0RbW8kWozrVSIGb4V13o0o,285
0RiRZpuVRbi7oqRdSMwhQY,286
0RoA7ObU6phWpqhlC9zH4Z,287
0Rx0DJI556Ix5gBny6EWmn,288
0Ryd8975WihbObpp5cPW1t,289
0SCMVUZ21uYYB8cc0ScfbV,290
0SErdEdRcVX1uJCf1eTGYH,291
0SGkqnVQo9KPytSri1H6cF,292
0STK94RxUulYqWzwFlyAb5,293
0SVsEdvot6vU4byv5yW0oj,294
0SfG57HqtBNqKN9O27fo1s,295
0So2sgVa8aJiARPl2P29u2,296
0SqqAgdovOE24BzxIClpjw,297
0SuG9kyzGRpDqrCWtgD6Lq,298
0SvxydoxEEkXt9aMAqTfpB,299
0T2pB7P1VdXPhLdQZ488uH,300
0T5iIrXA4p5GsubkhuBIKV,301
0T6RSXxFhW8dRTWHI604ld,302
0TCnOEVeLQMXOUrpPlM7uY,303
0TK2YIli7K1leLovkQiNik,304
0TlLq3lA83rQOYtrqBqSct,305
0TrPqhAMoaKUFLR7iYDokf,306
0TvQLMecTE8utzoNmvXRbK,307
0TyUOnU4H4GLqOcrH0auc8,308
0U1W2LZVUX7qTm7dDpqxh6,309
0U6Vg6RUmzADUO0Y9fVKft,310
0U6bQIAh6MCGo1xjbIIx2S,311
0U9CZWq6umZsN432nh3WWT,312
0UKUfxIkDAMZz7hMdiVX3m,313
0UTHr20nqVFMoji8xYE9yl,314
0UTyLmkQgPOEIz95OVAJTR,315
0UbesRsX2TtiCeamOIVEkp,316
0UeYCHOETPfai02uskjJ3x,317
0UioblV1x795s55Ur58c6c,318
0UnTaVkntyh3vqvLEvbpQx,319
0Uv5Kp8sEnriJjkX4oLfNI,320
0UvZcEfpzVyx47QsRbjyBz,321
0UwQTbq7ZtBJ7v530mpaxP,322
0UyljEbX9dqI1K0sqdv6B6,323
0V3wPSX9ygBnCm8psDIegu,324
0V9cosR5jWa4fr2koARmhD,325
0VKkyBKCXyR99navhVRqcP,326
0VO8gYVDSwM1Qdd2GsMoYK,327
0VQ3GSPdl4njPOr3lyaoaD,328
0VSzREd1OjEWJ9tXoFHRQH,329
0VTfHLWzaUUb2Lbw84xOdX,330
0VgkVdmE4gld66l8iyGjgx,331
0VhgEqMTNZwYL1ARDLLNCX,332
0VjIjW4GlUZAMYd2vXMi3b,333
0VtxQUpwnkeedz0QhhuOgA,334
0Vz146N2GxkVJw4kSGXrNi,335
0W6I02J9xcqK8MtSeosEXb,336
0WCEaydwN65cvwaW8aqptF,337
0WCxpmafw3tOlUmiilGbsy,338
0WFryfbNKPXVtVQlz5dZ8H,339
0WIv5qV41y6YjjB9V1biuC,340
0WSEq9Ko4kFPt8yo3ICd6T,341
0WSa1sucoNRcEeULlZVQXj,342
0WdR2AyLW1Drd3OUdwezM0,343
0WoVfPjxsf9MTvPt9ptqeE,344
0WtM2NBVQNNJLh6scP13H8,345
0Wv5wuenRLI3BcwgT3HPIP,346
0X8DcetL926BYiPJYstJTc,347
0XER3HPMx223xWaAgNKp4Y,348
0XLOf9LhyazPX9Ld8jPiUq,349
0XOnMqLQDO89iAg7dWWwnG,350
0XPsOSYzDJZJArevQNm2AR,351
0Xek5rqai2jcOWCYWJfVCF,352
0XfOi87h82i09rQjWYG0Bm,353
0XinBYhf1X3kdvKQHOX971,354
0XkmeG97T4mtYlWRJcrxec,355
0XySogm94T51XF5F2jumXm,356
0Y4hwUppbGc8aIBmiTz30A,357
0YFqKxV9uNu6LUeYkLOKRS,358
0YHUITU3w6ws1v8ehT264g,359
0YWUHZPJVg4iujddsJDwhM,360
0YammaEkYSeo9vQYZ1OwS6,361
0YeUVm23SAkUruwEx9LWnt,362
0YkUwXxnTkeJBvt5upeEtP,363
0YqTL3nSL36OFdHwHoqCag,364
0YwBZKT8JE4U5TwmYE9BV9,365
0Z0kNthq0sS4lvGz9SSlBF,366
0Z5ok0QLLttAKsujOZYOXf,367
0Z9HQ8YvHqdeOjTwsR3cS7,368
0ZExP2I5Ej92PsnG4G1jVG,369
0ZNU020wNYvgW84iljPkPP,370
0Zbbxnx4SGGHoIow4PpISP,371
0ZoHHROTzwIYeNAHRPedTY,372
0Zp10WiPeEi6EUJZvWcNT9,373
0Zx8khUcEfCFK2AEoIhC92,374
0ZxhtATQ0a6EvQNZ0z6NKV,375
0a4MMyCrzT0En247IhqZbD,376
0a4SMs889NwP8oWI7Vemle,377
0ada5XsQGLPUVbmTCkAP49,378
0afhq8XCExXpqazXczTSve,379
0aoUM0zcu0kCX7Cv7O939I,380
0as7lPxkBPctZ7uVmchRNM,381
0azC730Exh71aQlOt9Zj3y,382
0b18g3G5spr4ZCkz7Y6Q0Q,383
0b93tWwuoAC0nXe1CfR30I,384
0b9oOr2ZgvyQu88wzixux9,385
0bAkKNCQfWkexHFn7fIKns,386
0bI7K9Becu2dtXK1Q3cZNB,387
0bMbDctzMmTyK2j74j3nF3,388
0bYVPJvXr8ACmw313cVvhB,389
0bYg9bo50gSsH3LtXe2SQn,390
0bcEHhsuLRDm712CQHomdm,391
0bhnUFDQFCEHCBlsQfHnj5,392
0bjgQ24UZGwKikldIyEOgf,393
0bkV1iQHSxBaksUqgEkcbc,394
0bzbvANY6oETSJLc0wlVGY,395
0cDwUAF7yQrOLRcFfJpSc2,396
0cGpKQ8RxxLOFqhktEURIj,397
0cNSq9T5l8gZnpY14rsTR2,398
0cOa970mzTWAxKtltpkpLc,399
0cVyQfDyRnMJ0V3rjjdlU3,400
0caJ2wkqp4UmXBwdR2JvB5,401
0cqRj7pUJDkTCEsJkx8snD,402
0ct6r3EGTcMLPtrXHDvVjc,403
0d2iYfpKoM0QCKvcLCkBao,404
0dIoGTQXDh1wVnhIiSyYEa,405
0dKg2vGC1hFqcK5LGTaKzX,406
0dS2u2UFd88TIzDDaZDLvS,407
0dSIrRkA4PadGll16TgbnV,408
0dbTQYW3Ad1FTzIA9t90E8,409
0dcnrLo8s1rhjm8euGjI4n,410
0dyiHoYbYjYaOEXLpmzQZG,411
0e5UZadoZ5me957hKsxRYh,412
0e7ipj03S05BNilyu5bRzt,413
0e8nrvls4Qqv5Rfa2UhqmO,414
0eFMbKCRw8KByXyWBw8WO7,415
0eHCArTPhwUxatY7cEXRiK,416
0ecC8p17cDNlxHXkuYqeR6,417
0eeKDrQxjqNl5bX5VCHDcn,418
0eeeyCAGnGZInPtpkdYiPa,419
0eu4C55hL6x29mmeAjytzC,420
0evt4UZbdhnHtcAnxkm6A1,421
0ezwvY7TkCwDEkKR49084k,422
0f0SbtoKGe41cX5LzlnX6X,423
0f1G5SHFoFC9lO03gHCGVS,424
0fABszUFNbNq9IW503Gj8v,425
0fX4oNGBWO3dSGUZcVdVV2,426
0fea68AdmYNygeTGI4RC18,427
0fg8CqpjdojMyXLNzM2PaJ,428
0fioLzGM8ngbD1w6fMmm45,429
0fySG6A6qLE8IvDpayb5bM,430
0g2Bbgy7P41pFjMWJuzsf4,431
0gD6lWJhbXHWNVwQziSVvl,432
0gO3E51A3fqp0ypJ26QbVP,433
0gWrMbx6pbdH3n3nsLjE55,434
0gb1J5UrTpzaU1s3nupgCd,435
0gbBzIqrECJOEPvQJIBFs5,436
0gplL1WMoJ6iYaPgMCL0gX,437
0gucTLf7trAf37Ua1uAyAu,438
0h7QMc9ZRzA9QJrbEHytn2,439
0hGH0S74Eoyv6mXZcOKtdQ,440
0hL9gOw6XBWsygEUcVjxEc,441
0hNduWmlWmEmuwEFcYvRu1,442
0hPLZrnDgtKxrym1BHjDhd,443
0hQNbQKW2dDATH1ngj4TI6,444
0hVXuCcriWRGvwMV1r5Yn9,445
0hWzB4dR1zwcokPvccww0k,446
0heeNYlwOGuUSe7TgUD27B,447
0hquQWY3xvYqN4qtiquniF,448
0i0wnv9UoFdZ5MfuFGQzMy,449
0i4UV3HjjvsUuV3BajEXoD,450
0jLeyuu6mtsD384054xLah,451
0jOfl1nZf6sVBTG08Q4brn,452
0jdny0dhgjUwoIp5GkqEaA,453
0jiPKUSdsJNCxMPHjMqptk,454
0jqBo5RYn008f4ZY8kPewW,455
0k0GtcnyQLMiXrdEDbLXmJ,456
0k0vFacOHNuArLWMiH60p7,457
0k1WUmIRnG3xU6fvvDVfRG,458
0k4d5YPDr1r7FX77VdqWez,459
0k664IuFwVP557Gnx7RhIl,460
0k7wmahjkn389wAZdz19Cv,461
0kCBorRrKZkSztd9m0QI3r,462
0kHyKhJMukHEPfeh8s7rdM,463
0kN8xEmgMW9mh7UmDYHlJP,464
0kdqcbwei4MDWFEX5f33yG,465
0kqTXMHiQiB7IECD0WwcPq,466
0lEjxUUlKqjqXrVlIHFduD,467
0lLdorYw7lVrJydTINhWdI,468
0lMbuWUpfTWhEmOKxppEau,469
0lSZh5W0wDeurkGzLYY6hf,470
0lTurWECr2XL607eJAj1A3,471
0lYBSQXN6rCTvUZvg9S0lU,472
0lizgQ7Qw35od7CYaoMBZb,473
0ll8uFnc0nANY35E0Lfxvg,474
0lmdsH1MIoLsMymnNpd6HU,475
0lnpnsrVaW9elGgRxpDCgE,476
0lodMO0qK83vfPiiD7FMEt,477
0lsRatBUs9HNIZAmoGABzk,478
0m2orA1i5lLZUOt9XLwSd0,479
0mBP9X2gPCuapvpZ7TGDk3,480
0mJBiaODgK0XjOLCN5fItq,481
0mKGwFMHzTprtS2vpR3b6s,482
0mL82sxCRjrs3br407IdJh,483
0mel2N9Ws9r4yLQn5QE21Y,484
0mfCH4nfpshBQR9ueZP5eP,485
0mflMxspEfB0VbI1kyLiAv,486
0mjAU3yKR1QnXnHtjGJqTM,487
0n2moJpAEWHwaPYYjkzMDl,488
0n2nEtLP3OzDdi12ziIekx,489
0nAZGkBGKQCXyaoSJfRhC1,490
0nbXyq5TXYPCO7pr3N8S4I,491
0nrRP2bk19rLc0orkWPQk2,492
0o3ua5ufFK7nfRzbDUNoGA,493
0oA9wBGDY4uyILLg4GymWP,494
0oBtwScT4B4BR5kZitNWd5,495
0oO1AbL92F6329z13C2qQH,496
0oPOuDmmkVp3h6puekhs6P,497
0oQCRjrWGvkqkdf82UlXI3,498
0oQc0F6KUE7QY7k5TU6bic,499
0oWraSo5ASJ0h1BEagTyEw,500
0oaY19dUwZimIgzn3ZZLZO,501
0ofHAoxe9vBkTCp2UQIavz,502
0ofbQMrRDsUaVKq2mGLEAb,503
0oiCeOPwm4zhwfyIpAE37y,504
0oiv4E896TUTTeQU0cmIui,505
0ono6UCNVZ1XqOm6j78Blu,506
0or0gNaKAXYYCsOrpvRzAu,507
0otRX6Z89qKkHkQ9OqJpKt,508
0pDaqgIForVNO4jrtTxcWT,509
0pJPdSVti6cTM1Q6xYGmcf,510
0pSBuHjILhNEo55xK1zrRt,511
0pYacDCZuRhcrwGUA5nTBe,512
0pk1hxhJLBSZZ5RKBhcwOa,513
0prNGof3XqfTvNDxHonvdK,514
0psS4i5YooJrXfDnGvWRLi,515
0q2vG0UVuy6ajjcpkQHdZM,516
0q75NwOoFiARAVp4EXU4Bs,517
0q85C1JiECyYIQthz1posA,518
0qOnSQQF0yzuPWsXrQ9paz,519
0qXP5fMhxGzxALOkXYUxfP,520
0qYTZCo5Bwh1nsUFGZP3zn,521
0qYW2jULeN9giEty0ee9Fy,522
0qaWEvPkts34WF68r8Dzx9,523
0qc4QlcCxVTGyShurEv1UU,524
0qxLQ6opocOGyFnlXqJ53x,525
0rDQZJtSGgsB2rdkObpdFa,526
0rFQ5cKYJ9WtHSKp9sxVYt,527
0rHToGels2lt8Y0mCYoF90,528
0rIAC4PXANcKmitJfoqmVm,529
0rKWJnmo6Q0ovoPOLoLm0t,530
0rTV5WefWd1J3OwIheTzxM,531
0rhI6gvOeCKA502RdJAbfs,532
0ri0Han4IRJhzvERHOZTMr,533
0rrfXLr1p1yxsUy7LrKoYT,534
0rt63HYAAIzUZo5O2D0uA6,535
0rzaRSujxA0bKyjJl6vHYq,536
0sKEilrw1GrBlG6qsTCrP4,537
0sPJELXHyWpFgkxlzvvRFI,538
0sSRLXxknVTQDStgU1NqpY,539
0sTlGEld0h8kIPZaKDYUf4,540
0sXvAOmXgjR2QUqLK1MltU,541
0sXvjZV7p4uvyPN4uQo3FH,542
0sY6ZUTh4yoctD8VIXz339,543
0sci7ppTZFm4mjcH3nu8yO,544
0sdbFOyfgAhAhWq8DpzkaW,545
0siYMEsGrzzzlWLXK5zJfS,546
0skYUMpS0AcbpjcGsAbRGj,547
0t1kP63rueHleOhQkYSXFY,548
0t3ZvGKlmYmVsDzBJAXK8C,549
0t5cfOZxePTvuYXTywHzjH,550
0tBbt8CrmxbjRP0pueQkyU,551
0tDfp0vFR95Gg6Mrhza3lX,552
0tICYNayWWhH9GPeFrfjfD,553
0tKcYR2II1VCQWT79i5NrW,554
0tMSssfxAL2oV8Vri0mFHE,555
0tPQPaOKM32WgMSbPCYyRH,556
0tXPhc8LvM4dPvoRwI66XQ,557
0taOCiup4HNG9LmbduVlJj,558
0tdCy39PgWN8LFWu34ORn3,559
0tgVpDi06FyKpA1z0VMD4v,560
0tjZv2hChdHZCW1zFXpy1J,561
0todbbT9g5uQGbeFCiBf2F,562
0tp6mwUt99QnfY95T30Lqj,563
0u2P5u6lvoDfwTYjAADbn4,564
0u8rZGtXJrLtiSe34FPjGG,565
0uDdI4fAXCuNhQbmxENdsO,566
0uFForNKQPvgSCnxlZIhQy,567
0uHrMbMv3c78398pIANDqR,568
0uI7yAKUf52Cn7y3sYyjiX,569
0uRrG2jRR5tuifsYIJHEao,570
0uUNN1nSoUx1A4fkDCWDQ7,571
0udOCZp7yk0Ml92C0k8H8D,572
0ug5NqcwcFR2xrfTkc7k8e,573
0usLRFLmYXYahKNgXxsuJc,574
0utlOiJy2weVl9WTkcEWHy,575
0uxDHazXSSu9bSZ28LsnAN,576
0v2LUO8oTHnkjQ8MmKuXyk,577
0v4z1tuZvn6LGknom9Qx7d,578
0v9Wz8o0BT8DU38R4ddjeH,579
0vQcyuMEfRBd21ojZ62N2L,580
0vR2rIVORmgeKiGIgNT0fV,581
0vVMlbdYx2080Oa9FndPZr,582
0vjeOZ3Ft5jvAi9SBFJm1j,583
0vmANNClszGQZ0FISySK61,584
0vrmHPfoBadXVr2n0m1aqZ,585
0w1ZtnzQmtmuuoKxHT0pLL,586
0w3Mfe4PIVjuFjJbe3OlYv,587
0w5Bdu51Ka25Pf3hojsKHh,588
0wHFktze2PHC5jDt3B17DC,589
0wavGRldH0AWyu2zvTz8zb,590
0wbnC9AUenxp613TYaJsGK,591
0wdV94AXGRphrbkDWLNzVC,592
0wfbD5rAksdXUzRvMfM3x5,593
0wihfILRNOwE2156Shezc8,594
0wshkEEcJUQU33RSRBb5dv,595
0xBQvhJAm6f7J142ympKOn,596
0xG0SHshCStMEyNbNC5d4k,597
0xIVvRmjztR1AwuHrkhH41,598
0xPaZrF25ltzvz1a2Pm5DQ,599
0xUvi7wldroBzaZCengPa5,600
0xfMlIW8lS40qvpsUw1l0X,601
0xl1w2q4VLojeXp4JfazPL,602
0xxZY5C9xxij3D1HkzbnfC,603
0xzI1KAr0Yd9tv8jlIk3sn,604
0y1QJc3SJVPKJ1OvFmFqe6,605
0y60itmpH0aPKsFiGxmtnh,606
0y675KDleCZEudjoeL1sQQ,607
0y6kdSRCVQhSsHSpWvTUm7,608
0y7Ao3CVJsyKFmqdjutiIF,609
0y8Pu7x5jXgUjOIJvQIF5L,610
0y9uTzK9cNKSAEHnpeRG8C,611
0yL7K9MzC20uBesZTPY81r,612
0yLdNVWF3Srea0uzk55zFn,613
0yUaLqhsVsguBpoOPL4cO7,614
0yc6Gst2xkRu0eMLeRMGCX,615
0yt31hMKZMiyIEfiBiLD2N,616
0z8hI3OPS8ADPWtoCjjLl6,617
0zCfmceT1YvtZXGbR6Roht,618
0zCgWGmDF0aih5qexATyBn,619
0zLCBJZSiELJf02ucPP9wb,620
0zl3PdjIl320fK0pxBGWNR,621
0zo975x58DlXbZllWvfYhg,622
0zzVTGyRrWpQu8Fr28NRAv,623
0zzsyWc45eUcSjw4FNHxeN,624
1000nHvUdawXuUHgBod4Wv,625
104buTcnP2AsxqB7U1FIZ4,626
1058fW9H3fZA6QjYCdOBad,627
10IfXtjKQmOiON7tNAHv0y,628
10Igtw8bSDyyFs7KIsKngZ,629
10ImcQk9tihY1EKMDIbvXJ,630
10SRMwb9EuVS1K9rYsBfHQ,631
10hMM5nsZQf66ldBlgWBfG,632
10hcDov7xmcRviA8jLwEaI,633
10xV5l9nhLvFpR8mqzs0bL,634
116H0KvKr2Zl4RPuVBruDO,635
1175r6ZmkUjX8dRJLz9Ohk,636
11BKm0j4eYoCPPpCONAVwA,637
11EDhDAVDtGPoSar6ootYA,638
11EnQRgRMJwMAesfkB5pnu,639
11Ey4yJVeWEsA73KjACkVY,640
11GGSyTB8cS9TgONHBOhEX,641
11KJSRSgaDxqydKYiD2Jew,642
11OwAR3GlBj9E35Cznf7Lj,643
11P4sSu6BH2lAbWk1sL6cK,644
11VApNQCWLJdzxWrlmwzUa,645
11ZulcYY4lowvcQm4oe3VJ,646
11cDEev79fPKi6uJCjUhu8,647
11iIikXxC6NP0Ma8vMD27x,648
11kDth1aKUEUMq9r1pqyds,649
11o2y87vqODipLK98a1v34,650
11pEKMLmavDu8fxOB5QjbQ,651
11xC6P3iKYpFThT6Ce1KdG,652
127QTOFJsJQp5LbJbu3A1y,653
12M5uqx0ZuwkpLp5rJim1a,654
12REd1n8PeiHHWOh066tpr,655
12SJpYZEdj4kzWZ8FPFg4Y,656
12YCtLHGk6tP6RbHDHflCs,657
12cZWGf5ZgLcKubEW9mx5q,658
12hD59WtTU92K1VcCXqLlw,659
12ip0ceCeszDTDFxDY1AXJ,660
12mGwph2YzDIlChtq3EdXP,661
12nBPF4Rh4XLFJV0YLN7uj,662
12o6dxWGk29uIAP3OWY0pM,663
132ALUzVLmqYB4UsBj5qD6,664
135Lf4Q0CzlMNfOxbEUsLH,665
137mSruegm1u6x9NvwiagR,666
13CVSGLSFl4UxpDVR6u3dq,667
13EW51DKru044OJDJ9Bm8o,668
13HVjjWUZFaWilh2QUJKsP,669
13Irp51zj01BZu2XtDrnAg,670
13ZyrkCDmRz5xY3seuAWYk,671
13e6f8t7RKXuxZ0JdaaJRG,672
13hvHEstJ4sNbzdroPrPI3,673
13jRSCLoWbCoU1XEdJRbgn,674
13vDU8nPsvTGEVTMB8Vw7g,675
13wNEvWmBsWaWVtiLPRIW5,676
142PiXzA84lmEw2RstFHFa,677
149BxWeweaCqmsyedkNiiE,678
14Bcv6siTBPw3TlP84dasC,679
14JzyD6FlBD5z0wV5P07YI,680
14LdhxElpZS0rKVV4nxtdA,681
14WWzenpaEgQZlqPq2nk4v,682
14boA065HMHWvqyPPEeN4y,683
14gkWVFMwdxBMyqBw1wmIg,684
14kYOiFVPb7E7NfFbqhdln,685
14kyXBpg91RVq8bNRDS1q2,686
14mHfNsSHN0FbLftyjrV9g,687
14msK75pk3pA33pzPVNtBF,688
14rWuS6yllHOdfZ8sZsZUj,689
14sOS5L36385FJ3OL8hew4,690
14wf185UxfNbSy8dwt4r4q,691
152lZdxL1OR0ZMW6KquMif,692
1597vvneWf0zoQrg2D8yH6,693
15JINEqzVMv3SvJTAXAKED,694
15coTBAzEN1bOeipoNDZAR,695
15dnkAHcHC0vrIUlbiPiqU,696
15k1TDabqSEmyXOwMq9RM7,697
15kQGEy89K8deJcZVFEn0N,698
15xWRPHQMeqgdkGzInx3PY,699
161DnLWsx1i3u1JT05lzqU,700
167NczpNbRF7oWakJaY3Hh,701
16dUQ4quIHDe4ZZ0wF1EMN,702
16wAOAZ2OkqoIDN7TpChjR,703
16x6tqeSkIjoLEf7SJLlYy,704
16x9bQHw8TBNaGDyULvwad,705
1797zYiX4cKosMH836X9Gt,706
17CWWoszMuoGecCJzmOubE,707
17Fd6Yb7mSbinKG8LoWfFl,708
17IBDpAl3J39swaoPlfGpp,709
17JYzDCW1UTndfURuTydF2,710
17UfXrL7Run3GyZJW4uRjC,711
17Yq72h0p15OhCbZ5lJ5gd,712
17cia5k4BpGVlyEfqrFH50,713
17phhZDn6oGtzMe56NuWvj,714
186NCtNk1tUYS7c2DxgJ7O,715
18HOjcvTVV7W8YzBuOsAPS,716
18W92Zm1KjLCbUIszOhpkD,717
18XlJEroUwFo0tLZxscgXE,718
18asYwWugKjjsihZ0YvRxO,719
18ssFhD04lWo1RzpcohnrG,720
18uSfZqFBxQFi8CsXOIbhy,721
18uwL0vNUanqZH0ro2QcOP,722
18vXApRmJSgQ6wG2ll9AOg,723
193Dm5SqYy3hTSbuzxbwKc,724
19CSr8rwW05VJL2F91KFNK,725
19Ec2gbNtQTE44IizcPjtD,726
19Fg3WrTfo35Ji3PtfZE6J,727
19WjVVgXjdKXfLXoaDPwTM,728
19a3JfW8BQwqHWUMbcqSx8,729
19hh7DkfRBrpRGYfKlw7jb,730
1A85fOmviQuGgkF6Lww6Nd,731
1ABS9lKaZ1uXkXCqr9zFO7,732
1AI7UPw3fgwAFkvAlZWhE0,733
1AT4xjNarTswd0UZ5FlmKF,734
1AZjCZSGEjlxUufFQwSszF,735
1AhDOtG9vPSOmsWgNW0BEY,736
1Al4Z4K76RCKj31mExavs7,737
1Ame8XTX6QHY0l0ahqUhgv,738
1AnkdcHl86kEhDvhaKDuIe,739
1AqemxWsT0iGg5Lvkm16Bt,740
1ArLnG0bHaHPXqf08sEKM0,741
1Av69kr9JitqPWo7WJLS5q,742
1B4gJRq61xTs6r1O0Uq2iY,743
1BCBBO8VUEFOb6RBct4XDp,744
1BKT2I9x4RGKaKqW4up34s,745
1BSMpVGWs3v5BZKnAQziAc,746
1BYZxKSf0aTxp8ZFoeyM3d,747
1Bf8wk84B42gGewriwJlT9,748
1BkY0N8ChFk2mdLbAUu8ZK,749
1Bqxj0aH5KewYHKUg1IdrF,750
1BuZAIO8WZpavWVbbq3Lci,751
1BxfuPKGuaTgP7aM0Bbdwr,752
1BxkZE73h9BN3qwuA15TA3,753
1Bxzw8ag71snOU9IbhXVD6,754
1CKd1PnqfYx0H12V9MSaIY,755
1CUVN2kn7mW5FjkqXTR2W1,756
1CnPYaKxTVb4LWOtiGOm0m,757
1Crj1zkRMpsEjb9NOR6Zof,758
1CsuHmKOfCYxPoO4xjlAWV,759
1Cv1YLb4q0RzL6pybtaMLo,760
1D2L6MefbXon28PzIk9I3r,761
1D3ODoXHBLpdxolZRHWV1j,762
1D3z6HTiQsNmZxjl7F7eoG,763
1DAibqbopEYULPEtE8WHTE,764
1DFD5Fotzgn6yYXkYsKiGs,765
1DIXPcTDzTj8ZMHt3PDt8p,766
1DMEzmAoQIikcL52psptQL,767
1DRJZUVcs6i6TkdNUXAi6m,768
1DRW9bQzt2SE8f7H4KJZyL,769
1DUSuNhF8P5vUGNPpQiZa5,770
1DWZUa5Mzf2BwzpHtgbHPY,771
1DadkoAI2gicYJfindPY20,772
1DdgqEZk4Hqfpl3drdXJun,773
1DhRbox3xkceP64k3JeYfW,774
1DmW5Ep6ywYwxc2HMT5BG6,775
1Dp7JGFNjvg8Nk0CtMCcnr,776
1E1uGhNdBe6Dddbgs2KqtZ,777
1E5Xu8dur0fAjSP1VpVhAZ,778
1EHUQesfVKwbthtNcpBi9g,779
1EJIcDYXwSqipW5dFe4uJz,780
1ELsaYdj2NlxLvkx9g24xZ,781
1EQFOouqdKYdpbNoOHRVO2,782
1EaKU4dMbesXXd3BrLCtYG,783
1Eck97uRMlprKOOJN9oO1E,784
1Ej96GIBCTvgH7tNX1r3qr,785
1F2HXIJrE2Xn81OzT2zZvW,786
1FBi1YWCAxlRmfuUbMINqO,787
1FEiijYPJtyswChfcpv3p0,788
1FUViuNSldssMIawrOXF2i,789
1Fid2jjqsHViMX6xNH70hE,790
1FlL8ycld6uVDDyhV7P5FA,791
1Ft13La2daEGqz5yWJC7lx,792
1G1R0XgChe18Zr1o6tlmN6,793
1G2CAJeP7rCwOZjlSJ0Zw3,794
1GN6qqehnqUfUHH1gfK81v,795
1GO9vCm5Cra5uWGSWQ5mGK,796
1GeNui6m825V8jP4uKiIaH,797
1GfBLbAhZUWdseuDqhocmn,798
1GpWY5RiInhezB8wGWs6oN,799
1H7KnK26kc1YyellpbINEn,800
1HCdems7PQZRj42QDWLA0A,801
1HII0EIufOG0nGpWCQixbO,802
1HLL8X0LH20F6Z9SLXLIjr,803
1HLaJowFbNM3MPyqnk5vjW,804
1HNywa8Bk0TmzRwQrzhtPo,805
1HTtUBEY3tuw2btgwwI2Ja,806
1HbA4N1MiOsPthALesGFR1,807
1Hd2XLitkt1PYCWSbfF5qV,808
1HfMVBKM75vxSfsQ5VefZ5,809
1HhNoOuqm1a5MXYEgAFl8o,810
1Hohk6AufHZOrrhMXZppax,811
1HpzOCZbNWzxvvXfSGtSrX,812
1I3ZAmPmbFV78oNKnibOiW,813
1I55Ea0zVoSKs6MqW7DQ3i,814
1IF5UcqRO42D12vYwceOY6,815
1IHWl5LamUGEuP4ozKQSXZ,816
1IIKrJVP1C9N7iPtG6eOsK,817
1IWNylpZ477gIVUDpJL66u,818
1IcR6RlgvDczfvoWJSSY2A,819
1Ijpng3ZLhTRcEd8iqh4p4,820
1InCpEliLCkWHOBdXW7XSx,821
1Iq8oo9XkmmvCQiGOfORiz,822
1IthE5GNiRzFN5CVaCa445,823
1J14CdDAvBTE1AJYUOwl6C,824
1JIgaRnqtzS7DuGM3hVZU9,825
1JSTJqkT5qHq8MDJnJbRE1,826
1JgknGBbrfmEHeOZH051SS,827
1JkrD47SDpAbyvqKtolcea,828
1Jo0Zg7XlrA6z0mFTZVdkn,829
1Jrj3k5L36dPkU6KAclU7g,830
1K39ty6o1sHwwlZwO6a7wK,831
1K5KBOgreBi5fkEHvg5ap3,832
1KFN3kB4hc6r7ILpifFsqf,833
1KSqYYJFyfTecXFk9M0prc,834
1KT0xdIjm7t053xByACrrg,835
1KVczjazCcCCgM3gXXUl47,836
1KXFoiT2n4QXRsFvhWNI4I,837
1KdwnsWOvhM53vezy5ROuf,838
1KeZgPUr54C8iz3FjqzVoz,839
1KixkQVDUHggZMU9dUobgm,840
1Knctxx9vGZxpZfF66BIEa,841
1L3NV7VrCiuE8C5QlhdeQL,842
1LCm0lFnEsxR2oPqyHLGX9,843
1LIqNVhaIgxXUt2eVoIQJ3,844
1LLXZFeAHK9R4xUramtUKw,845
1LiN0Z98FkR1t0m8KmLcAH,846
1LmkdWSxjCV7wKTPsCvYWN,847
1Lo0QY9cvc8sUB2vnIOxDT,848
1M4OcYkxAtu3ErzSgDEfoi,849
1M4qEo4HE3PRaCOM7EXNJq,850
1M5OUvKG03C0QtzvxRS4Zk,851
1MJErNPIQUoEMu4YUUmecm,852
1MJHXJ8bdoynpEtCLCbkWf,853
1MgV7FIyNxIG7WzMRJV5HC,854
1MpCaOeUWhox2Fgigbe1cL,855
1N1ZpYUJc9fwrqk53FGgWv,856
1N7YeVU0ZwAFbOhwM61ef6,857
1N8TTK1Uoy7UvQNUazfUt5,858
1NDxZ7cFAo481dtYWdrUnR,859
1NF9EkR5OpMaoVWbsllcm9,860
1NghHeg0wE32eBYrQBVQXL,861
1NhjYYcYTRywc0di98xHxf,862
1Nj2oBISdFDSF8eDuXcALz,863
1NlK2NtpuUazpziLhnJwEV,864
1NvpO1o8SpkdH3txtJQQc7,865
1O2pcBJGej0pmH2Y9XZMs6,866
1OAh8uOEOvTDqkKFsKksCi,867
1OAiWI2oPmglaOiv9fdioU,868
1ODZGydlown4VesUP8HLJX,869
1OUPXna2MCgAt3VNmXJBtg,870
1OZ4uv7OAP24Ix6j3vojLt,871
1OilOIju6R9ia8vilNjChh,872
1Ol5LmdNDNpFu1oNwfgkux,873
1OuN92HcVG6NVpWbeESNB3,874
1P17dC1amhFzptugyAO7Il,875
1PAvhqefivTNdxZ4u8RT1d,876
1PDP7mLiAMwhfmgIwzhOm2,877
1PH2MDbcBAU094DlgTIND1,878
1PIgY9ybyFT9uWLM5POYGY,879
1PNs0uGru3TcrA94kpyGnc,880
1PSBzsahR2AKwLJgx8ehBj,881
1PZDyestTVydtHpaIcfUJg,882
1PckUlxKqWQs3RlWXVBLw3,883
1PfUKiMDKIlPEF9FfdJawc,884
1QCqedB1ibmRO9x7Ikb5LI,885
1QL7nSDZCwZMnbisV4KOXt,886
1QLZKzC2pjP4ySf4ALrNhm,887
1Qg9jWGDkKAGZXj5v2OG59,888
1QgTBfRN5m81a5K01qens6,889
1Qi2wh8fFgDV7tl4Sj3f2K,890
1QoG0Yqz1onMsdbOibZVke,891
1Qrg8KqiBpW07V7PNxwwwL,892
1R0a2iXumgCiFb7HEZ7gUE,893
1R6VwZ8TuHRzxZUxe88n4I,894
1RDvyOk4WtPCtoqciJwVn8,895
1RSzyxqtIO4yX3EyiV4zT5,896
1RsD951uUUlJx0MRioZfev,897
1Rweq7vNjK4kZBbGrmxQsl,898
1SC5rEoYDGUK4NfG82494W,899
1SJtlNRJDeYHioymcvsqev,900
1SOClUWhOi8vHZYMz3GluK,901
1SSzM044DUbVpYNNHWIhYJ,902
1SV1fxF65n9NhRHp3KlBuu,903
1Slwb6dOYkBlWal1PGtnNg,904
1SmiQ65iSAbPto6gPFlBYm,905
1Spmq0UazGU6ovMIlGldZX,906
1SymEzIT3H8UZfibCs3TYi,907
1T8IRUJBga0JXioJZvxjBR,908
1TEL6MlSSVLSdhOSddidlJ,909
1TZv3bujNaYz646eezRE91,910
1TaQciB8qqRZ9fxWGhS65X,911
1ThmUihH9dF8EV08ku5AXN,912
1ToprX3cpBiXoAe5eNSk74,913
1Tt4sE4pXi57mTD1GCzsqm,914
1UMm1Qs3u59Wvk53zBUE8r,915
1USJRpWDFhxwhCajPXBeel,916
1UZOjK1BwmwWU14Erba9CZ,917
1Ukxccao1BlWrPhYkcXbwZ,918
1UsQe17Ef7tV1ahFqHEFR3,919
1UwUhKmFxGKs59xiWO60Sx,920
1V0qqWBbIWt8hlAjxTZedR,921
1V8XneTrX6kKeoxYbk4x6h,922
1VGzxJnVQND7Cg5H5wGj14,923
1VJwtWR6z7SpZRwipI12be,924
1VLtjHwRWOVJiE5Py7JxoQ,925
1VNWdmXSbaNrnWod10WIL0,926
1VSuFS7PahCN3SWbOcQ98m,927
1VdZ0vKfR5jneCmWIUAMxK,928
1Vej0qeQ3ioKwpI6FUbRv1,929
1VuAamHM7P3VQQEXYGG3Uu,930
1VvoSJiPG9dFsDQjTkACvG,931
1Vy9Wn5sbiduZKBqBlH3Mc,932
1W6wxOOYyJyyok8fqYSZ3m,933
1WCEAGGRD066z2Q89ObXTq,934
1WIZiOuNO3woKfdlSK2gNn,935
1WP1r7fuvRqZRnUaTi2I1Q,936
1WSGTYKLEpKfNQYYW5Oymt,937
1Wf14bTyb6UeKojy8ykPYm,938
1WnqWQcWcuQbVzgE7ecfCY,939
1Wolb8MRcXR2IMMaELTRpE,940
1WqLtczgKdbHFHhefOU0y7,941
1WvrDdouh6C51In1SdATbq,942
1Wwh6gmMeolwzbRzfZMY5b,943
1XBc4r6ltXjkFJBrsttwIF,944
1XGmzt0PVuFgQYYnV2It7A,945
1XJ93XskwJf7PCyIVLbNBt,946
1XjHRolIXL2M1EEOUsGGR4,947
1XnpzbOGptRwfJhZgLbmSr,948
1Y3LN4zO1Edc2EluIoSPJN,949
1Y5Jvi3eLi4Chwqch9GMem,950
1YNQscOx6OqBQjxgJVhEeW,951
1YZfcVLbbJwfizR5cDOp3q,952
1Yk0cQdMLx5RzzFTYwmuld,953
1YmF9PvLhIISIANoMLIYGq,954
1YscJ7yVTlFxW3eF6pv5ba,955
1ZDmxwg7Lywlx68b7SsJjj,956
1ZEm9cJC05rawV2tptNfTS,957
1ZMGp9MTXbtAPvcKa0U3zS,958
1ZMiCix7XSAbfAJlEZWMCp,959
1ZPWWSwCkxKfqdp4H0RFCo,960
1ZPpGPko8oULTmi34rozMh,961
1ZY1PqizIl78geGM4xWlEA,962
1ZdhOMWyFR8Iv9eylMGYg2,963
1ZemPoaj7LBj1RAQrb89EC,964
1Znlc3UZAbSodFaMBjdpsX,965
1a5Yu5L18qNxVhXx38njON,966
1a73gcEg6h6Re6hHXoVltJ,967
1aF9TeHZbe6OVo9dtjPuzK,968
1aKuG1GG76xPLUkjBbQo3W,969
1aLNpg2kKvUncflV8xE5AA,970
1aOl53hkZGHkl2Snhr7opL,971
1aU1wpYBSpP0M6IiihY5Ue,972
1aUq8rjW1EwkAkMri4VfJy,973
1abwytAhbWeHrbsA9eODOy,974
1ahCrpeTt94LL7y1aXw0Y8,975
1b6tPXXCV2fSNtR3SKWUQA,976
1bDbXMyjaUIooNwFE9wn0N,977
1bRO28yzxgO3y3UmNR29TZ,978
1bhUWB0zJMIKr9yVPrkEuI,979
1bjeWoagtHmUKputLVyDxQ,980
1bjhYUwKUHEg5fHknxFObO,981
1c39AwcrkN9srI7Az5662I,982
1c4htMHiolERc0YJvZNdlc,983
1cA4wEmLkKlttS6N89LbJh,984
1cG0umU5TKStygKsPFZ9pY,985
1cImYkHOQMFE7AZC9aOk4y,986
1cKHdTo9u0ZymJdPGSh6nq,987
1cS0TgbR263ey9jn0MwD2s,988
1ckLp8lCl8LipXI0ypX72m,989
1crSsvtU9wZB15dIQXV2QH,990
1d7q712nXjG98HiwHk7HFS,991
1dIWPXMX4kRHj6Dt2DStUQ,992
1dLXLETYiZohIZWnse4ypG,993
1dPNJDYuW9QAtkOpK3eBvO,994
1dUHF4RyMmMTveJ0Rby6Xm,995
1daDRI9ahBonbWD8YcxOIB,996
1diS6nkxMQc3wwC4G1j0bh,997
1dm6z1fWB0cErMszU25dy2,998
1dp8aQANyTRKssDeAYPiZe,999
1dw7qShk971xMD6r6mA4VN,1000
1e1JKLEDKP7hEQzJfNAgPl,1001
1e4rwBPVI32vZtTJu7mJ4J,1002
1e9oZCCiX42nJl0AcqriVo,1003
1eIXYZWEfJO3Na2LCCnIJE,1004
1eMNW1HQjF1dbb4GtnmpaX,1005
1eaqMiiUn2P7MnqJK4XeK0,1006
1ei3hzQmrgealgRKFxIcWn,1007
1ere9b9vDw2N3m9d4uiXxa,1008
1eyek0KJEh2v5HQ9uQSybb,1009
1f38Gx6xQz6r4H1jGVNBJo,1010
1f5PNhkNgUpvDEeZfcIlO1,1011
1f5cbQtDrykjarZVrShaDI,1012
1fLhGF1JfGQYj6EZLndD86,1013
1fewSx2d5KIZ04wsooEBOz,1014
1fipvP2zmef6vN2IwXfJhY,1015
1foCxQtxBweJtZmdxhEHVO,1016
1fvC3CmNAbsx0V9ULMU8NB,1017
1fvCggAYrW0VtCljtqv4h2,1018
1fxYz1s15pyZLsJT0Hdh1m,1019
1fzAuUVbzlhZ1lJAx9PtY6,1020
1fzf9Aad4y1RWrmwosAK5y,1021
1gH1h30wkQdd9zhY3j7a8T,1022
1gOyBTO1fDLDTH8Ap12Wyp,1023
1ga4PztXOIw1yBbdUt2X8v,1024
1ggYjU6zdFHgANcku82boU,1025
1gnwGVoG7V08vMX3hyr90x,1026
1hJIbOjWpid6LtnozHmzRS,1027
1hR8BSuEqPCCZfv93zzzz9,1028
1hSOt9IeshMkuKP9ri4hOf,1029
1hZsWUnLbqRw09jLAMQSsb,1030
1haJsMtoBhHfvuM7XWuT3W,1031
1hg3RlqFZXJb5YgRoK9qmF,1032
1hjRhYpWyqDpPahmSlUTlc,1033
1i9lZvlaDdWDPyXEE95aiq,1034
1iLbUmb2b2btyAAcQ68a1p,1035
1iQDltZqI7BXnHrFy4Qo1k,1036
1iSZPndzmY6NvL1jAtIvY1,1037
1iSqfoUFnQwV0QW1EfUit8,1038
1iWHabUgUuuKLBa0TzTHfk,1039
1icgLGTpX2fQXKRe4D7w2b,1040
1j4kHkkpqZRBwE0A4CN4Yv,1041
1j6xOGusnyXq3l6IryKF3G,1042
1jDbQz6tr52WgScCTXMnaN,1043
1jHgfC8T5KxUyC5Ldw6lk9,1044
1jIMjbzcGCcCQn5iMu9CUc,1045
1jQsKN68yE94tMYml0wHMd,1046
1jaTQ3nqY3oAAYyCTbIvnM,1047
1jg9clsGCDqOumfS0X5xm9,1048
1jo3TwNGCXfNdB5uba3ZVv,1049
1k1Bqnv2R0uJXQN4u6LKYt,1050
1kBMIYqe0ILRUJZ7K2PV0k,1051
1kBbgxAUc4HQv7cgIayIDH,1052
1kKYjjfNYxE0YYgLa7vgVY,1053
1kMUGCt7XLDc5Q64Vl0H8S,1054
1kjs5eR4DMzyB0gm1Z8waV,1055
1klq7dgG1Pz0ijci5Pmae1,1056
1kqH58eGh2ZTOHwqBIB2tM,1057
1kuGVB7EU95pJObxwvfwKS,1058
1kwnxJNVl7cwcU98RvMBaR,1059
1l9G7M8gNyQsgOGWZGoQsT,1060
1lCRw5FEZ1gPDNPzy1K4zW,1061
1lItf5ZXJc1by9SbPeljFd,1062
1lO9CZo6eDrOy0S7khgryG,1063
1lWWoec2z1j88GRblI5anV,1064
1lXQskY1Op1KzFG4GVcVpe,1065
1lntL1cI2UIWlxjL5QiN8g,1066
1louJpMmzEicAn7lzDalPW,1067
1lsBTdE6MGsKeZCD6llNu7,1068
1m0UFnuTktOkksvjbF9z0m,1069
1m69ELEgE6k5ZWsap40ozt,1070
1m6lqaLvUTxPjOo98fJH8U,1071
1mCsF9Tw4AkIZOjvZbZZdT,1072
1mFpMoeZfkIqtqW2AfQ8ba,1073
1mH6tZC6iXIHPI6EixCwxw,1074
1mSdbey7RstGLY2udgXv74,1075
1mT47pKLXUwPYGwB91GcNz,1076
1mWdTewIgB3gtBM3TOSFhB,1077
1mea3bSkSGXuIRvnydlB5b,1078
1mmAqhLcvPrknbslMiDlyU,1079
1msEuwSBneBKpVCZQcFTsU,1080
1mw0RgNXIpYRyyCdBQbLgA,1081
1n4jwRVXdkK2U34nBDUKKT,1082
1nH2PkJL1XoUq8oE6tBZoU,1083
1nO67wic65N413c11zKxM7,1084
1nX9KhK3Fff27SnrIor2Yb,1085
1nYeVF5vIBxMxfPoL0SIWg,1086
1nYzjrdVQ8RpF93M0jPFW7,1087
1nahzW3kfMuwReTka28tH5,1088
1oFAF1hdPOickyHgbuRjyX,1089
1oOEkBNp4zWnkD7nWjJdog,1090
1odExI7RdWc4BT515LTAwj,1091
1onfcprzpSGh2LqrBh17AA,1092
1p1SbqeipOd4ezKUpxqaz6,1093
1pZdegOXTZ2ftINo3oUuRZ,1094
1pacwLXyRO47ka0v6LTIiY,1095
1q0PYXTbDsirp2l74ng6pn,1096
1qDrWA6lyx8cLECdZE7TV7,1097
1qE8DOtw7zdXHMgZm20eLM,1098
1qEmFfgcLObUfQm0j1W2CK,1099
1qMMYpVatbRITKCfq1gasi,1100
1qOLh0tI7trd1zdDKxYZTe,1101
1qrpoAMXodY6895hGKoUpA,1102
1qwMkkRiD5jqLeUUjfgblh,1103
1qyFlfPREPbRcS2BNszdYI,1104
1r0faljjM2b876iNoaDUh5,1105
1r8ZCjfrQxoy2wVaBUbpwg,1106
1rCcsYnmqbMYdkG7kS9GC5,1107
1rIKgCH4H52lrvDcz50hS8,1108
1rXq0uoV4KTgRN64jXzIxo,1109
1rgnBhdG2JDFTbYkYRZAku,1110
1ri9ZUkBJVFUdgwzCnfcYs,1111
1rlIrbWboTRGeKfHhgbJRZ,1112
1rqqCSm0Qe4I9rUvWncaom,1113
1rsAFUCa6BVMgRQ3FCQQsi,1114
1s2B5cndbqK8rPJEIcKJRQ,1115
1sBhJGPUKrdRycgKxve70v,1116
1sCxVKWImDZSZKvG0U9B23,1117
1sOW4PuG5X3Ie3EXUhAopJ,1118
1sPLURKAosM3Jampgp9AWq,1119
1sYSP7gKa5kdKIfhANfori,1120
1sbEeUY8KsdvgiQi26JBFz,1121
1sgDyuLooyvEML4oHspNza,1122
1snWlbcbgQpJfknoI30DWG,1123
1sx0XsWUusUoPstbvokZjP,1124
1t67WYNfUxfOiwaz7SJ66b,1125
1tC5WMSlsGDFfqnrquB1ty,1126
1tT55K6VEyO6XFDxK4lDQe,1127
1tkg4EHVoqnhR6iFEXb60y,1128
1tp1xMJ1uaOktksskS0Fzs,1129
1trFxVLL8WKhYap543e74l,1130
1u8c2t2Cy7UBoG4ArRcF5g,1131
1uA914Md6wsy9NDryyBypH,1132
1uAOCTevGnyKIDbgZdOCnE,1133
1uL78kFWxhz3umTMWJu8n5,1134
1uMHCAyGmHqyygoNRuo7MV,1135
1uN0f4NqMDcReSwXO6PLuG,1136
1udwFobQ1JoOdWPQrp2b6u,1137
1uoL9GX45dTnmrWQ7Ii1Ft,1138
1v1IXPXl73Z7zy6f5tUa9n,1139
1v1oIWf2Xgh54kIWuKsDf6,1140
1v7L65Lzy0j0vdpRjJewt1,1141
1vBeIXlzbAieGoDqInav5j,1142
1vG3YuKRYqPwTmNmYgqkpg,1143
1vYXt7VSjH9JIM5oRRo7vA,1144
1vYh9x8UmFTLbXiizk9Qc5,1145
1vi9adPJiD4d22ybGp25hy,1146
1vvNmPOiUuyCbgWmtc6yfm,1147
1vvcEHQdaUTvWt0EIUYcFK,1148
1w7cgGZR86yWz1pA2puVJD,1149
1wC93sZRGcTgKLN2UWRSwW,1150
1wGnp7ejkCuXRsehXx0PNP,1151
1wJRveJZLSb1rjhnUHQiv6,1152
1wTopxO5eQBpxrBXPSbsUn,1153
1wUnuiXMMvhudmzvcCtlZP,1154
1whfVLMKWqAX3uk97VXsNN,1155
1wjzFQodRWrPcQ0AnYnvQ9,1156
1wsLHgXJ4SKIfd5ePSX1hD,1157
1wsf1YFQSYND45y0GzJmf7,1158
1wtOxkiel43cVs0Yux5Q4h,1159
1x5sYLZiu9r5E43kMlt9f8,1160
1xK59OXxi2TAAAbmZK0kBL,1161
1xQ6trAsedVPCdbtDAmk0c,1162
1xWH8zYtDeS9mW1JJG23VZ,1163
1xYpVRspgaLxdJLOTQkTjg,1164
1xcOYJxDa5pObgxY1r0I9c,1165
1xemKSmCnH59ze3KX5wwgH,1166
1xfXXujIlLZAx5wpu46Nyk,1167
1xs8bOvm3IzEYmcLJVOc34,1168
1xwAWUI6Dj0WGC3KiUPN0O,1169
1xy4apMFecGGkgBeaHFZ2M,1170
1xzBco0xcoJEDXktl7Jxrr,1171
1xzUQMiCoY5pdego0pHMeV,1172
1xzi1Jcr7mEi9K2RfzLOqS,1173
1xznGGDReH1oQq0xzbwXa3,1174
1y4jsQt7MjnZhiD1L6qFBC,1175
1yFiaFeSLpw4nDYTeErRZ6,1176
1yHVHoz6Ny29gbbWJYVnFt,1177
1yHdZ9S6rBlNPH3LDNMy2P,1178
1yOL7ZiXGx5ULeLoktAUAg,1179
1yYzuNd0KRyHVJ3NH8apBt,1180
1yeB8MUNeLo9Ek1UEpsyz6,1181
1yoMvmasuxZfqHEipJhRbp,1182
1yxcKrEcxt4O03IIC25yHk,1183
1yxgsra98r3qAtxqiGZPiX,1184
1z9kQ14XBSN0r2v6fx4IdG,1185
1zU8j1x3yi9xalMF96pzKp,1186
1zayuwd1YLZsYDArkruHdL,1187
1zejeOnykpCoyVSit6Bwp3,1188
1zmgEIHE0eXH0IhBGuoTkP,1189
1zsG4eaZmkA1dvjDDsAGLK,1190
1zsPaEkglFvxjAhrM8yhpr,1191
1zv3WFUbZ5vPxFq9I2jAU1,1192
1zzxoZVylsna2BQB65Ppcb,1193
204U3zjm9kkzX25Pr4Rdld,1194
2093eVNfimjmNjU1gk1ES7,1195
209gZgcfLq2aUuu51vOWBl,1196
20BOju91NaEFK5Py4VJ2pp,1197
20H2Hd5AkUcRjB4yL3UQtJ,1198
20McUFi8KCIVdNDLrkTDuZ,1199
20MuVazoNMv6xjKPnRFOxG,1200
20R4HfKloPKgXDqU7UKk3x,1201
20ZAJdsKB5IGbGj4ilRt2o,1202
20ZP3Om9DvDazXrNUC7WM2,1203
20dP2DaMHIAmwWAbp7peSr,1204
20on25jryn53hWghthWWW3,1205
210JJAa9nJOgNa0YNrsT5g,1206
214nt20w5wOxJnY462klLw,1207
21AJQhGZpujjZQXByZAXpr,1208
21N4Buj4xsyLb218lYle61,1209
21UkXrc9kD48rNpTMI2ecz,1210
21YnmkSDhUkmkkni22Svc4,1211
21aOLk12MksET8AsbU0SI6,1212
21afd9hCjpQ6lE5DPbcPHP,1213
21jGcNKet2qwijlDFuPiPb,1214
21szgNA72iLwvBxHQLgwBh,1215
221qmpQeBNV87sUjQeUTVH,1216
222B3aljXx6fFwKmFjuBED,1217
228BxWXUYQPJrJYHDLOHkj,1218
22An65gG31JLf9n18qjdhZ,1219
22LAwLoDA5b4AaGSkg6bKW,1220
22VHOlVYBqytsrAqV8yXBK,1221
22VdIZQfgXJea34mQxlt81,1222
22bPsP2jCgbLUvh82U0Z3M,1223
22dUzMFttcR3uU17NcOAIv,1224
22fRl49GSpRdu3J2EPj1i6,1225
22oEJW6r2rMb9z4IntfyEa,1226
22ppznuzVF9LKamaaqMMqu,1227
22ryCgQttpV7oCrn7llGRu,1228
22sAwsBH0NoNJXnrBenQuO,1229
22skzmqfdWrjJylampe0kt,1230
22vgEDb5hykfaTwLuskFGD,1231
2374M0fQpWi3dLnB54qaLX,1232
239yM7BAQ2CkNc61ogPGXo,1233
23OXdR7YuUBVWh5hSnYJau,1234
23RoR84KodL5HWvUTneQ1w,1235
23XjN1s3DZC8Q9ZwuorYY4,1236
23Z3bbYcl1PdcPJemLa4zc,1237
23d8v6tU6lR77pFKsApMtF,1238
23luOrEVHMfoX0AhfbQuS6,1239
249gnXrbfmV8NG6jTEMSwD,1240
24FR8mXTaiGZPrxnkf1kcP,1241
24FUBxaAYSBlWsbSnEzDcn,1242
24MGEzm6xAO1nFgVVp37YI,1243
24NuEDgyRIljwSyY0lsr7b,1244
24bnCCysWnbNRNUT4LpHcP,1245
24snQ8Ew7aIKYCt0ulXHvx,1246
24ySl2hOPGCDcxBxFIqWBu,1247
25141FAgU1OmwoC9W2i5E3,1248
25B5fGr9K0VdZJiRFsnMO4,1249
25C5CowdsfXld2jJanbiex,1250
25ZAibhr3bdlMCLmubZDVt,1251
25khomWgBVamSdKw7hzm3l,1252
25oOaleife6E2MIKmFkPvg,1253
25r6MZ4Gtd76l43qnZI1DG,1254
25sgk305KZfyuqVBQIahim,1255
25zlnOAzbVoOzIeXSvQFf1,1256
26Fqtv4Aa7kyd1WWGHai6A,1257
26G5nmIx7Yvq79bIIluyZV,1258
26QApq0cuO9brJigr0C0W4,1259
26QLJMK8G0M06sk7h7Fkse,1260
26b3oVLrRUaaybJulow9kz,1261
26hOm7dTtBi0TdpDGl141t,1262
26w9NTiE9NGjW1ZvIOd1So,1263
26wLOs3ZuHJa2Ihhx6QIE6,1264
27356GVuMPFWiJSZCragoM,1265
273QnyCvJB65rScHJ1nPZb,1266
2771LMNxwf62FTAdpJMQfM,1267
278kSqsZIiYp8p3QjYAqa8,1268
27GmP9AWRs744SzKcpJsTZ,1269
27NovPIUIRrOZoCHxABJwK,1270
27OeeYzk6klgBh83TSvGMA,1271
27P4XoNXXEV4lTc3sB61RK,1272
27RYrbL6S02LNVhDWVl38b,1273
27SdWb2rFzO6GWiYDBTD9j,1274
27UcQ6dAvQrgH9C880rCM3,1275
27X3qzgB0Show6qfw5wNOK,1276
27ZZdyTSQWI7Cug2d2PkqV,1277
27a1mYSG5tYg7dmEjWBcmL,1278
27oFpFktCq9JIXjJQRuv7a,1279
27oVCAziETRbNuo5A8LNpg,1280
27qAMKrDdKEs8HDXcvR24R,1281
27rdGxbavYJeBphck5MZAF,1282
27u7t9d7ZQoyjsCROHuZJ3,1283
27ycaQnQAxaPiyeg3nr2aB,1284
28FGV3ORH14MYORd7s5dlU,1285
28GCbKgjlVD9eDmasGbe0T,1286
28aEiMfveru430xmXhDCy3,1287
28irpKCCK9nn9DZSik2zEx,1288
28n8z9IQKyjMPxmvYMBqZa,1289
28xX6K8LnkZve4RiuEB3iK,1290
296nXCOv97WJNRWzIBQnoj,1291
299lFlaAsNQdgbIZNPmIA0,1292
29TPjc8wxfz4XMn21O7VsZ,1293
29YW2xXlo6Pc6M0SBTCXYN,1294
29ZXwWOOLz9t5fa3eT3i7T,1295
29fRTIKsJhLUJoldM89GZS,1296
29tc0GbW0pTSBZSCZF3NWk,1297
2AHnmlkyZbnxqSA66B7jK3,1298
2AIWoHr9DF6y4KALCBKWQS,1299
2ANLarE8yHVsLWW21nj79M,1300
2Ab1wPTEqulaCGoBak1gUo,1301
2AceGjiX9isUbXmMZa0Dl1,1302
2AfWCBwGGCsZtvVnGF3QYE,1303
2Az5ykbQiZtFWtACCMvWlP,1304
2B1fuWoWaYnCXbjYp1gXg5,1305
2B4GHvToeLTOBB4QLzW3Ni,1306
2BEcap3xJtmiPaHKyfQi4e,1307
2BITQ360Knh6qNAOqR7Dyq,1308
2BJSMvOGABRxokHKB0OI8i,1309
2BSbCCbaSCzkOEZa6N5901,1310
2BVVmJQZv4fOPWavI9mkIj,1311
2BcMwX1MPV6ZHP4tUT9uq6,1312
2BcnxwxBuar5wjCaLqm5N3,1313
2BgEsaKNfHUdlh97KmvFyo,1314
2BrzlUj1u1CtvaJDGIKpsP,1315
2ByBBvpR9b7IynvRmnG7kG,1316
2C0KFbb4v9CNWR5c9jWcKC,1317
2C0hTkdEoikhKzDCJl32QZ,1318
2C6WXnmZ66tHhHlnvwePiK,1319
2CPqh63wRVscbceKcPxwvv,1320
2CSRrnOEELmhpq8iaAi9cd,1321
2CTN6UuO2dNEVZXR0DJVk2,1322
2CVChktEKBsM6v4IfdFU5k,1323
2CWnuF7ht55Ajyeg4WPvWu,1324
2CYVETnhM9aytqrazYYwrK,1325
2Ce5IyMlVRVvN997ZJjJJA,1326
2CeKVsFFXG4QzA415QygGb,1327
2CvOqDpQIMw69cCzWqr5yr,1328
2D0dj3hVkRQJCp63cxCPEx,1329
2D1MK9oaxy7axXggy3iVbp,1330
2D2w9943rsnJOGCrI4aMQp,1331
2D3z17LBMJ2HEHeBFFjTLi,1332
2D4dV2KXDTszzJ3p3cFqhA,1333
2DEZmgHKAvm41k4J3R2E9Y,1334
2DGa7iaidT5s0qnINlwMjJ,1335
2DQ1ITjI0YoLFzuADN1ZBW,1336
2DgdHcjWmO3qd50RzuBLgZ,1337
2DlIwu1iDTILEMXA7MUotn,1338
2DuPBbS5mIldXnh7Wum8Cy,1339
2E124GmJRnBJuXbTb4cPUB,1340
2E82gORVSA7UMEz5M1IP3b,1341
2EBnvom1dTybtm75a3Xh1T,1342
2EEeOnHehOozLq4aS0n6SL,1343
2EFZ9emtKWEglWUQGEQ3P9,1344
2ENexcMEMsYk0rVJigVD3i,1345
2Ec33AVlkTTq8BHFgBTdQs,1346
2Eeur20xVqfUoM3Q7EFPFt,1347
2EzRdhuoPyNJDlep7lnNf2,1348
2FBUoWkIuQXwayw2RNo5l6,1349
2FDTHlrBguDzQkp7PVj16Q,1350
2FPfeYlrbSBR8PwCU0zaqq,1351
2FRnf9qhLbvw8fu4IBXx78,1352
2FSGUA0gFgGeQdprjtGM2M,1353
2FUNBaa5DwItJtYEBgAblU,1354
2FVpOsjT1iquZ3SpCjZ9Ne,1355
2FXd6kKCtBIc6UfN1gH1pA,1356
2FY7b99s15jUprqC0M5NCT,1357
2FYGZDfsAnNsrm1gVbyKnG,1358
2FiSTH0GYpIioUgjfzMIja,1359
2FoahzOSxJnalPA8aBUme3,1360
2Foc5Q5nqNiosCNqttzHof,1361
2FvD20Z8aoWIePi7PoN8sG,1362
2Fxmhks0bxGSBdJ92vM42m,1363
2GAhgAjOhEmItWLfgisyOn,1364
2GGGm4MLQynB3I4E4ycIYC,1365
2GGMabyHXnJmjY6CXhhB2e,1366
2GPTiPR5db727wu1tFvFt4,1367
2GThBgzZoZfz0lx1JjBwfe,1368
2Ghp894n1laIf2w98VeAOJ,1369
2GiJYvgVaD2HtM8GqD9EgQ,1370
2Gjt4rUHBUH0rMKpBg0hF4,1371
2Gk6fi0dqt91NKvlzGsmm7,1372
2Gl0FzuLxflY6nPifJp5Dr,1373
2Gq636OOGgxCTqEuzCZhsa,1374
2H1liABu20HXBOmbt5SQz1,1375
2H3wWrnO758y0fPH7Ilerg,1376
2H4gf1wLxvYreMj1jcaN0k,1377
2HRgqmZQC0MC7GeNuDIXHN,1378
2HSmyk2qMN8WQjuGhaQgCk,1379
2HZLXBOnaSRhXStMLrq9fD,1380
2HafqoJbgXdtjwCOvNEF14,1381
2HbKqm4o0w5wEeEFXm2sD4,1382
2HbYLDA1SigY1ilC94ieVu,1383
2Hc1LaV6bzFil3dE71eORA,1384
2Hh3ETdQKrmSI3QS0hme7g,1385
2HolBGR6tpiWI80MXoV1dJ,1386
2I3dW2dCBZAJGj5X21E53k,1387
2ICse7t8MB60EFk6o9aUyw,1388
2IGMVunIBsBLtEQyoI1Mu7,1389
2IHLaN6wwYKQ3S24NsQqpA,1390
2IKJtXeR5UsaUjZB46fTOK,1391
2INhKpUdzh7v0j041gZNsz,1392
2IOFZdYYkFxEHVz1w34PoL,1393
2IRZnDFmlqMuOrYOLnZZyc,1394
2ISl1zekPsc26sUQpVt8UB,1395
2IePEfMAtqWS6rLXXFZIgI,1396
2Imn5iTu2xD3gXCqpBqubu,1397
2InS5VWKJQbsFBKOsf1cJB,1398
2IwbW2jd0Ncv99Aroe77Ru,1399
2J0NXdHr6MYvKDSxB7k3V2,1400
2J0TRU2EDG29qlmxdGa4xa,1401
2J0X46UkpfLlWbuCXFgDLr,1402
2J2Z1SkXYghSajLibnQHOa,1403
2J4P46vCFm1rPkNkp9pZWX,1404
2J6OF7CkpdQGSfm1wdclqn,1405
2JPLbjOn0wPCngEot2STUS,1406
2JTir3y1VuJQmexiTCMcTP,1407
2Jh3UqxnHJMyzMzku4uOtE,1408
2JqnpexlO9dmvjUMCaLCLJ,1409
2JvzF1RMd7lE3KmFlsyZD8,1410
2Jw3VjB1xy5KHBqEeAC6VK,1411
2K3bjojp1sCLdMMoO5lJ2p,1412
2K7sv1mno9PvbXVBpqvSKn,1413
2K7xn816oNHJZ0aVqdQsha,1414
2K9Ovn1o2bTGqbsABGC6m3,1415
2K9kZpwD2CzTa6iiSYYOoO,1416
2KLwPaRDOB87XOYAT2fgxh,1417
2KdKh9vHbKW0tZLqtpxxI0,1418
2KklXplRtxMsBYo474Es0w,1419
2KnLkZ3z7PO3kgVGHGqDpD,1420
2KnuaZYoGzDoHiBTNYOTXG,1421
2KoHxhRyWxJzA0VafWd5Nk,1422
2KokOIKdw4zZutDil85Ugh,1423
2KslE17cAJNHTsI2MI0jb2,1424
2KukL7UlQ8TdvpaA7bY3ZJ,1425
2KvHC9z14GSl4YpkNMX384,1426
2KwojFDebQV4J2b0JMRR5Q,1427
2L9N0zZnd37dwF0clgxMGI,1428
2L9QLAhrvtP4EYg1lY0Tnw,1429
2LBqCSwhJGcFQeTHMVGwy3,1430
2LSsSV7V33wM9EKQA2xjGS,1431
2LTlO3NuNVN70lp2ZbVswF,1432
2LW4Zu7FcrwjWm3t5Rv3Oq,1433
2LawezPeJhN4AWuSB0GtAU,1434
2Lhdl74nwwVGOE2Gv35QuK,1435
2LlQb7Uoj1kKyGhlkBf9aC,1436
2LskIZrCeLxRvCiGP8gxlh,1437
2MHCiOohBZEQuLgDTPvSzF,1438
2MJdgSby3DtSS7bUJx2cly,1439
2MShy1GSSgbmGUxADNIao5,1440
2MX30RliaxJDgmQ3C3rrJX,1441
2MZQAvsA7aZDssppBLRxYp,1442
2MZrOmrVxRmmOoFW6dhenG,1443
2MbdDtCv5LUVjYy9RuGTgC,1444
2Mfv5HaqnI18Q9JRv9hqnn,1445
2MlOUXmcofMackX3bxfSwi,1446
2MuMD298IpYqKF367wegUd,1447
2MuWTIM3b0YEAskbeeFE1i,1448
2N0SPREDYqILVEFSsWF5N5,1449
2N9LEu6Pf8nDcp3GjWJT1Z,1450
2NFadq6pUeiVEihLvUlOSr,1451
2NMjggapJcXXM7WccGEBUO,1452
2Na0z2gfN67Rzf0vp74Wi3,1453
2NbsBSshscKIPRG3kwBbfo,1454
2NcQic8JxdjAlAHuNbOIRE,1455
2Nib4r0saYQf2pUV4RFDhl,1456
2NmsngXHeC1GQ9wWrzhOMf,1457
2O223PoYCkIPSsE4cmnr9v,1458
2O3MQ6H3gjrIWDcpeTrikT,1459
2O4Bb2WCkjlTPO827OnBMI,1460
2OALaHcDdKkjYEpAr0Qzab,1461
2OKo7g3KfmCt3kyLvUAL0g,1462
2OQ6a4CfUeYskpTTgyawyJ,1463
2OcSE0EXzgUuqkM1NIJPHJ,1464
2OpBganfGk2GVdSlRdxzaX,1465
2OvV4NjEBRE9v8Oo7QeUCq,1466
2Oycxb8QbPkpHTo8ZrmG0B,1467
2PWjKmjyTZeDpmOUa3a5da,1468
2Pn76oik9rWyoBShTSNY9Q,1469
2PpruBYCo4H7WOBJ7Q2EwM,1470
2Pvr8rYuh5J8V7QglJhH6W,1471
2Q0aElTZQtEUsoiaQfizu6,1472
2Q3jFbyE61mCjS3SkW4toJ,1473
2QDyYdZyhlP2fp79KZX8Bi,1474
2QLbRVzixE282JSQjBz2DG,1475
2QWEMqQMJR1KDf6hDjJOs6,1476
2QWP8NYYplOqEFBYGCcq0S,1477
2QdH0rKlV3d9Y6lWzcnlBH,1478
2QgfDF0fQ4sskDthP8MG5w,1479
2QjOHCTQ1Jl3zawyYOpxh6,1480
2QpGZOhTCHHiKmpSO9FW4h,1481
2QqJTIlGKRLJC3onkavYEz,1482
2QrXzOqLCVDRZHkToA0tSR,1483
2QyuXBcV1LJ2rq01KhreMF,1484
2R7858bg0GHuBBxjTyOL7N,1485
2RAeY8dPj6KmStROfEigjV,1486
2RGIuYTsyyHoOCqW0krvNE,1487
2RJAKIw6nIkgZVsAIKhmqz,1488
2RSHsoi04658QL5xgQVov3,1489
2Rd4eJ4KwXQQn2sMSToyUM,1490
2Rk4JlNc2TPmZe2af99d45,1491
2RttW7RAu5nOAfq6YFvApB,1492
2S2od3hT7ceytw7d1pTRuE,1493
2S93hylQBYLndMnaJuso8S,1494
2SAqBLGA283SUiwJ3xOUVI,1495
2SBr3MK1sdMs8IxdRcN6qz,1496
2SL6oP2YAEQbqsrkOzRGO4,1497
2SLwbpExuoBDZBpjfefCtV,1498
2SUPbyD77tJuOUbqbxct6l,1499
2SUxn2O9NHL6GHGQFgwCY0,1500
2SYa5Lx1uoCvyDIW4oee9b,1501
2SasoXZyv82yYgHiVOvxQn,1502
2SiAcexM2p1yX6joESbehd,1503
2Sjx8DWZO5zaTyTAmgo2gY,1504
2TDyyEBasw10wu5Uh94bR1,1505
2TH65lNHgvLxCKXM3apjxI,1506
2TIlqbIneP0ZY1O0EzYLlc,1507
2TJ1FOCmCBkKm418MjVw5D,1508
2TOzTqQXNmR2zDJXihjZ2e,1509
2TktkzfozZifbQhXjT6I33,1510
2Tq2R8sRftNEqdgJK5HadO,1511
2U5WueTLIK5WJLD7mvDODv,1512
2UN0lp72LAusrXi8LLVomt,1513
2URDbWGmPz3vhagl25p8OC,1514
2USlegnFJLrVLpoVfPimKB,1515
2UU11hvjN1JIn4iihEodNT,1516
2UVbBKQOdFAekPTRsnkzcf,1517
2UW7JaomAMuX9pZrjVpHAU,1518
2UbVnbE5FH6008mAm6Mmgw,1519
2UciqgwVDwro0fev3MFbxJ,1520
2UwALqx6yOsXTFt7zRxnts,1521
2UwbhMie1EAYuTZ0QXeMwl,1522
2V4Fx72svQRxrFvNT1eq5f,1523
2VWbHHhWnMzKWPUs4IEEW9,1524
2VYb3Fb5iK5Y8HGZ8oEEkp,1525
2VdT56BGpdqNHUgOe1j5vc,1526
2VgJDTfkuwlm7WIHnvtRCQ,1527
2VkuxjlbnbaBiWYpdBGVol,1528
2VtgzixdB967bHDNu5A1nh,1529
2VxeLyX666F8uXCJ0dZF8B,1530
2WL6GQzPuK9Nrpy9XwNEbz,1531
2WQn7Yvs728KZmmY6tgWqH,1532
2WfaOiMkCvy7F5fcp2zZ8L,1533
2WigMwGJysIh9fRnSJvpjn,1534
2WlZuBDgLfT7Kc0admhFdg,1535
2WnAKZefdRHxtBEkRjFOHC,1536
2WyRfGeHo97VC5mP1BBSzr,1537
2XDhuJvvx2wcIROXbfTTYr,1538
2XIc1pqjXV3Cr2BQUGNBck,1539
2XMAWynSTIst5KmLSv0Npf,1540
2XMTqoHHSH0lvuXrvIEdco,1541
2XSO13Gyndo7MDdtYibIxO,1542
2XTquzYQAdT1Hk78bOUwsv,1543
2XWjPtKdi5sucFYtVav07d,1544
2XXMDz7SPZ4mSFN1PXfHUy,1545
2XaInsPPUkZRkY4uFJ3AHK,1546
2XlHu0HcujBCkWMdIAvrqt,1547
2Xr1dTzJee307rmrkt8c0g,1548
2Y0wPrPQBrGhoLn14xRYCG,1549
2YSzYUF3jWqb9YP9VXmpjE,1550
2YVlDlk2zRceefo6XlC6DX,1551
2YWtcWi3a83pdEg3Gif4Pd,1552
2YXswOX5aKv6OHRKUcAMLQ,1553
2Yer0p7uB2lVBUAtANuuQp,1554
2Yl4OmDby9iitgNWZPwxkd,1555
2YpeDb67231RjR0MgVLzsG,1556
2Yt4SXIgmoaPZHGdRafp4P,1557
2Yv2mHzr5AQavVdwQjEokV,1558
2Z8WuEywRWYTKe1NybPQEW,1559
2ZL7WZcjuYKi1KUDtp4kCC,1560
2ZRo7axmMPeSVUvDbGkJah,1561
2ZTYlnhhV1UAReg7wIGolx,1562
2ZUJsR8HEktit58X6FuPQM,1563
2Za1AlJNvksouPPWbXpR2X,1564
2ZdCrBA52bb4pIG3tOOZiQ,1565
2ZlABhxMMa43COmZ97kKsJ,1566
2ZlCGeK30BLRNSPC832pNZ,1567
2Zo1PcszsT9WQ0ANntJbID,1568
2ZrAjMSmlbDIil0JaVgTHh,1569
2a1o6ZejUi8U3wzzOtCOYw,1570
2a3mQSOYa91goACTglQ6Rz,1571
2aFiaMXmWsM3Vj72F9ksBl,1572
2aJnyNu4PQxQ2lyj5boiMG,1573
2aPTvyE09vUCRwVvj0I8WK,1574
2aTKrdenCq5qBOoJPFdn4P,1575
2ajzBr7vwHTEBeqDzcsNRC,1576
2aksifNn5ph8igDOkPBA02,1577
2alc8VZAzDgdAsL2QMk3hu,1578
2b8fOow8UzyDFAE27YhOZM,1579
2bAAj29XGc4h1G4oEGYCmg,1580
2bBMODHVTXGwE2aZYfbgCt,1581
2bNrvWD9d5Zn9tS8XvcaMk,1582
2bPtwnrpFNEe8N7Q85kLHw,1583
2bT1PH7Cw3J9p3t7nlXCdh,1584
2bdqU7C4softKNcMYDFi96,1585
2bjwRfXMk4uRgOD9IBYl9h,1586
2c6xRsQBv7pynuhYhWoHxo,1587
2c7GlMNmF7pbohjykutmLP,1588
2cKovq3l6OJjhVVDbVKOsr,1589
2cYnZNzFRFK0H7vSNxPsUq,1590
2cc8Sw1OnCuA5bV8nqWqpE,1591
2cnKST6T9qUo2i907lm8zX,1592
2cvOfKHOHgwQlLiuLKP2xR,1593
2dHHgzDwk4BJdRwy9uXhTO,1594
2dHoVW9AxJVSRebPRyV2aA,1595
2dfHh7ECGxfNqZTQno09Vk,1596
2dfqS3MRtbLZSZA1IL8xY5,1597
2dgFqt3w9xIQRjhPtwNk3D,1598
2dgrYdgguVZKeCsrVb9XEs,1599
2dpaYNEQHiRxtZbfNsse99,1600
2dqLk7ezV15LEJEwUmEbXB,1601
2drEUEg0TYQR6dDEHkpuPE,1602
2dxky69jKzbtUfA3Hl8Nuo,1603
2e2AXpIiJpet5b4qg85Gh6,1604
2eAZfqOm4EnOF9VvN50Tyc,1605
2eAvDnpXP5W0cVtiI0PUxV,1606
2eMwDehkIC1j68U6FA3Eiq,1607
2ePtv8MlBO9nuuXABqAfEX,1608
2ekn2ttSfGqwhhate0LSR0,1609
2f0GI2ZLUtbGqFx8t2Gk6A,1610
2f0pn9DkEJwAzXApnFh5cr,1611
2fB5YRuD88drKpCXQOAk03,1612
2fOlBMkWR7lXJfqp5VTbDG,1613
2fQrGHiQOvpL9UgPvtYy6G,1614
2fTdRdN73RgIgcUZN33dvt,1615
2fZTS0VboxRpF0FdfY7E5P,1616
2fkeWbM6iqTw7oGHTYm2lw,1617
2fuCquhmrzHpu5xcA1ci9x,1618
2g6tReTlM2Akp41g0HaeXN,1619
2gMXnyrvIjhVBUZwvLZDMP,1620
2gQPv5jvVPqU2a9HhMNO1v,1621
2gTdDMpNxIRFSiu7HutMCg,1622
2gYj9lubBorOPIVWsTXugG,1623
2gam98EZKrF9XuOkU13ApN,1624
2gbCG4Rt9984UZ7Tc0dIFd,1625
2gbMPBrBVj3CuNTLp2dHYs,1626
2gkVEnpahpE3bQuvGuCpAV,1627
2gqWRRCXnma9L8xQ1RdemQ,1628
2grAr8pWMuLWn8ZYEE9wDV,1629
2gsNpSn7VvvJuSrIDfRoYy,1630
2gwkD6igEhQbDQegRCcdoB,1631
2gxqozTaq2NYylvS8jd57G,1632
2gyxAWHebV7xPYVxqoi86f,1633
2gzhQaCTeNgxpeB2TPllyY,1634
2h9TDNEXRhcDIV3fsoEVq9,1635
2hfoyc7ve6xM4ZEiNIiU1B,1636
2hloaUoRonYssMuqLCBLTX,1637
2hn2zOA2XFlv6DSmesylrL,1638
2hnxrRNzF74mdDzpQZQukQ,1639
2hsA9YWuF3C9Gosi4dpjJN,1640
2hwOoMtWPtTSSn6WHV7Vp5,1641
2i8f4VnnBjy0yDqH2C452a,1642
2iCDO8ePNuCvMiMFc0FQdA,1643
2iGvsJuc2mC4mDVOVMNAP6,1644
2iUXsYOEPhVqEBwsqP70rE,1645
2iVgM5C7m1G4CJGbms301G,1646
2ijef6ni2amuunRoKTlgww,1647
2isSdmQfVv32j2haL6hk9x,1648
2iwS33Jfev1QBiuhWVWZHY,1649
2ixi9HWJw5lnLDmRMsiCS5,1650
2j2fIJGh4PMdXt9ULI5Tlc,1651
2j3GxEsbNYNeEzz86wDY4J,1652
2jTujnt0y344ai1rNOywgr,1653
2jYmK1cb3Uya6FFsocdpzO,1654
2jrAaawDRCn1JjeouxAyDN,1655
2jt2WxXMCD4zjACthkJQVE,1656
2jyjhRf6DVbMPU5zxagN2h,1657
2kAIpGWnlFLQh48iut6Zzq,1658
2kJRlOyrxsy7Ot3c5TZ8Q6,1659
2kJu14V7hbZw3I4K8L8SXb,1660
2kJwzbxV2ppxnQoYw4GLBZ,1661
2kS6td1yvmpNgZTt1q5pQq,1662
2kVHAQKVtczchKctctzbtK,1663
2koUj1Fn5TKFEkChSmBPIb,1664
2ksOAxtIxY8yElEWw8RhgK,1665
2ksyzVfU0WJoBpu8otr4pz,1666
2ktxr00GpTtbMNeBjNeY8D,1667
2kz1YOhJiNubjigR1gB1VX,1668
2lAyctg5FocS67eksHoyIg,1669
2lCkncy6bIB0LTMT7kvrD1,1670
2lYTJK94hb0fd1LQtb6Dhk,1671
2lYjH3ZbCrW7CHmSRvVCN3,1672
2leIuE4fdcJoNMSKu5Yr7a,1673
2m6Ko3CY1qXNNja8AlugNc,1674
2mNbgyi0gori4b1rFSPgIb,1675
2mYDDUkBcgFNBqkWctyyuc,1676
2mb6YdoavL6db22p7XKJQZ,1677
2mdEsXPu8ZmkHRRtAdC09e,1678
2meHtZ7N97pJfvTL4hYtfv,1679
2mfUa8bLs2s5N4VaqJZ4lZ,1680
2mnXxnrX5vCGolNkaFvVeM,1681
2mqTtvbKxH7SoEQ2oGAnsA,1682
2mt1IqcFyY1zmYZT8Q3xw9,1683
2mvabkN1i2gLnGAPUVdwek,1684
2n7Ao4nyESBa5ti8gcAbBt,1685
2n7ohqg1s68ToAHh4u9mcW,1686
2nC3QhMI9reBIOWutbU3Tj,1687
2nG54Y4a3sH9YpfxMolOyi,1688
2nKYHpmwjLaEOXS3o7QMiz,1689
2nLtzopw4rPReszdYBJU6h,1690
2nMOodYNHBAQ3Kc1QNimZU,1691
2nMeu6UenVvwUktBCpLMK9,1692
2nUJvBO87SkxCViQsLc9Zr,1693
2nZj5YymF54qhAu7RneVP6,1694
2naEVOadudtXHwtZNfjMDM,1695
2nibvvDdAQkVraYP00z2RS,1696
2nqio0SfWg6gh2eCtfuMa5,1697
2nqwxzn7svkN30dVGbXdWf,1698
2o1pb13quMReXZqE7jWsgq,1699
2o9LAypwGH4ctV0i9boo6d,1700
2oBMZYteeO8DyXV9gDx6Za,1701
2oHDJHNondITqbl8xZ9vPn,1702
2oUuLLKS8WbF7ELJcwbqms,1703
2oUwMN5VfdGX10XeQJLBBi,1704
2oe6dDthgthqUkfL3czpEd,1705
2oiixB9QMIzhWaHGVlQx4g,1706
2ookQf9qP2qiBuNFnNXyfl,1707
2p8IUWQDrpjuFltbdgLOag,1708
2pIUpMhHL6L9Z5lnKxJJr9,1709
2pJZ1v8HezrAoZ0Fhzby92,1710
2pPO9YecZimmuVQfIzfV6U,1711
2pXpURmn6zC5ZYDMms6fwa,1712
2plLJpUcYPFrl1sW2pMG63,1713
2plRom0urixt6BE8t7kOhQ,1714
2pn8dNVSpYnAtlKFC8Q0DJ,1715
2pnPe4pJtq7689i5ydzvJJ,1716
2poOAWEj1CStqTVPgIHZ8s,1717
2prnn41CblB8B4yWACDljP,1718
2q6tgiA9tpb6DMguABwCWE,1719
2qEoAz0i6yEz5dPggABcLH,1720
2qG5sZ7Si6sdK74qLxedYM,1721
2qG81jL9UIP54uS8gYyP4k,1722
2qT1uLXPVPzGgFOx4jtEuo,1723
2qcG0nZ6S3zZV0UrkY5nFo,1724
2qkNnJvQvhLiZ63X1L3eFz,1725
2qmG7dokbGpDGD0T5wORWt,1726
2qqZ5fOGuNvYVzgPFDLQ4l,1727
2qsQ8eVDPmobZpvDxQCVQu,1728
2quVkyLSVr5wX2QIhnexUt,1729
2qxmye6gAegTMjLKEBoR3d,1730
2qzUpSVI4NnPyWxbXwumTj,1731
2r4JRwcbIeuAzWjH4YXlLs,1732
2r6OAV3WsYtXuXjvJ1lIDi,1733
2r9CbjYgFhtAmcFv1cSquB,1734
2rCbl9naJYhaxjLsfx88uM,1735
2rDZhKnPaPG054ExZ6nXUS,1736
2rE9TX3VQ0WNt7kziFhKep,1737
2rFsFjq0D9JAmc0APpCO6P,1738
2rPE9A1vEgShuZxxzR2tZH,1739
2rPHUAeUPbNgTmK18FPTiZ,1740
2rRJrJEo19S2J82BDsQ3F7,1741
2rb5MvYT7ZIxbKW5hfcHx8,1742
2rbDhOo9Fh61Bbu23T2qCk,1743
2rc7BkzO8qepMFAxHtOrXc,1744
2rizacJSyD9S1IQUxUxnsK,1745
2rjjNUYONZqC7wSd1i6OFq,1746
2rurDawMfoKP4uHyb2kJBt,1747
2sGF7DBXvL2GjkbG606m1G,1748
2sQH02O2HBCPJCztBrCWNa,1749
2sTDlCxmuZCTDKKk9f1qus,1750
2sXf2JdbB2GlNju00kw9WE,1751
2sYFUcurlISdHlAsnYCEgD,1752
2sfZgYusD8bBvB7qWekvSx,1753
2slqvGLwzZZYsT4K4Y1GBC,1754
2t16D9V5FmmRAJjsSpwvZf,1755
2t8yVaLvJ0RenpXUIAC52d,1756
2tB9OFgAHjAds3cqquLlvp,1757
2tGvwE8GcFKwNdAXMnlbfl,1758
2tOOcDDYkh0PSjr6GwPEAJ,1759
2tPcTFiQF9MbVUyjZ3zDhA,1760
2tTmW7RDtMQtBk7m2rYeSw,1761
2tUL6dZf1mywCj5WvCPZw6,1762
2tdq0CeAGSfhI2l4Gwkvgx,1763
2tnVG71enUj33Ic2nFN6kZ,1764
2toVe5hfuIi97ytDPDbQFt,1765
2tpWsVSb9UEmDRxAl1zhX1,1766
2tzgSUZOUKopYbRqQOVT8X,1767
2u3EyuCqqV31woqGvO9LBz,1768
2u7mxWSeoqTXndK5e08jMp,1769
2uBhGx3m5iJrtsql8Qk00j,1770
2uFaJJtFpPDc5Pa95XzTvg,1771
2uIX8YMNjGMD7441kqyyNU,1772
2uflssWlCaJ6CbTMOsUpNI,1773
2ufmtcIFdFpuUYBPXK5f67,1774
2uhw2oYbugGJbn10wipNX5,1775
2uiOyiRxtNix52dpeaDQPM,1776
2usxQITOSDqvkYiI0oIwao,1777
2uu2aGqA2UblCg581Q7l1g,1778
2v5JTeM6hSmi5wWy7jiwrI,1779
2vBET2pmrQqafaS6zIaYta,1780
2vHzOWRKYPLu8umRPIFuOq,1781
2vPMoMDXxu9uX1igWZmXSG,1782
2vQwlW8H1jFveGNXwZfJCV,1783
2vXKRlJBXyOcvZYTdNeckS,1784
2ve0kuaWUCt4Zx8x4bf1MR,1785
2ve5NyzWHUbIYxL33goCX7,1786
2vgUijXOTRMnWXDtvgMp2b,1787
2vmfvSoZBFAt9hhRoEByLi,1788
2vvdTrdryjsl8DmPIMDWZU,1789
2vy9Ry1TNjCD85TiCbTz0r,1790
2wDjpPW3HZdA9quPPmZAMu,1791
2wG1R0uDFwyobcWzVssC1J,1792
2wOXxtHZgRkkrkEbKLzzqs,1793
2wSTnntOPRi7aQneobFtU4,1794
2wVDWtLKXunswWecARNILj,1795
2wVWGFVkL5I3JGsoWBx2AZ,1796
2wrJq5XKLnmhRXHIAf9xBa,1797
2x0RZdkZcD8QRI53XT4GI5,1798
2x0WlnmfG39ZuDmstl9xfX,1799
2x8TNY9KwNvD19gVGs4WOP,1800
2xGjteMU3E1tkEPVFBO08U,1801
2xLMifQCjDGFmkHkpNLD9h,1802
2xXNLutYAOELYVObYb1C1S,1803
2xbI8Vmyv3TkpTdywpPyNw,1804
2xdwCJLfKCkat14mlgR26M,1805
2xmrfQpmS2iJExTlklLoAL,1806
2xyx0o4xNOLLjBSbOOdcbA,1807
2y4ZR0BUAVePljHSsZyIgj,1808
2yBWnRKj0Zx7AF1kufajvW,1809
2yPoXCs7BSIUrucMdK5PzV,1810
2yUzr8Sr6ldG8vmHhZwTnz,1811
2yZax79pOrYuyIFVW2cZY2,1812
2yg7MXp8nSPaf61HVkhEr3,1813
2ygvZOXrIeVL4xZmAWJT2C,1814
2yjeXq5ahx6UUg2rHaUe6X,1815
2yjlYDiNiQkdxVqTlaSrlX,1816
2yyO7EKRr7c3txi4xCXUFk,1817
2yzshFeBIwH8tWIqHEFLeD,1818
2z4pcBLQXF2BXKFvd0BuB6,1819
2zDj4WjbNDmrRL6Z4YjjCA,1820
2zYzyRzz6pRmhPzyfMEC8s,1821
2zjGJ0dChMR0KxBZS15aqo,1822
30KctD1WsHKTIYczXjip5a,1823
30QR0ndUdiiMQMA9g1PGCm,1824
30Y4CV7A6YqtQtTTo7Ue4j,1825
30bqVoKjX479ab90a8Pafp,1826
314ZkcV7oLWG8yWE7LABvH,1827
31bsuKDOzFGzBAoXxtnAJm,1828
31i56LZnwE6uSu3exoHjtB,1829
31mzt4ZV8C0f52pIz1NSwd,1830
31nfdEooLEq7dn3UMcIeB5,1831
31tf1qEai5o5f4r66Kd0pU,1832
32BeYxKPrig1LefHsC0Xuo,1833
32DGGj6KlNuBr6WaqRxpxi,1834
32OWobmyAz8J2qA8iWekyS,1835
32OlwWuMpZ6b0aN2RZOeMS,1836
32h6yQGn4oAhZ0HRsTMX26,1837
32lItqlMi4LBhb4k0BaSaC,1838
32vE1nuG8T9c8bhmZdRY6d,1839
33B2QbtAj8mbDpwvGTOnBt,1840
33IOhptvC2Qoy2UhjiHXLV,1841
33SNO8AaciGbNaQFkxvPrW,1842
33bURv895AN4FkBvgFo2dx,1843
33gwZOGJWEZ7dRWPqPxBEZ,1844
33zcmmElV1YbRZe57biUjg,1845
340UVheS8z3ncW9TTUhAbc,1846
343YBumqHu19cGoGARUTsd,1847
347AQK5Lyhn6RvB8tBGYxt,1848
34D6FJysnQioVingDKufuf,1849
34LI7rwi9H8w2S5KTHnv1M,1850
34V9RiEPe8MNdU32qJsJa1,1851
34d7sGX6WUqq8f04e7CSNF,1852
34eF4BoV8FPk0uhAAoqU7h,1853
34i4yxPrHWquuR4kjiivFO,1854
34o6gteNy2T5rieA0xYAgo,1855
34sOdxWu9FljH84UXdRwu1,1856
34tz0eDhGuFErIuW3q4mPX,1857
353IDEfNzPJmGNRnOi5kJ1,1858
35COLcFjvONwVv6jkG23gI,1859
35D06z7kmwMmYYbyJ0BkSm,1860
35KmOEIUqAGn02t7n4qaIr,1861
35QZaWQRkmnAVqBF1TLCxQ,1862
35RDmXJ59YYGNlv1KfTGsP,1863
35RJhm1pEovTBwnNR0zWad,1864
35TyJIMR3xRouUuo2sjS6v,1865
35UUpTmrcFXNIVIN26ujXl,1866
35ieKju5aLWFN5UgfJ27mL,1867
35mvY5S1H3J2QZyna3TFe0,1868
35ovElsgyAtQwYPYnZJECg,1869
35wvL50xvKpCHEJPxLOLPI,1870
35z5xJpu76nakf65i1BCMl,1871
364dI1bYnvamSnBJ8JcNzN,1872
36CiGk9oRdwTnBDMgKEfjl,1873
36DHxTW2xdr9GG15T9oK9L,1874
36J0iaPDGbYGsHvYpaYs3k,1875
36ONiya0OANYknz0GgJmwB,1876
36TO60sxDduIsO3xH8IcUh,1877
36YCdzT57us0LhDmCYtrNE,1878
36gcliMRX1vCpgnrZE3dFZ,1879
371l4ekF9cDC2D5WuuabU6,1880
373gDROnujxNTFa1FojYIl,1881
37BZB0z9T8Xu7U3e65qxFy,1882
37CoOXIsgF3NzbK1zHZetk,1883
37F0uwRSrdzkBiuj0D5UHI,1884
37F7E7BKEw2E4O2L7u0IEp,1885
37Nqx7iavZpotJSDXZWbJ3,1886
37TSJmYKLxXmx8OehFpqMN,1887
37eGbhE1xVFSvcKkqGb6i1,1888
37y7iDayfwm3WXn5BiAoRk,1889
380HmhwTE2NJgawn1NwkXi,1890
38DlSDrx9tgc5Gfq6y3aBa,1891
38GBNKZUhfBkk3oNlWzRYd,1892
38QmUDpkoYlNbMKvpvAsrE,1893
38RIEav39FGi86jppxO0du,1894
38T0tPVZHcPZyhtOcCP7pF,1895
38TgLPNHsPzgqri5G4SPun,1896
38UYeBLfvpnDSG9GznZdnL,1897
38iBrrbbXyWaSPkmuDNgjZ,1898
38td8VabuKlQt72Q2VnhbO,1899
38zwkK6TtTjIW9tpYBfZ3D,1900
39JRmdKFka1Oe09FoOCPI4,1901
39JofJHEtg8I4fSyo7Imft,1902
39L3LdlHS3gqB62HPWaJRg,1903
39MK3d3fonIP8Mz9oHCTBB,1904
39N9RPD9MRb5WmoLzNzPeA,1905
39NDBdU5Xkm5pCFGa5kZtI,1906
39Yp9wwQiSRIDOvrVg7mbk,1907
39kzWAiVPpycdMpr745oPj,1908
39pS70eeDvyCAF3t8NAlVV,1909
3A7qX2QjDlPnazUsRk5y0M,1910
3AAY8YicetRPlDAkibHLiS,1911
3AEZUABDXNtecAOSC1qTfo,1912
3AFPGvRzeKeNJbIbLwcz4G,1913
3AJwUDP919kvQ9QcozQPxg,1914
3AOf6YEpxQ894FmrwI9k96,1915
3AbNNvo2OmyeDMvRBgf9vk,1916
3AsAuGTaDQzavZZThyYlop,1917
3AzjcOeAmA57TIOr9zF1ZW,1918
3B7udSGy2PfgoCniMSb523,1919
3BHFResGQiUvbYToUdaDQz,1920
3BKD1PwArikchz2Zrlp1qi,1921
3BUWNzPWz2mDbptZmGEXpB,1922
3BYIzNZ3t9lRQCACXSMLrT,1923
3Be7CLdHZpyzsVijme39cW,1924
3CDVMejYHnB1SkEEx0T1N4,1925
3CGZ7wfk4skmuyQgua1C1K,1926
3CJbxqRQ0JNCqboWDNUUeX,1927
3CNbrXrUrEARw8zeKNCdYo,1928
3CRDbSIZ4r5MsZ0YwxuEkn,1929
3CVb6hkMrlF7eHhXi5B3PZ,1930
3CWq0pAKKTWb0K4yiglDc4,1931
3CYH422oy1cZNoo0GTG1TK,1932
3CeCwYWvdfXbZLXFhBrbnf,1933
3CidPLqWXqgesJlwYVJZdy,1934
3D1rlKmZdpYUeMtRRLNawc,1935
3DK6m7It6Pw857FcQftMds,1936
3DKpA54hrFIdPN6AtL9HXa,1937
3DMs7bahbQTnoxCjgP7qoK,1938
3DX4Y0egvc0slLcLl31h2p,1939
3DXncPQOG4VBw3QHh3S817,1940
3DZ8dbKg4OTSSqGARvecYd,1941
3DarAbFujv6eYNliUTyqtz,1942
3DoBTwfr8yi2LN08SBpFkN,1943
3Dv1eDb0MEgF93GpLXlucZ,1944
3Dwq1oiOFys6Sxr5SslmXw,1945
3E2Zh20GDCR9B1EYjfXWyv,1946
3E7dfMvvCLUddWissuqMwr,1947
3EApebexZ7YqDIqw2EMTDh,1948
3EMp20j5E42MxfFbsEsIvD,1949
3Eax1yebRxj6LSYpxE9Yd3,1950
3EfugazgSddQvzZpkof5I4,1951
3EikYy40GMSp8l5mDV6IQo,1952
3EmmCZoqpWOTY1g2GBwJoR,1953
3EtyEzMpfKSaoVhPunvbRV,1954
3EvZ03hGAFwGZ2Ebcu86YH,1955
3F1P0QzdXtBz0MXy7KIO5w,1956
3F5CgOj3wFlRv51JsHbxhe,1957
3FAJ6O0NOHQV8Mc5Ri6ENp,1958
3FQCJI2t5LTbsRPfYVBSVB,1959
3FSwpQ9dBZBeBV6UdYHI2R,1960
3FUXVbi9ugVUqJ3rPrfd2G,1961
3FeVmId7tL5YN8B7R3imoM,1962
3FiE2d325mIOc4YjkSLVJR,1963
3Fj47GNK2kUF0uaEDgXLaD,1964
3FkeNbs9Zeiqkr3WkbOiGp,1965
3GVkPk8mqxz0itaAriG1L7,1966
3GYlZ7tbxLOxe6ewMNVTkw,1967
3Ga6eKrUFf12ouh9Yw3v2D,1968
3GaGWoU1KfVqgl7vnRHP55,1969
3H3r2nKWa3Yk5gt8xgmsEt,1970
3H7ihDc1dqLriiWXwsc2po,1971
3HWzoMvoF3TQfYg4UPszDq,1972
3Hb9kUdm4yf839Fle4RIdT,1973
3HqcNJdZ2seoGxhn0wVNDK,1974
3HyR1j49TY5ACP2lseF1jx,1975
3IB5qOeMayvpOdHxYCL5tZ,1976
3IHt4j5uAEl7iBu8Utn985,1977
3IMLoeLerS7TMpKjxUgAhx,1978
3ITkrUvAA6gzxer2UIom3P,1979
3ITvHA9zhZZdBJsOsAUegF,1980
3IWs9dAwTqN0EFhOIcBDfs,1981
3Iba59sFmGhQ4kbCY5L8AX,1982
3IhM5Mber8KA0NaRNpK2px,1983
3IkWmgGsXbsafrunwPojXO,1984
3IvMYBE7A3c7to1aEcfFJk,1985
3IxMaULfjq4IT2IN6v54PB,1986
3IznIgmXtrUaoPWpQTy5jB,1987
3J8EOeKLTLXORtWPpOU5bE,1988
3JKgcAa7r07ocVWcV8bS0H,1989
3JKhmIlixlYwFLzrkc6drb,1990
3JR0ducCexKbeK47g6AHm5,1991
3JR2RztQcOjUQGQSybxDIO,1992
3JWiDGQX2eTlFvKj3Yssj3,1993
3JXF3LsUjyDIHjuwhXxdjo,1994
3JZjcKImHcmOI9ylL4zrSc,1995
3K4HG9evC7dg3N0R9cYqk4,1996
3KCNiDi9Pza6ZD8FggNoaw,1997
3KJ3opyV29269SXkPrc19l,1998
3KLygy1YWhmrQx0GRs7IOx,1999
3KZCP2StVGdWkOKyRZNWA4,2000
3Kd6Wp3lG5HXMB2dlvuy7y,2001
3KdoeNlEN0BoAKWzaRLNZa,2002
3KixNgUEaDtrKJVzdqjU5q,2003
3Kkjo3cT83cw09VJyrLNwX,2004
3Kw7zkALCVxY4wmlnh2IWC,2005
3KyKxJ4P3pVCgaZwaq2rUC,2006
3L19besdNQzd342qL78xqm,2007
3LHYmz86DxGInsRp3wiiW5,2008
3LbZIhU0smEU5SUnxod4j4,2009
3Lfiu5sZ4M4B6JaKMBc0FU,2010
3LgWsmilsrWXiPYQFRD0T7,2011
3LnpBazWpD31QMTn6LgVGv,2012
3LtpKP5abr2qqjunvjlX5i,2013
3M0lSi5WW79CXQamgSBIjx,2014
3M9Apu4OZfylLTFKvgEtKa,2015
3MJhPqL2IgGs7gHEB2M35q,2016
3MmCFghNjzZMn3HKqbVizn,2017
3MvY2XbGYFi6p2dgmdcOYG,2018
3MytWN8L7shNYzGl4tAKRp,2019
3NanY0K4okhIQzL33U5Ad8,2020
3NbTQ8ZbHU6MSEVUFAVCJ9,2021
3Nc86B5XmDlG1KuEeSLD8x,2022
3NdDpSvN911VPGivFlV5d0,2023
3Ne5uYDFzHEFYAPbaBMIck,2024
3NeiYiBn3rQBgurfVk92Zm,2025
3NgCzSW98SsqBdpYcnm4kv,2026
3NhstUmrlhaN1M6hP8zMbb,2027
3NkJNL3WqO1Lqc3uNDxvCN,2028
3Nl5OkkmS5DaBZvuYofpAt,2029
3NqBxTOMCJ3zW9CIP51td4,2030
3NuK5xMlSlB6K2Qp16zf3h,2031
3NuLxTXowTRcguTh9RsPmM,2032
3O7p9Itz8PXUoAjD2vmuM6,2033
3OTSBoYKO7HzGVj8Bu2OH9,2034
3OdIiWnYRHPYtC313Z0Bwy,2035
3Ol2xnObFdKV9pmRD2t9x8,2036
3OnOomd79OjqSYHchCQ6ht,2037
3OoZagIW3YK8vjt0ws6NOI,2038
3OtQmFLS5b3pTgIf44GQFJ,2039
3Oww84xrmgjyr5J1ilOmAf,2040
3PEgB3fkiojxms35ntsTgs,2041
3PH1nUysW7ybo3Yu8sqlPN,2042
3PIDciSFdrQxSQSihim3hN,2043
3Pbp7cUCx4d3OAkZSCoNvn,2044
3PfIrDoz19wz7qK7tYeu62,2045
3PzeZR8CqtwXmSn5AVao7J,2046
3Q4gttWQ6hxqWOa3tHoTNi,2047
3QCU8BT0zDS9LPVfEhRFEE,2048
3QFInJAm9eyaho5vBzxInN,2049
3QGsuHI8jO1Rx4JWLUh9jd,2050
3QGxgNaqaFSpORp2OVLXHR,2051
3QH8rQGNFX8VLbCgZ7uPTS,2052
3QIoEi8Enr9uHffwInGIsC,2053
3QPBocWfIcOCdFFvmqn60F,2054
3QS9ZCtoSCJhmaJ7QNXSAS,2055
3QVHSV8YKYq4L8tI5rnFgj,2056
3QWjljChcOMkRDYSzF33Qr,2057
3Qa944OTMZkg8DHjET8JQv,2058
3QiAAp20rPC3dcAtKtMaqQ,2059
3QmolSZqjjLksTUvZJ6pPS,2060
3Qu3Zh4WTKhP9GEXo0aDnb,2061
3QwBODjSEzelZyVjxPOHdq,2062
3QzAOrNlsabgbMwlZt7TAY,2063
3R8CyhJfVjvgIROd5RSGhQ,2064
3RIgHHpnFKj5Rni1shokDj,2065
3RKjTYlQrtLXCq5ncswBPp,2066
3RZftiuTcLOqpsd8ZlwNhr,2067
3RauEVgRgj1IuWdJ9fDs70,2068
3RiPr603aXAoi4GHyXx0uy,2069
3RwWW7KeVhHGayYJgUL5eZ,2070
3S0OXQeoh0w6AY8WQVckRW,2071
3S68RFe1lsdCdTMPIMJM3X,2072
3S7HNKPakdwNEBFIVTL6dZ,2073
3S8jK1mGzQi24ilFb45DAZ,2074
3SIRBp4RRQ2AO5H4NO7xfq,2075
3SYLoL8KHxdQPYIkfwmUjN,2076
3SawmGBjjq8EOYZJV11cJm,2077
3SsJ17EnPIu1B4GZshqjIS,2078
3T03rPwlL8NVk1yIaxeD8U,2079
3T4UodGkfZObJ43RtA5KFU,2080
3TLwAp3uX1nKsVxrDhNPOL,2081
3TSLqZssCoCdDlMhCJ08XW,2082
3TTMUI5dFcbeNSDTTDY9M8,2083
3Tc57t9l2O8FwQZtQOvPXK,2084
3U5JVgI2x4rDyHGObzJfNf,2085
3UHPGOkUcE4hE7sqBF4Snt,2086
3USu1p2lKTzoKFIRDeeJf8,2087
3UYiU57SMiAS5LqolhHJw1,2088
3Ua0m0YmEjrMi9XErKcNiR,2089
3UjJP4ludb74a29P5EHEIo,2090
3UmaczJpikHgJFyBTAJVoz,2091
3Uo7WG0vmLQ07WB4BDwy7D,2092
3UoULw70kMsiVXxW0L3A33,2093
3UwT4FadEGWyMdaSwYcUBY,2094
3V8UKqhEK5zBkBb6d6ub8i,2095
3VTNVsTTu05dmTsVFrmGpK,2096
3VlW71ZRJPEjd17W0bW28D,2097
3Vo4wInECJQuz9BIBMOu8i,2098
3VvA1wSxukMLsvXoXtlwWx,2099
3VyjsVV24RmBIbWJAeUJNu,2100
3W5KHP0Yr56ejVDns9vci3,2101
3WMj8moIAXJhHsyLaqIIHI,2102
3WRIaWsws011vHMd9uzPjG,2103
3WUyu94psXrYV6HZbXgcFA,2104
3WefHNGtjexZvi66ZEx9u4,2105
3Wf2YGdYT8xVdNsQSoRKk9,2106
3WfSNAoj2D8C9noPSGZZFM,2107
3WlbeuhfRSqU7ylK2Ui5U7,2108
3WnTQDd9A3bpBfzCziElU9,2109
3Wrjm47oTz2sjIgck11l5e,2110
3X6qK1LdMkSOhklwRa2ZfG,2111
3XF5xLJHOQQRbWya6hBp7d,2112
3XHJUG5I2zYqOEmEZUX68n,2113
3XIXklO3e0uWUAUkOR7NLI,2114
3XLbDUB5BX2WqL2qoAsvtb,2115
3XREkzDHsWdBL5tybyCDBH,2116
3XgGQ1wjo5khvq2UImjyNF,2117
3XiNC94b4Tq1xwv70sQJGN,2118
3XoYqtiWHhsk59frZupImG,2119
3XoflnowYPFRPOh3uFvHcm,2120
3Y7MHz19qCg1Pkxridtu1k,2121
3Y7a0typ6ik1KscmebXd6D,2122
3YJJjQPAbDT7mGpX3WtQ9A,2123
3YU6vJbjYUG0tiJyXf9x5V,2124
3Yh9lZcWyKrK9GjbhuS0hR,2125
3Ytr1SUCUi6J3L9dRFx5iH,2126
3YvE7uo4ffseBoJPh8IhHp,2127
3Yw09dj3cTXsAzlLjgBfIP,2128
3Z0oQ8r78OUaHvGPiDBR3W,2129
3Z7CaxQkqbIs1rewKi6v4W,2130
3Z8FwOEN59mRMxDCtb8N0A,2131
3ZCTVFBt2Brf31RLEnCkWJ,2132
3ZEno9fORwMA1HPecdLi0R,2133
3ZFTkvIE7kyPt6Nu3PEa7V,2134
3ZQLH6uKCfvgkbnMSVNCQe,2135
3ZYwSDF9knZI0RVlKR4PHC,2136
3ZhTT6yjZwpPph5MIJ53XY,2137
3Zyk5Vd9WNPNVWxvb0EZTk,2138
3a1lNhkSLSkpJE4MSHpDu9,2139
3a94TbZOxhkI9xuNwYL53b,2140
3aA6xB0tOilDDX17fIJ0Bl,2141
3aQem4jVGdhtg116TmJnHz,2142
3aUFrxO1B8EW63QchEl3wX,2143
3aW0ds4A4tSQDIp75FqWTo,2144
3agFBAMPiIvzfTh7a9Udm6,2145
3agtg0x11wPvLIWkYR39nZ,2146
3apeXzypBMnUfYcZYNX6DH,2147
3azJifCSqg9fRij2yKIbWz,2148
3b5Li4QKDVBx1x7fQuu54a,2149
3bH4HzoZZFq8UpZmI2AMgV,2150
3bK1zVFBKIzYjmptmI4NsJ,2151
3bNNvJA7hsGw0wSpGkfOBm,2152
3bWAqKDWg6u1davspr5IkS,2153
3buwFfY33H32wfZ6X9poV3,2154
3c3XJ9P1BjOtmNXKvdVyHK,2155
3cBsEDNhFI9E82vPj3kvi3,2156
3cFsmM51N5zMAuu1nNY4Tw,2157
3cNjgVBKTJ1SvKhunrCdVy,2158
3caMfJGFp53NAH2TuigdNj,2159
3cphb8kdsjElYR7r5icK3H,2160
3dG6tjetoR4GMmUGZUprLt,2161
3dJj6o9o1fRgrojWjailuz,2162
3dQDid3IUNhZy1OehIfYfE,2163
3dVvWnj4D8JGkKvo6Hucso,2164
3dbLT62Cvs46Ju7a8gpr36,2165
3ddxe0WYUpNPtSnHgQOad5,2166
3dnP0JxCgygwQH9Gm7q7nb,2167
3e6ebtUCZ0tZL1J7wvM8Xi,2168
3e7Y6sfFlIdBMJhX7wpqVO,2169
3eJH2nAjvNXdmPfBkALiPZ,2170
3eP13S8D5m2cweMEg3ZDed,2171
3eR23VReFzcdmS7TYCrhCe,2172
3eV2WT9YhfzkxbufnBF8wK,2173
3eX0NZfLtGzoLUxPNvRfqm,2174
3eZYOQO4UzKrUDYDghtnFw,2175
3ebXMykcMXOcLeJ9xZ17XH,2176
3eekarcy7kvN4yt5ZFzltW,2177
3fDTzkvrOo5xQIO480Qmsb,2178
3fEoJxnPpfIHwFHKiFtqbA,2179
3fGW43fnu3OHEw6ohTC2Bw,2180
3fpVWegR6YOS1Yk5HSMYIq,2181
3frUvGrmGcay91lvFbOgsN,2182
3g0mEQx3NTanacLseoP0Gw,2183
3gD4J3RUHy4OUuZ3qAiaiG,2184
3gOI5aQD4mOMLsP3aWrkon,2185
3gWzTnziivUYzqXtnvgN8q,2186
3gdewACMIVMEWVbyb8O9sY,2187
3ggtU1ZOKO8ZNiqPNyXGcm,2188
3grVoZ10bm2jUGpo7BxpuF,2189
3h5TiWTqGxjSjFrbruPFH9,2190
3h8tI65xdfpQyTAy7Grqwa,2191
3hB5DgAiMAQ4DzYbsMq1IT,2192
3hRZsdTF5uyGA2uhNqEuhm,2193
3hUxzQpSfdDqwM3ZTFQY0K,2194
3hwQhakFwm9soLEBnSDH17,2195
3hxIUxnT27p5WcmjGUXNwx,2196
3i058E8uxTsYqJ5NWZzqSj,2197
3i0FkJYlU4MFfYkjFHXXAM,2198
3i6sCTU7ENlnHpHvrHUitW,2199
3iBgrkexCzVuPy4O9vx7Mf,2200
3iEqGBZ2wcpVzhiAcwXVC6,2201
3iPbmpKBMflYd7UjdYftoj,2202
3ibRxEv4KkcU9e259eyNJA,2203
3ioJs8DQw527GmqJIp5gZG,2204
3iq9nhbI8fcnNamxMft1uv,2205
3iw6V4LH7yPj1ESORX9RIN,2206
3j84U36KvLeXNDPv4t5pI8,2207
3jT2LKH0RSbQ8jIUNFzXm5,2208
3jbT1Y5MoPwEIpZndDDwVq,2209
3jipFRgLyKK0oJoG1pKicx,2210
3jlxX3VXPiY3lvBBbppQD3,2211
3jzbpOzoYa22FvzBkNkLvC,2212
3k0YJnqMKRZb8swo86vCkq,2213
3k3NWokhRRkEPhCzPmV8TW,2214
3k4CoiIQXiNBrwrmbBMDxj,2215
3k6q0O9JnO2GhvD6C8fs20,2216
3kGfazcbVvVkuZunzlLgTD,2217
3kW4z2pIj5VY5fLjBrMRL5,2218
3ke6it1vTmHtz2ApcIVUz5,2219
3kf0WdFOalKWBkCCLJo4mA,2220
3khEEPRyBeOUabbmOPJzAG,2221
3ko9jEHNt4O5fjKN65ULJp,2222
3krZxyBsWEHfEfJegYaWTd,2223
3ktTWpYdXrYApH54cBo4Ap,2224
3kwgqoBqTwoAH4nT29TYrq,2225
3kxfsdsCpFgN412fpnW85Y,2226
3l6LBCOL9nPsSY29TUY2VE,2227
3ll9PUsB2KIliRoyGEUwFz,2228
3m2aDCqn8eT5ElXDUiboGU,2229
3mRcWCyteY2133a7xVMrYw,2230
3mzbab4H0iZYkHggSEj0UX,2231
3nAp4IvdMPPWEH9uuXFFV5,2232
3nNmRE0DxHC6ZaKkrpUumS,2233
3nOz1U41SZZ0N3fuUWr9nb,2234
3nS9a01VvXHQriLqJYwRqG,2235
3nY8AqaMNNHHLYV4380ol0,2236
3nc420PXjTdBV5TN0gCFkS,2237
3ndCsZfq8OVwwkz9mmZvUz,2238
3nhGk6VnrDHy67pXvMhdPa,2239
3npzogdOEiVsieXmmhBepL,2240
3nsfB1vus2qaloUdcBZvDu,2241
3o9kpgkIcffx0iSwxhuNI2,2242
3oGVx9RBmiYGv5ZCecWLkx,2243
3oHkMCVJyOcjg5FhfLc2Rq,2244
3oRW9ZGPRbLRMneQ5lwflt,2245
3oZ6dlSfCE9gZ55MGPJctc,2246
3oZZfVvLJuDYc4Vn3A63Fw,2247
3obgSF06ki98lYNLNq5vCB,2248
3ojTJaonfkL96iIWa47SU3,2249
3onYsG7nB3FwEVHYYWCrIM,2250
3op7HNwLli54MBjFGzIlZO,2251
3orEOtd8CPL8GFlpRpKuoE,2252
3p6hnejEQYXkiTO1lAzVc0,2253
3p7XQpdt8Dr6oMXSvRZ9bg,2254
3pCt2wRdBDa2kCisIdHWgF,2255
3pIigjAWkzwAonXpJ1fmSF,2256
3pTScODwk9tggZzmuH6xDY,2257
3pUa0ZxdSeaJXm0EIydD3F,2258
3pWcj8hxj3fsb9TDAcMpEl,2259
3pv7Q5v2dpdefwdWIvE7yH,2260
3pzjHKrQSvXGHQ98dx18HI,2261
3qCeq0rWK67SoBDgFd2sId,2262
3qXsX3mYSsD1DmAvc3PE3N,2263
3qhlB30KknSejmIvZZLjOD,2264
3qmvK8QARSPkFTuKeIXSbs,2265
3qnoOm4fwZPBS116f5hpgF,2266
3qoftcUZaUOncvIYjFSPdE,2267
3r8RuvgbX9s7ammBn07D3W,2268
3r9FFjLrAIQjoR8pSHVPC9,2269
3rFF7kSm5qBOOPs6ljFgPp,2270
3rRin3LyLY92kpEbkCgwf4,2271
3rUGC1vUpkDG9CZFHMur1t,2272
3rV5y8rcQrwRt9fWGLmjOQ,2273
3rWDp9tBPQR9z6U5YyRSK4,2274
3rb0tMq42WfggucPm0HHkA,2275
3rdAz1fbUfZxYgaCviYhRo,2276
3rmo8F54jFF8OgYsqTxm5d,2277
3rq5w4bQGigXOfdN30ATJt,2278
3ruoIF2UnoXdzK8mR61ebq,2279
3ryjLm3oupIjJFGc39naNi,2280
3s4mrPrEFFPF0LmAfutW0n,2281
3sNVsP50132BTNlImLx70i,2282
3sa06xVNmLLYIxdNNmVQN8,2283
3sd2p4kE7xQmFH3lPnFl6h,2284
3soOPBuMK8YMdWnV7xpEyf,2285
3swc6WTsr7rl9DqQKQA55C,2286
3szf2z1Cy1QMrtHrbn8rz9,2287
3t0ic4mkhvhamrKDkulB8v,2288
3t4KHjd8uQpJJ2fa0fRIpR,2289
3t8pnImpBpOwxdtYBpKvA9,2290
3tAQNhm1o0kzldsI5QkrB1,2291
3tDqEKKUs6gf8zMvSuLyLA,2292
3tNMdL4qjzNHfo7rlVMESK,2293
3tYTyAt1q6BFBiGyYVOLhi,2294
3tcnWNjEXyXCbFR9zonrX2,2295
3tcoEYOZUHKB3RKNByIN13,2296
3tjFYV6RSFtuktYl3ZtYcq,2297
3towKHKVOXCCcL1fHv6xFO,2298
3tt9i3Hhzq84dPS8H7iSiJ,2299
3tv697PZNnaQN0Mn2zGhS5,2300
3uJFmluXzYedoJcvhpC1AW,2301
3uMB82o0qa7erhiZBW9KQC,2302
3uUuGVFu1V7jTQL60S1r8z,2303
3uYDO9dPLTVrgfwg7EYXSf,2304
3uayvzcbqFydIbgUeC6EJh,2305
3umS4y3uQDkqekNjVpiRUs,2306
3uwnnTQcHM1rDqSfA4gQNz,2307
3vAn0qZzdyuHamcrpkfiX3,2308
3vJcz8exedHCjQ9ed95NqU,2309
3vXnuFnC5RhPGwsFi0ORcI,2310
3vcLw8QA3yCOkrj9oLSZNs,2311
3vgNmjuRDnGLxUFGCLkwpm,2312
3vkCueOmm7xQDoJ17W1Pm3,2313
3vySEUpD0tc801F2WZDLYw,2314
3w0w2T288dec0mgeZZqoNN,2315
3w1WjD2zJqjBjDz5fwqQPJ,2316
3w9VRlKPvNxj40RdUGRweH,2317
3wFLWP0FcIqHK1wb1CPthQ,2318
3wH4eUkJ1rL5xTU8PZZyOy,2319
3wScL5W8H40zzCKN0atfBk,2320
3whrwq4DtvucphBPUogRuJ,2321
3wwo0bJvDSorOpNfzEkfXx,2322
3xIMkM5LgbVDkpO74O3Np3,2323
3xKsf9qdS1CyvXSMEid6g8,2324
3xRH6FPVtheDyNla3T1FE7,2325
3xWGA8pa0IKFI7IMPri4P0,2326
3xXBsjrbG1xQIm1xv1cKOt,2327
3xYJScVfxByb61dYHTwiby,2328
3xaugmCyXrVkrDTXbFkMW3,2329
3xgT3xIlFGqZjYW9QlhJWp,2330
3y3brCCecHC3Db18aIOnny,2331
3yII7UwgLF6K5zW3xad3MP,2332
3yNJkriPzWjkkDAWHIAVUq,2333
3yNZ5r3LKfdmjoS3gkhUCT,2334
3yOlyBJuViE2YSGn3nVE1K,2335
3yTkoTuiKRGL2VAlQd7xsC,2336
3yaYgjEFkRw3PVjW9mV1TO,2337
3ydI3CesHBnaY01Qff9jOr,2338
3yfqSUWxFvZELEM4PmlwIR,2339
3z6XUommYDWPHeFhmhhT6j,2340
3zKST4nk4QJE77oLjUZ0Ng,2341
3zZqro4MGeFOR40HxFEPlv,2342
3zkyus0njMCL6phZmNNEeN,2343
3zpGLSQ8QbbUnNjweWPLMD,2344
3zxrecYFao03IrrcyFiaMU,2345
401160izncPtca3CmX3dvM,2346
40EXFgNMOIQRQOwJZ8mJkC,2347
40KuvsFD0zpUFuCcmt5Xm0,2348
40OMBMYRk5IQL6xCzGM0JA,2349
40SBS57su9xLiE1WqkXOVr,2350
40T5GIqQ1CegGm2PTEl8Bu,2351
40U8d12pC5UHqmHwXjHjjl,2352
40YbWniIEmqy6s58fYXLUh,2353
40YcuQysJ0KlGQTeGUosTC,2354
40iJIUlhi6renaREYGeIDS,2355
40mjsnRjCpycdUw3xhS20g,2356
40nPimvmG05WYS7983bawZ,2357
40oKW22ZNNkEdZLJTScaQI,2358
40qyPyljksBEqlNw5sW37T,2359
40uMIn2zJLAQhNXghRjBed,2360
410TZrK18uRjtsTunG14cl,2361
4178A5NkEjcsGc64jpBO6d,2362
41A89rj3GoMG6ktN37L7PG,2363
41JPN7pZMTp1sumBOHOzHd,2364
41MCdlvXOl62B7Kv86Bb1v,2365
41WQUSINanQHfhfKpFDsms,2366
41bmnQZoDMQdDh5zyomtW7,2367
41oY4WCTj5kccfesTVFnvN,2368
41wtwzCZkXwpnakmwJ239F,2369
421eObjg0DTm2qajJl5OJm,2370
42NpUvd0I2kdIuMXX4nobE,2371
42Tohunwlh34o0mgxYx5iq,2372
42VsgItocQwOQC3XWZ8JNA,2373
42ZrMq4BKsWDrrbMnMRYaK,2374
42zePe03Iq8tvFcJAIKkp8,2375
4356PL6jkERzJouVfQQkZo,2376
4356Typ82hUiFAynbLYbPn,2377
43CIWpJaJHRcI4mUSjqgc2,2378
43V1z6QToNNWNldV4FEG6r,2379
43ZyHQITOjhciSUUNPVRHc,2380
43ay9lQZ5rfNcOOHhRF2cM,2381
43cFjTTCD9Cni4aSL0sORz,2382
43eRVwfXFkY3kXN4K47gNT,2383
43rA71bccXFGD4C8GOpIlN,2384
43wzy7JxMEfvCh8ZFeZKYk,2385
43y1WpBdnEy5TR9aZoSQL9,2386
444vevlQjTnKioLLncteGv,2387
447yWcDPg1ddgcHBLGpJC0,2388
44ADyYoY5liaRa3EOAl4uf,2389
44Fc0oSgRn1MFwu18TcY8S,2390
44FzVABpR2cciquTqADA0D,2391
44KKhCyI0BGS6LvVyDqJtH,2392
44ShclXTOOnYtt5CnCDeGV,2393
44WLOqH7QayQOQdeUHeKUK,2394
44XjoNvtwevktFKjvVe1vH,2395
44ZJ4hLD5onikKsVLQaILr,2396
44gRhRi2OhEf7moAUj6MD1,2397
454Epa1vrCGFddHXKyC1kb,2398
456WNXWhDwYOSf5SpTuqxd,2399
45Egmo7icyopuzJN0oMEdk,2400
45S5WTQEGOB1VHr1Q4FuPl,2401
45bE4HXI0AwGZXfZtMp8JR,2402
45pUWUeEWGoSdH6UF162G8,2403
45wMBGri1PORPjM9PwFfrS,2404
463PQggkmk5tTw8ug0ahOX,2405
46D0hYb1B7qiU33VtXt21W,2406
46HdsiK0uR26B2dY9QPzda,2407
46lvmzK8wxAy66tjzXXSh0,2408
46mT9NR7N9Zf5MolcrBgE3,2409
46nvQpUDsxpS08UTFOeKTA,2410
46s57QULU02Voy0Kup6UEb,2411
478g4LSkyMB1PMkVOVmIaE,2412
47EWMOElkkbMp5m9SBkx7d,2413
47EiUVwUp4C9fGccaPuUCS,2414
47otoIkhx3fkdivEXL5OB6,2415
48AJSd42lXpicsGqcgopof,2416
48Ll1C6qAnP2UjnopQDh4a,2417
48WidxP9CqyYtk97pwGZ3c,2418
48XfojJC87VKLlUotYV0Gm,2419
48vIfHaK7by6x0T6ucpODL,2420
494OU6M7NOf4ICYb4zWCf5,2421
496vIKS2INz840xZaKncvR,2422
49R1F3rIdSzuPk7AcHi6d1,2423
4ABYxlb92WBIjHu7TIKmml,2424
4AO1XhrgJczQ9bNVxdfKQe,2425
4ASA1PZyWGbuc4d9N8OAcF,2426
4AYtqFyFbX0Xkc2wtcygTr,2427
4AhSkRYioEIfGvCV19peYN,2428
4AlihYDqxXshKhvh5tnMfP,2429
4B1rpPmQXwj78wk6aIGwwU,2430
4B7fTyj1FIPvP9tT5X3DnR,2431
4BGZF4oLbTL0pWm7C18pbv,2432
4BHSjbYylfOH5WAGusDyni,2433
4BHzHISX21PYwGXiBEUQ70,2434
4BHzQ9C00ceJxfG16AlNWb,2435
4BJ5T8ZZZ3UrPG7k0OVQrp,2436
4BKOjYosPhw334moS3wlbO,2437
4BP3uh0hFLFRb5cjsgLqDh,2438
4BiiOzZCrXEzHRLYcYFiD5,2439
4CHpVfAhuxNJ3ibExe6kxO,2440
4CNcRgjGw1v9VQaTaytdnD,2441
4CkgMiMqZ5JzW9iYXSTMTL,2442
4Clmg1g8n2yBYG13Z1oSdG,2443
4CvId64YZSB0RfRdfzPIQU,2444
4D7BCuvgdJlYvlX5WlN54t,2445
4D7NrSeqkTarBrJ80b2sBc,2446
4DByEumlGTZKSzuVEZ35eo,2447
4DHDIdeayp8xvlyg22wREO,2448
4DYKah8mcZf0O4l9Gt7woU,2449
4DpNNXFMMxQEKl7r0ykkWA,2450
4Dvkj6JhhA12EX05fT7y2e,2451
4E6RdcCWMiHTu7zy1VTNDo,2452
4EAV2cKiqKP5UPZmY6dejk,2453
4EWCNWgDS8707fNSZ1oaA5,2454
4EivmOT13NMpNSfTKn9p4s,2455
4EjUFjzi4ErWjklOA3Aslu,2456
4F7A0DXBrmUAkp32uenhZt,2457
4FPrAERfkPKOBKrRoyuxLu,2458
4FRW5Nza1Ym91BGV4nFWXI,2459
4FWbsd91QSvgr1dSWwW51e,2460
4Flfb4fGscN9kXPOduQLrv,2461
4FyesJzVpA39hbYvcseO2d,2462
4GBkffrtA51p17JH35irGA,2463
4GL9GMX9t7Qkprvf1YighZ,2464
4GUj9MfPPkjpZskxb45uiX,2465
4GVwjLRT7oSsKby7Vy8EHr,2466
4Gt2kh3QbAGU6yquOWn4aW,2467
4H7WNRErSbONkM06blBoGc,2468
4HAOgAnILvXCbSODMoRnmD,2469
4HBZA5flZLE435QTztThqH,2470
4HDCLYli2SUdkq9OjmvhSD,2471
4HEOgBHRCExyYVeTyrXsnL,2472
4HMop4Re0iucehmF7mgV27,2473
4HOryCnbme0zBnF8LWij3f,2474
4HUZBG98TYbxSR9V1V2DWS,2475
4HYDUMY0xSpeBr0AMY9cUz,2476
4Hl9rOqYomojCmxYfr25im,2477
4Hpib09wXgD84w4uwTPnYD,2478
4HvE2E9rXJDcQhE4YfeNuG,2479
4HzqWEdAbzcVFDv0pvxV4w,2480
4I4G0LD277PWvfblYtSf91,2481
4I5bvu2KDsrCg0EWHIcvul,2482
4IJEw3fDvS6XF4sDc3bvjK,2483
4IJsVXbSeGPUrgwpVoHmlg,2484
4IO8X9W69dIQe0EC5ALXhq,2485
4IQkfUsrwXol38VV3U7t7T,2486
4IaxDf2FixiQXq0mW7key9,2487
4IcbUXrAzBtn6iUO1LP471,2488
4IlOyxGATYUp7YVy5zrSW8,2489
4IvenHmD0spfFDOKphoUDp,2490
4J2RaG4UH2HCThcqzDpeAF,2491
4J4zx8xGJpuGndrVc06KaT,2492
4JB0EAT4BkLShTyTt50FmO,2493
4JE6agBLHGA5TaF6FlqfBD,2494
4JJcP0Rv9AgyPD6ZGaC8EE,2495
4JzCFEc3O2UEdjKzevvFH5,2496
4K1vOdIFqskQv3zoI0FdAk,2497
4KD0lLJ4OGonZhBeKtct9I,2498
4KDNRh9Oor80z3XIxdWlui,2499
4KTU5aa5s547f1JF5DImhF,2500
4KULAymBBJcPRpk1yO4dOG,2501
4KW1lqgSr8TKrvBII0Brf8,2502
4KXwFI9pgJLpUIAc9oSL8j,2503
4KYS9GK68yeuUJ8vJfPxrq,2504
4KkUjFkcQvGvWekl8RATDn,2505
4Km5HrUvYTaSUfiSGPJeQR,2506
4L6ihclQPu1hqP9r3WNJjQ,2507
4L7Y2OAPiY2I2GndZjAs5K,2508
4LmAnpjlhWTahvRkYR8xJa,2509
4LwU4Vp6od3Sb08CsP99GC,2510
4MXhiYIRDMGAuvZc5IFTwC,2511
4MZSqgwlE71CWZ6qQ3gkKm,2512
4MdcsdRj7i8eBm0qFjO4L4,2513
4MjDJD8cW7iVeWInc2Bdyj,2514
4MrfQL4TYQXJBlZYpAHTuE,2515
4Mteyd60tfstDuzfkGqXx1,2516
4NCsrTzgVfsDo8nWyP8PPc,2517
4NN6N5TxBO5k9uqu0W4gfQ,2518
4NhDYoQTYCdWHTvlbGVgwo,2519
4NioO5R9sHEZh4cGzMHyNt,2520
4NmE2ytXI8S2svTRSmEdpO,2521
4NqQaovM14WR2hNPMFxgjb,2522
4NqkE7kRUvMDEdcqD96EDO,2523
4NzMOnvSJVNKF7nw5NkXIP,2524
4O0LQKVT6hGmVGNwizmydg,2525
4O3RwH1TFG1EjPezLIYehI,2526
4OAuvHryIVv4kMDNSLuPt6,2527
4OBZT9EnhYIV17t4pGw7ig,2528
4OENnoidV0h8gJV6bhrw7r,2529
4OMJGnvZfDvsePyCwRGO7X,2530
4OZEu0Vwq0RB2LAq14v99n,2531
4OafepJy2teCjYJbvFE60J,2532
4Of7rzpRpV1mWRbhp5rAqG,2533
4OmFmE0fzcMG6g0Y8p4eSD,2534
4OmfWzukSVD140NiAIEjem,2535
4OtHGdb0KqEbaWb6edUnR9,2536
4Oun2ylbjFKMPTiaSbbCih,2537
4OwhwvKESFtuu06dTgct7i,2538
4P6IttK2PRBjyr3fm0pP7t,2539
4P92FrvmYQSAfOpp4cpFEi,2540
4P9Q0GojKVXpRTJCaL3kyy,2541
4PANCoXZX3RaT2D6mqSdEU,2542
4POHzEwNTCYaIvqCUp3NnO,2543
4PQdrXMDHDPl1RczrrlADd,2544
4PS1e8f2LvuTFgUs1Cn3ON,2545
4PV0uE5pZSh44E3NqNNDEH,2546
4PYfFHKfjYz6dwAtZhBy1z,2547
4PdJSsESm34djLfBde9Pr2,2548
4PkIDTPGedm0enzdvilLNd,2549
4PklAHGXT5ityno3IA8SKd,2550
4Q34FP1AT7GEl9oLgNtiWj,2551
4Q3N4Ct4zCuIHuZ65E3BD4,2552
4Q4jmPHwu0wrJvqrld0FQ6,2553
4Q5yMlwAfAoitqg4r9oZHN,2554
4QIo4oxwzzafcBWkKjDpXY,2555
4QVS8YCpK71R4FsxSMCjhP,2556
4QWumyD2uwiePBBha9XBHI,2557
4QdovcM8j50QPlyR7tH4xe,2558
4QfNOZN7vrQCQKK1ZJ3XPb,2559
4QnC1bIaMSfDQvF4XDhV5M,2560
4QtiVmuA88tPQiCOHZuQ5b,2561
4R2kfaDFhslZEMJqAFNpdd,2562
4R5xvs5X0phd0EYWyGigju,2563
4R67rQNSbbsR4TdUVOIdez,2564
4R8BJggjosTswLxtkw8V7P,2565
4R9ATNRRl1uth17i5qDCc0,2566
4RJz8NfIe09gpKMiRUWKhJ,2567
4RVbK6cV0VqWdpCDcx3hiT,2568
4RVwu0g32PAqgUiJoXsdF8,2569
4RbbzNY4MEcgzewYWkIsGu,2570
4RvWPyQ5RL0ao9LPZeSouE,2571
4S4Mfvv03M1cHgIOJcbUCL,2572
4S8d14HvHb70ImctNgVzQQ,2573
4SCnCPOUOUXUmCX2uHb3r7,2574
4SHhui9S7lFYGHXikfneGo,2575
4SJHHpKhcuXwDsCsPqshXj,2576
4SPu0Ql902hTVXkBoNIYtq,2577
4SW9gHnW8NfKOdqmh0ij45,2578
4SZepBIPDRwPaHIjAKwRDb,2579
4SnlSaLJJ7reJMCHM5YUuX,2580
4T2zre0jqstNJ5Gt0WG9lz,2581
4T652DlATVHe0jdLKaN3Bw,2582
4TIqzdAssasqx3DAe6cG9J,2583
4TZy1wLyHec06pwgFYDh1a,2584
4Ta3PhWmY50ZLU1uhKFKPE,2585
4TgHt7vKCimpywaiKfl0uj,2586
4TgxFMOn5yoESW6zCidCXL,2587
4U9arGcc4ATa7shChhLQP0,2588
4UAW2gObi5o6sJla0qZpPn,2589
4UG2Fm0E98LhE2dlNxiAXx,2590
4UKCKdYiLN6IMA5ZESUTL7,2591
4UkUxO2WlKLc0Q1iEutGGh,2592
4UldILPVpnZO69ffK4B9aA,2593
4UwqOWDpdeIDVQDuKT6iza,2594
4Uy3kNxW2kB8AEoXljEcth,2595
4UyVCLbNG8yhrqbzeSmdho,2596
4V9ynsDPwHtdItksqjuRu0,2597
4VCbgIdr8ptegWeJpqLVHH,2598
4VMRsbfZzd3SfQtaJ1Wpwi,2599
4VYEnxm7lmtG5sEEbcmORB,2600
4VuS959DSpr82t3qBqCrWG,2601
4W4fNrZYkobj539TOWsLO2,2602
4WghJOMjDpGdlk3b8aJIgy,2603
4WjH9Bzt3kx7z8kl0awxh4,2604
4Wjhj0WjkyECccfHVIgaTq,2605
4Ws314Ylb27BVsvlZOy30C,2606
4WuOWVnAqvEQxgSRrspBgt,2607
4WzhjxvLP95y7AMDy0Atwb,2608
4XJRpBOG0bU3Nxnvam3FnC,2609
4XKXphKH76W4zNpkgFS5o2,2610
4XLu3tTSZiPFVC9mmuR6Zp,2611
4XkrlDVc8UQUvsyRsxvU0M,2612
4XvcHTUfIlWfyJTRG0aqlo,2613
4Xzq2WibDHR5Eufi21HlEZ,2614
4YJUTdZ0Pgl0ZeNyHYXeLd,2615
4YLtrBhzjsI2LT6ybXQHeD,2616
4YQImHflXSiIMXntcwPkx8,2617
4YcWzLSnGqLjSCycuSMHnn,2618
4Yf5bqU3NK4kNOypcrLYwU,2619
4YhJ3a6kBPGJWX4Ek77sDd,2620
4YhN72dRYL2Z3MsaKyT7rS,2621
4Yip3hds5IHyT7AqoNHfmX,2622
4Yq3XUNfWrAPWuB94qkC09,2623
4Yxc55NX3tAXC2mHRAhtcW,2624
4Z2i41GDQyu3KRpBavEnyR,2625
4Z6YruMINNspGet1gQyYlK,2626
4ZJPwET9Jrgpkqi4Vo3Yg8,2627
4ZLzoOkj0MPWrTLvooIuaa,2628
4ZT0wGKwlJRjpMUuwZVy3p,2629
4ZT9FnbFu1PaBfV3itxiqT,2630
4ZYAU4A2YBtlNdqOUtc7T2,2631
4Zj2uX6ApCFK9XzjwIhCIr,2632
4ZtFanR9U6ndgddUvNcjcG,2633
4a9tbd947vo9K8Vti9JwcI,2634
4aOOExMBUyxKnEYb39SrTg,2635
4aWmUDTfIPGksMNLV2rQP2,2636
4aarlAfLKVCTxUDNgbwhjH,2637
4ak7xjvBeBOcJGWFDX9w5n,2638
4ak9GGe6afmi2HbxEjvhIC,2639
4at3d5QWnlibMVN75ECDrp,2640
4au7FRcgZzChASRYu279xH,2641
4axSuOg3BqsowKjRpj59RU,2642
4axYWgXASdsCBHuwInAubT,2643
4axxCbc4tWlpqHP5UbJMc3,2644
4b1yxSdlumA8N4fEk4UOZp,2645
4b4KcovePX8Ke2cLIQTLM0,2646
4b7mLZQWsy0rLnrMtPA9fQ,2647
4bHsxqR3GMrXTxEPLuK5ue,2648
4bTZeO72FwMa6wKOiqoynL,2649
4bV5sf2B4hWBBd5HQ8S7KB,2650
4bb94wZVF1cX66vQjNeJTX,2651
4bjN59DRXFRxBE1g5ne6B1,2652
4bl1HBZliBuYpFZjWgefE4,2653
4btFHqumCO31GksfuBLLv3,2654
4bycD60yZgR6anIBtmU8UH,2655
4c1WgUnHXq2LEncGHKgj1I,2656
4c2W3VKsOFoIg2SFaO6DY5,2657
4cG7HUWYHBV6R6tHn1gxrl,2658
4cGqn0E8JCSY9gQllQj4Mf,2659
4cIPLtg1avt2Jm3ne9S1zy,2660
4cacyP5c3PMlfnyjpg13xW,2661
4ckuS4Nj4FZ7i3Def3Br8W,2662
4cluDES4hQEUhmXj6TXkSo,2663
4d1CG5ei1E2vGbvmgf5KKv,2664
4d4ZXH4dr5bYfgErHiZCX2,2665
4dAMdQ6g4kGmnc1MDHsg77,2666
4dASQiO1Eoo3RJvt74FtXB,2667
4dBQWyoZmmgvFBlALGlqZi,2668
4dTiQezDWmEOWcdCbWVWMp,2669
4dVpf9jZjcORqGTLUaeYj9,2670
4daEMLSZCgZ2Mt7gNm2SRa,2671
4e3ZNTAV6PCrdYMUrUlMpQ,2672
4e4fqjx0Izh4svvTef1z7e,2673
4e5ayHsOLJNLTGfjau2mEw,2674
4eL3XeuGaEoVT8ttDh3hwY,2675
4eMKD8MRroxCqugpsxCCNb,2676
4eNOLmx8r2IJAVKvBBL1jv,2677
4eWQlBRaTjPPUlzacqEeoQ,2678
4ea9w8c4ROqiZpJVhfBA3m,2679
4ecVWqbtW6phQGpZMAyqIU,2680
4eqne0oIdt9GW2ubiliny0,2681
4evLyY5Ue1Wesc61t2KXAU,2682
4evmHXcjt3bTUHD1cvny97,2683
4ewazQLXFTDC8XvCbhvtXs,2684
4f0aDk7HX37SfzerfznYlr,2685
4f9wNNZET9wH7eMBgONd3d,2686
4fSHADbZbhpZCT9oJpxwbP,2687
4fYte8ZvTK14NEhAOZocBi,2688
4fnNBPN9W6AoOYSQS3FJxT,2689
4fouWK6XVHhzl78KzQ1UjL,2690
4frLb7nWtsz2ymBE6k2GRP,2691
4fsQ0K37TOXa3hEQfjEic1,2692
4fwo6czG5nvOQMzhOto1ya,2693
4fzyvSu73BhGvi96p2zwjL,2694
4g32MdRoqwGKQd3NXIRhpU,2695
4gB61mP4tNChn4LgfquMhi,2696
4gZOWIMzQnn8H2ENrs7UsW,2697
4ga4WvRNhMsIL38pkBbnIN,2698
4gbVRS8gloEluzf0GzDOFc,2699
4gmmRb6bZJffOOiww1JGTO,2700
4gqMQftUs22F8pOGVn5Acr,2701
4gvrJnKCKIPiacNsWVQwEU,2702
4gzsuuZypVbxs0Af1LSZyB,2703
4h4QlmocP3IuwYEj2j14p8,2704
4h5x3XHLVYFJaItKuO2rhy,2705
4h90qkbnW1Qq6pBhoPvwko,2706
4hJhHbkhZFnxmWbAkZRoe0,2707
4hKLzFvNwHF6dPosGT30ed,2708
4hPpVbbakQNv8YTHYaOJP4,2709
4hQ6UGyWQIGJmHSo0J88JW,2710
4hTej08FutmriOs7S1hWWy,2711
4hXDobvUaXyDFLnmecoY0z,2712
4hceSKjrkDTO0nMKFcb3sj,2713
4hiUYb2nb6NlfTP9CD38Pe,2714
4hqJ4bSlYJOXb6Z4SRmzxs,2715
4huBDGP4I3S0pYI0EaRN1c,2716
4i6cwNY6oIUU2XZxPIw82Y,2717
4iHSE5R1U8jf84tRn52xRt,2718
4iJyoBOLtHqaGxP12qzhQI,2719
4iLqG9SeJSnt0cSPICSjxv,2720
4iN16F8JtVxG2UTzp3avGl,2721
4iYRa2btalAzPZoSYfROqF,2722
4iZ4pt7kvcaH6Yo8UoZ4s2,2723
4ihV1wv7QmjbkLHaT9lA4s,2724
4j3GWI86JvSaF0BLdmgcfF,2725
4j4w4CXm6BSr0s25wAWrrX,2726
4j6kId9QIqhoXvqHKgSKa0,2727
4jTs7ny5eSRnKTzxdrFv5I,2728
4jVBIpuOiMj1crqd8LoCrJ,2729
4jXl6VtkFFKIt3ycUQc5LT,2730
4ja2gzrNh9VNigzoXfmbwD,2731
4jbmgIyjGoXjY01XxatOx6,2732
4k6Uh1HXdhtusDW5y8Gbvy,2733
4kELKaXaNP4EQR8Q8xNIID,2734
4kGdnA7FzSVsXC29LPghej,2735
4kKdvXD0ez7jp1296JmAts,2736
4kLLWz7srcuLKA7Et40PQR,2737
4kRLRWnn5u9wO2wOKAAdEN,2738
4kUZvXB3LC3an3HX6h0s17,2739
4kV4N9D1iKVxx1KLvtTpjS,2740
4kVo85bcmBkvMBcJl42XCA,2741
4kWO6O1BUXcZmaxitpVUwp,2742
4kXxEhuatrvwrTQycA7s9B,2743
4keoy2fqgwGnbWlm3ZVZFa,2744
4kfeRwpq5KUaqTkgi4TbDF,2745
4kflIGfjdZJW4ot2ioixTB,2746
4kfm1uI9QGaoN9qm6CkAMn,2747
4kjI1gwQZRKNDkw1nI475M,2748
4knL4iPxPOZjQzTUlELGSY,2749
4kroNlz8BTfswE4M0i3YCh,2750
4lAQfuREAHG8IC0PiiigBt,2751
4lD7gHKF1e8Y9stQuVezZB,2752
4lESS6vuruP6a79KWRaQou,2753
4lKuzrdZrJuCAedbIslF3A,2754
4lR8sYGMGZPvthF2yUfo7T,2755
4lRwa7PKcGIuJMwtPIYKdy,2756
4lTiuD1DwBKo4L7wqMkD7C,2757
4laAKIq9ZxBCwf99rauPYb,2758
4llr8mcoauwrHBtjGb7F9S,2759
4lsHZ92XCFOQfzJFBTluk8,2760
4mD9hjoTckjeL1CrJCx0MT,2761
4mGdjNMo0RonTlOEb7cYg4,2762
4mHM5d2fK3n8xgymjf92w2,2763
4mHgYpuGHu99Mw69E83CP2,2764
4mLkiFppf8Xvem6BSY34qw,2765
4mU5iXHeLgbR94siF7p1sY,2766
4mUIe9gfsdtsVP2zFIl74x,2767
4mq14Qa6OehdiyZFtHcdCH,2768
4n4BflhWjCHIxrI4v7Xt9s,2769
4n6NDfYake476trCjJRNl0,2770
4n7jnSxVLd8QioibtTDBDq,2771
4nK5YrxbMGZstTLbvj6Gxw,2772
4nMlau89VAjmV7agkl7OY3,2773
4nVBt6MZDDP6tRVdQTgxJg,2774
4no0eHn4fEB7tN1yZSXMma,2775
4nrPB8O7Y7wsOCJdgXkthe,2776
4ntsD33Pgsgk8rUyZLLiUV,2777
4nuAslShoN77tq12fzwjUq,2778
4oEf84vBYVftf6KmZexhVo,2779
4ofvoCdXq99vpMZO4Cfp8x,2780
4ofwffwvvnbSkrMSCKQDaC,2781
4okba5wu9mMLXx79DXLKi3,2782
4pCEIQ6wBVuaJdER5bALtO,2783
4pCbJC43j3gSqG6Fen6upD,2784
4pLwZjInHj3SimIyN9SnOz,2785
4pNApnaUWAL2J4KO2eqokq,2786
4pUCKHjJ4Ijewc37rRrvHn,2787
4paAidoE8VAemwU4jgCc6l,2788
4pbJqGIASGPr0ZpGpnWkDn,2789
4pt5fDVTg5GhEvEtlz9dKk,2790
4pvb0WLRcMtbPGmtejJJ6y,2791
4qBejt9FeqLI9blHI1Nq1x,2792
4qKcDkK6siZ7Jp1Jb4m0aL,2793
4qNWEOMyexn7b8Icyk29t9,2794
4qSEvFGCpde73gqIuq3sho,2795
4qSsjDGXplb6422X2INvFW,2796
4qWCFTuNnmGNdY4egtb4ZY,2797
4qknM1pQz53QOyfDVTjcM9,2798
4qqArAiTPueDxIp7cf87h7,2799
4qsOrxBv09HhNSpsgMRXdC,2800
4qu63nuBpdn0qHUHuObEj1,2801
4r9jkMEnArtWGH2rL2FZl0,2802
4rDbp1vnvEhieiccprPMdI,2803
4rHZZAmHpZrA3iH5zx8frV,2804
4rMWDm28mERZcRPc1f3yir,2805
4rPJSqrov3zqGwXlemLBMw,2806
4rPkN1FMzQyFNP9cLUGIIB,2807
4rXLjWdF2ZZpXCVTfWcshS,2808
4rmVZajAF7PkrCagGPHbqa,2809
4s7QLoImIwmPi9L6dq1nVW,2810
4s8BIKx4Zh6ryAEz8RTlaU,2811
4sQMalN597HdggTu196aL0,2812
4sWGHlZGM1XA7TyWdtBAbA,2813
4sWuPniHClkInYAnzXAYUF,2814
4saHEjXw7O1NXJOzBkUKKG,2815
4slSrbTK1sNK4I1mDYEthf,2816
4so0Wek9Ig1p6CRCHuINwW,2817
4svZDCRz4cJoneBpjpx8DJ,2818
4sx6NRwL6Ol3V6m9exwGlQ,2819
4t2OeILB07eMGTXSUbMPEu,2820
4tCtwWceOPWzenK2HAIJSb,2821
4tERsdVCLtLtrGdFBf9DGC,2822
4tHqQMWSqmL6YjXwsqthDI,2823
4tKGFmENO69tZR9ahgZu48,2824
4tMzIAFTFdqGBQLdfbPces,2825
4tNXntkAzQ5A2dfYRYGIIQ,2826
4tRhRLBxIZ34Iw0eCuiC03,2827
4tYFy8ALRjIZvnvSLw5lxN,2828
4tyX1rw9X309WkEdh2As4B,2829
4u9Y4Z9i9VaAbBK7rW1Rha,2830
4uGY9CqDtGtaTTLg1cgsWD,2831
4uHscE8VF6F6mKU3ECjIKr,2832
4uOBL4DDWWVx4RhYKlPbPC,2833
4uP3pUP18ennmz0tb3GphR,2834
4uUG5RXrOk84mYEfFvj3cK,2835
4ukUoXLuFzMixyZyabSGc4,2836
4umIPjkehX1r7uhmGvXiSV,2837
4uoumbAMEMaKdtiv763jKz,2838
4uqJelb9THHmJ3OCohg4ZJ,2839
4uqh9bualXNHXXwO2wPorc,2840
4ut5G4rgB1ClpMTMfjoIuy,2841
4uuEGH5SVuzkkSFjo2DEiY,2842
4vTgx6h4seHvkuFh84JXYP,2843
4vUmTMuQqjdnvlZmAH61Qk,2844
4vaxvNDaLSoD36iZX515ug,2845
4vb4mFvYsr2h6enhjJsq9Y,2846
4vsJWPwWPS27gRM4oLjBNO,2847
4vziJcnB2Qyi9o4nIRUeN7,2848
4w2Furap0ZzaiK4J14E9sR,2849
4w47S36wQGBhGg073q3nt7,2850
4w8niZpiMy6qz1mntFA5uM,2851
4wBcaYqLPm7EtDVoJQORU4,2852
4wNIkl5XGiAACjFBlDWuSd,2853
4wQUopWk9Ed7Ng5qpKN5qd,2854
4wVOKKEHUJxHCFFNUWDn0B,2855
4wcBRRpIfesgcyUtis7PEg,2856
4woTEX1wYOTGDqNXuavlRC,2857
4wuCQX7JvAZLlrcmH4AeZF,2858
4wyNKAZe82BNlp2lHiR1FX,2859
4xBjsLUSjcx2h7PcRikpQp,2860
4xIhSUJantE6BMl3u8dtCJ,2861
4xWzZmX4K1yyrdtRfbUvjt,2862
4xhsWYTOGcal8zt0J161CU,2863
4xkOaSrkexMciUUogZKVTS,2864
4xqrdfXkTW4T0RauPLv3WA,2865
4xxeEWGQNFQ6qehlnev5LS,2866
4xyNG8vZR3g8FnphVkbjRo,2867
4y5bvROuBDPr5fuwXbIBZR,2868
4yI3HpbSFSgFZtJP2kDe5m,2869
4yJiXq86uM56uIfIZgE440,2870
4yNoUQkYf1QF8iYlEzNynH,2871
4yyX2Iu4xJjW9xMvBZKSBi,2872
4zI04ezdmrN0lT2pHykYrd,2873
4zN21mbAuaD0WqtmaTZZeP,2874
4zWO4gvuFtw6EJZC5FFGlr,2875
4zbr7Cp3UB00FurUovPU03,2876
4zm8xZiV5FxJu62EHEvZaT,2877
4zmKGsrXjLmljb5fTaBTot,2878
4zxpssj8DyrfZcEUSUiNxG,2879
503OTo2dSqe7qk76rgsbep,2880
505v13epFXodT9fVAJ6h8k,2881
507tQXutCPYNFkpOq8tmKF,2882
5099x34vBakWpGkHourFxP,2883
50I7FNN2rl2rWiNwGxS146,2884
50PWlIBU7PlGGwzgN8TiFJ,2885
50WeOnXhM1H7AZEeIDoWfZ,2886
50a8bKqlwDEqeiEknrzkTO,2887
50ceCGZ3oD3U5caQV5bP6f,2888
50eJOxJiGmJ7PBZaTKpje1,2889
514rhnksEwHUh6LxXsQ4Y9,2890
51ChrwmUPDJvedPQnIU8Ls,2891
51FvjPEGKq2zByeeEQ43V9,2892
51NFxnQvaosfDDutk0tams,2893
51Of5p3lKZeOg6itfs4og4,2894
51PIvodunv6NmX5250zxAh,2895
51ZQ1vr10ffzbwIjDCwqm4,2896
51Zw1cKDgkad0CXv23HCMU,2897
51hyZpbJlIgZIaX3TtMxmu,2898
51pxwIxDVCbFHW8oyJFQXD,2899
51rXHuKN8Loc4sUlKPODgH,2900
51vRumtqbkNW9wrKfESwfu,2901
51wrmElSLxFzc0vSQPeTxs,2902
5274I4mUMnYczyeXkGDWZN,2903
527k23H0A4Q0UJN3vGs0Da,2904
52NGJPcLUzQq5w7uv4e5gf,2905
52eIcoLUM25zbQupAZYoFh,2906
52eYVUkFTOVozbVFIaFrnV,2907
52okn5MNA47tk87PeZJLEL,2908
52xJxFP6TqMuO4Yt0eOkMz,2909
531KGXtBroSrOX9LVmiIgc,2910
53KaP77tkliz36LPxWGlWK,2911
53RxHysDJ0cjugMcPymwja,2912
53dtP2iUMvaF28JZcHnFuU,2913
53tfEupEzQRtVFOeZvk7xq,2914
53v2u51nq3CxiKUNphRzP1,2915
54DmTIv86D3sYdiawjULQ0,2916
54ELExv56KCAB4UP9cOCzC,2917
54LGxQGf5LPXNGjtzDZ5IE,2918
54h8xHewdRPnYzmbEHBhOO,2919
54l9GJGQ1UCFKe2tzt1Vxt,2920
54u86CmMqGI1rRuULlTqaB,2921
54ucfuN596MU25jQD3KjCL,2922
54zcJnb3tp9c5OVKREZ1Is,2923
550erGcdD9n6PnwxrvYqZT,2924
550rQQCGkrTzvp4SfpOPzx,2925
551xyaSJsg8hILXFq9JdST,2926
559SdaPI7mqy9IQiscuaMj,2927
55Am8neGJkdj2ADaM3aw5H,2928
55CHeLEfn5iJ0IIkgaa4si,2929
55sgQENF3LY1sUcJUwasLl,2930
5600nq7TiBraBX2jobyJ3l,2931
561jH07mF1jHuk7KlaeF0s,2932
567e29TDzLwZwfDuEpGTwo,2933
56JwgcQcxo08w7YXrBzrA5,2934
56JyMaElW79S7TDWh1Zw1m,2935
56uXDJRCuoS7abX3SkzHKQ,2936
56v8WEnGzLByGsDAXDiv4d,2937
5719MEdRQcH4c3phXqX7WN,2938
575NJxNUVDqwJGdzBrlLbv,2939
577YBGuskWkVDCxZrLRB4v,2940
57BrRMwf9LrcmuOsyGilwr,2941
57RA3JGafJm5zRtKJiKPIm,2942
57ZUX6TNyKLBydAdVVd02x,2943
57nOpVSc3j9o03Cr928ZM4,2944
57p8CBvPOxrvyCbn6ttl5r,2945
57q6BgYP4gN6hPQViCB3um,2946
57vxBYXtHMk6H1aD29V7PU,2947
57wp7VFnV8X0pSVnYArGeJ,2948
58AGoOGbwsQMhBbH0eFLRR,2949
58HvfVOeJY7lUuCqF0m3ly,2950
58IL315gMSTD37DOZPJ2hf,2951
58QhkbaAkLFnn7JwAnAato,2952
58TaFP5j5i9swOf584yon2,2953
58ge6dfP91o9oXMzq3XkIS,2954
58pgi1RpcU2fVJsxhm7BIr,2955
58q2HKrzhC3ozto2nDdN4z,2956
58zsLZPvfflaiIbNWoA22O,2957
5902W4uHWzhtOff1UK7the,2958
590bUp2TKTfTS9NfiD4Nmn,2959
59CfNbkERJ3NoTXDvoURjj,2960
59J5nzL1KniFHnU120dQzt,2961
59JWp4PjZ9TRM8cmtaDYB1,2962
59KOoHFcw5XfICnO57holu,2963
59L8x0xy8njj75vzVCPMqg,2964
59NTlSZN6G2eCs4jcf46C0,2965
59NraMJsLaMCVtwXTSia8i,2966
59c0HrzmHfyQs6LgDw5cHe,2967
59hBR0BCtJsfIbV9VzCVAp,2968
59iGOjPSOcPLGl3vqEStUp,2969
59nOXPmaKlBfGMDeOVGrIK,2970
59qrUpoplZxbIZxk6X0Bm3,2971
59uQI0PADDKeE6UZDTJEe8,2972
59ywHNwwchG4nZJMLyxSzd,2973
5AEtlRudpgdT5FtNiuly6Y,2974
5AjINjwKyRvQJhSe2zpPHi,2975
5AqiaZwhmC6dIbgWrD5SzV,2976
5B03nSG8pLE48jh7kmasuL,2977
5BK0uqwY9DNfZ630STAEaq,2978
5BKiMkWucQVb7wrFi29VtX,2979
5BQrp63SHCVf4bzCzJePne,2980
5BYl3SodS3rGmafWXRWmB7,2981
5Ber68jZ7ytegr2UISEdb7,2982
5BibcbKVdZUuTttSG02JTp,2983
5BwQjRasNcdRPuVWKcHto2,2984
5C0ivQMxes2lWuOANhvVAm,2985
5CFJRZRq6sdKKtRwNPWbYv,2986
5CPqOpKSk0QcJ3dGdaWcRB,2987
5CZ40GBx1sQ9agT82CLQCT,2988
5ChkMS8OtdzJeqyybCc9R5,2989
5CpsIb7SMFHjmAG8RvIWfq,2990
5CqkgDH8QZjSqqI3HmYxDD,2991
5CscrLqFBgPfZR8fGtikov,2992
5CtI0qwDJkDQGwXD1H1cLb,2993
5CzixCxDkRXX9mScCmah8O,2994
5D34wRmbFS29AjtTOP2QJe,2995
5DA77EqppDmCTWGovd4oTP,2996
5DV4ZSCqbFv74ui3ZhimXo,2997
5Db9VIdDsN5yu3Eu7CT0i4,2998
5DfWF0jqMgZDCiu9zJENTA,2999
5DqdesEfbRyOlSS3Tf6c29,3000
5DttNeiizFqWUON9hZBqTY,3001
5E30LdtzQTGqRvNd7l6kG5,3002
5Eax0qFko2dh7Rl2lYs3bx,3003
5EgYDyMDCi8X0zDydTF7Rb,3004
5Eh1nj7IjV9lwpcKAkidyY,3005
5EnYT6F7wEcdege6mDHEfO,3006
5F2xRvRFkxDvqdFtUNAEyw,3007
5F8ffc8KWKNawllr5WsW0r,3008
5FOCkGt7bp22nBVfQ4WSIT,3009
5Fim1gaXBgsiFfsQAfQSDS,3010
5Fla3zyOCcIRqrDoKLU0DP,3011
5G6Gt9RtNaeIE418pd4yre,3012
5GG3knKdxKWrNboRijxeKF,3013
5GK1GYXH16RdfmltogHhAk,3014
5GNjiM8jZCgbqjHklAcT9e,3015
5GXAXm5YOmYT0kL5jHvYBt,3016
5GkQIP5mWPi4KZLLXeuFTT,3017
5GtUTcvOx52F5648wXQfc7,3018
5H4mXWKcicuLKDn4Jy0sK7,3019
5HDPtsnyb3maFmPL8LLUTG,3020
5Hfnps0jaWFpYg55WOPexG,3021
5HrIcZOo1DysX53qDRlRnt,3022
5Htb1uFQ1KrkFXlefS8oGj,3023
5HwnezK198pJCEj1l2Adjy,3024
5I8oEqbk2ZBmQfXCrZbUFb,3025
5IAESfJjmOYu7cHyX557kz,3026
5INKIG4QNuD4xq7qZcfPzp,3027
5IUtvfNvOyVYZUa6AJFrnP,3028
5IgjP7X4th6nMNDh4akUHb,3029
5IhzJOXNE7ki0IIJbZbnGq,3030
5Iy2Jj87Ha0C0IBlNE1I4y,3031
5J1c3M4EldCfNxXwrwt8mT,3032
5J5CpT6bgE6KYKk23jgp9W,3033
5J7teKIJGtqVypgYI6sqXj,3034
5JCoSi02qi3jJeHdZXMmR8,3035
5JEx7HbmvHQQswJCsoo9rA,3036
5JSVa5i6lFPoyOzK4gj0Ox,3037
5JUu0unA8VwhTZ9LkMWUVI,3038
5JWPUEov2wlX7c0jhYZpeB,3039
5JdLUE9D743ob2RtgmVpVx,3040
5JiH89mHrv9oWHlD0T326z,3041
5JwLhFNrXw49pn3HQqu02G,3042
5K6Ssv4Z3zRvxt0P6EKUAP,3043
5KBARWIxeMGkvUax9VtVC9,3044
5KCbr5ndeby4y4ggthdiAb,3045
5KD6AEm19QnMbfWpfoOHMl,3046
5KPKjcE2trO2hBWRzkb2Mo,3047
5KW4KhJIAbVVSH6pJ4GPkb,3048
5KfJvZ0PZzRdwFRaTUDAA7,3049
5L3ecxQnQ9qTBmnLQiwf0C,3050
5LABCxgmP7DATATIJXOh6n,3051
5LHHKZOwV8XW4LJP2C64mw,3052
5LOiuvbH62YGtnwe6Ltt4T,3053
5LTGmestwpHZ1BfCmpFQJx,3054
5LXj9Ch3O9ATm1NoHT8GXn,3055
5LYMamLv12UPbemOaTPyeV,3056
5LZtB6nxvjIhUoElp3Zqk0,3057
5Lbsc65org0b85kNsPkluY,3058
5LciLoxa1gK70yIUeoHgRx,3059
5Lgqu1th1KqlG97OF2gWGe,3060
5MFzQMkrl1FOOng9tq6R9r,3061
5MMW4CZsZiZt2iuqAXzzWC,3062
5N1o6d8zGcSZSeMFkOUQOk,3063
5N4erncE7kuUccm7zEmwzk,3064
5N5k9nd479b1xpDZ4usjrg,3065
5NAOhPAZ57eFAXr3qatS6i,3066
5NNlUMcOEOdoOIwwaWXv0k,3067
5NU40QTlXrDUJzDBdv79bg,3068
5NhLA2P7AiV3cloVmwtwLS,3069
5O2P9iiztwhomNh8xkR9lJ,3070
5O4erNlJ74PIF6kGol1ZrC,3071
5O8x1YlmLQopQHErxtDfi9,3072
5OCJzvD7sykQEKHH7qAC3C,3073
5OELUCYgOHKFAvCERnAvfS,3074
5ONOlTiqymhzwcFjqcIT6E,3075
5OOkp4U9P9oL23maHFHL1h,3076
5Ohxk2dO5COHF1krpoPigN,3077
5OxclJsdFESni44YlpNpkR,3078
5PIB8aoUJoCRh1O5TEGdOj,3079
5PIBgH1cUFwu5IiUk9tnN9,3080
5PPUw4Xo3Hz6rl4GpBfd3c,3081
5PYQUBXc7NYeI1obMKSJK0,3082
5PZAbR6JHYYV9xp5gv0XES,3083
5Py8zRKGkZvgHniVVtvNCN,3084
5PyDJG7SQRgWXefgexqIge,3085
5Q2P43CJra0uRAogjHyJDK,3086
5QO79kh1waicV47BqGRL3g,3087
5QZKcQDp0tCcvMdyqEciBV,3088
5QvW5lK6mkfTegpAK9JOO7,3089
5R0cvR5BMFkLomChhmcCzr,3090
5R2rsbwCDXORX2tLfprRmM,3091
5R4Yrc2j4jw1itr4hKcN26,3092
5R691ipUYRDYW6ehapjoj6,3093
5R9KPXQVeyqsHZoPLMgfNy,3094
5RX8T3EoTuXcybAxe6oPAw,3095
5RgBnDtHKFHgtVdqabjGE3,3096
5RhFmJifQe83FpQ6ZFFTZ5,3097
5RqSsdzTNPX1uzkmlHCFvK,3098
5RubKOuDoPn5Kj5TLVxSxY,3099
5S4PZ7AuYlYiVIVik3wHUf,3100
5SE57ljOIUJ1ybL9U6CuBH,3101
5SHhPFh68OhUmuRPymKX9d,3102
5SHpuW2qjkQtFRpE6P9Nks,3103
5SWnsxjhdcEDc7LJjq9UHk,3104
5ScbulRnixQ2XAdvrPMFjz,3105
5Se32hEA9raeboZerywxka,3106
5SehvGGC53A7SZKCLXQcyt,3107
5SiZJoLXp3WOl3J4C8IK0d,3108
5SixeLvPsYpk7qq9lo5xYg,3109
5SleX0NFeODNY7Xenal3gr,3110
5SwyN9hzmWjBsINlif8li8,3111
5T8EDUDqKcs6OSOwEsfqG7,3112
5TCBWmEBrin7etRa4Lswr1,3113
5TJEBoTCDbJXiKMdCN9pd3,3114
5TMLavqGRKNxgzMBrVpC9R,3115
5TOgxgZrIZzvaKg9r2bvc2,3116
5TRPicyLGbAF2LGBFbHGvO,3117
5TXDeTFVRVY7Cvt0Dw4vWW,3118
5TmZYdHW6HJ9gt7Aokuql5,3119
5Ts1DYOuouQLgzTaisxWYh,3120
5U1OEoEW4xnalSAToamwZL,3121
5U4laaEEChW8FOtZXCu8C7,3122
5UMMPHPp6vRP6ghPpSUOzp,3123
5UWwZ5lm5PKu6eKsHAGxOk,3124
5Ua3GXyHwiSfpNTMjq6m2z,3125
5UusfWUMMLEXLMc1ViNZoe,3126
5VTjBl3ddZEiG2LrH4VzyR,3127
5VTqW8raQYnj2avZ27nO2a,3128
5VuxWXbt7XENQCtE9TzpTv,3129
5VwwpU7KsLhgfbMEecedhJ,3130
5VxmI3IdgAxWVvUnJoLuY2,3131
5VzNsUnLmYcRfRfxpQsusa,3132
5W4kiM2cUYBJXKRudNyxjW,3133
5W83ErFkO3aKAIS1WMi6u0,3134
5W8jRrZ6tWrTrqnKRtIQBf,3135
5WEqjIUHkwZ5h3DSE7F9bM,3136
5WHTFyqSii0lmT9R21abT8,3137
5WnfnSpuNEGXyEt78PBA6d,3138
5WrEilrRI5cIW0DxMvQYPZ,3139
5WtfUKzXircvW8l5aaVZWT,3140
5WvAo7DNuPRmk4APhdPzi8,3141
5WxVXxCMRnvxUKFq40ELwq,3142
5XWlyfo0kZ8LF7VSyfS4Ew,3143
5XbA7TAqsD0fj0dGBrbb0D,3144
5XeFesFbtLpXzIVDNQP22n,3145
5Xhqh4lwJPtMUTsdBztN1a,3146
5XkyZyKMdFungjDb9cUKc3,3147
5Xn4IyTtW6FUGIUyWjbUHG,3148
5XqCz18k96K8tx6DAYM97i,3149
5XsAal7ZcWg1I5T4NcRjkv,3150
5Y35SjAfXjjG0sFQ3KOxmm,3151
5Y3Tj0wJhKAaPbwWxXxZGS,3152
5YABYtKx9qa56vBjlXDbmw,3153
5YL553x8sHderRBDlm3NM3,3154
5YLGlPYkZBDXieMwzVve7g,3155
5YRFttxjAEgm2nq5Z2tlqK,3156
5YSHygGN9D0mID1NsVd5my,3157
5YaskwnGDZFDRipaqzbwQx,3158
5YbPxJwPfrj7uswNwoF1pJ,3159
5YeHLHDdQ4nKHk81XFWhCU,3160
5YqltLsjdqFtvqE7Nrysvs,3161
5Yu1AOnIzC1tWRJ4U0uW7u,3162
5Z3GHaZ6ec9bsiI5BenrbY,3163
5Z5nbOXhsSbySVC7WUc6y9,3164
5Z8HZM6iQMhhqyPcCGY5g9,3165
5ZJGv7aGdIr9IGpxzSG18T,3166
5ZX1X9Rl4zbx1Wwyn3idVD,3167
5Zlb01Jcn0Ld49zazzZJSB,3168
5ZnJsoJGkQ5K15W7Rcr5JO,3169
5ZrDlcxIDZyjOzHdYW1ydr,3170
5a0nHa7F4S9hb0Zi0zLS8w,3171
5a6pdCHlWS2ekOOQ70QnAr,3172
5aAx2yezTd8zXrkmtKl66Z,3173
5aIVCx5tnk0ntmdiinnYvw,3174
5aUSEPNd3m5xliFK4pn5mU,3175
5ajjAnNRh8bxFvaVHzpPjh,3176
5aucVLKiumD89mxVCB4zvS,3177
5b6zjsBrZCqe6RFycLz2tc,3178
5bJ1DrEM4hNCafcDd1oxHx,3179
5bcTCxgc7xVfSaMV3RuVke,3180
5bmSver2b3ZXyuyLKtgnFI,3181
5bvnqVuq7UFl0txSlHpsfS,3182
5cQB9fbuQCz4muQUFkv3rR,3183
5cQX9BexkPIEESTZijJhXg,3184
5cXg9IQS34FzLVdHhp7hu7,3185
5cpJFiNwYyWwFLH0V6B3N8,3186
5dKyZWlgjWw1oJgLa4GCZD,3187
5de9Ho64dovuQI8Uhn5gPD,3188
5dhQeuLGmlhfwlI6BWfSpo,3189
5eTaQYBE1yrActixMAeLcZ,3190
5egD7A5x9AHdVO2fMo3Wbo,3191
5elW2CKSoqjYoJ32AGDxf1,3192
5enxwA8aAbwZbf5qCHORXi,3193
5esKpsrB3TbGHwFaAjIGMx,3194
5f5r2N4Lp9WoULWPH9zp2W,3195
5fHrHoJKfCgBd35zwIBmUK,3196
5fROvzNghPid8mbKNDYvpJ,3197
5fc6rQgAKiLutfUYWQ6QnJ,3198
5fcM0StdQxMjzulVGhFkHN,3199
5ffntNJnJOeFv7b7DCd0Bw,3200
5fj32MKLHkut2Vod1UodcU,3201
5fpyAakgFOm4YTXkgfPzvV,3202
5g7sDjBhZ4I3gcFIpkrLuI,3203
5gDWsRxpJ2lZAffh5p7K0w,3204
5gEUDNQvoQjdjklrwPdGwD,3205
5gIRPQWULwrvIt0F6pY7ph,3206
5gflgO9EPbIBf16n5TKnQS,3207
5goGDc74vVREyN8al8CkPh,3208
5h1BN75CEh8wdSwE1xrbSe,3209
5hDAT527wXWNBnJlujhuUs,3210
5hEM0JchdVzQ5PwvSfITeX,3211
5hM5arv9KDbCHS0k9uqwjr,3212
5hM6sP0Gh1jD57drszNueC,3213
5hQSXkFgbxjZo9uCwd11so,3214
5hTpBe8h35rJ67eAWHQsJx,3215
5hYTyyh2odQKphUbMqc5gN,3216
5hcisvFMidkMJlElTO9Qmw,3217
5hff5RQeE84pznOt8WEWeO,3218
5hnbE5BF2e8BCk9OMR1UVC,3219
5iFwAOB2TFkPJk8sMlxP8g,3220
5icOoE6VgqFKohjWWNp0Ac,3221
5id3Rqn7SPj1LX4FfY4nGz,3222
5itOtNx0WxtJmi1TQ3RuRd,3223
5itzep0nGnq7hxCfFNsTIR,3224
5iwz1NiezX7WWjnCgY5TH4,3225
5ixdmTpCmH5diBA1j154wN,3226
5ixqGGFu0hdHfErdp32QwT,3227
5jAIouBES8LWMiriuNq170,3228
5jQI2r1RdgtuT8S3iG8zFC,3229
5jZ32WOU7sqzDYbzINwMUk,3230
5jbDih9bLGmI8ycUKkN5XA,3231
5jhBwnqzNNrENXnYrAdoCe,3232
5jyyPsIGM2yqkZN9R3TmvN,3233
5jzEwSyyymBlf1fa1o39T2,3234
5kHMfzgLZP95O9NBy0ku4v,3235
5kI4eCXXzyuIUXjQra0Cxi,3236
5kRPPEWFJIMox5qIkQkiz5,3237
5kVZxyMY1gfdCLiChsfjn1,3238
5kfNriitmkNE8mUbZ7gbq8,3239
5kkaSMcf4BFlhRRICCKZb6,3240
5knuzwU65gJK7IF5yJsuaW,3241
5kqNIqFjijuzvVLhuY9B8j,3242
5lAnYvAIkSDNXqfo7DyFUm,3243
5lVmzrKaqPpPYtF7udoiNq,3244
5lZZmityu9TAjNvSY6GLhR,3245
5lcIegmdblnWqT9nS9EhZj,3246
5lfWrciYtohtIMVDVZd0Rf,3247
5lw8Mgb4LyhriPIC86gV6e,3248
5mAxA6Q1SIym6dPNiFLUyd,3249
5mCPDVBb16L4XQwDdbRUpz,3250
5mTJcvxRxq3uF5wUjjciDw,3251
5mZXWEH2eh8zMZGCxT5aW0,3252
5mey7CLLuFToM2P68Qu1gF,3253
5mg3VB3Qh7jcR5kAAC4DSV,3254
5mjYQaktjmjcMKcUIcqz4s,3255
5mqzhMuUpvnMfwNz6iepmO,3256
5n6gBhdEjCuj3obgCoTEFD,3257
5nCthAh3jt4xKuLJAifAaR,3258
5nq1uTNIR1cBR72T87viS0,3259
5nzhL67GpF9szXWg5y509A,3260
5o4yGlG0PfeVUa6ClIyOxq,3261
5oH4DQAuu1J1800RzUsBWa,3262
5oI9blwsXC8AkTWw6wASY8,3263
5ojXuKXBYq0apcNucYSDXq,3264
5ozqshq2dtU7SYCpCBu0NE,3265
5p10VwQ8LRoyTc8LFrvPw6,3266
5p3NP9mQblDsVJLdfNZJ3I,3267
5p56JT5F9a1z9pwXnqTg7d,3268
5p7GiBZNL1afJJDUrOA6C8,3269
5p7ujcrUXASCNwRaWNHR1C,3270
5q2JbCNi4FcnglgPfxcV65,3271
5q5gzmbBS5yQzos2BvVr1t,3272
5qFeMRz4TvetPmzjre9Dq7,3273
5qHirGR7M9tdm6C17DlzSY,3274
5qN4HFkapdAOV94XPryVof,3275
5qaEfEh1AtSdrdrByCP7qR,3276
5qbcsZMwL0x46sX7VO37Ye,3277
5r011NB07RHjABbuVGVIbd,3278
5rFj8OzffT0iggSjcBaeND,3279
5rJ7bdPmr8nfmm2JQ8xHOz,3280
5rYpwP1dHWGVMrSZbTmt3e,3281
5rZlwNFl01HqLWBQGryKSm,3282
5raTDhlbxFDnpn89bxArdH,3283
5rb9QrpfcKFHM1EUbSIurX,3284
5reQI13tWWYDLMrGcUF4Mk,3285
5ri4zqtWhG07hIuNNDWP76,3286
5rohUzwEoRsUvAA1Bf3DLo,3287
5rqQTEIVK2PTuXU9GI2wT0,3288
5rurggqwwudn9clMdcchxT,3289
5ry2OE6R2zPQFDO85XkgRb,3290
5sK3o66yupTNIK6gWgzGjf,3291
5sNESr6pQfIhL3krM8CtZn,3292
5sWbwccBcyHsg5LEKWGZo9,3293
5sbooPcNgIE22DwO0VNGUJ,3294
5sdQOyqq2IDhvmx2lHOpwd,3295
5sdb5pMhcK44SSLsj1moUh,3296
5sp71CUt0jXRNqHblPGp7b,3297
5tAa8Uaqr4VvA3693mbIhU,3298
5tEaVciE2GnR28aN6W9cLS,3299
5tFep7dXGd7vEJ668wTPux,3300
5tRmoZRoupvMYPV1oezFrH,3301
5tVA6TkbaAH9QMITTQRrNv,3302
5tf1VVWniHgryyumXyJM7w,3303
5tyMJlMqaggzvuX7TtlrTe,3304
5tz69p7tJuGPeMGwNTxYuV,3305
5u1n1kITHCxxp8twBcZxWy,3306
5u6vkDnOyaf8LsteDAj2ub,3307
5uCax9HTNlzGybIStD3vDh,3308
5uDASfU19gDxSjW8cnCaBp,3309
5uEYRdEIh9Bo4fpjDd4Na9,3310
5uSFGgIfHMT3osrAd9n9ym,3311
5uSG6fUPRaehaV820zcpsK,3312
5unjCay0kUjuej5ebn4nS4,3313
5uu28fUesZMl89lf9CLrgN,3314
5v4GgrXPMghOnBBLmveLac,3315
5vC8UAOHeG95ehRzZChniB,3316
5vdp5UmvTsnMEMESIF2Ym7,3317
5vnuJ8EopkP5dHukpOmT3L,3318
5w9c2J52mkdntKOmRLeM2m,3319
5wANPM4fQCJwkGd4rN57mH,3320
5wG3HvLhF6Y5KTGlK0IW3J,3321
5wIeuNURiubue1VTcglU57,3322
5wjsJIUf6pdrwauPDae43o,3323
5woaU1FNkqCwg6WzWiQPW5,3324
5wttBUDyaHAR5q9fYnN3YF,3325
5wujBwqG7INdStqGd4tRMX,3326
5wxYxygyHpbgv0EXZuqb9V,3327
5xDrO9DEDJGUQGfyoHvgDJ,3328
5xMw6qCcpd2gBXPGTegC4W,3329
5xMzazov0IHYllrc8U2K6F,3330
5xNUR50KxswPRAvx7S163g,3331
5xP9lQYA8YQmQh6BOxcAnR,3332
5xXqyjLicvEpch72qEryFT,3333
5xbrhx2tMMcN68IT3cJbhS,3334
5xesHO6GLWTrjsKOjAXRmf,3335
5xi2SXmF3A5AIsuGXiUIZu,3336
5xiAfKzE3mbxYbOkUZPR11,3337
5xlS0QkVrSH7ssEbBgBzbM,3338
5xzCzOAOfRi4DOttSzvznR,3339
5y4WmuvFX1t3NdSId0MFOh,3340
5y7DaS3jAc9eZzcSOoUIwU,3341
5yFSF6qQA1rcLsQRnBsZgb,3342
5ydjxBSUIDn26MFzU3asP4,3343
5yuShbu70mtHXY0yLzCQLQ,3344
5zFglKYiknIxks8geR8rcL,3345
5zNW5ARjYhJQJz1AChP33n,3346
5zNxUkUW9WiV5oyg6gh2wB,3347
5zyZM1EiSqrniyqtprwxpv,3348
5zzbORcD0GwLY0wQHP1Xs1,3349
609E1JCInJncactoMmkDon,3350
60APt5N2NRaKWf5xzJdzyC,3351
60QN1JrgYM7jcfW8pdQFqT,3352
60SdxE8apGAxMiRrpbmLY0,3353
60Z57Wdrn0pEVpHI7d7GAX,3354
60a0Rd6pjrkxjPbaKzXjfq,3355
60dwJ8dnqZ4WrIdiu7LkNR,3356
60iSKGrGazRzICtMjADNSM,3357
60xaS8mYBKUW4VQQ666N0T,3358
60ynsPSSKe6O3sfwRnIBRf,3359
619pVMIK3WvX529JIkQTY3,3360
61AZsmFB3VoJdmraMk5ZSn,3361
61KpQadow081I2AsbeLcsb,3362
61S79KIVA4I9FXbnsylEHT,3363
61WbtB6ujkpNAsAf5LjF4b,3364
61ZM92T2zaXIVsqncThQzC,3365
628Ueb4sRiXApObhcU9iPU,3366
62aP9fBQKYKxi7PDXwcUAS,3367
62hTXlVQacy3pjBW4ntRPl,3368
62ke5zFUJN6RvtXZgVH0F8,3369
62l3NSQPUxvcwwzKUmysrE,3370
62o8KoI44JfN7aYxgTnPvh,3371
62vpWI1CHwFy7tMIcSStl8,3372
630sXRhIcfwr2e4RdNtjKN,3373
63SevszngYpZOwf63o61K4,3374
63WuQOXohQIxOxIFA2K7bR,3375
63mdJr3NMY3wReOkNE6c6W,3376
63wx9vdskaXbYxyDx4oJCZ,3377
643PW82aBMUa1FiWi5VQY7,3378
645YBsxhFPSOKxGep3uHLv,3379
64CovjRwInpOJW4PiGMprY,3380
64FzgoLZ3oXu2SriZblHic,3381
64dLd6rVqDLtkXFYrEUHIU,3382
64ydkbrt0xhdJXRaam06Mc,3383
650OeHTLxZAQmb4aEbGmaA,3384
6520aj0B4FSKGVuKNsOCOi,3385
65FftemJ1DbbZ45DUfHJXE,3386
65OVbaJR5O1RmwOQx0875b,3387
65Q2mv3UlVi9eO70OpsmSe,3388
65irrLqfCMRiO3p87P4C0D,3389
65kp3OFn7JXbCvkm3m2Ui2,3390
65u1dHQyQyE4y4aN2eDmMF,3391
660eekzsNZ7sdATvfIsAkR,3392
665AK0ovB11McZRwfa852G,3393
66W1rVTnEv86dIkFhoiElg,3394
6755DFiZ7CWe2WMdTGW5C1,3395
67ACYA3UI6QMNtHX6b34wX,3396
67G6iaOw8DZqp1z8STR89R,3397
67dU06KGaJHLLlo5Y5bkD2,3398
67dyMPOUsbZ9Yg06PnfAAh,3399
67nepsnrcZkowTxMWigSbb,3400
688QpQAwqsLdBR6lr13wK1,3401
68EMU2RD1ECNeOeJ5qAXCV,3402
68HocO7fx9z0MgDU0ZPHro,3403
68m6iwhKElLTBaGRG1LLwE,3404
68uKHxQzoY6gd7YSKJf21J,3405
68vgtRHr7iZHpzGpon6Jlo,3406
693iqPOQvhI7PobtR8CC8v,3407
694vvR5o19xHPhhJ5QdLN7,3408
69CrOS7vEHIrhC2ILyEi0s,3409
69bp2EbF7Q2rqc5N3ylezZ,3410
69phA1R4gmQsBFRQ3INW8C,3411
69uxyAqqPIsUyTO8txoP2M,3412
69vlMrzHwATKzupwNcUPyK,3413
69w5X6uTrOaWM32IetSzvO,3414
69xohKu8C1fsflYAiSNbwM,3415
6A8B1kJ9ZNHbl2uFPN6Wtm,3416
6A8dnC0xkiuWN4BshmTB2I,3417
6AENBD8I0mDGglFqrRZGu7,3418
6AGOKlMZWLCaEJGnaROtF9,3419
6AGON2BGdPmPMJGiiNuuwl,3420
6AQbmUe0Qwf5PZnt4HmTXv,3421
6Ab81Bs9fcOwaTYuBsUUpI,3422
6AtZLIzUINvExIUy4QhdjP,3423
6BJbOXDlgVAXSaq6wYFYT2,3424
6BczFLHW9aIf9aWn5NFuNL,3425
6Bg7MznA9X0dIhlAsLyBYj,3426
6CTWathupIiDs7U4InHnDA,3427
6CUP2khYzdphXebxVTfPE3,3428
6CcJMwBtXByIz4zQLzFkKc,3429
6CfrYuD3YRDYdYvH9jNtXY,3430
6CrnvqCxBKVWahSiQwOesM,3431
6Cs7b9bu3fy5XhMwBA9Tz4,3432
6D2TCm4nf5nxAcdGJ7w3QP,3433
6D3t4w54PgLNGQ48R7th7R,3434
6DEMMeWXfmFAXgDUMMzeg6,3435
6DNtNfH8hXkqOX1sjqmI7p,3436
6DUdDIRgLqCGq1DwkNWQTN,3437
6DXZiYUbrYgrVIhfX3U9Z2,3438
6DZz58CbF0AKw5PCKqNKcM,3439
6De0lHrwBfPfrhorm9q1Xl,3440
6DuHcOuuGWXNvF3uocsrBa,3441
6Dy1jexKYriXAVG6evyUTJ,3442
6E39QsoWB7JjphPF9xCQSN,3443
6ERZ30cRjVWGtVLhczX9aL,3444
6EbduYTr62sSzvl36wWiFM,3445
6Ec5LeRzkisa5KJtwLfOoW,3446
6Ed1q0X8oSKSm4IIhiQbYg,3447
6ElmxV9B2mSNscEjP27M7i,3448
6EpRaXYhGOB3fj4V2uDkMJ,3449
6Es8Sk3xe1HiJ2MXCfHHwR,3450
6EtKlIQmGPB9SX8UjDJG5s,3451
6EuE9M1viu9gkdFSafia9o,3452
6F2r4HgpJnvKDmkN6JEN6J,3453
6F609ICg9Spjrw1epsAnpa,3454
6FE2iI43OZnszFLuLtvvmg,3455
6FE9EXi8TYg09hR4xv5PWJ,3456
6FRLCMO5TUHTexlWo8ym1W,3457
6FuGJB290AQMAHTfjOYVaK,3458
6G12ZafqofSq7YtrMqUm76,3459
6GNifiuBPrKFpwNBYnooFm,3460
6GXgd1BPD9bUpqw5AntGV5,3461
6Gg1gjgKi2AK4e0qzsR7sd,3462
6GnhWMhgJb7uyiiPEiEkDA,3463
6Gy7rXB6Ku5vIWC7WGWsl3,3464
6GzApXoBQiiAjak3tOQfV3,3465
6H0AwSQ20mo62jGlPGB8S6,3466
6HJcuxVgYjxcYDnPG0ystc,3467
6HUnnBwYZqcED1eQztxMBN,3468
6HZILIRieu8S0iqY8kIKhj,3469
6HexNTb392JS071DoTGo0y,3470
6HgWWaMu31KdOpEG5l28BG,3471
6Hgh47WXVKtXN5zGOu0hjI,3472
6Hio4nlyWL2WBL8nYlbuGt,3473
6HlE9t71z9DjGi7KqSyEpA,3474
6I3mqTwhRpn34SLVafSH7G,3475
6I6NX6tjGsxFAsIfGzY9lJ,3476
6IAZHEBUIGJ6NJKxxOBIEr,3477
6IAgarq2wDeYzpsY2Kx0Hw,3478
6IBcOGPsniK3Pso1wHIhew,3479
6IPNp9PfaEqrzotY47TIWy,3480
6IRdLKIyS4p7XNiP8r6rsx,3481
6IZvVAP7VPPnsGX6bvgkqg,3482
6IaieqiCVvsNvEt6Y7yOFa,3483
6Im9k8u9iIzKMrmV7BWtlF,3484
6ImrWnhjEOw5re3cGLMIHJ,3485
6J834IBcZJMH38ksrgAqwF,3486
6JIC3hbC28JZKZ8AlAqX8h,3487
6JQvHMSaR8flFsN53ypOfP,3488
6JV2JOEocMgcZxYSZelKcc,3489
6JdS5rJvJaRA7B1tcm7kxZ,3490
6JjPBQfI2Y8nIjnm65X6Pw,3491
6Jkm5kUldvIqxzI1Pa7nXH,3492
6JqpFboOH2bq9pzaYbkKBn,3493
6Jrdb6CFOJEGaHjaa6c4WR,3494
6Juv5N0dNU1imms9c9u1dA,3495
6JyEh4kl9DLwmSAoNDRn5b,3496
6K4t31amVTZDgR3sKmwUJJ,3497
6KJqZcs9XDgVck7Lg9QOTC,3498
6KUE0HSSudAp9AOycaF6SH,3499
6KfoDhO4XUWSbnyKjNp9c4,3500
6Kfoo60npYPdvNxMPMiDpX,3501
6KgtcmCF9Ky68XC7ezxl3s,3502
6Kj17Afjo1OKJYpf5VzCeo,3503
6Knv6wdA0luoMUuuoYi2i1,3504
6LcX2hBbXaJcK4AuefE936,3505
6LtHYDgYHRCHoKK3snfr2w,3506
6LuvVxHXQDtsPxtE07Ycbe,3507
6M3PsepEj5gyJoIi7Xvr7u,3508
6MF4tRr5lU8qok8IKaFOBE,3509
6MNGxu8MprKGkchUchkJsy,3510
6MOst484piqXpzPPRRe8i5,3511
6MWoRt97mnSTXZhu3ggi9C,3512
6MbH1QiphMCPTqVEVC7UYi,3513
6MjNilJCVKJq0LfFvo5jWJ,3514
6N1K5OVVCopBjGViHs2IvP,3515
6N22FZs2ZhPBYi3b9XPajV,3516
6NFyWDv5CjfwuzoCkw47Xf,3517
6NJfIydBMYrXvlaXsFxmc8,3518
6NMtzpDQBTOfJwMzgMX0zl,3519
6NYtLvyThMT0oALFdJFdzq,3520
6NZOc8kO0Fxo0fLPvIdLnW,3521
6NfrH0ANGmgBXyxgV2PeXt,3522
6Nle9hKrkL1wQpwNfEkxjh,3523
6NnCWIWV740gP7DQ8kqdIE,3524
6NriykdkRrjQMZo1sfVYUo,3525
6O5TrlFWTYvznd9fMC0VvU,3526
6O6M7pJLABmfBRoGZMu76Y,3527
6O7fPYTsb2mY0PiFt2ymDB,3528
6OTKVgVpVaVjhRLYizPJKA,3529
6OZh916QF8XNunWaP97WEZ,3530
6OaVWaGfhXn70ZJfdVcabn,3531
6OzUIp8KjuwxJnCWkXp1uL,3532
6Ozh9Ok6h4Oi1wUSLtBseN,3533
6PCUP3dWmTjcTtXY02oFdT,3534
6PFoEnjp0PAe5siGswjH9i,3535
6PGoSes0D9eUDeeAafB2As,3536
6PJ8FF6UR8FZXfEvpHkIVN,3537
6PfI6EeLNiNGVAVg11nv7D,3538
6Pgkp4qUoTmJIPn7ReaGxL,3539
6Pgmqg15yVexuOgtzuxwoX,3540
6Pif6RkFoYzLygdqktus4Q,3541
6Poyf51k7W3NKnsGwAI90B,3542
6Pw3Gvw4wNMZfTYZa6IQal,3543
6PzOPrXx8tJEqace76yrv2,3544
6Q3K9gVUZRMZqZKrXovbM2,3545
6QT6j7rKt7Vk3IuV2AUO9W,3546
6Qb7YsAqH4wWFUMbGsCpap,3547
6QgjcU0zLnzq5OrUoSZ3OK,3548
6Qyc6fS4DsZjB2mRW9DsQs,3549
6R9c642Hs3tOdLowjYaWt2,3550
6RJBrG3VHz2hPITjv88chh,3551
6RQ5IwG7uADz9LDWliJGjU,3552
6RUKPb4LETWmmr3iAEQktW,3553
6RnkFd8Fqqgk1Uni8RgqCQ,3554
6RsRMf9e4KUyo3MecGffNL,3555
6SQLk9HSNketfgs2AyIiMs,3556
6SRsiMl7w1USE4mFqrOhHC,3557
6SUocL0caib4mLHe8ZrZzi,3558
6SYSu569pfYdkDT9A5lZqi,3559
6Sq7ltF9Qa7SNFBsV5Cogx,3560
6SwRhMLwNqEi6alNPVG00n,3561
6SznMYPQJHzr3IwsAHLId2,3562
6T0sEnqjmHISIKwFETeeiP,3563
6T6D9CIrHkALcHPafDFA6L,3564
6TIU9Ehmi6dMzZK73Ym4yj,3565
6TqXcAFInzjp0bODyvrWEq,3566
6U0FIYXCQ3TGrk4tFpLrEA,3567
6UN73IYd0hZxLi8wFPMQij,3568
6UTmrvq4nRmx1iQ6iMd1FD,3569
6Uj1ctrBOjOas8xZXGqKk4,3570
6UjfByV1lDLW0SOVQA4NAi,3571
6VObnIkLVruX4UVyxWhlqm,3572
6VciS3dRMpZhJiDxT8ArFi,3573
6Vgtvd7I5yopJdBuxqjBd2,3574
6VrBWh90BiwWmwKtvwWFcq,3575
6VrCmhRBFnuGKmtNfk4jDs,3576
6VrQTLzzuyGIYjUDe4kAZk,3577
6VsvKPJ4xjVNKpI8VVZ3SV,3578
6VzcQuzTNTMFnJ6rBSaLH9,3579
6W9l02gRsXVxzIuQC1oc1X,3580
6WBTeFDEfAJbaSUUc1V1xQ,3581
6WbTTAGKrQtCQvmc5BuYfh,3582
6WhzFzROw3aq3rPWjgYlxr,3583
6WkJ2OK163XXS2oARUC9JM,3584
6WzRpISELf3YglGAh7TXcG,3585
6X29iaaazwho3ab7GNue5r,3586
6XHVuErjQ4XNm6nDPVCxVX,3587
6XO8RlYuJCiI0v3IA48FeJ,3588
6XOYVSmNDjKUNMXooU4s4z,3589
6XXKB32Om6WuXg3uEWwTob,3590
6XaJfhwof7qIgbbXO5tIQI,3591
6XbtvPmIpyCbjuT0e8cQtp,3592
6Xj014IHwbLVjiVT6H89on,3593
6XjDF6nds4DE2BBbagZol6,3594
6XlSyYFTU1nodeWwwzVgTV,3595
6Xom58OOXk2SoU711L2IXO,3596
6Y46tOTRhkBamosyuWa6YX,3597
6YAxCn4juTWn5hWl2hzHGw,3598
6YJdPrH3i2POzu7hdHIRrb,3599
6YZdkObH88npeKrrkb8Ggf,3600
6ZRuF2n1CQxyxxAAWsKJOy,3601
6ZfXA2xakAvphXOSOJ3u1W,3602
6Zisja44KqMZj4GM4UY6Yv,3603
6a4GH1gljLL7VvmO9u5O92,3604
6ap9lSRJ0iLriGLqoJ44cq,3605
6b2RcmUt1g9N9mQ3CbjX2Y,3606
6b5P51m8xx2XA6U7sdNZ5E,3607
6b81dy3WjbozXK6b7C1gu5,3608
6b8Be6ljOzmkOmFslEb23P,3609
6bGMSP3H9YqkmaLnaJTIoF,3610
6bGwKHXHNLmTy6yt147FPh,3611
6bLopGnirdrilrpdVB6Um1,3612
6bTdZ7xfKp3NqqADJ8HLyj,3613
6bpq1jGkVz66Q3LYeoXdjZ,3614
6c1QaQHdDhtFMfUkhueuXK,3615
6cS9PmLky2NhLOhpIsUlow,3616
6cjSh516BbrNUs213jDAGm,3617
6cx06DFPPHchuUAcTxznu9,3618
6dBUzqjtbnIa1TwYbyw5CM,3619
6dPyzkyZwoj9LqjQXOFdVv,3620
6dTA6y0C2ReQklntzZl8l3,3621
6dVZCbi9CYtD9LjAHXRjIG,3622
6dgUya35uo964z7GZXM07g,3623
6dpLxbF7lfCAnC9QRTjNLK,3624
6eGMMPRVYzpssGgednRvzU,3625
6eJUG282cUKuIoa72sEsqO,3626
6ePyl2ns4b7MVYhjsj32ZK,3627
6eT2V7nKXyMf47TwPbtgAD,3628
6eT7xZZlB2mwyzJ2sUKG6w,3629
6eiztdXRkooWsBt2xToMWI,3630
6f3Slt0GbA2bPZlz0aIFXN,3631
6f5ExP43esnvdKPddwKXJH,3632
6fLVTVaHWaEfVKfEgbkf4D,3633
6feiJqgHqeSvkGUzf11AYs,3634
6ft4hAq6yde8jPZY2i5zLr,3635
6fujklziTHa8uoM5OQSfIo,3636
6fwdbPMwP1zVStm8FybmkO,3637
6fxVffaTuwjgEk5h9QyRjy,3638
6gBFPUFcJLzWGx4lenP6h2,3639
6gFtgkh8ShkrJn52Cbdhxy,3640
6gTJaPuj8DT8RjuDJyBgzP,3641
6gcuJpHu0Ey30D5WR76y98,3642
6gi6y1xwmVszDWkUqab1qw,3643
6gxKUmycQX7uyMwJcweFjp,3644
6gzIcEUuswJQGfJNPYMjjv,3645
6hFwju6M40CKovKBPu5IpY,3646
6hH6QJ9ZAO0Z6m7PfvLoXW,3647
6hkfgHhYXyDVYahUOZhGRd,3648
6hyQVqfHFvsJDjcmj4qrHf,3649
6i0V12jOa3mr6uu4WYhUBr,3650
6i759FCuKx713ZnYjtpQGU,3651
6i7zAdNhzUN2k1HcrBxPHG,3652
6iF4RgIjDvDqyW13PezSj3,3653
6iYMfxznTBlcVOgRHab2W0,3654
6igOR5QCn09zAVF2ikZjsV,3655
6iiAfo4wTA2CVC3Uwx9uh8,3656
6isTQfKXhNO3EyJd9mSxx8,3657
6it15CsDlkqB7N4lF0C1qM,3658
6jA8HL9i4QGzsj6fjoxp8Y,3659
6jA8JUuPCGYjFcgw0AoM5T,3660
6jfEZdUJ2Yla6h7gTJgKuo,3661
6jmngk8Fwup05JZ6kgXEGX,3662
6jreFSOTUAViWjKyzOC4Kg,3663
6juLaduD4STCUDWT0AYun4,3664
6jy9yJfgCsMHdu2Oz4BGKX,3665
6kWxIqQDsKFYCJGbU4AjCX,3666
6kXNnS7JJz0nAv4XEwEmQJ,3667
6kYGOFNUMxpab09L5Ukoke,3668
6kex4EBAj0WHXDKZMEJaaF,3669
6kig1UFggPUyZBCvXD3Wod,3670
6klLvorLoo1sxvZcjJIY8I,3671
6kls8cSlUyHW2BUOkDJIZE,3672
6koKhrBBcExADvWuOgceNZ,3673
6kp0inxIexxSiDJfWqq0ZL,3674
6krYS8KtmNAYyb5uTZiYW4,3675
6kxaaIeowajN7w21PfMLbu,3676
6l8mgVN9Xf1hiDIFGA6CTE,3677
6lOWoTqVnAWXchddtTH31W,3678
6lzc0Al0zfZOIFsFvBS1ki,3679
6m2LNopVJKsvBB9l7Z1rwn,3680
6m9qPYXmhge2QhBLfFKnVF,3681
6mADjHs6FXdroPzEGW6KVJ,3682
6mICuAdrwEjh6Y6lroV2Kg,3683
6mQLN3zRtAp6ovjusyYKrV,3684
6maTPqynTmrkWIralgGaoP,3685
6mapJIPnQ23RTAevUoE0DL,3686
6me7F0aaZjwDo6RJ5MrfBD,3687
6mmPpaltUZK7xjNlBPQQ0p,3688
6myUpr3GDR80Dg3zqNTmmG,3689
6n3HGiq4v35D6eFOSwqYuo,3690
6n4U3TlzUGhdSFbUUhTvLP,3691
6n8TMVyFKoUmDc4apxceRD,3692
6nO3tr47nr2P7f3hXb8JIo,3693
6nkoWsFZeFt5dUdNmlIceh,3694
6nsLzJfvp5OLd4mgqUJkpq,3695
6nxQdXa1uAL0rY72wPZu89,3696
6onwlDmIVKE8bBgyBRSuS0,3697
6osMzmRHCVETbZMHceLRmh,3698
6otePxalBK8AVa20xhZYVQ,3699
6p8NuHm8uCGnn2Dtbtf7zE,3700
6pQKUKBpwr6GhfhcFFFozo,3701
6pVW5LRWgeLaHudxauOTJU,3702
6pYNq0ZwpPVazKzsqpf0G8,3703
6pcywuOeGGWeOQzdUyti6k,3704
6phY2gnvf9WwCiXlLMQOY3,3705
6potEImiklXkwD9qFzpu15,3706
6q8Lb50EtqNeeJXXe8mMAH,3707
6qCsKKS7Ol63SJW3LOIX5R,3708
6qDF4wWL49CAVbgT7yuHl8,3709
6qI0MU175Dk2DeoUjlrOpy,3710
6qj02zSeEJGWZ4c0dn5QzJ,3711
6qmvAJSUfVGMubvI2awW7p,3712
6qyS9qBy0mEk3qYaH8mPss,3713
6r46lnXFbE9fr2d3KNaGbe,3714
6r7ULK6c5CLVvImjTIztl1,3715
6rQSrBHf7HlZjtcMZ4S4bO,3716
6rTInqW3YECMkQsBEHw4sd,3717
6rdkCkjk6D12xRpdMXy0I2,3718
6rjuKpPydT2SxN15TZpV7r,3719
6s2wpWPFPAgKg2LXxi1Oee,3720
6sI8Q7TTJeA9exw6hxEqq3,3721
6sPBi0qLI6KM3yXX56NxsA,3722
6sn8WaooLLVhQvU96wtEAm,3723
6tCssnvTUREcperDOUTqvA,3724
6tDDoYIxWvMLTdKpjFkc1B,3725
6tNQ70jh4OwmPGpYy6R2o9,3726
6tUgfsOa8PLkoede5nOR7D,3727
6tZ3b7ik1QDXFAZlXib0YZ,3728
6tarvNiKnEjYMj1VZhlDqR,3729
6th8IdY4lYeM0QlSQJhhkp,3730
6tjituizSxwSmBB5vtgHZE,3731
6tpHfEM8eaETzlPOARYWfZ,3732
6tsOcBnaKgzK22yEiqRh8P,3733
6tvQzeCPwOytDlBYCIOY0n,3734
6u0EAxf1OJTLS7CvInuNd7,3735
6u3CPnFMKANYgfdiifFOiJ,3736
6u7gmPOz7pzzaeR9xSBpsR,3737
6uAFJ75WDAoAPyCWJAtvks,3738
6uIIdjYTxxpWOyWuVXrKQO,3739
6uJONCdr2rC65BNmCnTBWK,3740
6uJwPeBGb3swi85TSr9iIz,3741
6uTPA1xlcsk6dbchB2dhzl,3742
6uTPdRrEDeH8Fyg5L5qmeU,3743
6ufcuVInt0ocHrUimDjGlb,3744
6urLjX35oXXRYtcH1b3dCh,3745
6uvh0In7u1Xn4HgxOfAn8O,3746
6v0UJD4a2FtleHeSYVX02A,3747
6v0lAdFF4haL8xjBIUjtOw,3748
6vFsBXYczYsP0H3lgunZOm,3749
6vSwxzO2Qf4BinHSXRwZJe,3750
6vWEAOUSxohKxhp0K1BsxL,3751
6vjymPak0JRQC2P84XlI9t,3752
6vnfObZ4Ys70SBAtti1xZ9,3753
6vxU64pcIuQ38O015Zy4qj,3754
6w8ZPYdnGajyfPddTWdthN,3755
6wQlQrTY5mVS8EGaFZVwVF,3756
6wWaVoUOzLQJHd3bWAUpdZ,3757
6wf7Yu7cxBSPrRlWeSeK0Q,3758
6wmKvtSmyTqHNo44OBXVN1,3759
6woeVu3fVMflqen1t4N6pg,3760
6wsqVwoiVH2kde4k4KKAFU,3761
6wtZPYBIXUvCpXwVjMCJBf,3762
6wvlEKW2qxucJSBXYpMV2P,3763
6wyhUr4Xw8z5uSy0AhoZfU,3764
6wyr4ReB05D9sJB1Rsmcqo,3765
6x9pCndnXEoea0CMcfjs9W,3766
6xRWoYwfwIKnT8bQGzKbxR,3767
6xTU6B6nFwKKTSZ9ySXS80,3768
6xZ4Q2k2ompmDppyeESIY8,3769
6xdLJrVj4vIXwhuG8TMopk,3770
6xy6jNeNTYwjnKTDzMyHw2,3771
6y2Kaz9QI01XBKJ8mTb7Pf,3772
6yz0Jndhv0QjKdpcEMbOjz,3773
6zEgnpM0qYmHLDnh8WPejL,3774
6zFMeegAMYQo0mt8rXtrli,3775
6zGPytJiZmFuyVq7RTNO9G,3776
6zLdXcmvIxnAXpz9sXFnIE,3777
6zrJLhslleCHby0wbUnvVy,3778
6zzdyvVWjGrQBraSvuqJPY,3779
704LUEih663hiE3CnyUrFW,3780
70AYiGbc4mWZGEqiipBBDb,3781
70LcF31zb1H0PyJoS1Sx1r,3782
70khXICDeTTxgYtw3EysKH,3783
70lnL3QaSOIIyMa2X9aVRL,3784
70pwY1UfPmSVE3ybPjFy0p,3785
70rFIfYN7lU6iTgUIVP42w,3786
70sKIAQgaVN2zWEEyOpyMZ,3787
70t7Q6AYG6ZgTYmJWcnkUM,3788
7129iqBafaphfc3WPCGC0L,3789
71BqAINEnezjQfxE4VuJfq,3790
71SEHJPt1iDwGkBhUOAXDP,3791
71pEiUWwfDFiRO6RmFpnBf,3792
728zbo72kOoYdGR3AhNsyF,3793
72TyiiduRmczEbDIEtKQdR,3794
72dummgz1gSqm8faekYYQh,3795
72g37RoelSnovZakG5MwnF,3796
72jbDTw1piOOj770jWNeaG,3797
73F87Sqh6jQWucOOvz1WFx,3798
73RbfOTJIjHzi2pcVHjeHM,3799
73SpzrcaHk0RQPFP73vqVR,3800
73YUReisjb3A9ActdLLjJQ,3801
73cnVqsbZygieKi8xF10sO,3802
73qMN9bXy7MSPwwGfH3wQr,3803
73uxnSsFMeJ15POpd3zgrV,3804
73vIOb4Q7YN6HeJTbscRx5,3805
73zawW1ttszLRgT9By826D,3806
741UUVE2kuITl0c6zuqqbO,3807
74NI58MQexwZjNu1Gu6GjT,3808
74ODGXs4byLTRdnKGM4s6E,3809
74X2u8JMVooG2QbjRxXwR8,3810
74cVJfmK18rhWnscIpGXjt,3811
74fV8TuLZKVzSIOOGu8wwI,3812
74lnM5V6ecvoTPV0fvptx9,3813
74loibzxXRL875X20kenvk,3814
759ndr57jb0URg4j9YSWml,3815
75FEaRjZTKLhTrFGsfMUXR,3816
75JFxkI2RXiU7L9VXzMkle,3817
75UMtPC77vqKRwfSuYuNPO,3818
75W3SngKzTuoQ94uLf3y82,3819
75ZvA4QfFiZvzhj2xkaWAh,3820
75dLEqanQTupF3dtP9exT5,3821
75lcPkAkUsKWHGBlGM476R,3822
75pQqzwgCjUOSSy5CpmAjy,3823
760jhRscwGbIIe1m1IIQpU,3824
76Y0gxtTxN0FyDCYh5qYQj,3825
76YSWx6L6FNsuaP6GWBb8P,3826
76cy1WJvNGJTj78UqeA5zr,3827
76gUmNLXGQVOsGhfcshkFP,3828
76gcXhY3Zv6wW0BTe9nHJo,3829
76iVOVsliCHlWqKuDnCfhE,3830
77Y7tccX9Hx5iClDr39uy9,3831
77fvnWALKJR0ws1VUx09CY,3832
77sMIMlNaSURUAXq5coCxE,3833
789CxjEOtO76BVD1A9yJQH,3834
78Du4CMFgnhdlG33gblkiP,3835
78SCmQ8A7KQSMdkem2SwBP,3836
78SeXVRJ7KCqVmOwTiFjnI,3837
78kygHp1dvW1kncYjBgbe1,3838
78ldtCaBRJVp2i91B715L0,3839
78pn8k7RogKo2oxl0DyX6d,3840
78qd8dvwea0Gosb6Fe6j3k,3841
78rIJddV4X0HkNAInEcYde,3842
78sr3ogs4UzITcCNbXM9cM,3843
78xj07VVFK5uHTaGPIu13S,3844
790MhTXPFrYkrqCKvpg4t1,3845
79AHPJd8upvNxyK2qQcY8J,3846
79DPYZ6x8FfzgSgPoPhpC3,3847
79cuOz3SPQTuFrp8WgftAu,3848
79f5CcWzdkkDVD4XAIQgKr,3849
79nEEoEPY2w8EXj9hjn5oc,3850
79s5XnCN4TJKTVMSmOx8Ep,3851
79uDOz0zuuWS7HWxzMmTa2,3852
7A20WnLkjtZU2d7hIB6Ziu,3853
7A2cNLRT0YJc1yjxHlKihs,3854
7ABLbnD53cQK00mhcaOUVG,3855
7AQim7LbvFVZJE3O8TYgf2,3856
7AYP21Q4qnxw2WxETEvSRb,3857
7AYmToZ5y67fBjq4RLFbuq,3858
7AYuSG1LoaaFVKjOxsB6Vh,3859
7AbqgE05nFl9qY4FRUiq2p,3860
7AdGloF1UHKe1vAZPbqIXH,3861
7AtlMCIauSQZqiXSlbBPW6,3862
7AwVSKaQxpidrtYBerkHKk,3863
7B3z0ySL9Rr0XvZEAjWZzM,3864
7BDHDiidJ8WV349p3HTxTV,3865
7BKLCZ1jbUBVqRi2FVlTVw,3866
7Bar1kLTmsRmH6FCKKMEyU,3867
7BbaIYAdi3pg4MGl6PHwPv,3868
7BjmOMyfT4PBKbZuSCwWPc,3869
7Bk0uXKk1uPT0XuQbpFzvs,3870
7BlBVFwvbWvcwNcUarQmjk,3871
7BoobGhD4x5K96Me0hqC8Q,3872
7BpYWzZwrsljT1eIjb0TqR,3873
7BqBn9nzAq8spo5e7cZ0dJ,3874
7C1trmcQQ5n5RNy4l6ziCv,3875
7CAdT0HdiQNlt1C7xk2hep,3876
7CHi4DtfK4heMlQaudCuHK,3877
7CIERzyqIwLVKGp00YbHRO,3878
7CkbRn6S0itJqcqn88AtSV,3879
7D0RhFcb3CrfPuTJ0obrod,3880
7DBFslKWQzoRgO0HBBkL3u,3881
7DF8lvLdV3htIbuTWpc7lR,3882
7DM4BPaS7uofFul3ywMe46,3883
7DbdUf8aHSYoliSjO6LZv6,3884
7DfFc7a6Rwfi3YQMRbDMau,3885
7Dj2wqPYXfSRFwa6qyOztr,3886
7DrluKkTviBwCc8AV3VGmf,3887
7Dx9Z6Aon1qPS2N0rHSWTe,3888
7E1jVNoWuemqUryI4FxsVD,3889
7EAMXbLcL0qXmciM5SwMh2,3890
7EI6Iki24tBHAMxtb4xQN2,3891
7EQpvVujgytLVY8vKiDHAg,3892
7EUfNvyCVxQV3oN5ScA2Lb,3893
7EWXP47VlXKO3r7mNxuWHw,3894
7Ed6BkggCS2KaKY5YlINaF,3895
7EiUtdeoWcKqLi5ELZCjYf,3896
7EiZI6JVHllARrX9PUvAdX,3897
7EulRO07ZgchxqKUHb8Pvc,3898
7F1LWA9sIlTorHUo4amGqk,3899
7F9cT6hIRhnFCYP6GKS0tf,3900
7F9vK8hNFMml4GtHsaXui6,3901
7FCfMXYTIiQ9b4hDYs4Iol,3902
7FGdjbZ32vMybPuP0IuE7d,3903
7FIWs0pqAYbP91WWM0vlTQ,3904
7FdUvDkaE24o3FPIWTvzv2,3905
7Fg342AJtNsIDdwCfX0paC,3906
7FjZU7XFs7P9jHI9Z0yRhK,3907
7FmYn9e7KHMXcxqGSj9LjH,3908
7G0gBu6nLdhFDPRLc0HdDG,3909
7G2XZhDNHo7SSDWSVxC0UT,3910
7GLWWrk1YlkPYqJK3ynIA0,3911
7GRTrWsP3yo2Fx8umJfA1X,3912
7GeTsDIc5ykNB6lORO6Cee,3913
7GwYENSg87oERcW0Wacd6m,3914
7H0ya83CMmgFcOhw0UB6ow,3915
7HC3sppue0re7HPfo5zscF,3916
7HC7R2D8WjXVcUHJyEGjRs,3917
7HEWQj82REyDOKMAAlB9pc,3918
7HMmFQsKsljwTw8bS7lu19,3919
7HMz8o0m7ASQ3ImFPfhWTY,3920
7Hc3YL8oDiAzbiAW32KXrw,3921
7I3skNaQdvZSS7zXY2VHId,3922
7IBLt4Qarf4JDLxIQDv2O5,3923
7IBSffWIu7P2MC7kMwy2FM,3924
7IG7laqVpcvIIULrwWP5SA,3925
7IL3UOlcJ6nmcCMwpnlfcA,3926
7IPKXYU2rTMnrLW5IZ7ZI5,3927
7IaeavdRzXYQWfu2Wt5GlU,3928
7Il2yWQmsqKgSkLQvHTPUI,3929
7J2gyNghNTzl4EsLhXp01Q,3930
7J4b3LVCIGO4CMBDFLPoP6,3931
7J6bnDDitOwfelaJNixHhL,3932
7JDWhC422Gtk1Bq0mL3OTC,3933
7JDbfYUHjDzQPFSDh5lzGs,3934
7JIIY2oDPFkURYMCLJuzhe,3935
7JNh1cfm0eXjqFVOzKLyau,3936
7JYsArznYOjX2jsrT3UEnL,3937
7KOlJ92bu51cltsD9KU5I7,3938
7KSSdFCBHCfq4KPzz78ghk,3939
7KWKWJnbGJ3Soag6Oopion,3940
7KXjTSCq5nL1LoYtL7XAwS,3941
7KZ5MMVgBVox9ycroB2UrI,3942
7KbF6AdprOXEEHlsq11Z6d,3943
7KcGEssn7BnJdTgildK5y0,3944
7KokYm8cMIXCsGVmUvKtqf,3945
7Kq16WtEJzdRSNQgdXsn7Y,3946
7LJjWqhqK594nN7qJzLVXE,3947
7LSpFCvRZZot2AlmkUzy9k,3948
7MHN1aCFtLXjownGhvEQlF,3949
7MRY4VpCuZvBmFda6ZCk2G,3950
7MSYSOobsombc1mbDWFxtD,3951
7MVIfkyzuUmQ716j8U7yGR,3952
7MXgrcOQAJ5VwSNUL0lDd3,3953
7MbT4I8qGntX4fMdqMQgke,3954
7MiZjKawmXTsTNePyTfPyL,3955
7a5fliY9SsZENrQWQBZron,3956
7aF09WaavZAmAWuUeYxlYD,3957
7aGyRfJWtLqgJaZoG9lJhE,3958
7aRCf5cLOFN1U7kvtChY1G,3959
7aV2mflaASUmGhCErm7kBO,3960
7aZusA4cWXz3Wv9e9uhavz,3961
7abpmGpF7PGep2rDU68GBR,3962
7aely3H8kMj9o0gt6vXHE1,3963
7afaZ37wJJL6880z1NRgJS,3964
7amMgNDcObIDkIXv4xcvc2,3965
7aonAWn0J0AJ47ZU9WHCXC,3966
7aqfrAY2p9BUSiupwk3svU,3967
7bCfHiRcfUjG0YVVNUL7Ve,3968
7bJ4mu7MHa3rHiNyKjOoSl,3969
7bJwvubZZaoGE1AGEfu8Fi,3970
7bPp2NmpmyhLJ7zWazAXMu,3971
7bRRHQelMfrP86QYQlCsAq,3972
7bUcBztfGqO7cSI2gMZeCI,3973
7bcy34fBT2ap1L4bfPsl9q,3974
7boPPE857KEqCIHNwFkDop,3975
7bywjHOc0wSjGGbj04XbVi,3976
7cGFbx7MP0H23iHZTZpqMM,3977
7cQ0LAxT5HHCLGbxcjaxac,3978
7cQMJ0wDqVS5iM0JIvP6Ay,3979
7dQFpbs34ufIEU745DVclf,3980
7daBwTiPNOVgoMUG4SICgh,3981
7dt6x5M1jzdTEt8oCbisTK,3982
7e1VoRlNumuEkXlITMHKLE,3983
7eBqSVxrzQZtK2mmgRG6lC,3984
7eJMfftS33KTjuF7lTsMCx,3985
7eQj6r5PIdYKEIZjucBMcq,3986
7eResoqEJJAVTkQYSqvO3P,3987
7eTv2OTr3aY5iKtFdBusoA,3988
7eYAHC0RbBF9eaqWzT34Aq,3989
7ef4DlsgrMEH11cDZd32M6,3990
7f1w2rZoIf7g56McEUTh5W,3991
7f5trao56t7sB7f14QDTmp,3992
7fJv128BqCw23AmENDqJuj,3993
7fZBQnc0zXwVybgCIrQQil,3994
7fesNTgTEMEH0ye8MOgEDY,3995
7foypmc7KZyU716Yv63BPe,3996
7fxSLnklnayJNBIKntXedZ,3997
7g7raxdQpiLZT7aOlib4S1,3998
7gHZGXSJzM29WA384suYY2,3999
7gHs73wELdeycvS48JfIos,4000
7gRFDGEzF9UkBV233yv2dc,4001
7gVzhRCrLRUBEGdS7zNTp0,4002
7ge7BHazYbVKi8qyZUX1Bm,4003
7h0d2h0fUmzbs7zeFigJPn,4004
7hU3IHwjX150XLoTVmjD0q,4005
7hVb3OyFkgxDgpTdrOX6dT,4006
7hav1MHURQf5SAoPk0egqh,4007
7hlhojpax9zg2FNdBLY5ox,4008
7hynhxDoDpgMIV12JuVtNa,4009
7hzlzoOwCZ4D3Ow5YZK4kj,4010
7iAgNZdotu40NwtoIWJHFe,4011
7iDxZ5Cd0Yg08d4fI5WVtG,4012
7iKDsPfLT0d5mu2htfMKBZ,4013
7iL6o9tox1zgHpKUfh9vuC,4014
7iQXYTyuG13aoeHxGG28Nh,4015
7j31rVgGX9Q2blT92VBEA0,4016
7j4OmvkjRz0PrjFADlHfQx,4017
7jPdqwZug0ovtDZsY5uK4T,4018
7jfmlr5W2AQWUGLVhT8ofl,4019
7jtQIBanIiJOMS6RyCx6jZ,4020
7jwQlYGpOml9ETGre1HqGA,4021
7jzldCBnJjpJM3epzJ85KE,4022
7kjEqI6eZ7YlFrGhxixnlN,4023
7knLcYCOSaURD0d7HUULFM,4024
7krbSH3rd8lhIZvuzTV3Bl,4025
7kt9e9LFSpN1zQtYEl19o1,4026
7l2nxyx7IkBX5orhkALg0V,4027
7l9CE3wmEGOUYw1j4ETjnL,4028
7lAK3oHbfEnvUQWosrMMpR,4029
7lFNXsbcbds699xCWO3pSe,4030
7lQ8MOhq6IN2w8EYcFNSUk,4031
7lRsNbdOGykkMAgsqs4R1C,4032
7lcI4X8RZxK4zIknJcwpBq,4033
7lgA34nFXxjqQgyLkPUcLv,4034
7lthOBXNue2IvedLRfkod8,4035
7lvDsmTRXFE3dK4OjvRiWB,4036
7m9OqQk4RVRkw9JJdeAw96,4037
7mEDVrAHDnQJStDo8jKJJm,4038
7mEUjhl6aTztdHCrxoTgBG,4039
7mldq42yDuxiUNn08nvzHO,4040
7mpdNiaQvygj2rHoxkzMfa,4041
7mykoq6R3BArsSpNDjFQTm,4042
7n2FZQsaLb7ZRfRPfEeIvr,4043
7n7VsX3sv66znBwA8b5uhp,4044
7nAfXgeHfDO50upcOjJOaq,4045
7nFvKgVumc9FcU97zGjjei,4046
7nKBxz47S9SD79N086fuhn,4047
7nWui6jiMM2m9qFmET1Mtj,4048
7nZmah2llfvLDiUjm0kiyz,4049
7nc7mlSdWYeFom84zZ8Wr8,4050
7ntUbTIwmwOD6ygCMRZT6e,4051
7o0oY5wRcoV7oPuDhD2J1z,4052
7o2CTH4ctstm8TNelqjb51,4053
7o4gBbTM6UBLkOYPw9xMCz,4054
7oDd86yk8itslrA9HRP2ki,4055
7oHkit3F3vimtsBbnZkU0G,4056
7oJrVhiTPZGBXWPwhxjy9S,4057
7oTE1KmtU2ml9zBhv9Reao,4058
7oVEtyuv9NBmnytsCIsY5I,4059
7of1slAJIWrXxP8ikAHxje,4060
7omJfT9s6V2IpQNBYyq5C8,4061
7oolFzHipTMg2nL7shhdz2,4062
7oqftogUN82Q7VNy2TmTJW,4063
7ovUcF5uHTBRzUpB6ZOmvt,4064
7ozvuHnA1zWzuTvReLChVL,4065
7p2ewixAShLpjDZrnzZK7c,4066
7p4vHnYXkxlzvfePJVpcTr,4067
7pYFPMeK0TnaTGdS6qOtEr,4068
7pdF27mSDuPWhppnHAmWHa,4069
7pgbDdy7ax962o9d2xJceV,4070
7phmBo7bB9I9YifAXqnlqV,4071
7pj6P5WnxkZsw3XRc8eMe1,4072
7qEKqBCD2vE5vIBsrUitpD,4073
7qEUFOVcxRI19tbT68JcYK,4074
7qLr3HMApUbyDkUvgIvHnB,4075
7qiZfU4dY1lWllzX7mPBI3,4076
7qmnP8Woc47dLSrMD5MxL1,4077
7qoIhutxU269Zqo9PG5IOj,4078
7qq0EOPW4RRlqdvMBmdd73,4079
7r6aR2f57resC5r93LwMfK,4080
7rC5Pl8rQSX4myONQHYPBK,4081
7rWCWzPRftzZTZtIyQtaDU,4082
7rbECVPkY5UODxoOUVKZnA,4083
7rpNuuoMbid56XkDsx2FjE,4084
7s25THrKz86DM225dOYwnr,4085
7sBgFMWqDWQgrsNSpIBoe8,4086
7sFYVcKSb24qg0dAkqLEFj,4087
7sKbyYeJnITO1Eh9xd0lKd,4088
7sO5G9EABYOXQKNPNiE9NR,4089
7sOfmPd18RWp3FoCzpa7Kw,4090
7sT7kZEYd1MrmzLLIRVZas,4091
7sTtHHrD0zDpmzQzH3zegz,4092
7sTyAjxDXq9afwfSQy6D0s,4093
7sjFIZ1g5QLJLGja3k592K,4094
7sliFe6W30tPBPh6dvZsIH,4095
7soCc4TpT99bOhJoCiMqFN,4096
7szuecWAPwGoV1e5vGu8tl,4097
7tGEAA1f8MydT7eVbbO9Zy,4098
7tgjDlQsMR8RvkdlNCJA58,4099
7tqhbajSfrz2F7E1Z75ASX,4100
7tr2za8SQg2CI8EDgrdtNl,4101
7u6DMPznGbpziuEgCE0JGQ,4102
7uH27oIt4a6cIFCA8ZPcyG,4103
7uQZVznj0uQOGC9KhV2Mg6,4104
7uZqvqXzzYMKrexKxdcGmd,4105
7uoFMmxln0GPXQ0AcCBXRq,4106
7up5MwPUHQdv4DkzQRHRWP,4107
7v4pPS4A7NgY7bxFA3Etv3,4108
7vAXN57IQ0sj049wZGIboE,4109
7vBNFh3NIZTj6tB5s1IBjE,4110
7vGuf3Y35N4wmASOKLUVVU,4111
7vJS1DPc3FzBtqBs8n3mW5,4112
7vRriwrloYVaoAe3a9wJHe,4113
7vTspUAmMKFkUpKL9HLZNL,4114
7vgv8KZBSo0TPzyIWG9yzV,4115
7vuTcvFnvlqWlWb4u60nvY,4116
7w05lsU2VLSeiT8Nukrv5M,4117
7w87IxuO7BDcJ3YUqCyMTT,4118
7wBJfHzpfI3032CSD7CE2m,4119
7wC5eZcFS1Q1BsQ35DU6H4,4120
7wDqHhtRkP1TXSlZK0sEQH,4121
7x4ASXYEKfQBCewcZhK776,4122
7x9aauaA9cu6tyfpHnqDLo,4123
7xHWNBFm6ObGEQPaUxHuKO,4124
7xTDT7gyIrv0xWpwwXExxU,4125
7y3xU9vEC1s8DSuuoSYKih,4126
7y6c07pgjZvtHI9kuMVqk1,4127
7y9iMe8SOB6z3NoHE2OfXl,4128
7yHEDfrJNd0zWOfXwydNH0,4129
7ySUcLPVX7KudhnmNcgY2D,4130
7ycWLEP1GsNjVvcjawXz3z,4131
7yotKA30dwTKNEGomV9ZsI,4132
7yq4Qj7cqayVTp3FF9CWbm,4133
7yt6eiZQCkVFEzwGp4Pbor,4134
7ytR5pFWmSjzHJIeQkgog4,4135
7yyRTcZmCiyzzJlNzGC9Ol,4136
7zBscbZUCr4jEABrfV9g03,4137
7zQirOExB0VR8yWUOqYeio,4138
7zTx8ePYAmPFQuxP3xlXZn,4139
7zVCrzzEJU7u24sbJPXA5W,4140
7zjEyeBsaw9gV0jofJLfOM,4141
7zvfDihYiJ8RQ1nRcpKBF5,4142
7zxRMhXxJMQCeDDg0rKAVo,4143
