track_id,item_id,cluster_5f
000xQL6tZNLJzIrtIgxqSl,0,0
003eoIwxETJujVWmNFMoZy,1,1
003vvx7Niy0yvhvHt4a68B,2,1
00B7TZ0Xawar6NZ00JFomN,3,0
00Blm7zeNqgYLPtW6zg8cj,4,0
00ETaeHUQ6lops3oWU1Wrt,5,1
00ZKeP47bZtswtANkvxz2j,6,2
00gpGR84M27moP7AFuqHIx,7,1
00imgaPlYRrMGn9o83hfmk,8,2
00ko9WaS4jOX1kEk3gvHjf,9,0
00lNx0OcTJrS3MKHcB80HY,10,0
00syWkRGIVQvYsg2OwfBUw,11,1
017PF4Q3l4DBUiWoXk4OWT,12,1
01DOm09B2AbiTARAbXVI6g,13,0
01K4zKU104LyJ8gMb7227B,14,2
01Qb6dN5suQNu87VJ1mIpf,15,1
01TnVDiet1DFTsyWKUKovl,16,1
01dmH2IPkrLNWIMPNXlreE,17,0
01qFKNWq73UfEslI0GvumE,18,0
01uk7IzZyFNfQTDBXxx6NB,19,1
01vv2AjxgP4uUyb8waYO5Y,20,1
01z2fBGB8Hl3Jd3zXe4IXR,21,2
021lWIHJrURZrmvYQ1xcM8,22,0
0247StOpd3AkeBQzANX4Zf,23,1
02FaKXXL7KUtRc7K0k54tL,24,0
02LZ1fGJE8fB56yTlCVMEV,25,1
02MWAaffLxlfxAUY7c5dvx,26,2
02RCbjb9czvQKNGBmEmWob,27,1
02VBYrHfVwfEWXk5DXyf0T,28,0
02WacdrRpm4zlP8H7X6bnQ,29,2
02itaCXOdC54J0ISjqqFAp,30,0
02kDW379Yfd5PzW5A6vuGt,31,0
02wk5BttM0QL38ERjLPQJB,32,2
0314PeD1sQNonfVWix3B2K,33,0
03B2SfXuvDh1m9F4tqrX07,34,2
03NqHNdG3Ur6kciQWK6e8V,35,0
03T4ttRCiLXST6MZjeMwmR,36,1
03eJ2DclFWXYU8GWgANdmZ,37,0
03fs6oV5JAlbytRYf3371S,38,0
03hqMhmCZiNKMSPmVabPLP,39,1
03iCbZaM4OkRR4We6wIzvx,40,1
03mMSLEJCPoGJwQhHpN5y0,41,0
03rwnftfgpYVO6QDWOZcG6,42,2
03wOsqNRdFZAgwo708sjw2,43,2
03x2rVJRFUrvwlfxoHd9Mo,44,2
042Sl6Mn83JHyLEqdK7uI0,45,2
042x9bsUBWW2fJgJ6fUh61,46,1
044qU7kwVZaDwzWnRsmVVL,47,2
045ZeOHPIzhxxsm8bq5kyE,48,1
04CqLjewJiSAqM210vZAmT,49,1
04CyMEHliadfQWMUJb1w99,50,0
04DwTuZ2VBdJCCC5TROn7L,51,1
04MLEeAMuV9IlHEsD8vF6A,52,1
04S1pkp1VaIqjg8zZqknR5,53,1
04WxWo7XeVyx22xEsrWRUb,54,1
04ZTP5KsCypmtCmQg5tH9R,55,1
04ndZkbKGthTgYSv3xS7en,56,0
04sN26COy28wTXYj3dMoiZ,57,2
053zWWZDziDJd3U94x8RuP,58,2
059bcIhyc2SBwm6sw2AZzd,59,0
05CwHjIk71RXVU40boRMnR,60,1
05GsNucq8Bngd9fnd4fRa0,61,1
05KOgYg8PGeJyyWBPi5ja8,62,1
05WVKTdZhlIMX4qqMLuo0f,63,1
05X6aMCQR09E6smUmw9qms,64,1
05Z7jet4VDNVgNQWcYHnrk,65,1
05ZXXyeZFhZtA6DAP3Aw7x,66,0
05aZ9sAU1YXndHv0FMi9iW,67,0
05bfbizlM5AX6Mf1RRyMho,68,0
05bnEv2dpFzmGVLGdjD9UP,69,2
05mAIVLkIWc2d1UBYZBCp8,70,0
05mDaV9Vb3wrzjF6OPZnhq,71,1
05rJdH2MRLJ3sQoEUO78qs,72,0
05t7JMip6JrLuSrMV5yYjX,73,1
05zd5Nv0e02ZqrlC8A2cwx,74,1
06FCvd7rrRcF3DdvWH5Isp,75,0
06Gyf2pFDVmN5K8XAawG96,76,1
06JvOZ39sK8D8SqiqfaxDU,77,1
06Qo2fYR2KS1F7bL338iVT,78,1
06qMRF18gwbOYYbnP2du6i,79,0
06s3QtMJVXw1AJX3UfvZG1,80,0
06scTb0zbkxYNgpAB3J9fN,81,0
073ILU1C3APNRGF66VhtyA,82,0
079Ey5uxL04AKPQgVQwx5h,83,0
07FkzikE6FuHIa8Ma7zJGc,84,1
07KXEDMj78x68D884wgVEm,85,0
07MDkzWARZaLEdKxo6yArG,86,1
07Oz5StQ7GRoygNLaXs2pd,87,0
07rmSXN6vNoquX1AsWd9pP,88,1
07s9NNOT0sZQp7TyolLLgu,89,1
083Qf6hn6sFL6xiOHlZUyn,90,1
086myS9r57YsLbJpU0TgK9,91,0
08F16baYbciTva9P4BvpiI,92,1
08LwMWf5Tcfsd752EPzFV0,93,1
08SB2OtZkaliju77WYEKxk,94,1
08XWh5c0BMyD1nKVxxl91z,95,0
08bNPGLD8AhKpnnERrAc6G,96,0
08fa9LFcFBTcilB3iq2e2A,97,2
08hm0V6cTsWDX62hW42sEv,98,1
0939D7aT18uBDS2MTjWzct,99,1
09CnYHiZ5jGT1wr1TXJ9Zt,100,0
09IOPhEh1OMe0HD9b36FJk,101,1
09IStsImFySgyp0pIQdqAc,102,1
09KlDlkOYuC5x6hOaM7vaP,103,1
09PGubKAMryhOWv1LHpCYz,104,0
09WAnxdBuebQopKhJT3oZS,105,1
09gysnJpfQ3ublBmJDfcEC,106,2
09mEdoA6zrmBPgTEN5qXmN,107,1
09oZ9eXQ2fo6YDrPzJqAoP,108,1
09ts3GnICqYEU5PkQCpJK3,109,1
09u787BYeYIGd2mFIJ505t,110,0
0A1JLUlkZkp2EFrosoNQi0,111,2
0A1hoCfMLkiAgvhWkkucJa,112,0
0A5gdlrpAuQqZ2iFgnqBFW,113,1
0AAMnNeIc6CdnfNU85GwCH,114,1
0AAVJIN4plafvmNKqRCltG,115,1
0ADG9OgdVTL7fgREP75BrZ,116,1
0AGS6ZRgzobrazmCi6pYMe,117,0
0AUvWawuP0ibk4SQ3sIZjk,118,0
0AYt6NMyyLd0rLuvr0UkMH,119,2
0AaV4MJrgmLV3XhoiWXjjb,120,2
0AhJag7VI8uFf3mJFsTwvf,121,1
0AluA5RNsa4Cx6XRhf2hWZ,122,2
0At2qAoaVjIwWNAqrscXli,123,1
0AtP8EkGPn6SwxKDaUuXec,124,0
0B3FovCVaGKS5w1FTidEUP,125,0
0B48113ZG9UfkWWt7qD9xX,126,1
0B6g379TMw0nYGXA7y5xHz,127,1
0B7wvvmu9EISAwZnOpjhNI,128,2
0B8B8cVRFIG1yznoQe7c9s,129,0
0BFQC00Y58JtjMyTXOJazO,130,2
0BGwAKW4u8kWOhWFflZxfl,131,1
0Be7sopyKMv8Y8npsUkax2,132,0
0BnTBAGmr9FtYwkZrwKhwS,133,0
0CBFOvHlyqy30Q5tbyNHfQ,134,1
0CYTGMBYkwUxrj1MWDLrC5,135,0
0CZ8lquoTX2Dkg7Ak2inwA,136,2
0CcQNd8CINkwQfe1RDtGV6,137,0
0CfmNX2TXk7yoJqHJiixnp,138,1
0Clb9aiXWa0dvVff5aN4VN,139,0
0CokSRCu5hZgPxcZBaEzVE,140,1
0CrcwVLUe8wzLUIXgjXVZJ,141,1
0CsR9Y9SnC6ZWmekmVqSHz,142,0
0D8ZpOXVjapLXrjz5VfZSD,143,1
0DGTcMqvVR7fmBXgiG6jz4,144,0
0DJBgBiYeSn6n1AXAkFVE8,145,1
0DMVrlMUn01M0IcpDbwgu7,146,0
0DWdj2oZMBFSzRsi2Cvfzf,147,2
0DZJACISivjWjscIp5Kg1q,148,1
0DiDStADDVh3SvAsoJAFMk,149,0
0Dn40gxVCMo5TkgS8Ik18Q,150,1
0Dq49j3dELbttQVUJbtn0c,151,0
0DuWDLjriRPjDRoPgaCslY,152,2
0E0DRHf5PfMeor0ZCwB3oT,153,2
0E4Y1XIbs8GrAT1YqVy6dq,154,2
0E6PsO3ymCfUh7pJQjBgkj,155,1
0E9ZjEAyAwOXZ7wJC0PD33,156,1
0EPxmvsG1BY5td4aTOkWBF,157,0
0EQMrxdeiBhry9JCxskko3,158,1
0EhpEsp4L0oRGM0vmeaN5e,159,1
0EtuSDTRJYUwlPf4y6coIz,160,0
0F7FA14euOIX8KcbEturGH,161,0
0FA4wrjDJvJTTU8AepZTup,162,1
0FDzzruyVECATHXKHFs9eJ,163,1
0FFsgUoFibYISzMxuGS61W,164,1
0FZ4Dmg8jJJAPJnvBIzD9z,165,0
0FfqyjhB6Kspvit1oOo7ax,166,2
0FktnzDqjClqU6iqOZVEs2,167,0
0Fl4eWzVaMUOdXcOrj6F1q,168,0
0FlfN5cbUUpIHCRH8X1M44,169,1
0FlwhvrncUKrEAhzunmCKm,170,2
0Fpen1PTuEnCmOJtUU9Iud,171,0
0FqBNLXlTNimxmVRdDMj6b,172,2
0FqVtQxRD3HsPltldG5v5M,173,0
0Fs9cdPDhptWEDJmiCbkEW,174,1
0FuTx2s3YH1ppmtiM6l0zI,175,1
0Fv5N0cHBsl4bzCbollCAS,176,1
0G149jkGWKwrPXUGkEDgWM,177,1
0GAyuCo975IHGxxiLKDufB,178,2
0GJwUAlBMJTbY4VE7iE761,179,0
0GMiRrUnQuoGddKMsxGPIZ,180,1
0GQ5bFTVFFKpwNPc7KwQnB,181,1
0GVuLQtPXFaL18ijEOqoAa,182,2
0GjEhVFGZW8afUYGChu3Rr,183,0
0Gl5s8IhMmQE5YQwM8Qx1J,184,2
0GxQ1A5L9xnMOytbP6eKBG,185,1
0GzuHFG4Ql6DoyxFRnIk3F,186,0
0H1Had94fszD13qsFsP1U5,187,1
0H4ugk6rhnXmTl47ayy9O5,188,1
0HC6S4VpCGAZvyxTdrMRIQ,189,1
0HD8mbiPjp3o94X3EaZp0o,190,0
0HEmnAUT8PHznIAAmVXqFJ,191,0
0HEytGQM3bG1vKxER7IgVK,192,2
0HUTL8i4y4MiGCPId7M7wb,193,1
0HVv5bEOiI9a0QfgcASXpX,194,0
0HYAsQwJIO6FLqpyTeD3l6,195,1
0HZgYFimoJG9Ijy8InUWcV,196,2
0HqZX76SFLDz2aW8aiqi7G,197,0
0I20rLT2MJDhcF96AjbNYo,198,0
0IGUXY4JbK18bu9oD4mPIm,199,0
0Ie5uiv54KgCr7P4sYDTHl,200,2
0IpnZchq8ek2A6pGEP2Qb1,201,1
0IqKeD8ZSP72KbGYyzEcAs,202,2
0IuVhCflrQPMGRrOyoY5RW,203,0
0J9g1MMJDhyvOb3NWckHMm,204,0
0JP9xo3adEtGSdUEISiszL,205,0
0JXXNGljqupsJaZsgSbMZV,206,1
0JcNysfWVWaMS7R6vzGB2k,207,0
0JdkDCdrhMOaeXjIZdeBXN,208,0
0JiVRyTJcJnmlwCZ854K4p,209,1
0Jlcvv8IykzHaSmj49uNW8,210,2
0JmnkIqdlnUzPaf8sqBRs3,211,0
0JoWBcL61YWLXM5vW0YTHO,212,1
0JzG1wJuB4v9UPkSE7LMXi,213,2
0KAzP1Rbp0Vz5pw8i1KDDI,214,2
0KCSJzsQVxkloxoT7dyrqV,215,0
0KKkJNfGyhkQ5aFogxQAPU,216,0
0Kdj7nwaYQmvhxnqZaIQuW,217,0
0KkIkfsLEJbrcIhYsCL7L5,218,0
0KoiMHhqKLoL4xM54rcWYY,219,0
0L7loeTIg6akW84aEQZpCT,220,0
0L87MffumRNWrY2SNUFcvs,221,0
0L8LOav65XwLjCLS11gNPD,222,0
0LEFmgIj8ABU7CelzGh5Bs,223,0
0LMwmV37RCmBO2so0szAFs,224,0
0LQ1J0BCzA2qnAgp9MkkNE,225,0
0LThjFY2iTtNdd4wviwVV2,226,0
0Li1OuXXfi7950ilZUFGkF,227,1
0Lmbke3KNVFXtoH2mMSHCw,228,1
0LnS7aOdOdI1dNKZqdOLz4,229,1
0Lsis3LB0XAK6XlTHXaJk2,230,0
0LtVx5vsq9nfpGsWgjUin6,231,2
0Lw6aQcBFWTQ9m4MSwwwes,232,0
0MMyJUC3WNnFS1lit5pTjk,233,0
0MWiSBKm8Avs8iDIxcertp,234,1
0McI9sOmkpfd4E72njtU0G,235,2
0MrRAUcB8AZiB9ue2VOBYe,236,1
0Mrnt1YqVuW2bqmwu4VxDt,237,1
0N9C80kcgL0xXGduKnYKWi,238,0
0NBgyml7T0IvUNbXIkcSpH,239,0
0NRHj8hDwwmSPaA41o379r,240,1
0NTMtAO2BV4tnGvw9EgBVq,241,1
0NZPBYD5qbEWRs3PrGiRkT,242,1
0Nhu3zSYbEz32IYiobV75e,243,1
0NiXXAI876aGImAd6rTj8w,244,0
0NwGC0v03ysCYINtg6ns58,245,0
0O6u0VJ46W86TxN9wgyqDj,246,1
0OEe83mMZ5kaNw5uZQ7ilG,247,2
0OgGn1ofaj55l2PcihQQGV,248,2
0OlnLZY4cmQzT6ZGttvWBM,249,2
0OoNzMdPSgbkM5MkcuEZfm,250,2
0Oqc0kKFsQ6MhFOLBNZIGX,251,2
0OwX5aROoW1Iip8FV51Efg,252,0
0OyQns5ayNK2OVaES0Vb8t,253,1
0P6AWOA4LG1XOctzaVu5tt,254,0
0PAcdVzhPO4gq1Iym9ESnK,255,2
0PB0O24JqAuNdOAFVJljMS,256,1
0PDUDa38GO8lMxLCRc4lL1,257,1
0PG9fbaaHFHfre2gUVo7AN,258,0
0PKpNkxX3FkcfgxCQUXXds,259,2
0PQsrLxPbOBBwwmXCnGvcF,260,0
0PZ04XgQ14FmKZBg3Gxlhr,261,1
0PurA4JVJ8YQgSVopY8fn6,262,2
0PvFJmanyNQMseIFrU708S,263,1
0Q2n5yzl2XRqYbV77tZNYp,264,0
0Q5VnK2DYzRyfqQRJuUtvi,265,0
0QBzMgT7NIeoCYy3sJCof1,266,0
0QHEIqNKsMoOY5urbzN48u,267,0
0QIjsbm2fh1cJ45XO9eGqq,268,1
0QPRDC97rIQB3Jh3hrVJoH,269,1
0QS5rZpm5zN9wV9lJgjyUE,270,0
0QV16pno66L6K3fn4W13b7,271,0
0QglpM23kl9ldvVdoYNZwF,272,0
0Qh38w01QRXK6KHIv0e3hb,273,1
0QosomGFiJYOxj2ViZfqng,274,1
0QsvXIfqM0zZoerQfsI9lm,275,1
0QwKxajohg1rAMMmv1AWe1,276,1
0R6Jlsq25eZB3Wftpxi3oF,277,2
0R6NfOiLzLj4O5VbYSJAjf,278,0
0RAvy97QRPzO2AfK5Dw6j3,279,1
0RFFFGtPn6a58RHY3ccVYX,280,2
0RLLvYBopDwooCyvnTwgYu,281,1
0RTzJVkunbGwuRjXDFHnjf,282,0
0RUTnY2B3s05fZuCHsNaUP,283,0
0RYHqnmtNRfbYxP6Dn8Vse,284,0
0RbW8kWozrVSIGb4V13o0o,285,1
0RiRZpuVRbi7oqRdSMwhQY,286,0
0RoA7ObU6phWpqhlC9zH4Z,287,2
0Rx0DJI556Ix5gBny6EWmn,288,0
0Ryd8975WihbObpp5cPW1t,289,0
0SCMVUZ21uYYB8cc0ScfbV,290,0
0SErdEdRcVX1uJCf1eTGYH,291,2
0SGkqnVQo9KPytSri1H6cF,292,1
0STK94RxUulYqWzwFlyAb5,293,2
0SVsEdvot6vU4byv5yW0oj,294,1
0SfG57HqtBNqKN9O27fo1s,295,1
0So2sgVa8aJiARPl2P29u2,296,2
0SqqAgdovOE24BzxIClpjw,297,1
0SuG9kyzGRpDqrCWtgD6Lq,298,2
0SvxydoxEEkXt9aMAqTfpB,299,1
0T2pB7P1VdXPhLdQZ488uH,300,1
0T5iIrXA4p5GsubkhuBIKV,301,2
0T6RSXxFhW8dRTWHI604ld,302,0
0TCnOEVeLQMXOUrpPlM7uY,303,1
0TK2YIli7K1leLovkQiNik,304,0
0TlLq3lA83rQOYtrqBqSct,305,1
0TrPqhAMoaKUFLR7iYDokf,306,0
0TvQLMecTE8utzoNmvXRbK,307,1
0TyUOnU4H4GLqOcrH0auc8,308,0
0U1W2LZVUX7qTm7dDpqxh6,309,0
0U6Vg6RUmzADUO0Y9fVKft,310,1
0U6bQIAh6MCGo1xjbIIx2S,311,0
0U9CZWq6umZsN432nh3WWT,312,0
0UKUfxIkDAMZz7hMdiVX3m,313,1
0UTHr20nqVFMoji8xYE9yl,314,2
0UTyLmkQgPOEIz95OVAJTR,315,1
0UbesRsX2TtiCeamOIVEkp,316,0
0UeYCHOETPfai02uskjJ3x,317,1
0UioblV1x795s55Ur58c6c,318,1
0UnTaVkntyh3vqvLEvbpQx,319,0
0Uv5Kp8sEnriJjkX4oLfNI,320,2
0UvZcEfpzVyx47QsRbjyBz,321,0
0UwQTbq7ZtBJ7v530mpaxP,322,0
0UyljEbX9dqI1K0sqdv6B6,323,2
0V3wPSX9ygBnCm8psDIegu,324,1
0V9cosR5jWa4fr2koARmhD,325,1
0VKkyBKCXyR99navhVRqcP,326,0
0VO8gYVDSwM1Qdd2GsMoYK,327,1
0VQ3GSPdl4njPOr3lyaoaD,328,1
0VSzREd1OjEWJ9tXoFHRQH,329,1
0VTfHLWzaUUb2Lbw84xOdX,330,0
0VgkVdmE4gld66l8iyGjgx,331,1
0VhgEqMTNZwYL1ARDLLNCX,332,1
0VjIjW4GlUZAMYd2vXMi3b,333,1
0VtxQUpwnkeedz0QhhuOgA,334,0
0Vz146N2GxkVJw4kSGXrNi,335,0
0W6I02J9xcqK8MtSeosEXb,336,0
0WCEaydwN65cvwaW8aqptF,337,1
0WCxpmafw3tOlUmiilGbsy,338,0
0WFryfbNKPXVtVQlz5dZ8H,339,2
0WIv5qV41y6YjjB9V1biuC,340,1
0WSEq9Ko4kFPt8yo3ICd6T,341,1
0WSa1sucoNRcEeULlZVQXj,342,1
0WdR2AyLW1Drd3OUdwezM0,343,0
0WoVfPjxsf9MTvPt9ptqeE,344,0
0WtM2NBVQNNJLh6scP13H8,345,0
0Wv5wuenRLI3BcwgT3HPIP,346,0
0X8DcetL926BYiPJYstJTc,347,1
0XER3HPMx223xWaAgNKp4Y,348,2
0XLOf9LhyazPX9Ld8jPiUq,349,1
0XOnMqLQDO89iAg7dWWwnG,350,2
0XPsOSYzDJZJArevQNm2AR,351,2
0Xek5rqai2jcOWCYWJfVCF,352,0
0XfOi87h82i09rQjWYG0Bm,353,0
0XinBYhf1X3kdvKQHOX971,354,0
0XkmeG97T4mtYlWRJcrxec,355,2
0XySogm94T51XF5F2jumXm,356,1
0Y4hwUppbGc8aIBmiTz30A,357,0
0YFqKxV9uNu6LUeYkLOKRS,358,2
0YHUITU3w6ws1v8ehT264g,359,0
0YWUHZPJVg4iujddsJDwhM,360,0
0YammaEkYSeo9vQYZ1OwS6,361,0
0YeUVm23SAkUruwEx9LWnt,362,0
0YkUwXxnTkeJBvt5upeEtP,363,2
0YqTL3nSL36OFdHwHoqCag,364,0
0YwBZKT8JE4U5TwmYE9BV9,365,1
0Z0kNthq0sS4lvGz9SSlBF,366,0
0Z5ok0QLLttAKsujOZYOXf,367,1
0Z9HQ8YvHqdeOjTwsR3cS7,368,1
0ZExP2I5Ej92PsnG4G1jVG,369,0
0ZNU020wNYvgW84iljPkPP,370,2
0Zbbxnx4SGGHoIow4PpISP,371,1
0ZoHHROTzwIYeNAHRPedTY,372,0
0Zp10WiPeEi6EUJZvWcNT9,373,2
0Zx8khUcEfCFK2AEoIhC92,374,1
0ZxhtATQ0a6EvQNZ0z6NKV,375,0
0a4MMyCrzT0En247IhqZbD,376,0
0a4SMs889NwP8oWI7Vemle,377,1
0ada5XsQGLPUVbmTCkAP49,378,0
0afhq8XCExXpqazXczTSve,379,0
0aoUM0zcu0kCX7Cv7O939I,380,0
0as7lPxkBPctZ7uVmchRNM,381,1
0azC730Exh71aQlOt9Zj3y,382,1
0b18g3G5spr4ZCkz7Y6Q0Q,383,0
0b93tWwuoAC0nXe1CfR30I,384,0
0b9oOr2ZgvyQu88wzixux9,385,0
0bAkKNCQfWkexHFn7fIKns,386,1
0bI7K9Becu2dtXK1Q3cZNB,387,0
0bMbDctzMmTyK2j74j3nF3,388,2
0bYVPJvXr8ACmw313cVvhB,389,1
0bYg9bo50gSsH3LtXe2SQn,390,1
0bcEHhsuLRDm712CQHomdm,391,1
0bhnUFDQFCEHCBlsQfHnj5,392,1
0bjgQ24UZGwKikldIyEOgf,393,1
0bkV1iQHSxBaksUqgEkcbc,394,1
0bzbvANY6oETSJLc0wlVGY,395,2
0cDwUAF7yQrOLRcFfJpSc2,396,1
0cGpKQ8RxxLOFqhktEURIj,397,2
0cNSq9T5l8gZnpY14rsTR2,398,0
0cOa970mzTWAxKtltpkpLc,399,0
0cVyQfDyRnMJ0V3rjjdlU3,400,0
0caJ2wkqp4UmXBwdR2JvB5,401,0
0cqRj7pUJDkTCEsJkx8snD,402,0
0ct6r3EGTcMLPtrXHDvVjc,403,0
0d2iYfpKoM0QCKvcLCkBao,404,2
0dIoGTQXDh1wVnhIiSyYEa,405,1
0dKg2vGC1hFqcK5LGTaKzX,406,0
0dS2u2UFd88TIzDDaZDLvS,407,2
0dSIrRkA4PadGll16TgbnV,408,1
0dbTQYW3Ad1FTzIA9t90E8,409,0
0dcnrLo8s1rhjm8euGjI4n,410,2
0dyiHoYbYjYaOEXLpmzQZG,411,1
0e5UZadoZ5me957hKsxRYh,412,2
0e7ipj03S05BNilyu5bRzt,413,1
0e8nrvls4Qqv5Rfa2UhqmO,414,0
0eFMbKCRw8KByXyWBw8WO7,415,1
0eHCArTPhwUxatY7cEXRiK,416,0
0ecC8p17cDNlxHXkuYqeR6,417,2
0eeKDrQxjqNl5bX5VCHDcn,418,0
0eeeyCAGnGZInPtpkdYiPa,419,1
0eu4C55hL6x29mmeAjytzC,420,0
0evt4UZbdhnHtcAnxkm6A1,421,0
0ezwvY7TkCwDEkKR49084k,422,0
0f0SbtoKGe41cX5LzlnX6X,423,0
0f1G5SHFoFC9lO03gHCGVS,424,0
0fABszUFNbNq9IW503Gj8v,425,0
0fX4oNGBWO3dSGUZcVdVV2,426,1
0fea68AdmYNygeTGI4RC18,427,1
0fg8CqpjdojMyXLNzM2PaJ,428,0
0fioLzGM8ngbD1w6fMmm45,429,2
0fySG6A6qLE8IvDpayb5bM,430,0
0g2Bbgy7P41pFjMWJuzsf4,431,1
0gD6lWJhbXHWNVwQziSVvl,432,1
0gO3E51A3fqp0ypJ26QbVP,433,0
0gWrMbx6pbdH3n3nsLjE55,434,1
0gb1J5UrTpzaU1s3nupgCd,435,0
0gbBzIqrECJOEPvQJIBFs5,436,1
0gplL1WMoJ6iYaPgMCL0gX,437,2
0gucTLf7trAf37Ua1uAyAu,438,0
0h7QMc9ZRzA9QJrbEHytn2,439,1
0hGH0S74Eoyv6mXZcOKtdQ,440,1
0hL9gOw6XBWsygEUcVjxEc,441,1
0hNduWmlWmEmuwEFcYvRu1,442,2
0hPLZrnDgtKxrym1BHjDhd,443,0
0hQNbQKW2dDATH1ngj4TI6,444,0
0hVXuCcriWRGvwMV1r5Yn9,445,0
0hWzB4dR1zwcokPvccww0k,446,1
0heeNYlwOGuUSe7TgUD27B,447,1
0hquQWY3xvYqN4qtiquniF,448,0
0i0wnv9UoFdZ5MfuFGQzMy,449,1
0i4UV3HjjvsUuV3BajEXoD,450,0
0jLeyuu6mtsD384054xLah,451,0
0jOfl1nZf6sVBTG08Q4brn,452,0
0jdny0dhgjUwoIp5GkqEaA,453,2
0jiPKUSdsJNCxMPHjMqptk,454,1
0jqBo5RYn008f4ZY8kPewW,455,0
0k0GtcnyQLMiXrdEDbLXmJ,456,0
0k0vFacOHNuArLWMiH60p7,457,0
0k1WUmIRnG3xU6fvvDVfRG,458,1
0k4d5YPDr1r7FX77VdqWez,459,1
0k664IuFwVP557Gnx7RhIl,460,0
0k7wmahjkn389wAZdz19Cv,461,1
0kCBorRrKZkSztd9m0QI3r,462,1
0kHyKhJMukHEPfeh8s7rdM,463,1
0kN8xEmgMW9mh7UmDYHlJP,464,1
0kdqcbwei4MDWFEX5f33yG,465,0
0kqTXMHiQiB7IECD0WwcPq,466,0
0lEjxUUlKqjqXrVlIHFduD,467,1
0lLdorYw7lVrJydTINhWdI,468,2
0lMbuWUpfTWhEmOKxppEau,469,0
0lSZh5W0wDeurkGzLYY6hf,470,1
0lTurWECr2XL607eJAj1A3,471,2
0lYBSQXN6rCTvUZvg9S0lU,472,1
0lizgQ7Qw35od7CYaoMBZb,473,1
0ll8uFnc0nANY35E0Lfxvg,474,1
0lmdsH1MIoLsMymnNpd6HU,475,1
0lnpnsrVaW9elGgRxpDCgE,476,0
0lodMO0qK83vfPiiD7FMEt,477,1
0lsRatBUs9HNIZAmoGABzk,478,2
0m2orA1i5lLZUOt9XLwSd0,479,1
0mBP9X2gPCuapvpZ7TGDk3,480,0
0mJBiaODgK0XjOLCN5fItq,481,1
0mKGwFMHzTprtS2vpR3b6s,482,1
0mL82sxCRjrs3br407IdJh,483,0
0mel2N9Ws9r4yLQn5QE21Y,484,2
0mfCH4nfpshBQR9ueZP5eP,485,2
0mflMxspEfB0VbI1kyLiAv,486,2
0mjAU3yKR1QnXnHtjGJqTM,487,0
0n2moJpAEWHwaPYYjkzMDl,488,2
0n2nEtLP3OzDdi12ziIekx,489,1
0nAZGkBGKQCXyaoSJfRhC1,490,2
0nbXyq5TXYPCO7pr3N8S4I,491,0
0nrRP2bk19rLc0orkWPQk2,492,0
0o3ua5ufFK7nfRzbDUNoGA,493,2
0oA9wBGDY4uyILLg4GymWP,494,2
0oBtwScT4B4BR5kZitNWd5,495,0
0oO1AbL92F6329z13C2qQH,496,1
0oPOuDmmkVp3h6puekhs6P,497,2
0oQCRjrWGvkqkdf82UlXI3,498,0
0oQc0F6KUE7QY7k5TU6bic,499,2
0oWraSo5ASJ0h1BEagTyEw,500,1
0oaY19dUwZimIgzn3ZZLZO,501,2
0ofHAoxe9vBkTCp2UQIavz,502,0
0ofbQMrRDsUaVKq2mGLEAb,503,1
0oiCeOPwm4zhwfyIpAE37y,504,2
0oiv4E896TUTTeQU0cmIui,505,1
0ono6UCNVZ1XqOm6j78Blu,506,0
0or0gNaKAXYYCsOrpvRzAu,507,2
0otRX6Z89qKkHkQ9OqJpKt,508,1
0pDaqgIForVNO4jrtTxcWT,509,0
0pJPdSVti6cTM1Q6xYGmcf,510,0
0pSBuHjILhNEo55xK1zrRt,511,0
0pYacDCZuRhcrwGUA5nTBe,512,0
0pk1hxhJLBSZZ5RKBhcwOa,513,0
0prNGof3XqfTvNDxHonvdK,514,1
0psS4i5YooJrXfDnGvWRLi,515,2
0q2vG0UVuy6ajjcpkQHdZM,516,1
0q75NwOoFiARAVp4EXU4Bs,517,1
0q85C1JiECyYIQthz1posA,518,1
0qOnSQQF0yzuPWsXrQ9paz,519,0
0qXP5fMhxGzxALOkXYUxfP,520,2
0qYTZCo5Bwh1nsUFGZP3zn,521,0
0qYW2jULeN9giEty0ee9Fy,522,0
0qaWEvPkts34WF68r8Dzx9,523,0
0qc4QlcCxVTGyShurEv1UU,524,0
0qxLQ6opocOGyFnlXqJ53x,525,2
0rDQZJtSGgsB2rdkObpdFa,526,0
0rFQ5cKYJ9WtHSKp9sxVYt,527,1
0rHToGels2lt8Y0mCYoF90,528,2
0rIAC4PXANcKmitJfoqmVm,529,0
0rKWJnmo6Q0ovoPOLoLm0t,530,1
0rTV5WefWd1J3OwIheTzxM,531,1
0rhI6gvOeCKA502RdJAbfs,532,0
0ri0Han4IRJhzvERHOZTMr,533,2
0rrfXLr1p1yxsUy7LrKoYT,534,0
0rt63HYAAIzUZo5O2D0uA6,535,2
0rzaRSujxA0bKyjJl6vHYq,536,1
0sKEilrw1GrBlG6qsTCrP4,537,2
0sPJELXHyWpFgkxlzvvRFI,538,1
0sSRLXxknVTQDStgU1NqpY,539,1
0sTlGEld0h8kIPZaKDYUf4,540,1
0sXvAOmXgjR2QUqLK1MltU,541,0
0sXvjZV7p4uvyPN4uQo3FH,542,2
0sY6ZUTh4yoctD8VIXz339,543,2
0sci7ppTZFm4mjcH3nu8yO,544,1
0sdbFOyfgAhAhWq8DpzkaW,545,0
0siYMEsGrzzzlWLXK5zJfS,546,0
0skYUMpS0AcbpjcGsAbRGj,547,0
0t1kP63rueHleOhQkYSXFY,548,0
0t3ZvGKlmYmVsDzBJAXK8C,549,2
0t5cfOZxePTvuYXTywHzjH,550,2
0tBbt8CrmxbjRP0pueQkyU,551,1
0tDfp0vFR95Gg6Mrhza3lX,552,1
0tICYNayWWhH9GPeFrfjfD,553,0
0tKcYR2II1VCQWT79i5NrW,554,1
0tMSssfxAL2oV8Vri0mFHE,555,2
0tPQPaOKM32WgMSbPCYyRH,556,0
0tXPhc8LvM4dPvoRwI66XQ,557,2
0taOCiup4HNG9LmbduVlJj,558,1
0tdCy39PgWN8LFWu34ORn3,559,1
0tgVpDi06FyKpA1z0VMD4v,560,1
0tjZv2hChdHZCW1zFXpy1J,561,1
0todbbT9g5uQGbeFCiBf2F,562,2
0tp6mwUt99QnfY95T30Lqj,563,1
0u2P5u6lvoDfwTYjAADbn4,564,2
0u8rZGtXJrLtiSe34FPjGG,565,1
0uDdI4fAXCuNhQbmxENdsO,566,0
0uFForNKQPvgSCnxlZIhQy,567,1
0uHrMbMv3c78398pIANDqR,568,0
0uI7yAKUf52Cn7y3sYyjiX,569,0
0uRrG2jRR5tuifsYIJHEao,570,2
0uUNN1nSoUx1A4fkDCWDQ7,571,0
0udOCZp7yk0Ml92C0k8H8D,572,2
0ug5NqcwcFR2xrfTkc7k8e,573,1
0usLRFLmYXYahKNgXxsuJc,574,1
0utlOiJy2weVl9WTkcEWHy,575,1
0uxDHazXSSu9bSZ28LsnAN,576,0
0v2LUO8oTHnkjQ8MmKuXyk,577,2
0v4z1tuZvn6LGknom9Qx7d,578,0
0v9Wz8o0BT8DU38R4ddjeH,579,0
0vQcyuMEfRBd21ojZ62N2L,580,2
0vR2rIVORmgeKiGIgNT0fV,581,0
0vVMlbdYx2080Oa9FndPZr,582,2
0vjeOZ3Ft5jvAi9SBFJm1j,583,1
0vmANNClszGQZ0FISySK61,584,0
0vrmHPfoBadXVr2n0m1aqZ,585,1
0w1ZtnzQmtmuuoKxHT0pLL,586,2
0w3Mfe4PIVjuFjJbe3OlYv,587,2
0w5Bdu51Ka25Pf3hojsKHh,588,0
0wHFktze2PHC5jDt3B17DC,589,1
0wavGRldH0AWyu2zvTz8zb,590,2
0wbnC9AUenxp613TYaJsGK,591,1
0wdV94AXGRphrbkDWLNzVC,592,1
0wfbD5rAksdXUzRvMfM3x5,593,1
0wihfILRNOwE2156Shezc8,594,0
0wshkEEcJUQU33RSRBb5dv,595,1
0xBQvhJAm6f7J142ympKOn,596,0
0xG0SHshCStMEyNbNC5d4k,597,2
0xIVvRmjztR1AwuHrkhH41,598,1
0xPaZrF25ltzvz1a2Pm5DQ,599,2
0xUvi7wldroBzaZCengPa5,600,1
0xfMlIW8lS40qvpsUw1l0X,601,0
0xl1w2q4VLojeXp4JfazPL,602,0
0xxZY5C9xxij3D1HkzbnfC,603,0
0xzI1KAr0Yd9tv8jlIk3sn,604,0
0y1QJc3SJVPKJ1OvFmFqe6,605,2
0y60itmpH0aPKsFiGxmtnh,606,0
0y675KDleCZEudjoeL1sQQ,607,1
0y6kdSRCVQhSsHSpWvTUm7,608,1
0y7Ao3CVJsyKFmqdjutiIF,609,1
0y8Pu7x5jXgUjOIJvQIF5L,610,0
0y9uTzK9cNKSAEHnpeRG8C,611,0
0yL7K9MzC20uBesZTPY81r,612,1
0yLdNVWF3Srea0uzk55zFn,613,0
0yUaLqhsVsguBpoOPL4cO7,614,2
0yc6Gst2xkRu0eMLeRMGCX,615,1
0yt31hMKZMiyIEfiBiLD2N,616,0
0z8hI3OPS8ADPWtoCjjLl6,617,0
0zCfmceT1YvtZXGbR6Roht,618,0
0zCgWGmDF0aih5qexATyBn,619,1
0zLCBJZSiELJf02ucPP9wb,620,0
0zl3PdjIl320fK0pxBGWNR,621,1
0zo975x58DlXbZllWvfYhg,622,1
0zzVTGyRrWpQu8Fr28NRAv,623,1
0zzsyWc45eUcSjw4FNHxeN,624,1
1000nHvUdawXuUHgBod4Wv,625,1
104buTcnP2AsxqB7U1FIZ4,626,1
1058fW9H3fZA6QjYCdOBad,627,0
10IfXtjKQmOiON7tNAHv0y,628,2
10Igtw8bSDyyFs7KIsKngZ,629,0
10ImcQk9tihY1EKMDIbvXJ,630,2
10SRMwb9EuVS1K9rYsBfHQ,631,0
10hMM5nsZQf66ldBlgWBfG,632,1
10hcDov7xmcRviA8jLwEaI,633,1
10xV5l9nhLvFpR8mqzs0bL,634,0
116H0KvKr2Zl4RPuVBruDO,635,1
1175r6ZmkUjX8dRJLz9Ohk,636,2
11BKm0j4eYoCPPpCONAVwA,637,1
11EDhDAVDtGPoSar6ootYA,638,1
11EnQRgRMJwMAesfkB5pnu,639,0
11Ey4yJVeWEsA73KjACkVY,640,0
11GGSyTB8cS9TgONHBOhEX,641,0
11KJSRSgaDxqydKYiD2Jew,642,1
11OwAR3GlBj9E35Cznf7Lj,643,1
11P4sSu6BH2lAbWk1sL6cK,644,0
11VApNQCWLJdzxWrlmwzUa,645,0
11ZulcYY4lowvcQm4oe3VJ,646,0
11cDEev79fPKi6uJCjUhu8,647,1
11iIikXxC6NP0Ma8vMD27x,648,1
11kDth1aKUEUMq9r1pqyds,649,1
11o2y87vqODipLK98a1v34,650,0
11pEKMLmavDu8fxOB5QjbQ,651,0
11xC6P3iKYpFThT6Ce1KdG,652,1
127QTOFJsJQp5LbJbu3A1y,653,0
12M5uqx0ZuwkpLp5rJim1a,654,2
12REd1n8PeiHHWOh066tpr,655,2
12SJpYZEdj4kzWZ8FPFg4Y,656,1
12YCtLHGk6tP6RbHDHflCs,657,0
12cZWGf5ZgLcKubEW9mx5q,658,1
12hD59WtTU92K1VcCXqLlw,659,0
12ip0ceCeszDTDFxDY1AXJ,660,0
12mGwph2YzDIlChtq3EdXP,661,1
12nBPF4Rh4XLFJV0YLN7uj,662,1
12o6dxWGk29uIAP3OWY0pM,663,1
132ALUzVLmqYB4UsBj5qD6,664,0
135Lf4Q0CzlMNfOxbEUsLH,665,2
137mSruegm1u6x9NvwiagR,666,2
13CVSGLSFl4UxpDVR6u3dq,667,2
13EW51DKru044OJDJ9Bm8o,668,1
13HVjjWUZFaWilh2QUJKsP,669,2
13Irp51zj01BZu2XtDrnAg,670,0
13ZyrkCDmRz5xY3seuAWYk,671,0
13e6f8t7RKXuxZ0JdaaJRG,672,2
13hvHEstJ4sNbzdroPrPI3,673,0
13jRSCLoWbCoU1XEdJRbgn,674,2
13vDU8nPsvTGEVTMB8Vw7g,675,0
13wNEvWmBsWaWVtiLPRIW5,676,1
142PiXzA84lmEw2RstFHFa,677,1
149BxWeweaCqmsyedkNiiE,678,1
14Bcv6siTBPw3TlP84dasC,679,1
14JzyD6FlBD5z0wV5P07YI,680,2
14LdhxElpZS0rKVV4nxtdA,681,1
14WWzenpaEgQZlqPq2nk4v,682,0
14boA065HMHWvqyPPEeN4y,683,0
14gkWVFMwdxBMyqBw1wmIg,684,1
14kYOiFVPb7E7NfFbqhdln,685,1
14kyXBpg91RVq8bNRDS1q2,686,2
14mHfNsSHN0FbLftyjrV9g,687,0
14msK75pk3pA33pzPVNtBF,688,2
14rWuS6yllHOdfZ8sZsZUj,689,0
14sOS5L36385FJ3OL8hew4,690,1
14wf185UxfNbSy8dwt4r4q,691,1
152lZdxL1OR0ZMW6KquMif,692,1
1597vvneWf0zoQrg2D8yH6,693,0
15JINEqzVMv3SvJTAXAKED,694,0
15coTBAzEN1bOeipoNDZAR,695,0
15dnkAHcHC0vrIUlbiPiqU,696,1
15k1TDabqSEmyXOwMq9RM7,697,0
15kQGEy89K8deJcZVFEn0N,698,1
15xWRPHQMeqgdkGzInx3PY,699,2
161DnLWsx1i3u1JT05lzqU,700,2
167NczpNbRF7oWakJaY3Hh,701,0
16dUQ4quIHDe4ZZ0wF1EMN,702,0
16wAOAZ2OkqoIDN7TpChjR,703,1
16x6tqeSkIjoLEf7SJLlYy,704,2
16x9bQHw8TBNaGDyULvwad,705,2
1797zYiX4cKosMH836X9Gt,706,0
17CWWoszMuoGecCJzmOubE,707,0
17Fd6Yb7mSbinKG8LoWfFl,708,0
17IBDpAl3J39swaoPlfGpp,709,1
17JYzDCW1UTndfURuTydF2,710,0
17UfXrL7Run3GyZJW4uRjC,711,0
17Yq72h0p15OhCbZ5lJ5gd,712,0
17cia5k4BpGVlyEfqrFH50,713,2
17phhZDn6oGtzMe56NuWvj,714,1
186NCtNk1tUYS7c2DxgJ7O,715,2
18HOjcvTVV7W8YzBuOsAPS,716,2
18W92Zm1KjLCbUIszOhpkD,717,0
18XlJEroUwFo0tLZxscgXE,718,0
18asYwWugKjjsihZ0YvRxO,719,1
18ssFhD04lWo1RzpcohnrG,720,2
18uSfZqFBxQFi8CsXOIbhy,721,1
18uwL0vNUanqZH0ro2QcOP,722,2
18vXApRmJSgQ6wG2ll9AOg,723,2
193Dm5SqYy3hTSbuzxbwKc,724,2
19CSr8rwW05VJL2F91KFNK,725,2
19Ec2gbNtQTE44IizcPjtD,726,0
19Fg3WrTfo35Ji3PtfZE6J,727,2
19WjVVgXjdKXfLXoaDPwTM,728,1
19a3JfW8BQwqHWUMbcqSx8,729,1
19hh7DkfRBrpRGYfKlw7jb,730,0
1A85fOmviQuGgkF6Lww6Nd,731,1
1ABS9lKaZ1uXkXCqr9zFO7,732,2
1AI7UPw3fgwAFkvAlZWhE0,733,0
1AT4xjNarTswd0UZ5FlmKF,734,0
1AZjCZSGEjlxUufFQwSszF,735,1
1AhDOtG9vPSOmsWgNW0BEY,736,1
1Al4Z4K76RCKj31mExavs7,737,1
1Ame8XTX6QHY0l0ahqUhgv,738,1
1AnkdcHl86kEhDvhaKDuIe,739,2
1AqemxWsT0iGg5Lvkm16Bt,740,2
1ArLnG0bHaHPXqf08sEKM0,741,2
1Av69kr9JitqPWo7WJLS5q,742,2
1B4gJRq61xTs6r1O0Uq2iY,743,0
1BCBBO8VUEFOb6RBct4XDp,744,1
1BKT2I9x4RGKaKqW4up34s,745,0
1BSMpVGWs3v5BZKnAQziAc,746,0
1BYZxKSf0aTxp8ZFoeyM3d,747,1
1Bf8wk84B42gGewriwJlT9,748,0
1BkY0N8ChFk2mdLbAUu8ZK,749,0
1Bqxj0aH5KewYHKUg1IdrF,750,1
1BuZAIO8WZpavWVbbq3Lci,751,0
1BxfuPKGuaTgP7aM0Bbdwr,752,0
1BxkZE73h9BN3qwuA15TA3,753,1
1Bxzw8ag71snOU9IbhXVD6,754,1
1CKd1PnqfYx0H12V9MSaIY,755,0
1CUVN2kn7mW5FjkqXTR2W1,756,0
1CnPYaKxTVb4LWOtiGOm0m,757,1
1Crj1zkRMpsEjb9NOR6Zof,758,0
1CsuHmKOfCYxPoO4xjlAWV,759,1
1Cv1YLb4q0RzL6pybtaMLo,760,0
1D2L6MefbXon28PzIk9I3r,761,0
1D3ODoXHBLpdxolZRHWV1j,762,0
1D3z6HTiQsNmZxjl7F7eoG,763,1
1DAibqbopEYULPEtE8WHTE,764,1
1DFD5Fotzgn6yYXkYsKiGs,765,0
1DIXPcTDzTj8ZMHt3PDt8p,766,1
1DMEzmAoQIikcL52psptQL,767,2
1DRJZUVcs6i6TkdNUXAi6m,768,2
1DRW9bQzt2SE8f7H4KJZyL,769,1
1DUSuNhF8P5vUGNPpQiZa5,770,2
1DWZUa5Mzf2BwzpHtgbHPY,771,2
1DadkoAI2gicYJfindPY20,772,0
1DdgqEZk4Hqfpl3drdXJun,773,1
1DhRbox3xkceP64k3JeYfW,774,0
1DmW5Ep6ywYwxc2HMT5BG6,775,1
1Dp7JGFNjvg8Nk0CtMCcnr,776,1
1E1uGhNdBe6Dddbgs2KqtZ,777,1
1E5Xu8dur0fAjSP1VpVhAZ,778,2
1EHUQesfVKwbthtNcpBi9g,779,1
1EJIcDYXwSqipW5dFe4uJz,780,1
1ELsaYdj2NlxLvkx9g24xZ,781,0
1EQFOouqdKYdpbNoOHRVO2,782,1
1EaKU4dMbesXXd3BrLCtYG,783,0
1Eck97uRMlprKOOJN9oO1E,784,0
1Ej96GIBCTvgH7tNX1r3qr,785,0
1F2HXIJrE2Xn81OzT2zZvW,786,0
1FBi1YWCAxlRmfuUbMINqO,787,2
1FEiijYPJtyswChfcpv3p0,788,1
1FUViuNSldssMIawrOXF2i,789,1
1Fid2jjqsHViMX6xNH70hE,790,1
1FlL8ycld6uVDDyhV7P5FA,791,2
1Ft13La2daEGqz5yWJC7lx,792,0
1G1R0XgChe18Zr1o6tlmN6,793,2
1G2CAJeP7rCwOZjlSJ0Zw3,794,0
1GN6qqehnqUfUHH1gfK81v,795,1
1GO9vCm5Cra5uWGSWQ5mGK,796,1
1GeNui6m825V8jP4uKiIaH,797,0
1GfBLbAhZUWdseuDqhocmn,798,1
1GpWY5RiInhezB8wGWs6oN,799,2
1H7KnK26kc1YyellpbINEn,800,1
1HCdems7PQZRj42QDWLA0A,801,0
1HII0EIufOG0nGpWCQixbO,802,2
1HLL8X0LH20F6Z9SLXLIjr,803,2
1HLaJowFbNM3MPyqnk5vjW,804,0
1HNywa8Bk0TmzRwQrzhtPo,805,2
1HTtUBEY3tuw2btgwwI2Ja,806,1
1HbA4N1MiOsPthALesGFR1,807,1
1Hd2XLitkt1PYCWSbfF5qV,808,0
1HfMVBKM75vxSfsQ5VefZ5,809,2
1HhNoOuqm1a5MXYEgAFl8o,810,0
1Hohk6AufHZOrrhMXZppax,811,1
1HpzOCZbNWzxvvXfSGtSrX,812,1
1I3ZAmPmbFV78oNKnibOiW,813,1
1I55Ea0zVoSKs6MqW7DQ3i,814,1
1IF5UcqRO42D12vYwceOY6,815,2
1IHWl5LamUGEuP4ozKQSXZ,816,1
1IIKrJVP1C9N7iPtG6eOsK,817,0
1IWNylpZ477gIVUDpJL66u,818,0
1IcR6RlgvDczfvoWJSSY2A,819,2
1Ijpng3ZLhTRcEd8iqh4p4,820,1
1InCpEliLCkWHOBdXW7XSx,821,1
1Iq8oo9XkmmvCQiGOfORiz,822,1
1IthE5GNiRzFN5CVaCa445,823,0
1J14CdDAvBTE1AJYUOwl6C,824,2
1JIgaRnqtzS7DuGM3hVZU9,825,0
1JSTJqkT5qHq8MDJnJbRE1,826,0
1JgknGBbrfmEHeOZH051SS,827,1
1JkrD47SDpAbyvqKtolcea,828,0
1Jo0Zg7XlrA6z0mFTZVdkn,829,0
1Jrj3k5L36dPkU6KAclU7g,830,1
1K39ty6o1sHwwlZwO6a7wK,831,1
1K5KBOgreBi5fkEHvg5ap3,832,0
1KFN3kB4hc6r7ILpifFsqf,833,1
1KSqYYJFyfTecXFk9M0prc,834,0
1KT0xdIjm7t053xByACrrg,835,1
1KVczjazCcCCgM3gXXUl47,836,1
1KXFoiT2n4QXRsFvhWNI4I,837,2
1KdwnsWOvhM53vezy5ROuf,838,0
1KeZgPUr54C8iz3FjqzVoz,839,1
1KixkQVDUHggZMU9dUobgm,840,1
1Knctxx9vGZxpZfF66BIEa,841,1
1L3NV7VrCiuE8C5QlhdeQL,842,0
1LCm0lFnEsxR2oPqyHLGX9,843,0
1LIqNVhaIgxXUt2eVoIQJ3,844,0
1LLXZFeAHK9R4xUramtUKw,845,0
1LiN0Z98FkR1t0m8KmLcAH,846,0
1LmkdWSxjCV7wKTPsCvYWN,847,2
1Lo0QY9cvc8sUB2vnIOxDT,848,0
1M4OcYkxAtu3ErzSgDEfoi,849,0
1M4qEo4HE3PRaCOM7EXNJq,850,0
1M5OUvKG03C0QtzvxRS4Zk,851,0
1MJErNPIQUoEMu4YUUmecm,852,1
1MJHXJ8bdoynpEtCLCbkWf,853,2
1MgV7FIyNxIG7WzMRJV5HC,854,2
1MpCaOeUWhox2Fgigbe1cL,855,1
1N1ZpYUJc9fwrqk53FGgWv,856,0
1N7YeVU0ZwAFbOhwM61ef6,857,1
1N8TTK1Uoy7UvQNUazfUt5,858,0
1NDxZ7cFAo481dtYWdrUnR,859,0
1NF9EkR5OpMaoVWbsllcm9,860,0
1NghHeg0wE32eBYrQBVQXL,861,1
1NhjYYcYTRywc0di98xHxf,862,1
1Nj2oBISdFDSF8eDuXcALz,863,1
1NlK2NtpuUazpziLhnJwEV,864,2
1NvpO1o8SpkdH3txtJQQc7,865,1
1O2pcBJGej0pmH2Y9XZMs6,866,0
1OAh8uOEOvTDqkKFsKksCi,867,0
1OAiWI2oPmglaOiv9fdioU,868,1
1ODZGydlown4VesUP8HLJX,869,0
1OUPXna2MCgAt3VNmXJBtg,870,0
1OZ4uv7OAP24Ix6j3vojLt,871,0
1OilOIju6R9ia8vilNjChh,872,1
1Ol5LmdNDNpFu1oNwfgkux,873,0
1OuN92HcVG6NVpWbeESNB3,874,1
1P17dC1amhFzptugyAO7Il,875,0
1PAvhqefivTNdxZ4u8RT1d,876,0
1PDP7mLiAMwhfmgIwzhOm2,877,2
1PH2MDbcBAU094DlgTIND1,878,0
1PIgY9ybyFT9uWLM5POYGY,879,2
1PNs0uGru3TcrA94kpyGnc,880,2
1PSBzsahR2AKwLJgx8ehBj,881,1
1PZDyestTVydtHpaIcfUJg,882,2
1PckUlxKqWQs3RlWXVBLw3,883,0
1PfUKiMDKIlPEF9FfdJawc,884,2
1QCqedB1ibmRO9x7Ikb5LI,885,2
1QL7nSDZCwZMnbisV4KOXt,886,1
1QLZKzC2pjP4ySf4ALrNhm,887,2
1Qg9jWGDkKAGZXj5v2OG59,888,1
1QgTBfRN5m81a5K01qens6,889,1
1Qi2wh8fFgDV7tl4Sj3f2K,890,2
1QoG0Yqz1onMsdbOibZVke,891,1
1Qrg8KqiBpW07V7PNxwwwL,892,1
1R0a2iXumgCiFb7HEZ7gUE,893,1
1R6VwZ8TuHRzxZUxe88n4I,894,1
1RDvyOk4WtPCtoqciJwVn8,895,1
1RSzyxqtIO4yX3EyiV4zT5,896,0
1RsD951uUUlJx0MRioZfev,897,1
1Rweq7vNjK4kZBbGrmxQsl,898,1
1SC5rEoYDGUK4NfG82494W,899,0
1SJtlNRJDeYHioymcvsqev,900,2
1SOClUWhOi8vHZYMz3GluK,901,1
1SSzM044DUbVpYNNHWIhYJ,902,1
1SV1fxF65n9NhRHp3KlBuu,903,0
1Slwb6dOYkBlWal1PGtnNg,904,2
1SmiQ65iSAbPto6gPFlBYm,905,2
1Spmq0UazGU6ovMIlGldZX,906,0
1SymEzIT3H8UZfibCs3TYi,907,1
1T8IRUJBga0JXioJZvxjBR,908,1
1TEL6MlSSVLSdhOSddidlJ,909,2
1TZv3bujNaYz646eezRE91,910,1
1TaQciB8qqRZ9fxWGhS65X,911,1
1ThmUihH9dF8EV08ku5AXN,912,0
1ToprX3cpBiXoAe5eNSk74,913,1
1Tt4sE4pXi57mTD1GCzsqm,914,1
1UMm1Qs3u59Wvk53zBUE8r,915,0
1USJRpWDFhxwhCajPXBeel,916,1
1UZOjK1BwmwWU14Erba9CZ,917,1
1Ukxccao1BlWrPhYkcXbwZ,918,2
1UsQe17Ef7tV1ahFqHEFR3,919,1
1UwUhKmFxGKs59xiWO60Sx,920,2
1V0qqWBbIWt8hlAjxTZedR,921,0
1V8XneTrX6kKeoxYbk4x6h,922,1
1VGzxJnVQND7Cg5H5wGj14,923,2
1VJwtWR6z7SpZRwipI12be,924,2
1VLtjHwRWOVJiE5Py7JxoQ,925,1
1VNWdmXSbaNrnWod10WIL0,926,1
1VSuFS7PahCN3SWbOcQ98m,927,0
1VdZ0vKfR5jneCmWIUAMxK,928,2
1Vej0qeQ3ioKwpI6FUbRv1,929,0
1VuAamHM7P3VQQEXYGG3Uu,930,2
1VvoSJiPG9dFsDQjTkACvG,931,0
1Vy9Wn5sbiduZKBqBlH3Mc,932,1
1W6wxOOYyJyyok8fqYSZ3m,933,1
1WCEAGGRD066z2Q89ObXTq,934,1
1WIZiOuNO3woKfdlSK2gNn,935,1
1WP1r7fuvRqZRnUaTi2I1Q,936,0
1WSGTYKLEpKfNQYYW5Oymt,937,2
1Wf14bTyb6UeKojy8ykPYm,938,2
1WnqWQcWcuQbVzgE7ecfCY,939,0
1Wolb8MRcXR2IMMaELTRpE,940,0
1WqLtczgKdbHFHhefOU0y7,941,1
1WvrDdouh6C51In1SdATbq,942,0
1Wwh6gmMeolwzbRzfZMY5b,943,1
1XBc4r6ltXjkFJBrsttwIF,944,2
1XGmzt0PVuFgQYYnV2It7A,945,0
1XJ93XskwJf7PCyIVLbNBt,946,2
1XjHRolIXL2M1EEOUsGGR4,947,2
1XnpzbOGptRwfJhZgLbmSr,948,1
1Y3LN4zO1Edc2EluIoSPJN,949,2
1Y5Jvi3eLi4Chwqch9GMem,950,1
1YNQscOx6OqBQjxgJVhEeW,951,1
1YZfcVLbbJwfizR5cDOp3q,952,1
1Yk0cQdMLx5RzzFTYwmuld,953,2
1YmF9PvLhIISIANoMLIYGq,954,1
1YscJ7yVTlFxW3eF6pv5ba,955,0
1ZDmxwg7Lywlx68b7SsJjj,956,0
1ZEm9cJC05rawV2tptNfTS,957,1
1ZMGp9MTXbtAPvcKa0U3zS,958,2
1ZMiCix7XSAbfAJlEZWMCp,959,2
1ZPWWSwCkxKfqdp4H0RFCo,960,1
1ZPpGPko8oULTmi34rozMh,961,0
1ZY1PqizIl78geGM4xWlEA,962,1
1ZdhOMWyFR8Iv9eylMGYg2,963,1
1ZemPoaj7LBj1RAQrb89EC,964,1
1Znlc3UZAbSodFaMBjdpsX,965,2
1a5Yu5L18qNxVhXx38njON,966,2
1a73gcEg6h6Re6hHXoVltJ,967,1
1aF9TeHZbe6OVo9dtjPuzK,968,1
1aKuG1GG76xPLUkjBbQo3W,969,1
1aLNpg2kKvUncflV8xE5AA,970,1
1aOl53hkZGHkl2Snhr7opL,971,1
1aU1wpYBSpP0M6IiihY5Ue,972,0
1aUq8rjW1EwkAkMri4VfJy,973,0
1abwytAhbWeHrbsA9eODOy,974,0
1ahCrpeTt94LL7y1aXw0Y8,975,0
1b6tPXXCV2fSNtR3SKWUQA,976,0
1bDbXMyjaUIooNwFE9wn0N,977,1
1bRO28yzxgO3y3UmNR29TZ,978,1
1bhUWB0zJMIKr9yVPrkEuI,979,2
1bjeWoagtHmUKputLVyDxQ,980,2
1bjhYUwKUHEg5fHknxFObO,981,0
1c39AwcrkN9srI7Az5662I,982,2
1c4htMHiolERc0YJvZNdlc,983,0
1cA4wEmLkKlttS6N89LbJh,984,1
1cG0umU5TKStygKsPFZ9pY,985,0
1cImYkHOQMFE7AZC9aOk4y,986,2
1cKHdTo9u0ZymJdPGSh6nq,987,1
1cS0TgbR263ey9jn0MwD2s,988,0
1ckLp8lCl8LipXI0ypX72m,989,2
1crSsvtU9wZB15dIQXV2QH,990,2
1d7q712nXjG98HiwHk7HFS,991,1
1dIWPXMX4kRHj6Dt2DStUQ,992,0
1dLXLETYiZohIZWnse4ypG,993,2
1dPNJDYuW9QAtkOpK3eBvO,994,2
1dUHF4RyMmMTveJ0Rby6Xm,995,1
1daDRI9ahBonbWD8YcxOIB,996,1
1diS6nkxMQc3wwC4G1j0bh,997,0
1dm6z1fWB0cErMszU25dy2,998,0
1dp8aQANyTRKssDeAYPiZe,999,0
1dw7qShk971xMD6r6mA4VN,1000,0
1e1JKLEDKP7hEQzJfNAgPl,1001,1
1e4rwBPVI32vZtTJu7mJ4J,1002,1
1e9oZCCiX42nJl0AcqriVo,1003,0
1eIXYZWEfJO3Na2LCCnIJE,1004,2
1eMNW1HQjF1dbb4GtnmpaX,1005,1
1eaqMiiUn2P7MnqJK4XeK0,1006,2
1ei3hzQmrgealgRKFxIcWn,1007,2
1ere9b9vDw2N3m9d4uiXxa,1008,2
1eyek0KJEh2v5HQ9uQSybb,1009,1
1f38Gx6xQz6r4H1jGVNBJo,1010,1
1f5PNhkNgUpvDEeZfcIlO1,1011,1
1f5cbQtDrykjarZVrShaDI,1012,0
1fLhGF1JfGQYj6EZLndD86,1013,1
1fewSx2d5KIZ04wsooEBOz,1014,0
1fipvP2zmef6vN2IwXfJhY,1015,1
1foCxQtxBweJtZmdxhEHVO,1016,2
1fvC3CmNAbsx0V9ULMU8NB,1017,1
1fvCggAYrW0VtCljtqv4h2,1018,1
1fxYz1s15pyZLsJT0Hdh1m,1019,2
1fzAuUVbzlhZ1lJAx9PtY6,1020,2
1fzf9Aad4y1RWrmwosAK5y,1021,0
1gH1h30wkQdd9zhY3j7a8T,1022,0
1gOyBTO1fDLDTH8Ap12Wyp,1023,1
1ga4PztXOIw1yBbdUt2X8v,1024,1
1ggYjU6zdFHgANcku82boU,1025,2
1gnwGVoG7V08vMX3hyr90x,1026,0
1hJIbOjWpid6LtnozHmzRS,1027,1
1hR8BSuEqPCCZfv93zzzz9,1028,0
1hSOt9IeshMkuKP9ri4hOf,1029,1
1hZsWUnLbqRw09jLAMQSsb,1030,0
1haJsMtoBhHfvuM7XWuT3W,1031,0
1hg3RlqFZXJb5YgRoK9qmF,1032,1
1hjRhYpWyqDpPahmSlUTlc,1033,1
1i9lZvlaDdWDPyXEE95aiq,1034,2
1iLbUmb2b2btyAAcQ68a1p,1035,0
1iQDltZqI7BXnHrFy4Qo1k,1036,2
1iSZPndzmY6NvL1jAtIvY1,1037,0
1iSqfoUFnQwV0QW1EfUit8,1038,1
1iWHabUgUuuKLBa0TzTHfk,1039,1
1icgLGTpX2fQXKRe4D7w2b,1040,1
1j4kHkkpqZRBwE0A4CN4Yv,1041,1
1j6xOGusnyXq3l6IryKF3G,1042,0
1jDbQz6tr52WgScCTXMnaN,1043,1
1jHgfC8T5KxUyC5Ldw6lk9,1044,0
1jIMjbzcGCcCQn5iMu9CUc,1045,2
1jQsKN68yE94tMYml0wHMd,1046,1
1jaTQ3nqY3oAAYyCTbIvnM,1047,0
1jg9clsGCDqOumfS0X5xm9,1048,1
1jo3TwNGCXfNdB5uba3ZVv,1049,0
1k1Bqnv2R0uJXQN4u6LKYt,1050,2
1kBMIYqe0ILRUJZ7K2PV0k,1051,1
1kBbgxAUc4HQv7cgIayIDH,1052,1
1kKYjjfNYxE0YYgLa7vgVY,1053,1
1kMUGCt7XLDc5Q64Vl0H8S,1054,0
1kjs5eR4DMzyB0gm1Z8waV,1055,0
1klq7dgG1Pz0ijci5Pmae1,1056,0
1kqH58eGh2ZTOHwqBIB2tM,1057,0
1kuGVB7EU95pJObxwvfwKS,1058,1
1kwnxJNVl7cwcU98RvMBaR,1059,2
1l9G7M8gNyQsgOGWZGoQsT,1060,2
1lCRw5FEZ1gPDNPzy1K4zW,1061,2
1lItf5ZXJc1by9SbPeljFd,1062,0
1lO9CZo6eDrOy0S7khgryG,1063,1
1lWWoec2z1j88GRblI5anV,1064,0
1lXQskY1Op1KzFG4GVcVpe,1065,0
1lntL1cI2UIWlxjL5QiN8g,1066,2
1louJpMmzEicAn7lzDalPW,1067,0
1lsBTdE6MGsKeZCD6llNu7,1068,0
1m0UFnuTktOkksvjbF9z0m,1069,0
1m69ELEgE6k5ZWsap40ozt,1070,0
1m6lqaLvUTxPjOo98fJH8U,1071,1
1mCsF9Tw4AkIZOjvZbZZdT,1072,0
1mFpMoeZfkIqtqW2AfQ8ba,1073,1
1mH6tZC6iXIHPI6EixCwxw,1074,1
1mSdbey7RstGLY2udgXv74,1075,0
1mT47pKLXUwPYGwB91GcNz,1076,0
1mWdTewIgB3gtBM3TOSFhB,1077,0
1mea3bSkSGXuIRvnydlB5b,1078,1
1mmAqhLcvPrknbslMiDlyU,1079,0
1msEuwSBneBKpVCZQcFTsU,1080,0
1mw0RgNXIpYRyyCdBQbLgA,1081,2
1n4jwRVXdkK2U34nBDUKKT,1082,1
1nH2PkJL1XoUq8oE6tBZoU,1083,0
1nO67wic65N413c11zKxM7,1084,0
1nX9KhK3Fff27SnrIor2Yb,1085,1
1nYeVF5vIBxMxfPoL0SIWg,1086,0
1nYzjrdVQ8RpF93M0jPFW7,1087,2
1nahzW3kfMuwReTka28tH5,1088,1
1oFAF1hdPOickyHgbuRjyX,1089,0
1oOEkBNp4zWnkD7nWjJdog,1090,2
1odExI7RdWc4BT515LTAwj,1091,2
1onfcprzpSGh2LqrBh17AA,1092,2
1p1SbqeipOd4ezKUpxqaz6,1093,1
1pZdegOXTZ2ftINo3oUuRZ,1094,1
1pacwLXyRO47ka0v6LTIiY,1095,1
1q0PYXTbDsirp2l74ng6pn,1096,0
1qDrWA6lyx8cLECdZE7TV7,1097,0
1qE8DOtw7zdXHMgZm20eLM,1098,0
1qEmFfgcLObUfQm0j1W2CK,1099,0
1qMMYpVatbRITKCfq1gasi,1100,1
1qOLh0tI7trd1zdDKxYZTe,1101,1
1qrpoAMXodY6895hGKoUpA,1102,1
1qwMkkRiD5jqLeUUjfgblh,1103,0
1qyFlfPREPbRcS2BNszdYI,1104,2
1r0faljjM2b876iNoaDUh5,1105,1
1r8ZCjfrQxoy2wVaBUbpwg,1106,1
1rCcsYnmqbMYdkG7kS9GC5,1107,1
1rIKgCH4H52lrvDcz50hS8,1108,0
1rXq0uoV4KTgRN64jXzIxo,1109,0
1rgnBhdG2JDFTbYkYRZAku,1110,2
1ri9ZUkBJVFUdgwzCnfcYs,1111,0
1rlIrbWboTRGeKfHhgbJRZ,1112,0
1rqqCSm0Qe4I9rUvWncaom,1113,0
1rsAFUCa6BVMgRQ3FCQQsi,1114,0
1s2B5cndbqK8rPJEIcKJRQ,1115,0
1sBhJGPUKrdRycgKxve70v,1116,0
1sCxVKWImDZSZKvG0U9B23,1117,0
1sOW4PuG5X3Ie3EXUhAopJ,1118,1
1sPLURKAosM3Jampgp9AWq,1119,1
1sYSP7gKa5kdKIfhANfori,1120,1
1sbEeUY8KsdvgiQi26JBFz,1121,1
1sgDyuLooyvEML4oHspNza,1122,1
1snWlbcbgQpJfknoI30DWG,1123,1
1sx0XsWUusUoPstbvokZjP,1124,0
1t67WYNfUxfOiwaz7SJ66b,1125,0
1tC5WMSlsGDFfqnrquB1ty,1126,1
1tT55K6VEyO6XFDxK4lDQe,1127,2
1tkg4EHVoqnhR6iFEXb60y,1128,2
1tp1xMJ1uaOktksskS0Fzs,1129,1
1trFxVLL8WKhYap543e74l,1130,0
1u8c2t2Cy7UBoG4ArRcF5g,1131,0
1uA914Md6wsy9NDryyBypH,1132,1
1uAOCTevGnyKIDbgZdOCnE,1133,2
1uL78kFWxhz3umTMWJu8n5,1134,1
1uMHCAyGmHqyygoNRuo7MV,1135,0
1uN0f4NqMDcReSwXO6PLuG,1136,1
1udwFobQ1JoOdWPQrp2b6u,1137,1
1uoL9GX45dTnmrWQ7Ii1Ft,1138,1
1v1IXPXl73Z7zy6f5tUa9n,1139,1
1v1oIWf2Xgh54kIWuKsDf6,1140,2
1v7L65Lzy0j0vdpRjJewt1,1141,1
1vBeIXlzbAieGoDqInav5j,1142,0
1vG3YuKRYqPwTmNmYgqkpg,1143,2
1vYXt7VSjH9JIM5oRRo7vA,1144,0
1vYh9x8UmFTLbXiizk9Qc5,1145,1
1vi9adPJiD4d22ybGp25hy,1146,1
1vvNmPOiUuyCbgWmtc6yfm,1147,0
1vvcEHQdaUTvWt0EIUYcFK,1148,1
1w7cgGZR86yWz1pA2puVJD,1149,0
1wC93sZRGcTgKLN2UWRSwW,1150,1
1wGnp7ejkCuXRsehXx0PNP,1151,1
1wJRveJZLSb1rjhnUHQiv6,1152,1
1wTopxO5eQBpxrBXPSbsUn,1153,2
1wUnuiXMMvhudmzvcCtlZP,1154,2
1whfVLMKWqAX3uk97VXsNN,1155,1
1wjzFQodRWrPcQ0AnYnvQ9,1156,2
1wsLHgXJ4SKIfd5ePSX1hD,1157,0
1wsf1YFQSYND45y0GzJmf7,1158,0
1wtOxkiel43cVs0Yux5Q4h,1159,2
1x5sYLZiu9r5E43kMlt9f8,1160,1
1xK59OXxi2TAAAbmZK0kBL,1161,2
1xQ6trAsedVPCdbtDAmk0c,1162,0
1xWH8zYtDeS9mW1JJG23VZ,1163,0
1xYpVRspgaLxdJLOTQkTjg,1164,1
1xcOYJxDa5pObgxY1r0I9c,1165,1
1xemKSmCnH59ze3KX5wwgH,1166,1
1xfXXujIlLZAx5wpu46Nyk,1167,0
1xs8bOvm3IzEYmcLJVOc34,1168,1
1xwAWUI6Dj0WGC3KiUPN0O,1169,1
1xy4apMFecGGkgBeaHFZ2M,1170,1
1xzBco0xcoJEDXktl7Jxrr,1171,1
1xzUQMiCoY5pdego0pHMeV,1172,1
1xzi1Jcr7mEi9K2RfzLOqS,1173,0
1xznGGDReH1oQq0xzbwXa3,1174,1
1y4jsQt7MjnZhiD1L6qFBC,1175,0
1yFiaFeSLpw4nDYTeErRZ6,1176,1
1yHVHoz6Ny29gbbWJYVnFt,1177,0
1yHdZ9S6rBlNPH3LDNMy2P,1178,1
1yOL7ZiXGx5ULeLoktAUAg,1179,0
1yYzuNd0KRyHVJ3NH8apBt,1180,0
1yeB8MUNeLo9Ek1UEpsyz6,1181,1
1yoMvmasuxZfqHEipJhRbp,1182,0
1yxcKrEcxt4O03IIC25yHk,1183,2
1yxgsra98r3qAtxqiGZPiX,1184,1
1z9kQ14XBSN0r2v6fx4IdG,1185,1
1zU8j1x3yi9xalMF96pzKp,1186,1
1zayuwd1YLZsYDArkruHdL,1187,2
1zejeOnykpCoyVSit6Bwp3,1188,2
1zmgEIHE0eXH0IhBGuoTkP,1189,1
1zsG4eaZmkA1dvjDDsAGLK,1190,0
1zsPaEkglFvxjAhrM8yhpr,1191,1
1zv3WFUbZ5vPxFq9I2jAU1,1192,0
1zzxoZVylsna2BQB65Ppcb,1193,0
204U3zjm9kkzX25Pr4Rdld,1194,2
2093eVNfimjmNjU1gk1ES7,1195,1
209gZgcfLq2aUuu51vOWBl,1196,1
20BOju91NaEFK5Py4VJ2pp,1197,1
20H2Hd5AkUcRjB4yL3UQtJ,1198,1
20McUFi8KCIVdNDLrkTDuZ,1199,1
20MuVazoNMv6xjKPnRFOxG,1200,1
20R4HfKloPKgXDqU7UKk3x,1201,0
20ZAJdsKB5IGbGj4ilRt2o,1202,0
20ZP3Om9DvDazXrNUC7WM2,1203,0
20dP2DaMHIAmwWAbp7peSr,1204,1
20on25jryn53hWghthWWW3,1205,0
210JJAa9nJOgNa0YNrsT5g,1206,1
214nt20w5wOxJnY462klLw,1207,1
21AJQhGZpujjZQXByZAXpr,1208,0
21N4Buj4xsyLb218lYle61,1209,0
21UkXrc9kD48rNpTMI2ecz,1210,1
21YnmkSDhUkmkkni22Svc4,1211,1
21aOLk12MksET8AsbU0SI6,1212,0
21afd9hCjpQ6lE5DPbcPHP,1213,1
21jGcNKet2qwijlDFuPiPb,1214,0
21szgNA72iLwvBxHQLgwBh,1215,1
221qmpQeBNV87sUjQeUTVH,1216,1
222B3aljXx6fFwKmFjuBED,1217,0
228BxWXUYQPJrJYHDLOHkj,1218,0
22An65gG31JLf9n18qjdhZ,1219,1
22LAwLoDA5b4AaGSkg6bKW,1220,1
22VHOlVYBqytsrAqV8yXBK,1221,0
22VdIZQfgXJea34mQxlt81,1222,0
22bPsP2jCgbLUvh82U0Z3M,1223,1
22dUzMFttcR3uU17NcOAIv,1224,1
22fRl49GSpRdu3J2EPj1i6,1225,1
22oEJW6r2rMb9z4IntfyEa,1226,0
22ppznuzVF9LKamaaqMMqu,1227,0
22ryCgQttpV7oCrn7llGRu,1228,1
22sAwsBH0NoNJXnrBenQuO,1229,2
22skzmqfdWrjJylampe0kt,1230,0
22vgEDb5hykfaTwLuskFGD,1231,0
2374M0fQpWi3dLnB54qaLX,1232,0
239yM7BAQ2CkNc61ogPGXo,1233,0
23OXdR7YuUBVWh5hSnYJau,1234,1
23RoR84KodL5HWvUTneQ1w,1235,0
23XjN1s3DZC8Q9ZwuorYY4,1236,1
23Z3bbYcl1PdcPJemLa4zc,1237,2
23d8v6tU6lR77pFKsApMtF,1238,2
23luOrEVHMfoX0AhfbQuS6,1239,2
249gnXrbfmV8NG6jTEMSwD,1240,1
24FR8mXTaiGZPrxnkf1kcP,1241,0
24FUBxaAYSBlWsbSnEzDcn,1242,1
24MGEzm6xAO1nFgVVp37YI,1243,2
24NuEDgyRIljwSyY0lsr7b,1244,1
24bnCCysWnbNRNUT4LpHcP,1245,1
24snQ8Ew7aIKYCt0ulXHvx,1246,0
24ySl2hOPGCDcxBxFIqWBu,1247,0
25141FAgU1OmwoC9W2i5E3,1248,0
25B5fGr9K0VdZJiRFsnMO4,1249,0
25C5CowdsfXld2jJanbiex,1250,0
25ZAibhr3bdlMCLmubZDVt,1251,0
25khomWgBVamSdKw7hzm3l,1252,1
25oOaleife6E2MIKmFkPvg,1253,1
25r6MZ4Gtd76l43qnZI1DG,1254,1
25sgk305KZfyuqVBQIahim,1255,0
25zlnOAzbVoOzIeXSvQFf1,1256,1
26Fqtv4Aa7kyd1WWGHai6A,1257,2
26G5nmIx7Yvq79bIIluyZV,1258,2
26QApq0cuO9brJigr0C0W4,1259,2
26QLJMK8G0M06sk7h7Fkse,1260,0
26b3oVLrRUaaybJulow9kz,1261,2
26hOm7dTtBi0TdpDGl141t,1262,2
26w9NTiE9NGjW1ZvIOd1So,1263,0
26wLOs3ZuHJa2Ihhx6QIE6,1264,1
27356GVuMPFWiJSZCragoM,1265,1
273QnyCvJB65rScHJ1nPZb,1266,2
2771LMNxwf62FTAdpJMQfM,1267,0
278kSqsZIiYp8p3QjYAqa8,1268,2
27GmP9AWRs744SzKcpJsTZ,1269,0
27NovPIUIRrOZoCHxABJwK,1270,0
27OeeYzk6klgBh83TSvGMA,1271,1
27P4XoNXXEV4lTc3sB61RK,1272,0
27RYrbL6S02LNVhDWVl38b,1273,1
27SdWb2rFzO6GWiYDBTD9j,1274,0
27UcQ6dAvQrgH9C880rCM3,1275,1
27X3qzgB0Show6qfw5wNOK,1276,0
27ZZdyTSQWI7Cug2d2PkqV,1277,0
27a1mYSG5tYg7dmEjWBcmL,1278,0
27oFpFktCq9JIXjJQRuv7a,1279,1
27oVCAziETRbNuo5A8LNpg,1280,1
27qAMKrDdKEs8HDXcvR24R,1281,0
27rdGxbavYJeBphck5MZAF,1282,1
27u7t9d7ZQoyjsCROHuZJ3,1283,0
27ycaQnQAxaPiyeg3nr2aB,1284,1
28FGV3ORH14MYORd7s5dlU,1285,1
28GCbKgjlVD9eDmasGbe0T,1286,1
28aEiMfveru430xmXhDCy3,1287,2
28irpKCCK9nn9DZSik2zEx,1288,1
28n8z9IQKyjMPxmvYMBqZa,1289,1
28xX6K8LnkZve4RiuEB3iK,1290,1
296nXCOv97WJNRWzIBQnoj,1291,1
299lFlaAsNQdgbIZNPmIA0,1292,2
29TPjc8wxfz4XMn21O7VsZ,1293,0
29YW2xXlo6Pc6M0SBTCXYN,1294,1
29ZXwWOOLz9t5fa3eT3i7T,1295,0
29fRTIKsJhLUJoldM89GZS,1296,0
29tc0GbW0pTSBZSCZF3NWk,1297,1
2AHnmlkyZbnxqSA66B7jK3,1298,0
2AIWoHr9DF6y4KALCBKWQS,1299,1
2ANLarE8yHVsLWW21nj79M,1300,1
2Ab1wPTEqulaCGoBak1gUo,1301,1
2AceGjiX9isUbXmMZa0Dl1,1302,1
2AfWCBwGGCsZtvVnGF3QYE,1303,2
2Az5ykbQiZtFWtACCMvWlP,1304,2
2B1fuWoWaYnCXbjYp1gXg5,1305,1
2B4GHvToeLTOBB4QLzW3Ni,1306,1
2BEcap3xJtmiPaHKyfQi4e,1307,0
2BITQ360Knh6qNAOqR7Dyq,1308,1
2BJSMvOGABRxokHKB0OI8i,1309,1
2BSbCCbaSCzkOEZa6N5901,1310,1
2BVVmJQZv4fOPWavI9mkIj,1311,1
2BcMwX1MPV6ZHP4tUT9uq6,1312,1
2BcnxwxBuar5wjCaLqm5N3,1313,2
2BgEsaKNfHUdlh97KmvFyo,1314,0
2BrzlUj1u1CtvaJDGIKpsP,1315,2
2ByBBvpR9b7IynvRmnG7kG,1316,1
2C0KFbb4v9CNWR5c9jWcKC,1317,1
2C0hTkdEoikhKzDCJl32QZ,1318,2
2C6WXnmZ66tHhHlnvwePiK,1319,1
2CPqh63wRVscbceKcPxwvv,1320,1
2CSRrnOEELmhpq8iaAi9cd,1321,2
2CTN6UuO2dNEVZXR0DJVk2,1322,1
2CVChktEKBsM6v4IfdFU5k,1323,2
2CWnuF7ht55Ajyeg4WPvWu,1324,1
2CYVETnhM9aytqrazYYwrK,1325,0
2Ce5IyMlVRVvN997ZJjJJA,1326,1
2CeKVsFFXG4QzA415QygGb,1327,0
2CvOqDpQIMw69cCzWqr5yr,1328,1
2D0dj3hVkRQJCp63cxCPEx,1329,0
2D1MK9oaxy7axXggy3iVbp,1330,0
2D2w9943rsnJOGCrI4aMQp,1331,1
2D3z17LBMJ2HEHeBFFjTLi,1332,0
2D4dV2KXDTszzJ3p3cFqhA,1333,1
2DEZmgHKAvm41k4J3R2E9Y,1334,0
2DGa7iaidT5s0qnINlwMjJ,1335,1
2DQ1ITjI0YoLFzuADN1ZBW,1336,1
2DgdHcjWmO3qd50RzuBLgZ,1337,1
2DlIwu1iDTILEMXA7MUotn,1338,1
2DuPBbS5mIldXnh7Wum8Cy,1339,2
2E124GmJRnBJuXbTb4cPUB,1340,1
2E82gORVSA7UMEz5M1IP3b,1341,0
2EBnvom1dTybtm75a3Xh1T,1342,2
2EEeOnHehOozLq4aS0n6SL,1343,0
2EFZ9emtKWEglWUQGEQ3P9,1344,2
2ENexcMEMsYk0rVJigVD3i,1345,0
2Ec33AVlkTTq8BHFgBTdQs,1346,1
2Eeur20xVqfUoM3Q7EFPFt,1347,0
2EzRdhuoPyNJDlep7lnNf2,1348,1
2FBUoWkIuQXwayw2RNo5l6,1349,0
2FDTHlrBguDzQkp7PVj16Q,1350,0
2FPfeYlrbSBR8PwCU0zaqq,1351,2
2FRnf9qhLbvw8fu4IBXx78,1352,0
2FSGUA0gFgGeQdprjtGM2M,1353,1
2FUNBaa5DwItJtYEBgAblU,1354,1
2FVpOsjT1iquZ3SpCjZ9Ne,1355,0
2FXd6kKCtBIc6UfN1gH1pA,1356,0
2FY7b99s15jUprqC0M5NCT,1357,1
2FYGZDfsAnNsrm1gVbyKnG,1358,2
2FiSTH0GYpIioUgjfzMIja,1359,1
2FoahzOSxJnalPA8aBUme3,1360,0
2Foc5Q5nqNiosCNqttzHof,1361,0
2FvD20Z8aoWIePi7PoN8sG,1362,0
2Fxmhks0bxGSBdJ92vM42m,1363,0
2GAhgAjOhEmItWLfgisyOn,1364,2
2GGGm4MLQynB3I4E4ycIYC,1365,1
2GGMabyHXnJmjY6CXhhB2e,1366,1
2GPTiPR5db727wu1tFvFt4,1367,1
2GThBgzZoZfz0lx1JjBwfe,1368,2
2Ghp894n1laIf2w98VeAOJ,1369,0
2GiJYvgVaD2HtM8GqD9EgQ,1370,1
2Gjt4rUHBUH0rMKpBg0hF4,1371,0
2Gk6fi0dqt91NKvlzGsmm7,1372,1
2Gl0FzuLxflY6nPifJp5Dr,1373,0
2Gq636OOGgxCTqEuzCZhsa,1374,0
2H1liABu20HXBOmbt5SQz1,1375,0
2H3wWrnO758y0fPH7Ilerg,1376,2
2H4gf1wLxvYreMj1jcaN0k,1377,2
2HRgqmZQC0MC7GeNuDIXHN,1378,0
2HSmyk2qMN8WQjuGhaQgCk,1379,2
2HZLXBOnaSRhXStMLrq9fD,1380,1
2HafqoJbgXdtjwCOvNEF14,1381,2
2HbKqm4o0w5wEeEFXm2sD4,1382,1
2HbYLDA1SigY1ilC94ieVu,1383,1
2Hc1LaV6bzFil3dE71eORA,1384,1
2Hh3ETdQKrmSI3QS0hme7g,1385,1
2HolBGR6tpiWI80MXoV1dJ,1386,0
2I3dW2dCBZAJGj5X21E53k,1387,1
2ICse7t8MB60EFk6o9aUyw,1388,1
2IGMVunIBsBLtEQyoI1Mu7,1389,0
2IHLaN6wwYKQ3S24NsQqpA,1390,0
2IKJtXeR5UsaUjZB46fTOK,1391,2
2INhKpUdzh7v0j041gZNsz,1392,2
2IOFZdYYkFxEHVz1w34PoL,1393,2
2IRZnDFmlqMuOrYOLnZZyc,1394,0
2ISl1zekPsc26sUQpVt8UB,1395,0
2IePEfMAtqWS6rLXXFZIgI,1396,1
2Imn5iTu2xD3gXCqpBqubu,1397,0
2InS5VWKJQbsFBKOsf1cJB,1398,0
2IwbW2jd0Ncv99Aroe77Ru,1399,2
2J0NXdHr6MYvKDSxB7k3V2,1400,1
2J0TRU2EDG29qlmxdGa4xa,1401,0
2J0X46UkpfLlWbuCXFgDLr,1402,1
2J2Z1SkXYghSajLibnQHOa,1403,1
2J4P46vCFm1rPkNkp9pZWX,1404,0
2J6OF7CkpdQGSfm1wdclqn,1405,2
2JPLbjOn0wPCngEot2STUS,1406,1
2JTir3y1VuJQmexiTCMcTP,1407,0
2Jh3UqxnHJMyzMzku4uOtE,1408,0
2JqnpexlO9dmvjUMCaLCLJ,1409,1
2JvzF1RMd7lE3KmFlsyZD8,1410,1
2Jw3VjB1xy5KHBqEeAC6VK,1411,1
2K3bjojp1sCLdMMoO5lJ2p,1412,0
2K7sv1mno9PvbXVBpqvSKn,1413,1
2K7xn816oNHJZ0aVqdQsha,1414,1
2K9Ovn1o2bTGqbsABGC6m3,1415,1
2K9kZpwD2CzTa6iiSYYOoO,1416,0
2KLwPaRDOB87XOYAT2fgxh,1417,1
2KdKh9vHbKW0tZLqtpxxI0,1418,0
2KklXplRtxMsBYo474Es0w,1419,0
2KnLkZ3z7PO3kgVGHGqDpD,1420,2
2KnuaZYoGzDoHiBTNYOTXG,1421,0
2KoHxhRyWxJzA0VafWd5Nk,1422,2
2KokOIKdw4zZutDil85Ugh,1423,1
2KslE17cAJNHTsI2MI0jb2,1424,0
2KukL7UlQ8TdvpaA7bY3ZJ,1425,0
2KvHC9z14GSl4YpkNMX384,1426,1
2KwojFDebQV4J2b0JMRR5Q,1427,0
2L9N0zZnd37dwF0clgxMGI,1428,2
2L9QLAhrvtP4EYg1lY0Tnw,1429,2
2LBqCSwhJGcFQeTHMVGwy3,1430,1
2LSsSV7V33wM9EKQA2xjGS,1431,2
2LTlO3NuNVN70lp2ZbVswF,1432,0
2LW4Zu7FcrwjWm3t5Rv3Oq,1433,1
2LawezPeJhN4AWuSB0GtAU,1434,0
2Lhdl74nwwVGOE2Gv35QuK,1435,0
2LlQb7Uoj1kKyGhlkBf9aC,1436,0
2LskIZrCeLxRvCiGP8gxlh,1437,1
2MHCiOohBZEQuLgDTPvSzF,1438,0
2MJdgSby3DtSS7bUJx2cly,1439,0
2MShy1GSSgbmGUxADNIao5,1440,0
2MX30RliaxJDgmQ3C3rrJX,1441,1
2MZQAvsA7aZDssppBLRxYp,1442,0
2MZrOmrVxRmmOoFW6dhenG,1443,1
2MbdDtCv5LUVjYy9RuGTgC,1444,0
2Mfv5HaqnI18Q9JRv9hqnn,1445,1
2MlOUXmcofMackX3bxfSwi,1446,0
2MuMD298IpYqKF367wegUd,1447,0
2MuWTIM3b0YEAskbeeFE1i,1448,1
2N0SPREDYqILVEFSsWF5N5,1449,1
2N9LEu6Pf8nDcp3GjWJT1Z,1450,1
2NFadq6pUeiVEihLvUlOSr,1451,0
2NMjggapJcXXM7WccGEBUO,1452,0
2Na0z2gfN67Rzf0vp74Wi3,1453,2
2NbsBSshscKIPRG3kwBbfo,1454,2
2NcQic8JxdjAlAHuNbOIRE,1455,0
2Nib4r0saYQf2pUV4RFDhl,1456,1
2NmsngXHeC1GQ9wWrzhOMf,1457,2
2O223PoYCkIPSsE4cmnr9v,1458,0
2O3MQ6H3gjrIWDcpeTrikT,1459,1
2O4Bb2WCkjlTPO827OnBMI,1460,0
2OALaHcDdKkjYEpAr0Qzab,1461,1
2OKo7g3KfmCt3kyLvUAL0g,1462,2
2OQ6a4CfUeYskpTTgyawyJ,1463,0
2OcSE0EXzgUuqkM1NIJPHJ,1464,2
2OpBganfGk2GVdSlRdxzaX,1465,1
2OvV4NjEBRE9v8Oo7QeUCq,1466,1
2Oycxb8QbPkpHTo8ZrmG0B,1467,0
2PWjKmjyTZeDpmOUa3a5da,1468,0
2Pn76oik9rWyoBShTSNY9Q,1469,2
2PpruBYCo4H7WOBJ7Q2EwM,1470,0
2Pvr8rYuh5J8V7QglJhH6W,1471,0
2Q0aElTZQtEUsoiaQfizu6,1472,2
2Q3jFbyE61mCjS3SkW4toJ,1473,0
2QDyYdZyhlP2fp79KZX8Bi,1474,2
2QLbRVzixE282JSQjBz2DG,1475,1
2QWEMqQMJR1KDf6hDjJOs6,1476,1
2QWP8NYYplOqEFBYGCcq0S,1477,0
2QdH0rKlV3d9Y6lWzcnlBH,1478,0
2QgfDF0fQ4sskDthP8MG5w,1479,1
2QjOHCTQ1Jl3zawyYOpxh6,1480,1
2QpGZOhTCHHiKmpSO9FW4h,1481,1
2QqJTIlGKRLJC3onkavYEz,1482,1
2QrXzOqLCVDRZHkToA0tSR,1483,0
2QyuXBcV1LJ2rq01KhreMF,1484,1
2R7858bg0GHuBBxjTyOL7N,1485,0
2RAeY8dPj6KmStROfEigjV,1486,2
2RGIuYTsyyHoOCqW0krvNE,1487,0
2RJAKIw6nIkgZVsAIKhmqz,1488,1
2RSHsoi04658QL5xgQVov3,1489,1
2Rd4eJ4KwXQQn2sMSToyUM,1490,2
2Rk4JlNc2TPmZe2af99d45,1491,0
2RttW7RAu5nOAfq6YFvApB,1492,2
2S2od3hT7ceytw7d1pTRuE,1493,1
2S93hylQBYLndMnaJuso8S,1494,1
2SAqBLGA283SUiwJ3xOUVI,1495,0
2SBr3MK1sdMs8IxdRcN6qz,1496,2
2SL6oP2YAEQbqsrkOzRGO4,1497,1
2SLwbpExuoBDZBpjfefCtV,1498,0
2SUPbyD77tJuOUbqbxct6l,1499,0
2SUxn2O9NHL6GHGQFgwCY0,1500,0
2SYa5Lx1uoCvyDIW4oee9b,1501,0
2SasoXZyv82yYgHiVOvxQn,1502,1
2SiAcexM2p1yX6joESbehd,1503,1
2Sjx8DWZO5zaTyTAmgo2gY,1504,2
2TDyyEBasw10wu5Uh94bR1,1505,1
2TH65lNHgvLxCKXM3apjxI,1506,2
2TIlqbIneP0ZY1O0EzYLlc,1507,2
2TJ1FOCmCBkKm418MjVw5D,1508,2
2TOzTqQXNmR2zDJXihjZ2e,1509,2
2TktkzfozZifbQhXjT6I33,1510,2
2Tq2R8sRftNEqdgJK5HadO,1511,1
2U5WueTLIK5WJLD7mvDODv,1512,1
2UN0lp72LAusrXi8LLVomt,1513,1
2URDbWGmPz3vhagl25p8OC,1514,0
2USlegnFJLrVLpoVfPimKB,1515,1
2UU11hvjN1JIn4iihEodNT,1516,2
2UVbBKQOdFAekPTRsnkzcf,1517,0
2UW7JaomAMuX9pZrjVpHAU,1518,0
2UbVnbE5FH6008mAm6Mmgw,1519,0
2UciqgwVDwro0fev3MFbxJ,1520,1
2UwALqx6yOsXTFt7zRxnts,1521,0
2UwbhMie1EAYuTZ0QXeMwl,1522,2
2V4Fx72svQRxrFvNT1eq5f,1523,0
2VWbHHhWnMzKWPUs4IEEW9,1524,1
2VYb3Fb5iK5Y8HGZ8oEEkp,1525,2
2VdT56BGpdqNHUgOe1j5vc,1526,1
2VgJDTfkuwlm7WIHnvtRCQ,1527,2
2VkuxjlbnbaBiWYpdBGVol,1528,0
2VtgzixdB967bHDNu5A1nh,1529,1
2VxeLyX666F8uXCJ0dZF8B,1530,2
2WL6GQzPuK9Nrpy9XwNEbz,1531,2
2WQn7Yvs728KZmmY6tgWqH,1532,1
2WfaOiMkCvy7F5fcp2zZ8L,1533,0
2WigMwGJysIh9fRnSJvpjn,1534,0
2WlZuBDgLfT7Kc0admhFdg,1535,0
2WnAKZefdRHxtBEkRjFOHC,1536,0
2WyRfGeHo97VC5mP1BBSzr,1537,0
2XDhuJvvx2wcIROXbfTTYr,1538,1
2XIc1pqjXV3Cr2BQUGNBck,1539,1
2XMAWynSTIst5KmLSv0Npf,1540,1
2XMTqoHHSH0lvuXrvIEdco,1541,1
2XSO13Gyndo7MDdtYibIxO,1542,1
2XTquzYQAdT1Hk78bOUwsv,1543,1
2XWjPtKdi5sucFYtVav07d,1544,1
2XXMDz7SPZ4mSFN1PXfHUy,1545,1
2XaInsPPUkZRkY4uFJ3AHK,1546,1
2XlHu0HcujBCkWMdIAvrqt,1547,1
2Xr1dTzJee307rmrkt8c0g,1548,0
2Y0wPrPQBrGhoLn14xRYCG,1549,0
2YSzYUF3jWqb9YP9VXmpjE,1550,1
2YVlDlk2zRceefo6XlC6DX,1551,0
2YWtcWi3a83pdEg3Gif4Pd,1552,1
2YXswOX5aKv6OHRKUcAMLQ,1553,0
2Yer0p7uB2lVBUAtANuuQp,1554,2
2Yl4OmDby9iitgNWZPwxkd,1555,0
2YpeDb67231RjR0MgVLzsG,1556,0
2Yt4SXIgmoaPZHGdRafp4P,1557,1
2Yv2mHzr5AQavVdwQjEokV,1558,2
2Z8WuEywRWYTKe1NybPQEW,1559,0
2ZL7WZcjuYKi1KUDtp4kCC,1560,1
2ZRo7axmMPeSVUvDbGkJah,1561,2
2ZTYlnhhV1UAReg7wIGolx,1562,2
2ZUJsR8HEktit58X6FuPQM,1563,1
2Za1AlJNvksouPPWbXpR2X,1564,2
2ZdCrBA52bb4pIG3tOOZiQ,1565,1
2ZlABhxMMa43COmZ97kKsJ,1566,1
2ZlCGeK30BLRNSPC832pNZ,1567,0
2Zo1PcszsT9WQ0ANntJbID,1568,0
2ZrAjMSmlbDIil0JaVgTHh,1569,0
2a1o6ZejUi8U3wzzOtCOYw,1570,0
2a3mQSOYa91goACTglQ6Rz,1571,1
2aFiaMXmWsM3Vj72F9ksBl,1572,0
2aJnyNu4PQxQ2lyj5boiMG,1573,2
2aPTvyE09vUCRwVvj0I8WK,1574,0
2aTKrdenCq5qBOoJPFdn4P,1575,2
2ajzBr7vwHTEBeqDzcsNRC,1576,1
2aksifNn5ph8igDOkPBA02,1577,1
2alc8VZAzDgdAsL2QMk3hu,1578,1
2b8fOow8UzyDFAE27YhOZM,1579,2
2bAAj29XGc4h1G4oEGYCmg,1580,0
2bBMODHVTXGwE2aZYfbgCt,1581,0
2bNrvWD9d5Zn9tS8XvcaMk,1582,0
2bPtwnrpFNEe8N7Q85kLHw,1583,0
2bT1PH7Cw3J9p3t7nlXCdh,1584,0
2bdqU7C4softKNcMYDFi96,1585,2
2bjwRfXMk4uRgOD9IBYl9h,1586,1
2c6xRsQBv7pynuhYhWoHxo,1587,2
2c7GlMNmF7pbohjykutmLP,1588,1
2cKovq3l6OJjhVVDbVKOsr,1589,1
2cYnZNzFRFK0H7vSNxPsUq,1590,0
2cc8Sw1OnCuA5bV8nqWqpE,1591,1
2cnKST6T9qUo2i907lm8zX,1592,1
2cvOfKHOHgwQlLiuLKP2xR,1593,1
2dHHgzDwk4BJdRwy9uXhTO,1594,1
2dHoVW9AxJVSRebPRyV2aA,1595,2
2dfHh7ECGxfNqZTQno09Vk,1596,2
2dfqS3MRtbLZSZA1IL8xY5,1597,1
2dgFqt3w9xIQRjhPtwNk3D,1598,1
2dgrYdgguVZKeCsrVb9XEs,1599,2
2dpaYNEQHiRxtZbfNsse99,1600,0
2dqLk7ezV15LEJEwUmEbXB,1601,2
2drEUEg0TYQR6dDEHkpuPE,1602,0
2dxky69jKzbtUfA3Hl8Nuo,1603,1
2e2AXpIiJpet5b4qg85Gh6,1604,1
2eAZfqOm4EnOF9VvN50Tyc,1605,0
2eAvDnpXP5W0cVtiI0PUxV,1606,1
2eMwDehkIC1j68U6FA3Eiq,1607,1
2ePtv8MlBO9nuuXABqAfEX,1608,2
2ekn2ttSfGqwhhate0LSR0,1609,0
2f0GI2ZLUtbGqFx8t2Gk6A,1610,0
2f0pn9DkEJwAzXApnFh5cr,1611,0
2fB5YRuD88drKpCXQOAk03,1612,0
2fOlBMkWR7lXJfqp5VTbDG,1613,1
2fQrGHiQOvpL9UgPvtYy6G,1614,1
2fTdRdN73RgIgcUZN33dvt,1615,0
2fZTS0VboxRpF0FdfY7E5P,1616,0
2fkeWbM6iqTw7oGHTYm2lw,1617,2
2fuCquhmrzHpu5xcA1ci9x,1618,1
2g6tReTlM2Akp41g0HaeXN,1619,1
2gMXnyrvIjhVBUZwvLZDMP,1620,2
2gQPv5jvVPqU2a9HhMNO1v,1621,2
2gTdDMpNxIRFSiu7HutMCg,1622,1
2gYj9lubBorOPIVWsTXugG,1623,0
2gam98EZKrF9XuOkU13ApN,1624,0
2gbCG4Rt9984UZ7Tc0dIFd,1625,2
2gbMPBrBVj3CuNTLp2dHYs,1626,0
2gkVEnpahpE3bQuvGuCpAV,1627,0
2gqWRRCXnma9L8xQ1RdemQ,1628,1
2grAr8pWMuLWn8ZYEE9wDV,1629,2
2gsNpSn7VvvJuSrIDfRoYy,1630,0
2gwkD6igEhQbDQegRCcdoB,1631,0
2gxqozTaq2NYylvS8jd57G,1632,2
2gyxAWHebV7xPYVxqoi86f,1633,0
2gzhQaCTeNgxpeB2TPllyY,1634,2
2h9TDNEXRhcDIV3fsoEVq9,1635,1
2hfoyc7ve6xM4ZEiNIiU1B,1636,2
2hloaUoRonYssMuqLCBLTX,1637,0
2hn2zOA2XFlv6DSmesylrL,1638,0
2hnxrRNzF74mdDzpQZQukQ,1639,2
2hsA9YWuF3C9Gosi4dpjJN,1640,0
2hwOoMtWPtTSSn6WHV7Vp5,1641,0
2i8f4VnnBjy0yDqH2C452a,1642,0
2iCDO8ePNuCvMiMFc0FQdA,1643,0
2iGvsJuc2mC4mDVOVMNAP6,1644,0
2iUXsYOEPhVqEBwsqP70rE,1645,1
2iVgM5C7m1G4CJGbms301G,1646,0
2ijef6ni2amuunRoKTlgww,1647,0
2isSdmQfVv32j2haL6hk9x,1648,0
2iwS33Jfev1QBiuhWVWZHY,1649,1
2ixi9HWJw5lnLDmRMsiCS5,1650,2
2j2fIJGh4PMdXt9ULI5Tlc,1651,0
2j3GxEsbNYNeEzz86wDY4J,1652,2
2jTujnt0y344ai1rNOywgr,1653,1
2jYmK1cb3Uya6FFsocdpzO,1654,0
2jrAaawDRCn1JjeouxAyDN,1655,0
2jt2WxXMCD4zjACthkJQVE,1656,1
2jyjhRf6DVbMPU5zxagN2h,1657,2
2kAIpGWnlFLQh48iut6Zzq,1658,1
2kJRlOyrxsy7Ot3c5TZ8Q6,1659,0
2kJu14V7hbZw3I4K8L8SXb,1660,0
2kJwzbxV2ppxnQoYw4GLBZ,1661,2
2kS6td1yvmpNgZTt1q5pQq,1662,1
2kVHAQKVtczchKctctzbtK,1663,0
2koUj1Fn5TKFEkChSmBPIb,1664,1
2ksOAxtIxY8yElEWw8RhgK,1665,0
2ksyzVfU0WJoBpu8otr4pz,1666,1
2ktxr00GpTtbMNeBjNeY8D,1667,2
2kz1YOhJiNubjigR1gB1VX,1668,0
2lAyctg5FocS67eksHoyIg,1669,0
2lCkncy6bIB0LTMT7kvrD1,1670,0
2lYTJK94hb0fd1LQtb6Dhk,1671,1
2lYjH3ZbCrW7CHmSRvVCN3,1672,0
2leIuE4fdcJoNMSKu5Yr7a,1673,1
2m6Ko3CY1qXNNja8AlugNc,1674,1
2mNbgyi0gori4b1rFSPgIb,1675,0
2mYDDUkBcgFNBqkWctyyuc,1676,2
2mb6YdoavL6db22p7XKJQZ,1677,2
2mdEsXPu8ZmkHRRtAdC09e,1678,2
2meHtZ7N97pJfvTL4hYtfv,1679,1
2mfUa8bLs2s5N4VaqJZ4lZ,1680,1
2mnXxnrX5vCGolNkaFvVeM,1681,1
2mqTtvbKxH7SoEQ2oGAnsA,1682,1
2mt1IqcFyY1zmYZT8Q3xw9,1683,0
2mvabkN1i2gLnGAPUVdwek,1684,1
2n7Ao4nyESBa5ti8gcAbBt,1685,2
2n7ohqg1s68ToAHh4u9mcW,1686,0
2nC3QhMI9reBIOWutbU3Tj,1687,2
2nG54Y4a3sH9YpfxMolOyi,1688,0
2nKYHpmwjLaEOXS3o7QMiz,1689,1
2nLtzopw4rPReszdYBJU6h,1690,1
2nMOodYNHBAQ3Kc1QNimZU,1691,0
2nMeu6UenVvwUktBCpLMK9,1692,1
2nUJvBO87SkxCViQsLc9Zr,1693,0
2nZj5YymF54qhAu7RneVP6,1694,0
2naEVOadudtXHwtZNfjMDM,1695,1
2nibvvDdAQkVraYP00z2RS,1696,1
2nqio0SfWg6gh2eCtfuMa5,1697,1
2nqwxzn7svkN30dVGbXdWf,1698,0
2o1pb13quMReXZqE7jWsgq,1699,2
2o9LAypwGH4ctV0i9boo6d,1700,0
2oBMZYteeO8DyXV9gDx6Za,1701,1
2oHDJHNondITqbl8xZ9vPn,1702,0
2oUuLLKS8WbF7ELJcwbqms,1703,1
2oUwMN5VfdGX10XeQJLBBi,1704,0
2oe6dDthgthqUkfL3czpEd,1705,2
2oiixB9QMIzhWaHGVlQx4g,1706,0
2ookQf9qP2qiBuNFnNXyfl,1707,1
2p8IUWQDrpjuFltbdgLOag,1708,1
2pIUpMhHL6L9Z5lnKxJJr9,1709,0
2pJZ1v8HezrAoZ0Fhzby92,1710,0
2pPO9YecZimmuVQfIzfV6U,1711,0
2pXpURmn6zC5ZYDMms6fwa,1712,2
2plLJpUcYPFrl1sW2pMG63,1713,1
2plRom0urixt6BE8t7kOhQ,1714,0
2pn8dNVSpYnAtlKFC8Q0DJ,1715,1
2pnPe4pJtq7689i5ydzvJJ,1716,0
2poOAWEj1CStqTVPgIHZ8s,1717,2
2prnn41CblB8B4yWACDljP,1718,1
2q6tgiA9tpb6DMguABwCWE,1719,2
2qEoAz0i6yEz5dPggABcLH,1720,0
2qG5sZ7Si6sdK74qLxedYM,1721,0
2qG81jL9UIP54uS8gYyP4k,1722,2
2qT1uLXPVPzGgFOx4jtEuo,1723,1
2qcG0nZ6S3zZV0UrkY5nFo,1724,1
2qkNnJvQvhLiZ63X1L3eFz,1725,2
2qmG7dokbGpDGD0T5wORWt,1726,0
2qqZ5fOGuNvYVzgPFDLQ4l,1727,0
2qsQ8eVDPmobZpvDxQCVQu,1728,0
2quVkyLSVr5wX2QIhnexUt,1729,1
2qxmye6gAegTMjLKEBoR3d,1730,2
2qzUpSVI4NnPyWxbXwumTj,1731,1
2r4JRwcbIeuAzWjH4YXlLs,1732,1
2r6OAV3WsYtXuXjvJ1lIDi,1733,1
2r9CbjYgFhtAmcFv1cSquB,1734,1
2rCbl9naJYhaxjLsfx88uM,1735,0
2rDZhKnPaPG054ExZ6nXUS,1736,0
2rE9TX3VQ0WNt7kziFhKep,1737,1
2rFsFjq0D9JAmc0APpCO6P,1738,1
2rPE9A1vEgShuZxxzR2tZH,1739,1
2rPHUAeUPbNgTmK18FPTiZ,1740,1
2rRJrJEo19S2J82BDsQ3F7,1741,1
2rb5MvYT7ZIxbKW5hfcHx8,1742,1
2rbDhOo9Fh61Bbu23T2qCk,1743,1
2rc7BkzO8qepMFAxHtOrXc,1744,0
2rizacJSyD9S1IQUxUxnsK,1745,1
2rjjNUYONZqC7wSd1i6OFq,1746,0
2rurDawMfoKP4uHyb2kJBt,1747,0
2sGF7DBXvL2GjkbG606m1G,1748,0
2sQH02O2HBCPJCztBrCWNa,1749,0
2sTDlCxmuZCTDKKk9f1qus,1750,1
2sXf2JdbB2GlNju00kw9WE,1751,0
2sYFUcurlISdHlAsnYCEgD,1752,0
2sfZgYusD8bBvB7qWekvSx,1753,2
2slqvGLwzZZYsT4K4Y1GBC,1754,0
2t16D9V5FmmRAJjsSpwvZf,1755,2
2t8yVaLvJ0RenpXUIAC52d,1756,1
2tB9OFgAHjAds3cqquLlvp,1757,0
2tGvwE8GcFKwNdAXMnlbfl,1758,2
2tOOcDDYkh0PSjr6GwPEAJ,1759,0
2tPcTFiQF9MbVUyjZ3zDhA,1760,0
2tTmW7RDtMQtBk7m2rYeSw,1761,0
2tUL6dZf1mywCj5WvCPZw6,1762,1
2tdq0CeAGSfhI2l4Gwkvgx,1763,1
2tnVG71enUj33Ic2nFN6kZ,1764,0
2toVe5hfuIi97ytDPDbQFt,1765,1
2tpWsVSb9UEmDRxAl1zhX1,1766,1
2tzgSUZOUKopYbRqQOVT8X,1767,1
2u3EyuCqqV31woqGvO9LBz,1768,1
2u7mxWSeoqTXndK5e08jMp,1769,1
2uBhGx3m5iJrtsql8Qk00j,1770,1
2uFaJJtFpPDc5Pa95XzTvg,1771,2
2uIX8YMNjGMD7441kqyyNU,1772,2
2uflssWlCaJ6CbTMOsUpNI,1773,0
2ufmtcIFdFpuUYBPXK5f67,1774,1
2uhw2oYbugGJbn10wipNX5,1775,2
2uiOyiRxtNix52dpeaDQPM,1776,1
2usxQITOSDqvkYiI0oIwao,1777,1
2uu2aGqA2UblCg581Q7l1g,1778,0
2v5JTeM6hSmi5wWy7jiwrI,1779,0
2vBET2pmrQqafaS6zIaYta,1780,1
2vHzOWRKYPLu8umRPIFuOq,1781,1
2vPMoMDXxu9uX1igWZmXSG,1782,0
2vQwlW8H1jFveGNXwZfJCV,1783,2
2vXKRlJBXyOcvZYTdNeckS,1784,1
2ve0kuaWUCt4Zx8x4bf1MR,1785,1
2ve5NyzWHUbIYxL33goCX7,1786,1
2vgUijXOTRMnWXDtvgMp2b,1787,1
2vmfvSoZBFAt9hhRoEByLi,1788,0
2vvdTrdryjsl8DmPIMDWZU,1789,0
2vy9Ry1TNjCD85TiCbTz0r,1790,0
2wDjpPW3HZdA9quPPmZAMu,1791,0
2wG1R0uDFwyobcWzVssC1J,1792,0
2wOXxtHZgRkkrkEbKLzzqs,1793,1
2wSTnntOPRi7aQneobFtU4,1794,0
2wVDWtLKXunswWecARNILj,1795,1
2wVWGFVkL5I3JGsoWBx2AZ,1796,0
2wrJq5XKLnmhRXHIAf9xBa,1797,1
2x0RZdkZcD8QRI53XT4GI5,1798,1
2x0WlnmfG39ZuDmstl9xfX,1799,1
2x8TNY9KwNvD19gVGs4WOP,1800,2
2xGjteMU3E1tkEPVFBO08U,1801,1
2xLMifQCjDGFmkHkpNLD9h,1802,1
2xXNLutYAOELYVObYb1C1S,1803,2
2xbI8Vmyv3TkpTdywpPyNw,1804,1
2xdwCJLfKCkat14mlgR26M,1805,2
2xmrfQpmS2iJExTlklLoAL,1806,1
2xyx0o4xNOLLjBSbOOdcbA,1807,2
2y4ZR0BUAVePljHSsZyIgj,1808,1
2yBWnRKj0Zx7AF1kufajvW,1809,0
2yPoXCs7BSIUrucMdK5PzV,1810,0
2yUzr8Sr6ldG8vmHhZwTnz,1811,1
2yZax79pOrYuyIFVW2cZY2,1812,2
2yg7MXp8nSPaf61HVkhEr3,1813,2
2ygvZOXrIeVL4xZmAWJT2C,1814,2
2yjeXq5ahx6UUg2rHaUe6X,1815,1
2yjlYDiNiQkdxVqTlaSrlX,1816,0
2yyO7EKRr7c3txi4xCXUFk,1817,1
2yzshFeBIwH8tWIqHEFLeD,1818,1
2z4pcBLQXF2BXKFvd0BuB6,1819,0
2zDj4WjbNDmrRL6Z4YjjCA,1820,0
2zYzyRzz6pRmhPzyfMEC8s,1821,1
2zjGJ0dChMR0KxBZS15aqo,1822,1
30KctD1WsHKTIYczXjip5a,1823,1
30QR0ndUdiiMQMA9g1PGCm,1824,1
30Y4CV7A6YqtQtTTo7Ue4j,1825,0
30bqVoKjX479ab90a8Pafp,1826,1
314ZkcV7oLWG8yWE7LABvH,1827,1
31bsuKDOzFGzBAoXxtnAJm,1828,2
31i56LZnwE6uSu3exoHjtB,1829,1
31mzt4ZV8C0f52pIz1NSwd,1830,1
31nfdEooLEq7dn3UMcIeB5,1831,1
31tf1qEai5o5f4r66Kd0pU,1832,1
32BeYxKPrig1LefHsC0Xuo,1833,1
32DGGj6KlNuBr6WaqRxpxi,1834,0
32OWobmyAz8J2qA8iWekyS,1835,0
32OlwWuMpZ6b0aN2RZOeMS,1836,0
32h6yQGn4oAhZ0HRsTMX26,1837,0
32lItqlMi4LBhb4k0BaSaC,1838,2
32vE1nuG8T9c8bhmZdRY6d,1839,1
33B2QbtAj8mbDpwvGTOnBt,1840,0
33IOhptvC2Qoy2UhjiHXLV,1841,1
33SNO8AaciGbNaQFkxvPrW,1842,1
33bURv895AN4FkBvgFo2dx,1843,1
33gwZOGJWEZ7dRWPqPxBEZ,1844,1
33zcmmElV1YbRZe57biUjg,1845,0
340UVheS8z3ncW9TTUhAbc,1846,1
343YBumqHu19cGoGARUTsd,1847,0
347AQK5Lyhn6RvB8tBGYxt,1848,1
34D6FJysnQioVingDKufuf,1849,1
34LI7rwi9H8w2S5KTHnv1M,1850,0
34V9RiEPe8MNdU32qJsJa1,1851,2
34d7sGX6WUqq8f04e7CSNF,1852,1
34eF4BoV8FPk0uhAAoqU7h,1853,1
34i4yxPrHWquuR4kjiivFO,1854,1
34o6gteNy2T5rieA0xYAgo,1855,1
34sOdxWu9FljH84UXdRwu1,1856,1
34tz0eDhGuFErIuW3q4mPX,1857,1
353IDEfNzPJmGNRnOi5kJ1,1858,0
35COLcFjvONwVv6jkG23gI,1859,0
35D06z7kmwMmYYbyJ0BkSm,1860,0
35KmOEIUqAGn02t7n4qaIr,1861,0
35QZaWQRkmnAVqBF1TLCxQ,1862,0
35RDmXJ59YYGNlv1KfTGsP,1863,1
35RJhm1pEovTBwnNR0zWad,1864,1
35TyJIMR3xRouUuo2sjS6v,1865,0
35UUpTmrcFXNIVIN26ujXl,1866,0
35ieKju5aLWFN5UgfJ27mL,1867,1
35mvY5S1H3J2QZyna3TFe0,1868,0
35ovElsgyAtQwYPYnZJECg,1869,2
35wvL50xvKpCHEJPxLOLPI,1870,1
35z5xJpu76nakf65i1BCMl,1871,2
364dI1bYnvamSnBJ8JcNzN,1872,0
36CiGk9oRdwTnBDMgKEfjl,1873,1
36DHxTW2xdr9GG15T9oK9L,1874,1
36J0iaPDGbYGsHvYpaYs3k,1875,0
36ONiya0OANYknz0GgJmwB,1876,2
36TO60sxDduIsO3xH8IcUh,1877,0
36YCdzT57us0LhDmCYtrNE,1878,0
36gcliMRX1vCpgnrZE3dFZ,1879,0
371l4ekF9cDC2D5WuuabU6,1880,0
373gDROnujxNTFa1FojYIl,1881,1
37BZB0z9T8Xu7U3e65qxFy,1882,0
37CoOXIsgF3NzbK1zHZetk,1883,1
37F0uwRSrdzkBiuj0D5UHI,1884,1
37F7E7BKEw2E4O2L7u0IEp,1885,1
37Nqx7iavZpotJSDXZWbJ3,1886,1
37TSJmYKLxXmx8OehFpqMN,1887,1
37eGbhE1xVFSvcKkqGb6i1,1888,0
37y7iDayfwm3WXn5BiAoRk,1889,0
380HmhwTE2NJgawn1NwkXi,1890,1
38DlSDrx9tgc5Gfq6y3aBa,1891,0
38GBNKZUhfBkk3oNlWzRYd,1892,2
38QmUDpkoYlNbMKvpvAsrE,1893,0
38RIEav39FGi86jppxO0du,1894,0
38T0tPVZHcPZyhtOcCP7pF,1895,1
38TgLPNHsPzgqri5G4SPun,1896,0
38UYeBLfvpnDSG9GznZdnL,1897,1
38iBrrbbXyWaSPkmuDNgjZ,1898,0
38td8VabuKlQt72Q2VnhbO,1899,0
38zwkK6TtTjIW9tpYBfZ3D,1900,0
39JRmdKFka1Oe09FoOCPI4,1901,2
39JofJHEtg8I4fSyo7Imft,1902,0
39L3LdlHS3gqB62HPWaJRg,1903,0
39MK3d3fonIP8Mz9oHCTBB,1904,1
39N9RPD9MRb5WmoLzNzPeA,1905,0
39NDBdU5Xkm5pCFGa5kZtI,1906,1
39Yp9wwQiSRIDOvrVg7mbk,1907,1
39kzWAiVPpycdMpr745oPj,1908,1
39pS70eeDvyCAF3t8NAlVV,1909,1
3A7qX2QjDlPnazUsRk5y0M,1910,1
3AAY8YicetRPlDAkibHLiS,1911,1
3AEZUABDXNtecAOSC1qTfo,1912,0
3AFPGvRzeKeNJbIbLwcz4G,1913,2
3AJwUDP919kvQ9QcozQPxg,1914,1
3AOf6YEpxQ894FmrwI9k96,1915,1
3AbNNvo2OmyeDMvRBgf9vk,1916,0
3AsAuGTaDQzavZZThyYlop,1917,0
3AzjcOeAmA57TIOr9zF1ZW,1918,0
3B7udSGy2PfgoCniMSb523,1919,2
3BHFResGQiUvbYToUdaDQz,1920,1
3BKD1PwArikchz2Zrlp1qi,1921,1
3BUWNzPWz2mDbptZmGEXpB,1922,1
3BYIzNZ3t9lRQCACXSMLrT,1923,0
3Be7CLdHZpyzsVijme39cW,1924,0
3CDVMejYHnB1SkEEx0T1N4,1925,1
3CGZ7wfk4skmuyQgua1C1K,1926,1
3CJbxqRQ0JNCqboWDNUUeX,1927,1
3CNbrXrUrEARw8zeKNCdYo,1928,0
3CRDbSIZ4r5MsZ0YwxuEkn,1929,0
3CVb6hkMrlF7eHhXi5B3PZ,1930,0
3CWq0pAKKTWb0K4yiglDc4,1931,2
3CYH422oy1cZNoo0GTG1TK,1932,1
3CeCwYWvdfXbZLXFhBrbnf,1933,1
3CidPLqWXqgesJlwYVJZdy,1934,1
3D1rlKmZdpYUeMtRRLNawc,1935,0
3DK6m7It6Pw857FcQftMds,1936,1
3DKpA54hrFIdPN6AtL9HXa,1937,2
3DMs7bahbQTnoxCjgP7qoK,1938,0
3DX4Y0egvc0slLcLl31h2p,1939,0
3DXncPQOG4VBw3QHh3S817,1940,0
3DZ8dbKg4OTSSqGARvecYd,1941,1
3DarAbFujv6eYNliUTyqtz,1942,0
3DoBTwfr8yi2LN08SBpFkN,1943,1
3Dv1eDb0MEgF93GpLXlucZ,1944,0
3Dwq1oiOFys6Sxr5SslmXw,1945,1
3E2Zh20GDCR9B1EYjfXWyv,1946,0
3E7dfMvvCLUddWissuqMwr,1947,1
3EApebexZ7YqDIqw2EMTDh,1948,1
3EMp20j5E42MxfFbsEsIvD,1949,2
3Eax1yebRxj6LSYpxE9Yd3,1950,1
3EfugazgSddQvzZpkof5I4,1951,1
3EikYy40GMSp8l5mDV6IQo,1952,0
3EmmCZoqpWOTY1g2GBwJoR,1953,1
3EtyEzMpfKSaoVhPunvbRV,1954,1
3EvZ03hGAFwGZ2Ebcu86YH,1955,2
3F1P0QzdXtBz0MXy7KIO5w,1956,1
3F5CgOj3wFlRv51JsHbxhe,1957,1
3FAJ6O0NOHQV8Mc5Ri6ENp,1958,2
3FQCJI2t5LTbsRPfYVBSVB,1959,0
3FSwpQ9dBZBeBV6UdYHI2R,1960,0
3FUXVbi9ugVUqJ3rPrfd2G,1961,1
3FeVmId7tL5YN8B7R3imoM,1962,1
3FiE2d325mIOc4YjkSLVJR,1963,1
3Fj47GNK2kUF0uaEDgXLaD,1964,2
3FkeNbs9Zeiqkr3WkbOiGp,1965,1
3GVkPk8mqxz0itaAriG1L7,1966,2
3GYlZ7tbxLOxe6ewMNVTkw,1967,2
3Ga6eKrUFf12ouh9Yw3v2D,1968,0
3GaGWoU1KfVqgl7vnRHP55,1969,1
3H3r2nKWa3Yk5gt8xgmsEt,1970,2
3H7ihDc1dqLriiWXwsc2po,1971,0
3HWzoMvoF3TQfYg4UPszDq,1972,1
3Hb9kUdm4yf839Fle4RIdT,1973,0
3HqcNJdZ2seoGxhn0wVNDK,1974,2
3HyR1j49TY5ACP2lseF1jx,1975,1
3IB5qOeMayvpOdHxYCL5tZ,1976,1
3IHt4j5uAEl7iBu8Utn985,1977,2
3IMLoeLerS7TMpKjxUgAhx,1978,0
3ITkrUvAA6gzxer2UIom3P,1979,0
3ITvHA9zhZZdBJsOsAUegF,1980,2
3IWs9dAwTqN0EFhOIcBDfs,1981,0
3Iba59sFmGhQ4kbCY5L8AX,1982,0
3IhM5Mber8KA0NaRNpK2px,1983,1
3IkWmgGsXbsafrunwPojXO,1984,1
3IvMYBE7A3c7to1aEcfFJk,1985,2
3IxMaULfjq4IT2IN6v54PB,1986,0
3IznIgmXtrUaoPWpQTy5jB,1987,2
3J8EOeKLTLXORtWPpOU5bE,1988,2
3JKgcAa7r07ocVWcV8bS0H,1989,0
3JKhmIlixlYwFLzrkc6drb,1990,0
3JR0ducCexKbeK47g6AHm5,1991,0
3JR2RztQcOjUQGQSybxDIO,1992,0
3JWiDGQX2eTlFvKj3Yssj3,1993,2
3JXF3LsUjyDIHjuwhXxdjo,1994,0
3JZjcKImHcmOI9ylL4zrSc,1995,2
3K4HG9evC7dg3N0R9cYqk4,1996,1
3KCNiDi9Pza6ZD8FggNoaw,1997,1
3KJ3opyV29269SXkPrc19l,1998,1
3KLygy1YWhmrQx0GRs7IOx,1999,0
3KZCP2StVGdWkOKyRZNWA4,2000,0
3Kd6Wp3lG5HXMB2dlvuy7y,2001,0
3KdoeNlEN0BoAKWzaRLNZa,2002,0
3KixNgUEaDtrKJVzdqjU5q,2003,0
3Kkjo3cT83cw09VJyrLNwX,2004,1
3Kw7zkALCVxY4wmlnh2IWC,2005,0
3KyKxJ4P3pVCgaZwaq2rUC,2006,1
3L19besdNQzd342qL78xqm,2007,1
3LHYmz86DxGInsRp3wiiW5,2008,0
3LbZIhU0smEU5SUnxod4j4,2009,1
3Lfiu5sZ4M4B6JaKMBc0FU,2010,0
3LgWsmilsrWXiPYQFRD0T7,2011,2
3LnpBazWpD31QMTn6LgVGv,2012,1
3LtpKP5abr2qqjunvjlX5i,2013,0
3M0lSi5WW79CXQamgSBIjx,2014,1
3M9Apu4OZfylLTFKvgEtKa,2015,0
3MJhPqL2IgGs7gHEB2M35q,2016,1
3MmCFghNjzZMn3HKqbVizn,2017,1
3MvY2XbGYFi6p2dgmdcOYG,2018,2
3MytWN8L7shNYzGl4tAKRp,2019,1
3NanY0K4okhIQzL33U5Ad8,2020,0
3NbTQ8ZbHU6MSEVUFAVCJ9,2021,1
3Nc86B5XmDlG1KuEeSLD8x,2022,2
3NdDpSvN911VPGivFlV5d0,2023,1
3Ne5uYDFzHEFYAPbaBMIck,2024,0
3NeiYiBn3rQBgurfVk92Zm,2025,0
3NgCzSW98SsqBdpYcnm4kv,2026,2
3NhstUmrlhaN1M6hP8zMbb,2027,2
3NkJNL3WqO1Lqc3uNDxvCN,2028,1
3Nl5OkkmS5DaBZvuYofpAt,2029,2
3NqBxTOMCJ3zW9CIP51td4,2030,2
3NuK5xMlSlB6K2Qp16zf3h,2031,0
3NuLxTXowTRcguTh9RsPmM,2032,2
3O7p9Itz8PXUoAjD2vmuM6,2033,2
3OTSBoYKO7HzGVj8Bu2OH9,2034,1
3OdIiWnYRHPYtC313Z0Bwy,2035,1
3Ol2xnObFdKV9pmRD2t9x8,2036,0
3OnOomd79OjqSYHchCQ6ht,2037,1
3OoZagIW3YK8vjt0ws6NOI,2038,0
3OtQmFLS5b3pTgIf44GQFJ,2039,1
3Oww84xrmgjyr5J1ilOmAf,2040,1
3PEgB3fkiojxms35ntsTgs,2041,0
3PH1nUysW7ybo3Yu8sqlPN,2042,0
3PIDciSFdrQxSQSihim3hN,2043,0
3Pbp7cUCx4d3OAkZSCoNvn,2044,2
3PfIrDoz19wz7qK7tYeu62,2045,0
3PzeZR8CqtwXmSn5AVao7J,2046,1
3Q4gttWQ6hxqWOa3tHoTNi,2047,2
3QCU8BT0zDS9LPVfEhRFEE,2048,0
3QFInJAm9eyaho5vBzxInN,2049,1
3QGsuHI8jO1Rx4JWLUh9jd,2050,0
3QGxgNaqaFSpORp2OVLXHR,2051,0
3QH8rQGNFX8VLbCgZ7uPTS,2052,0
3QIoEi8Enr9uHffwInGIsC,2053,2
3QPBocWfIcOCdFFvmqn60F,2054,1
3QS9ZCtoSCJhmaJ7QNXSAS,2055,1
3QVHSV8YKYq4L8tI5rnFgj,2056,0
3QWjljChcOMkRDYSzF33Qr,2057,2
3Qa944OTMZkg8DHjET8JQv,2058,1
3QiAAp20rPC3dcAtKtMaqQ,2059,2
3QmolSZqjjLksTUvZJ6pPS,2060,0
3Qu3Zh4WTKhP9GEXo0aDnb,2061,2
3QwBODjSEzelZyVjxPOHdq,2062,0
3QzAOrNlsabgbMwlZt7TAY,2063,1
3R8CyhJfVjvgIROd5RSGhQ,2064,1
3RIgHHpnFKj5Rni1shokDj,2065,2
3RKjTYlQrtLXCq5ncswBPp,2066,0
3RZftiuTcLOqpsd8ZlwNhr,2067,1
3RauEVgRgj1IuWdJ9fDs70,2068,0
3RiPr603aXAoi4GHyXx0uy,2069,1
3RwWW7KeVhHGayYJgUL5eZ,2070,2
3S0OXQeoh0w6AY8WQVckRW,2071,2
3S68RFe1lsdCdTMPIMJM3X,2072,1
3S7HNKPakdwNEBFIVTL6dZ,2073,1
3S8jK1mGzQi24ilFb45DAZ,2074,2
3SIRBp4RRQ2AO5H4NO7xfq,2075,1
3SYLoL8KHxdQPYIkfwmUjN,2076,1
3SawmGBjjq8EOYZJV11cJm,2077,1
3SsJ17EnPIu1B4GZshqjIS,2078,1
3T03rPwlL8NVk1yIaxeD8U,2079,2
3T4UodGkfZObJ43RtA5KFU,2080,0
3TLwAp3uX1nKsVxrDhNPOL,2081,0
3TSLqZssCoCdDlMhCJ08XW,2082,2
3TTMUI5dFcbeNSDTTDY9M8,2083,1
3Tc57t9l2O8FwQZtQOvPXK,2084,0
3U5JVgI2x4rDyHGObzJfNf,2085,0
3UHPGOkUcE4hE7sqBF4Snt,2086,1
3USu1p2lKTzoKFIRDeeJf8,2087,0
3UYiU57SMiAS5LqolhHJw1,2088,1
3Ua0m0YmEjrMi9XErKcNiR,2089,1
3UjJP4ludb74a29P5EHEIo,2090,1
3UmaczJpikHgJFyBTAJVoz,2091,0
3Uo7WG0vmLQ07WB4BDwy7D,2092,2
3UoULw70kMsiVXxW0L3A33,2093,1
3UwT4FadEGWyMdaSwYcUBY,2094,2
3V8UKqhEK5zBkBb6d6ub8i,2095,2
3VTNVsTTu05dmTsVFrmGpK,2096,2
3VlW71ZRJPEjd17W0bW28D,2097,1
3Vo4wInECJQuz9BIBMOu8i,2098,0
3VvA1wSxukMLsvXoXtlwWx,2099,0
3VyjsVV24RmBIbWJAeUJNu,2100,2
3W5KHP0Yr56ejVDns9vci3,2101,2
3WMj8moIAXJhHsyLaqIIHI,2102,2
3WRIaWsws011vHMd9uzPjG,2103,1
3WUyu94psXrYV6HZbXgcFA,2104,0
3WefHNGtjexZvi66ZEx9u4,2105,0
3Wf2YGdYT8xVdNsQSoRKk9,2106,2
3WfSNAoj2D8C9noPSGZZFM,2107,0
3WlbeuhfRSqU7ylK2Ui5U7,2108,1
3WnTQDd9A3bpBfzCziElU9,2109,1
3Wrjm47oTz2sjIgck11l5e,2110,0
3X6qK1LdMkSOhklwRa2ZfG,2111,1
3XF5xLJHOQQRbWya6hBp7d,2112,2
3XHJUG5I2zYqOEmEZUX68n,2113,0
3XIXklO3e0uWUAUkOR7NLI,2114,1
3XLbDUB5BX2WqL2qoAsvtb,2115,1
3XREkzDHsWdBL5tybyCDBH,2116,0
3XgGQ1wjo5khvq2UImjyNF,2117,2
3XiNC94b4Tq1xwv70sQJGN,2118,1
3XoYqtiWHhsk59frZupImG,2119,0
3XoflnowYPFRPOh3uFvHcm,2120,1
3Y7MHz19qCg1Pkxridtu1k,2121,1
3Y7a0typ6ik1KscmebXd6D,2122,0
3YJJjQPAbDT7mGpX3WtQ9A,2123,2
3YU6vJbjYUG0tiJyXf9x5V,2124,1
3Yh9lZcWyKrK9GjbhuS0hR,2125,0
3Ytr1SUCUi6J3L9dRFx5iH,2126,0
3YvE7uo4ffseBoJPh8IhHp,2127,0
3Yw09dj3cTXsAzlLjgBfIP,2128,1
3Z0oQ8r78OUaHvGPiDBR3W,2129,2
3Z7CaxQkqbIs1rewKi6v4W,2130,0
3Z8FwOEN59mRMxDCtb8N0A,2131,1
3ZCTVFBt2Brf31RLEnCkWJ,2132,2
3ZEno9fORwMA1HPecdLi0R,2133,1
3ZFTkvIE7kyPt6Nu3PEa7V,2134,0
3ZQLH6uKCfvgkbnMSVNCQe,2135,1
3ZYwSDF9knZI0RVlKR4PHC,2136,1
3ZhTT6yjZwpPph5MIJ53XY,2137,2
3Zyk5Vd9WNPNVWxvb0EZTk,2138,0
3a1lNhkSLSkpJE4MSHpDu9,2139,1
3a94TbZOxhkI9xuNwYL53b,2140,1
3aA6xB0tOilDDX17fIJ0Bl,2141,1
3aQem4jVGdhtg116TmJnHz,2142,1
3aUFrxO1B8EW63QchEl3wX,2143,1
3aW0ds4A4tSQDIp75FqWTo,2144,1
3agFBAMPiIvzfTh7a9Udm6,2145,0
3agtg0x11wPvLIWkYR39nZ,2146,1
3apeXzypBMnUfYcZYNX6DH,2147,0
3azJifCSqg9fRij2yKIbWz,2148,1
3b5Li4QKDVBx1x7fQuu54a,2149,1
3bH4HzoZZFq8UpZmI2AMgV,2150,0
3bK1zVFBKIzYjmptmI4NsJ,2151,1
3bNNvJA7hsGw0wSpGkfOBm,2152,2
3bWAqKDWg6u1davspr5IkS,2153,0
3buwFfY33H32wfZ6X9poV3,2154,1
3c3XJ9P1BjOtmNXKvdVyHK,2155,1
3cBsEDNhFI9E82vPj3kvi3,2156,1
3cFsmM51N5zMAuu1nNY4Tw,2157,1
3cNjgVBKTJ1SvKhunrCdVy,2158,1
3caMfJGFp53NAH2TuigdNj,2159,0
3cphb8kdsjElYR7r5icK3H,2160,1
3dG6tjetoR4GMmUGZUprLt,2161,2
3dJj6o9o1fRgrojWjailuz,2162,1
3dQDid3IUNhZy1OehIfYfE,2163,0
3dVvWnj4D8JGkKvo6Hucso,2164,1
3dbLT62Cvs46Ju7a8gpr36,2165,0
3ddxe0WYUpNPtSnHgQOad5,2166,2
3dnP0JxCgygwQH9Gm7q7nb,2167,0
3e6ebtUCZ0tZL1J7wvM8Xi,2168,2
3e7Y6sfFlIdBMJhX7wpqVO,2169,1
3eJH2nAjvNXdmPfBkALiPZ,2170,0
3eP13S8D5m2cweMEg3ZDed,2171,1
3eR23VReFzcdmS7TYCrhCe,2172,1
3eV2WT9YhfzkxbufnBF8wK,2173,1
3eX0NZfLtGzoLUxPNvRfqm,2174,1
3eZYOQO4UzKrUDYDghtnFw,2175,1
3ebXMykcMXOcLeJ9xZ17XH,2176,1
3eekarcy7kvN4yt5ZFzltW,2177,1
3fDTzkvrOo5xQIO480Qmsb,2178,1
3fEoJxnPpfIHwFHKiFtqbA,2179,0
3fGW43fnu3OHEw6ohTC2Bw,2180,1
3fpVWegR6YOS1Yk5HSMYIq,2181,1
3frUvGrmGcay91lvFbOgsN,2182,1
3g0mEQx3NTanacLseoP0Gw,2183,1
3gD4J3RUHy4OUuZ3qAiaiG,2184,0
3gOI5aQD4mOMLsP3aWrkon,2185,0
3gWzTnziivUYzqXtnvgN8q,2186,2
3gdewACMIVMEWVbyb8O9sY,2187,2
3ggtU1ZOKO8ZNiqPNyXGcm,2188,1
3grVoZ10bm2jUGpo7BxpuF,2189,0
3h5TiWTqGxjSjFrbruPFH9,2190,1
3h8tI65xdfpQyTAy7Grqwa,2191,0
3hB5DgAiMAQ4DzYbsMq1IT,2192,2
3hRZsdTF5uyGA2uhNqEuhm,2193,1
3hUxzQpSfdDqwM3ZTFQY0K,2194,2
3hwQhakFwm9soLEBnSDH17,2195,2
3hxIUxnT27p5WcmjGUXNwx,2196,2
3i058E8uxTsYqJ5NWZzqSj,2197,2
3i0FkJYlU4MFfYkjFHXXAM,2198,0
3i6sCTU7ENlnHpHvrHUitW,2199,1
3iBgrkexCzVuPy4O9vx7Mf,2200,2
3iEqGBZ2wcpVzhiAcwXVC6,2201,1
3iPbmpKBMflYd7UjdYftoj,2202,0
3ibRxEv4KkcU9e259eyNJA,2203,0
3ioJs8DQw527GmqJIp5gZG,2204,1
3iq9nhbI8fcnNamxMft1uv,2205,2
3iw6V4LH7yPj1ESORX9RIN,2206,1
3j84U36KvLeXNDPv4t5pI8,2207,1
3jT2LKH0RSbQ8jIUNFzXm5,2208,0
3jbT1Y5MoPwEIpZndDDwVq,2209,0
3jipFRgLyKK0oJoG1pKicx,2210,1
3jlxX3VXPiY3lvBBbppQD3,2211,1
3jzbpOzoYa22FvzBkNkLvC,2212,2
3k0YJnqMKRZb8swo86vCkq,2213,1
3k3NWokhRRkEPhCzPmV8TW,2214,1
3k4CoiIQXiNBrwrmbBMDxj,2215,1
3k6q0O9JnO2GhvD6C8fs20,2216,2
3kGfazcbVvVkuZunzlLgTD,2217,0
3kW4z2pIj5VY5fLjBrMRL5,2218,1
3ke6it1vTmHtz2ApcIVUz5,2219,0
3kf0WdFOalKWBkCCLJo4mA,2220,0
3khEEPRyBeOUabbmOPJzAG,2221,1
3ko9jEHNt4O5fjKN65ULJp,2222,2
3krZxyBsWEHfEfJegYaWTd,2223,2
3ktTWpYdXrYApH54cBo4Ap,2224,0
3kwgqoBqTwoAH4nT29TYrq,2225,1
3kxfsdsCpFgN412fpnW85Y,2226,0
3l6LBCOL9nPsSY29TUY2VE,2227,1
3ll9PUsB2KIliRoyGEUwFz,2228,2
3m2aDCqn8eT5ElXDUiboGU,2229,0
3mRcWCyteY2133a7xVMrYw,2230,1
3mzbab4H0iZYkHggSEj0UX,2231,2
3nAp4IvdMPPWEH9uuXFFV5,2232,0
3nNmRE0DxHC6ZaKkrpUumS,2233,1
3nOz1U41SZZ0N3fuUWr9nb,2234,1
3nS9a01VvXHQriLqJYwRqG,2235,1
3nY8AqaMNNHHLYV4380ol0,2236,1
3nc420PXjTdBV5TN0gCFkS,2237,2
3ndCsZfq8OVwwkz9mmZvUz,2238,1
3nhGk6VnrDHy67pXvMhdPa,2239,1
3npzogdOEiVsieXmmhBepL,2240,1
3nsfB1vus2qaloUdcBZvDu,2241,1
3o9kpgkIcffx0iSwxhuNI2,2242,0
3oGVx9RBmiYGv5ZCecWLkx,2243,1
3oHkMCVJyOcjg5FhfLc2Rq,2244,1
3oRW9ZGPRbLRMneQ5lwflt,2245,1
3oZ6dlSfCE9gZ55MGPJctc,2246,1
3oZZfVvLJuDYc4Vn3A63Fw,2247,1
3obgSF06ki98lYNLNq5vCB,2248,1
3ojTJaonfkL96iIWa47SU3,2249,1
3onYsG7nB3FwEVHYYWCrIM,2250,1
3op7HNwLli54MBjFGzIlZO,2251,1
3orEOtd8CPL8GFlpRpKuoE,2252,2
3p6hnejEQYXkiTO1lAzVc0,2253,0
3p7XQpdt8Dr6oMXSvRZ9bg,2254,1
3pCt2wRdBDa2kCisIdHWgF,2255,0
3pIigjAWkzwAonXpJ1fmSF,2256,1
3pTScODwk9tggZzmuH6xDY,2257,1
3pUa0ZxdSeaJXm0EIydD3F,2258,0
3pWcj8hxj3fsb9TDAcMpEl,2259,1
3pv7Q5v2dpdefwdWIvE7yH,2260,0
3pzjHKrQSvXGHQ98dx18HI,2261,0
3qCeq0rWK67SoBDgFd2sId,2262,0
3qXsX3mYSsD1DmAvc3PE3N,2263,1
3qhlB30KknSejmIvZZLjOD,2264,0
3qmvK8QARSPkFTuKeIXSbs,2265,0
3qnoOm4fwZPBS116f5hpgF,2266,1
3qoftcUZaUOncvIYjFSPdE,2267,1
3r8RuvgbX9s7ammBn07D3W,2268,1
3r9FFjLrAIQjoR8pSHVPC9,2269,0
3rFF7kSm5qBOOPs6ljFgPp,2270,1
3rRin3LyLY92kpEbkCgwf4,2271,0
3rUGC1vUpkDG9CZFHMur1t,2272,0
3rV5y8rcQrwRt9fWGLmjOQ,2273,2
3rWDp9tBPQR9z6U5YyRSK4,2274,2
3rb0tMq42WfggucPm0HHkA,2275,0
3rdAz1fbUfZxYgaCviYhRo,2276,1
3rmo8F54jFF8OgYsqTxm5d,2277,0
3rq5w4bQGigXOfdN30ATJt,2278,1
3ruoIF2UnoXdzK8mR61ebq,2279,0
3ryjLm3oupIjJFGc39naNi,2280,0
3s4mrPrEFFPF0LmAfutW0n,2281,1
3sNVsP50132BTNlImLx70i,2282,1
3sa06xVNmLLYIxdNNmVQN8,2283,0
3sd2p4kE7xQmFH3lPnFl6h,2284,0
3soOPBuMK8YMdWnV7xpEyf,2285,0
3swc6WTsr7rl9DqQKQA55C,2286,2
3szf2z1Cy1QMrtHrbn8rz9,2287,1
3t0ic4mkhvhamrKDkulB8v,2288,1
3t4KHjd8uQpJJ2fa0fRIpR,2289,1
3t8pnImpBpOwxdtYBpKvA9,2290,0
3tAQNhm1o0kzldsI5QkrB1,2291,2
3tDqEKKUs6gf8zMvSuLyLA,2292,0
3tNMdL4qjzNHfo7rlVMESK,2293,1
3tYTyAt1q6BFBiGyYVOLhi,2294,0
3tcnWNjEXyXCbFR9zonrX2,2295,1
3tcoEYOZUHKB3RKNByIN13,2296,0
3tjFYV6RSFtuktYl3ZtYcq,2297,0
3towKHKVOXCCcL1fHv6xFO,2298,1
3tt9i3Hhzq84dPS8H7iSiJ,2299,0
3tv697PZNnaQN0Mn2zGhS5,2300,0
3uJFmluXzYedoJcvhpC1AW,2301,0
3uMB82o0qa7erhiZBW9KQC,2302,0
3uUuGVFu1V7jTQL60S1r8z,2303,2
3uYDO9dPLTVrgfwg7EYXSf,2304,0
3uayvzcbqFydIbgUeC6EJh,2305,2
3umS4y3uQDkqekNjVpiRUs,2306,0
3uwnnTQcHM1rDqSfA4gQNz,2307,1
3vAn0qZzdyuHamcrpkfiX3,2308,1
3vJcz8exedHCjQ9ed95NqU,2309,1
3vXnuFnC5RhPGwsFi0ORcI,2310,0
3vcLw8QA3yCOkrj9oLSZNs,2311,1
3vgNmjuRDnGLxUFGCLkwpm,2312,0
3vkCueOmm7xQDoJ17W1Pm3,2313,2
3vySEUpD0tc801F2WZDLYw,2314,1
3w0w2T288dec0mgeZZqoNN,2315,1
3w1WjD2zJqjBjDz5fwqQPJ,2316,0
3w9VRlKPvNxj40RdUGRweH,2317,2
3wFLWP0FcIqHK1wb1CPthQ,2318,1
3wH4eUkJ1rL5xTU8PZZyOy,2319,0
3wScL5W8H40zzCKN0atfBk,2320,0
3whrwq4DtvucphBPUogRuJ,2321,1
3wwo0bJvDSorOpNfzEkfXx,2322,1
3xIMkM5LgbVDkpO74O3Np3,2323,1
3xKsf9qdS1CyvXSMEid6g8,2324,2
3xRH6FPVtheDyNla3T1FE7,2325,2
3xWGA8pa0IKFI7IMPri4P0,2326,0
3xXBsjrbG1xQIm1xv1cKOt,2327,2
3xYJScVfxByb61dYHTwiby,2328,1
3xaugmCyXrVkrDTXbFkMW3,2329,1
3xgT3xIlFGqZjYW9QlhJWp,2330,2
3y3brCCecHC3Db18aIOnny,2331,1
3yII7UwgLF6K5zW3xad3MP,2332,0
3yNJkriPzWjkkDAWHIAVUq,2333,2
3yNZ5r3LKfdmjoS3gkhUCT,2334,0
3yOlyBJuViE2YSGn3nVE1K,2335,1
3yTkoTuiKRGL2VAlQd7xsC,2336,1
3yaYgjEFkRw3PVjW9mV1TO,2337,1
3ydI3CesHBnaY01Qff9jOr,2338,0
3yfqSUWxFvZELEM4PmlwIR,2339,0
3z6XUommYDWPHeFhmhhT6j,2340,1
3zKST4nk4QJE77oLjUZ0Ng,2341,1
3zZqro4MGeFOR40HxFEPlv,2342,2
3zkyus0njMCL6phZmNNEeN,2343,2
3zpGLSQ8QbbUnNjweWPLMD,2344,0
3zxrecYFao03IrrcyFiaMU,2345,0
401160izncPtca3CmX3dvM,2346,0
40EXFgNMOIQRQOwJZ8mJkC,2347,0
40KuvsFD0zpUFuCcmt5Xm0,2348,0
40OMBMYRk5IQL6xCzGM0JA,2349,1
40SBS57su9xLiE1WqkXOVr,2350,0
40T5GIqQ1CegGm2PTEl8Bu,2351,2
40U8d12pC5UHqmHwXjHjjl,2352,1
40YbWniIEmqy6s58fYXLUh,2353,0
40YcuQysJ0KlGQTeGUosTC,2354,1
40iJIUlhi6renaREYGeIDS,2355,1
40mjsnRjCpycdUw3xhS20g,2356,1
40nPimvmG05WYS7983bawZ,2357,0
40oKW22ZNNkEdZLJTScaQI,2358,1
40qyPyljksBEqlNw5sW37T,2359,2
40uMIn2zJLAQhNXghRjBed,2360,1
410TZrK18uRjtsTunG14cl,2361,1
4178A5NkEjcsGc64jpBO6d,2362,0
41A89rj3GoMG6ktN37L7PG,2363,1
41JPN7pZMTp1sumBOHOzHd,2364,1
41MCdlvXOl62B7Kv86Bb1v,2365,1
41WQUSINanQHfhfKpFDsms,2366,2
41bmnQZoDMQdDh5zyomtW7,2367,1
41oY4WCTj5kccfesTVFnvN,2368,1
41wtwzCZkXwpnakmwJ239F,2369,0
421eObjg0DTm2qajJl5OJm,2370,1
42NpUvd0I2kdIuMXX4nobE,2371,0
42Tohunwlh34o0mgxYx5iq,2372,1
42VsgItocQwOQC3XWZ8JNA,2373,1
42ZrMq4BKsWDrrbMnMRYaK,2374,2
42zePe03Iq8tvFcJAIKkp8,2375,1
4356PL6jkERzJouVfQQkZo,2376,2
4356Typ82hUiFAynbLYbPn,2377,0
43CIWpJaJHRcI4mUSjqgc2,2378,1
43V1z6QToNNWNldV4FEG6r,2379,0
43ZyHQITOjhciSUUNPVRHc,2380,0
43ay9lQZ5rfNcOOHhRF2cM,2381,1
43cFjTTCD9Cni4aSL0sORz,2382,0
43eRVwfXFkY3kXN4K47gNT,2383,2
43rA71bccXFGD4C8GOpIlN,2384,2
43wzy7JxMEfvCh8ZFeZKYk,2385,0
43y1WpBdnEy5TR9aZoSQL9,2386,0
444vevlQjTnKioLLncteGv,2387,1
447yWcDPg1ddgcHBLGpJC0,2388,1
44ADyYoY5liaRa3EOAl4uf,2389,1
44Fc0oSgRn1MFwu18TcY8S,2390,1
44FzVABpR2cciquTqADA0D,2391,0
44KKhCyI0BGS6LvVyDqJtH,2392,0
44ShclXTOOnYtt5CnCDeGV,2393,0
44WLOqH7QayQOQdeUHeKUK,2394,1
44XjoNvtwevktFKjvVe1vH,2395,2
44ZJ4hLD5onikKsVLQaILr,2396,1
44gRhRi2OhEf7moAUj6MD1,2397,1
454Epa1vrCGFddHXKyC1kb,2398,2
456WNXWhDwYOSf5SpTuqxd,2399,1
45Egmo7icyopuzJN0oMEdk,2400,1
45S5WTQEGOB1VHr1Q4FuPl,2401,1
45bE4HXI0AwGZXfZtMp8JR,2402,2
45pUWUeEWGoSdH6UF162G8,2403,1
45wMBGri1PORPjM9PwFfrS,2404,0
463PQggkmk5tTw8ug0ahOX,2405,0
46D0hYb1B7qiU33VtXt21W,2406,2
46HdsiK0uR26B2dY9QPzda,2407,0
46lvmzK8wxAy66tjzXXSh0,2408,0
46mT9NR7N9Zf5MolcrBgE3,2409,0
46nvQpUDsxpS08UTFOeKTA,2410,1
46s57QULU02Voy0Kup6UEb,2411,1
478g4LSkyMB1PMkVOVmIaE,2412,0
47EWMOElkkbMp5m9SBkx7d,2413,2
47EiUVwUp4C9fGccaPuUCS,2414,1
47otoIkhx3fkdivEXL5OB6,2415,2
48AJSd42lXpicsGqcgopof,2416,0
48Ll1C6qAnP2UjnopQDh4a,2417,2
48WidxP9CqyYtk97pwGZ3c,2418,1
48XfojJC87VKLlUotYV0Gm,2419,2
48vIfHaK7by6x0T6ucpODL,2420,1
494OU6M7NOf4ICYb4zWCf5,2421,0
496vIKS2INz840xZaKncvR,2422,2
49R1F3rIdSzuPk7AcHi6d1,2423,0
4ABYxlb92WBIjHu7TIKmml,2424,1
4AO1XhrgJczQ9bNVxdfKQe,2425,1
4ASA1PZyWGbuc4d9N8OAcF,2426,0
4AYtqFyFbX0Xkc2wtcygTr,2427,2
4AhSkRYioEIfGvCV19peYN,2428,1
4AlihYDqxXshKhvh5tnMfP,2429,1
4B1rpPmQXwj78wk6aIGwwU,2430,1
4B7fTyj1FIPvP9tT5X3DnR,2431,2
4BGZF4oLbTL0pWm7C18pbv,2432,1
4BHSjbYylfOH5WAGusDyni,2433,2
4BHzHISX21PYwGXiBEUQ70,2434,1
4BHzQ9C00ceJxfG16AlNWb,2435,1
4BJ5T8ZZZ3UrPG7k0OVQrp,2436,1
4BKOjYosPhw334moS3wlbO,2437,1
4BP3uh0hFLFRb5cjsgLqDh,2438,0
4BiiOzZCrXEzHRLYcYFiD5,2439,0
4CHpVfAhuxNJ3ibExe6kxO,2440,2
4CNcRgjGw1v9VQaTaytdnD,2441,1
4CkgMiMqZ5JzW9iYXSTMTL,2442,1
4Clmg1g8n2yBYG13Z1oSdG,2443,0
4CvId64YZSB0RfRdfzPIQU,2444,1
4D7BCuvgdJlYvlX5WlN54t,2445,2
4D7NrSeqkTarBrJ80b2sBc,2446,0
4DByEumlGTZKSzuVEZ35eo,2447,1
4DHDIdeayp8xvlyg22wREO,2448,0
4DYKah8mcZf0O4l9Gt7woU,2449,2
4DpNNXFMMxQEKl7r0ykkWA,2450,2
4Dvkj6JhhA12EX05fT7y2e,2451,0
4E6RdcCWMiHTu7zy1VTNDo,2452,0
4EAV2cKiqKP5UPZmY6dejk,2453,1
4EWCNWgDS8707fNSZ1oaA5,2454,0
4EivmOT13NMpNSfTKn9p4s,2455,1
4EjUFjzi4ErWjklOA3Aslu,2456,0
4F7A0DXBrmUAkp32uenhZt,2457,1
4FPrAERfkPKOBKrRoyuxLu,2458,1
4FRW5Nza1Ym91BGV4nFWXI,2459,1
4FWbsd91QSvgr1dSWwW51e,2460,1
4Flfb4fGscN9kXPOduQLrv,2461,0
4FyesJzVpA39hbYvcseO2d,2462,1
4GBkffrtA51p17JH35irGA,2463,2
4GL9GMX9t7Qkprvf1YighZ,2464,1
4GUj9MfPPkjpZskxb45uiX,2465,1
4GVwjLRT7oSsKby7Vy8EHr,2466,2
4Gt2kh3QbAGU6yquOWn4aW,2467,1
4H7WNRErSbONkM06blBoGc,2468,2
4HAOgAnILvXCbSODMoRnmD,2469,2
4HBZA5flZLE435QTztThqH,2470,1
4HDCLYli2SUdkq9OjmvhSD,2471,0
4HEOgBHRCExyYVeTyrXsnL,2472,2
4HMop4Re0iucehmF7mgV27,2473,0
4HOryCnbme0zBnF8LWij3f,2474,2
4HUZBG98TYbxSR9V1V2DWS,2475,0
4HYDUMY0xSpeBr0AMY9cUz,2476,0
4Hl9rOqYomojCmxYfr25im,2477,2
4Hpib09wXgD84w4uwTPnYD,2478,1
4HvE2E9rXJDcQhE4YfeNuG,2479,2
4HzqWEdAbzcVFDv0pvxV4w,2480,0
4I4G0LD277PWvfblYtSf91,2481,1
4I5bvu2KDsrCg0EWHIcvul,2482,0
4IJEw3fDvS6XF4sDc3bvjK,2483,0
4IJsVXbSeGPUrgwpVoHmlg,2484,0
4IO8X9W69dIQe0EC5ALXhq,2485,0
4IQkfUsrwXol38VV3U7t7T,2486,2
4IaxDf2FixiQXq0mW7key9,2487,1
4IcbUXrAzBtn6iUO1LP471,2488,1
4IlOyxGATYUp7YVy5zrSW8,2489,1
4IvenHmD0spfFDOKphoUDp,2490,1
4J2RaG4UH2HCThcqzDpeAF,2491,0
4J4zx8xGJpuGndrVc06KaT,2492,1
4JB0EAT4BkLShTyTt50FmO,2493,1
4JE6agBLHGA5TaF6FlqfBD,2494,2
4JJcP0Rv9AgyPD6ZGaC8EE,2495,0
4JzCFEc3O2UEdjKzevvFH5,2496,2
4K1vOdIFqskQv3zoI0FdAk,2497,2
4KD0lLJ4OGonZhBeKtct9I,2498,0
4KDNRh9Oor80z3XIxdWlui,2499,0
4KTU5aa5s547f1JF5DImhF,2500,0
4KULAymBBJcPRpk1yO4dOG,2501,2
4KW1lqgSr8TKrvBII0Brf8,2502,1
4KXwFI9pgJLpUIAc9oSL8j,2503,1
4KYS9GK68yeuUJ8vJfPxrq,2504,0
4KkUjFkcQvGvWekl8RATDn,2505,1
4Km5HrUvYTaSUfiSGPJeQR,2506,1
4L6ihclQPu1hqP9r3WNJjQ,2507,0
4L7Y2OAPiY2I2GndZjAs5K,2508,2
4LmAnpjlhWTahvRkYR8xJa,2509,1
4LwU4Vp6od3Sb08CsP99GC,2510,1
4MXhiYIRDMGAuvZc5IFTwC,2511,1
4MZSqgwlE71CWZ6qQ3gkKm,2512,2
4MdcsdRj7i8eBm0qFjO4L4,2513,1
4MjDJD8cW7iVeWInc2Bdyj,2514,1
4MrfQL4TYQXJBlZYpAHTuE,2515,2
4Mteyd60tfstDuzfkGqXx1,2516,2
4NCsrTzgVfsDo8nWyP8PPc,2517,0
4NN6N5TxBO5k9uqu0W4gfQ,2518,0
4NhDYoQTYCdWHTvlbGVgwo,2519,1
4NioO5R9sHEZh4cGzMHyNt,2520,1
4NmE2ytXI8S2svTRSmEdpO,2521,0
4NqQaovM14WR2hNPMFxgjb,2522,0
4NqkE7kRUvMDEdcqD96EDO,2523,0
4NzMOnvSJVNKF7nw5NkXIP,2524,2
4O0LQKVT6hGmVGNwizmydg,2525,1
4O3RwH1TFG1EjPezLIYehI,2526,2
4OAuvHryIVv4kMDNSLuPt6,2527,1
4OBZT9EnhYIV17t4pGw7ig,2528,2
4OENnoidV0h8gJV6bhrw7r,2529,0
4OMJGnvZfDvsePyCwRGO7X,2530,0
4OZEu0Vwq0RB2LAq14v99n,2531,1
4OafepJy2teCjYJbvFE60J,2532,1
4Of7rzpRpV1mWRbhp5rAqG,2533,2
4OmFmE0fzcMG6g0Y8p4eSD,2534,1
4OmfWzukSVD140NiAIEjem,2535,2
4OtHGdb0KqEbaWb6edUnR9,2536,0
4Oun2ylbjFKMPTiaSbbCih,2537,1
4OwhwvKESFtuu06dTgct7i,2538,0
4P6IttK2PRBjyr3fm0pP7t,2539,1
4P92FrvmYQSAfOpp4cpFEi,2540,0
4P9Q0GojKVXpRTJCaL3kyy,2541,2
4PANCoXZX3RaT2D6mqSdEU,2542,2
4POHzEwNTCYaIvqCUp3NnO,2543,1
4PQdrXMDHDPl1RczrrlADd,2544,1
4PS1e8f2LvuTFgUs1Cn3ON,2545,2
4PV0uE5pZSh44E3NqNNDEH,2546,2
4PYfFHKfjYz6dwAtZhBy1z,2547,0
4PdJSsESm34djLfBde9Pr2,2548,0
4PkIDTPGedm0enzdvilLNd,2549,0
4PklAHGXT5ityno3IA8SKd,2550,0
4Q34FP1AT7GEl9oLgNtiWj,2551,0
4Q3N4Ct4zCuIHuZ65E3BD4,2552,1
4Q4jmPHwu0wrJvqrld0FQ6,2553,1
4Q5yMlwAfAoitqg4r9oZHN,2554,1
4QIo4oxwzzafcBWkKjDpXY,2555,2
4QVS8YCpK71R4FsxSMCjhP,2556,1
4QWumyD2uwiePBBha9XBHI,2557,0
4QdovcM8j50QPlyR7tH4xe,2558,0
4QfNOZN7vrQCQKK1ZJ3XPb,2559,2
4QnC1bIaMSfDQvF4XDhV5M,2560,1
4QtiVmuA88tPQiCOHZuQ5b,2561,0
4R2kfaDFhslZEMJqAFNpdd,2562,2
4R5xvs5X0phd0EYWyGigju,2563,0
4R67rQNSbbsR4TdUVOIdez,2564,1
4R8BJggjosTswLxtkw8V7P,2565,0
4R9ATNRRl1uth17i5qDCc0,2566,0
4RJz8NfIe09gpKMiRUWKhJ,2567,0
4RVbK6cV0VqWdpCDcx3hiT,2568,1
4RVwu0g32PAqgUiJoXsdF8,2569,2
4RbbzNY4MEcgzewYWkIsGu,2570,1
4RvWPyQ5RL0ao9LPZeSouE,2571,0
4S4Mfvv03M1cHgIOJcbUCL,2572,0
4S8d14HvHb70ImctNgVzQQ,2573,1
4SCnCPOUOUXUmCX2uHb3r7,2574,1
4SHhui9S7lFYGHXikfneGo,2575,1
4SJHHpKhcuXwDsCsPqshXj,2576,0
4SPu0Ql902hTVXkBoNIYtq,2577,2
4SW9gHnW8NfKOdqmh0ij45,2578,0
4SZepBIPDRwPaHIjAKwRDb,2579,0
4SnlSaLJJ7reJMCHM5YUuX,2580,0
4T2zre0jqstNJ5Gt0WG9lz,2581,2
4T652DlATVHe0jdLKaN3Bw,2582,1
4TIqzdAssasqx3DAe6cG9J,2583,2
4TZy1wLyHec06pwgFYDh1a,2584,1
4Ta3PhWmY50ZLU1uhKFKPE,2585,1
4TgHt7vKCimpywaiKfl0uj,2586,0
4TgxFMOn5yoESW6zCidCXL,2587,0
4U9arGcc4ATa7shChhLQP0,2588,1
4UAW2gObi5o6sJla0qZpPn,2589,2
4UG2Fm0E98LhE2dlNxiAXx,2590,2
4UKCKdYiLN6IMA5ZESUTL7,2591,2
4UkUxO2WlKLc0Q1iEutGGh,2592,1
4UldILPVpnZO69ffK4B9aA,2593,0
4UwqOWDpdeIDVQDuKT6iza,2594,2
4Uy3kNxW2kB8AEoXljEcth,2595,0
4UyVCLbNG8yhrqbzeSmdho,2596,0
4V9ynsDPwHtdItksqjuRu0,2597,1
4VCbgIdr8ptegWeJpqLVHH,2598,1
4VMRsbfZzd3SfQtaJ1Wpwi,2599,1
4VYEnxm7lmtG5sEEbcmORB,2600,1
4VuS959DSpr82t3qBqCrWG,2601,2
4W4fNrZYkobj539TOWsLO2,2602,1
4WghJOMjDpGdlk3b8aJIgy,2603,1
4WjH9Bzt3kx7z8kl0awxh4,2604,1
4Wjhj0WjkyECccfHVIgaTq,2605,2
4Ws314Ylb27BVsvlZOy30C,2606,1
4WuOWVnAqvEQxgSRrspBgt,2607,1
4WzhjxvLP95y7AMDy0Atwb,2608,2
4XJRpBOG0bU3Nxnvam3FnC,2609,2
4XKXphKH76W4zNpkgFS5o2,2610,1
4XLu3tTSZiPFVC9mmuR6Zp,2611,2
4XkrlDVc8UQUvsyRsxvU0M,2612,1
4XvcHTUfIlWfyJTRG0aqlo,2613,0
4Xzq2WibDHR5Eufi21HlEZ,2614,1
4YJUTdZ0Pgl0ZeNyHYXeLd,2615,2
4YLtrBhzjsI2LT6ybXQHeD,2616,1
4YQImHflXSiIMXntcwPkx8,2617,0
4YcWzLSnGqLjSCycuSMHnn,2618,0
4Yf5bqU3NK4kNOypcrLYwU,2619,0
4YhJ3a6kBPGJWX4Ek77sDd,2620,1
4YhN72dRYL2Z3MsaKyT7rS,2621,0
4Yip3hds5IHyT7AqoNHfmX,2622,0
4Yq3XUNfWrAPWuB94qkC09,2623,1
4Yxc55NX3tAXC2mHRAhtcW,2624,1
4Z2i41GDQyu3KRpBavEnyR,2625,2
4Z6YruMINNspGet1gQyYlK,2626,1
4ZJPwET9Jrgpkqi4Vo3Yg8,2627,1
4ZLzoOkj0MPWrTLvooIuaa,2628,2
4ZT0wGKwlJRjpMUuwZVy3p,2629,1
4ZT9FnbFu1PaBfV3itxiqT,2630,2
4ZYAU4A2YBtlNdqOUtc7T2,2631,1
4Zj2uX6ApCFK9XzjwIhCIr,2632,1
4ZtFanR9U6ndgddUvNcjcG,2633,0
4a9tbd947vo9K8Vti9JwcI,2634,0
4aOOExMBUyxKnEYb39SrTg,2635,1
4aWmUDTfIPGksMNLV2rQP2,2636,0
4aarlAfLKVCTxUDNgbwhjH,2637,0
4ak7xjvBeBOcJGWFDX9w5n,2638,0
4ak9GGe6afmi2HbxEjvhIC,2639,2
4at3d5QWnlibMVN75ECDrp,2640,2
4au7FRcgZzChASRYu279xH,2641,0
4axSuOg3BqsowKjRpj59RU,2642,2
4axYWgXASdsCBHuwInAubT,2643,2
4axxCbc4tWlpqHP5UbJMc3,2644,0
4b1yxSdlumA8N4fEk4UOZp,2645,1
4b4KcovePX8Ke2cLIQTLM0,2646,1
4b7mLZQWsy0rLnrMtPA9fQ,2647,1
4bHsxqR3GMrXTxEPLuK5ue,2648,1
4bTZeO72FwMa6wKOiqoynL,2649,0
4bV5sf2B4hWBBd5HQ8S7KB,2650,0
4bb94wZVF1cX66vQjNeJTX,2651,1
4bjN59DRXFRxBE1g5ne6B1,2652,0
4bl1HBZliBuYpFZjWgefE4,2653,1
4btFHqumCO31GksfuBLLv3,2654,0
4bycD60yZgR6anIBtmU8UH,2655,1
4c1WgUnHXq2LEncGHKgj1I,2656,0
4c2W3VKsOFoIg2SFaO6DY5,2657,0
4cG7HUWYHBV6R6tHn1gxrl,2658,0
4cGqn0E8JCSY9gQllQj4Mf,2659,1
4cIPLtg1avt2Jm3ne9S1zy,2660,0
4cacyP5c3PMlfnyjpg13xW,2661,0
4ckuS4Nj4FZ7i3Def3Br8W,2662,1
4cluDES4hQEUhmXj6TXkSo,2663,0
4d1CG5ei1E2vGbvmgf5KKv,2664,1
4d4ZXH4dr5bYfgErHiZCX2,2665,0
4dAMdQ6g4kGmnc1MDHsg77,2666,1
4dASQiO1Eoo3RJvt74FtXB,2667,0
4dBQWyoZmmgvFBlALGlqZi,2668,1
4dTiQezDWmEOWcdCbWVWMp,2669,1
4dVpf9jZjcORqGTLUaeYj9,2670,0
4daEMLSZCgZ2Mt7gNm2SRa,2671,2
4e3ZNTAV6PCrdYMUrUlMpQ,2672,1
4e4fqjx0Izh4svvTef1z7e,2673,0
4e5ayHsOLJNLTGfjau2mEw,2674,1
4eL3XeuGaEoVT8ttDh3hwY,2675,1
4eMKD8MRroxCqugpsxCCNb,2676,0
4eNOLmx8r2IJAVKvBBL1jv,2677,1
4eWQlBRaTjPPUlzacqEeoQ,2678,1
4ea9w8c4ROqiZpJVhfBA3m,2679,0
4ecVWqbtW6phQGpZMAyqIU,2680,0
4eqne0oIdt9GW2ubiliny0,2681,2
4evLyY5Ue1Wesc61t2KXAU,2682,1
4evmHXcjt3bTUHD1cvny97,2683,1
4ewazQLXFTDC8XvCbhvtXs,2684,2
4f0aDk7HX37SfzerfznYlr,2685,2
4f9wNNZET9wH7eMBgONd3d,2686,0
4fSHADbZbhpZCT9oJpxwbP,2687,0
4fYte8ZvTK14NEhAOZocBi,2688,0
4fnNBPN9W6AoOYSQS3FJxT,2689,0
4fouWK6XVHhzl78KzQ1UjL,2690,1
4frLb7nWtsz2ymBE6k2GRP,2691,2
4fsQ0K37TOXa3hEQfjEic1,2692,0
4fwo6czG5nvOQMzhOto1ya,2693,1
4fzyvSu73BhGvi96p2zwjL,2694,1
4g32MdRoqwGKQd3NXIRhpU,2695,0
4gB61mP4tNChn4LgfquMhi,2696,1
4gZOWIMzQnn8H2ENrs7UsW,2697,0
4ga4WvRNhMsIL38pkBbnIN,2698,2
4gbVRS8gloEluzf0GzDOFc,2699,0
4gmmRb6bZJffOOiww1JGTO,2700,0
4gqMQftUs22F8pOGVn5Acr,2701,1
4gvrJnKCKIPiacNsWVQwEU,2702,2
4gzsuuZypVbxs0Af1LSZyB,2703,1
4h4QlmocP3IuwYEj2j14p8,2704,0
4h5x3XHLVYFJaItKuO2rhy,2705,2
4h90qkbnW1Qq6pBhoPvwko,2706,0
4hJhHbkhZFnxmWbAkZRoe0,2707,0
4hKLzFvNwHF6dPosGT30ed,2708,2
4hPpVbbakQNv8YTHYaOJP4,2709,1
4hQ6UGyWQIGJmHSo0J88JW,2710,1
4hTej08FutmriOs7S1hWWy,2711,0
4hXDobvUaXyDFLnmecoY0z,2712,1
4hceSKjrkDTO0nMKFcb3sj,2713,1
4hiUYb2nb6NlfTP9CD38Pe,2714,0
4hqJ4bSlYJOXb6Z4SRmzxs,2715,1
4huBDGP4I3S0pYI0EaRN1c,2716,1
4i6cwNY6oIUU2XZxPIw82Y,2717,1
4iHSE5R1U8jf84tRn52xRt,2718,1
4iJyoBOLtHqaGxP12qzhQI,2719,1
4iLqG9SeJSnt0cSPICSjxv,2720,0
4iN16F8JtVxG2UTzp3avGl,2721,0
4iYRa2btalAzPZoSYfROqF,2722,1
4iZ4pt7kvcaH6Yo8UoZ4s2,2723,1
4ihV1wv7QmjbkLHaT9lA4s,2724,1
4j3GWI86JvSaF0BLdmgcfF,2725,1
4j4w4CXm6BSr0s25wAWrrX,2726,0
4j6kId9QIqhoXvqHKgSKa0,2727,0
4jTs7ny5eSRnKTzxdrFv5I,2728,1
4jVBIpuOiMj1crqd8LoCrJ,2729,0
4jXl6VtkFFKIt3ycUQc5LT,2730,2
4ja2gzrNh9VNigzoXfmbwD,2731,2
4jbmgIyjGoXjY01XxatOx6,2732,1
4k6Uh1HXdhtusDW5y8Gbvy,2733,2
4kELKaXaNP4EQR8Q8xNIID,2734,0
4kGdnA7FzSVsXC29LPghej,2735,0
4kKdvXD0ez7jp1296JmAts,2736,2
4kLLWz7srcuLKA7Et40PQR,2737,0
4kRLRWnn5u9wO2wOKAAdEN,2738,0
4kUZvXB3LC3an3HX6h0s17,2739,2
4kV4N9D1iKVxx1KLvtTpjS,2740,1
4kVo85bcmBkvMBcJl42XCA,2741,0
4kWO6O1BUXcZmaxitpVUwp,2742,0
4kXxEhuatrvwrTQycA7s9B,2743,0
4keoy2fqgwGnbWlm3ZVZFa,2744,2
4kfeRwpq5KUaqTkgi4TbDF,2745,1
4kflIGfjdZJW4ot2ioixTB,2746,2
4kfm1uI9QGaoN9qm6CkAMn,2747,1
4kjI1gwQZRKNDkw1nI475M,2748,2
4knL4iPxPOZjQzTUlELGSY,2749,0
4kroNlz8BTfswE4M0i3YCh,2750,2
4lAQfuREAHG8IC0PiiigBt,2751,0
4lD7gHKF1e8Y9stQuVezZB,2752,2
4lESS6vuruP6a79KWRaQou,2753,0
4lKuzrdZrJuCAedbIslF3A,2754,0
4lR8sYGMGZPvthF2yUfo7T,2755,0
4lRwa7PKcGIuJMwtPIYKdy,2756,0
4lTiuD1DwBKo4L7wqMkD7C,2757,0
4laAKIq9ZxBCwf99rauPYb,2758,1
4llr8mcoauwrHBtjGb7F9S,2759,2
4lsHZ92XCFOQfzJFBTluk8,2760,1
4mD9hjoTckjeL1CrJCx0MT,2761,0
4mGdjNMo0RonTlOEb7cYg4,2762,1
4mHM5d2fK3n8xgymjf92w2,2763,2
4mHgYpuGHu99Mw69E83CP2,2764,2
4mLkiFppf8Xvem6BSY34qw,2765,0
4mU5iXHeLgbR94siF7p1sY,2766,1
4mUIe9gfsdtsVP2zFIl74x,2767,1
4mq14Qa6OehdiyZFtHcdCH,2768,2
4n4BflhWjCHIxrI4v7Xt9s,2769,1
4n6NDfYake476trCjJRNl0,2770,1
4n7jnSxVLd8QioibtTDBDq,2771,1
4nK5YrxbMGZstTLbvj6Gxw,2772,0
4nMlau89VAjmV7agkl7OY3,2773,0
4nVBt6MZDDP6tRVdQTgxJg,2774,1
4no0eHn4fEB7tN1yZSXMma,2775,0
4nrPB8O7Y7wsOCJdgXkthe,2776,0
4ntsD33Pgsgk8rUyZLLiUV,2777,1
4nuAslShoN77tq12fzwjUq,2778,1
4oEf84vBYVftf6KmZexhVo,2779,1
4ofvoCdXq99vpMZO4Cfp8x,2780,1
4ofwffwvvnbSkrMSCKQDaC,2781,0
4okba5wu9mMLXx79DXLKi3,2782,0
4pCEIQ6wBVuaJdER5bALtO,2783,1
4pCbJC43j3gSqG6Fen6upD,2784,2
4pLwZjInHj3SimIyN9SnOz,2785,0
4pNApnaUWAL2J4KO2eqokq,2786,1
4pUCKHjJ4Ijewc37rRrvHn,2787,0
4paAidoE8VAemwU4jgCc6l,2788,1
4pbJqGIASGPr0ZpGpnWkDn,2789,2
4pt5fDVTg5GhEvEtlz9dKk,2790,0
4pvb0WLRcMtbPGmtejJJ6y,2791,2
4qBejt9FeqLI9blHI1Nq1x,2792,0
4qKcDkK6siZ7Jp1Jb4m0aL,2793,0
4qNWEOMyexn7b8Icyk29t9,2794,0
4qSEvFGCpde73gqIuq3sho,2795,2
4qSsjDGXplb6422X2INvFW,2796,0
4qWCFTuNnmGNdY4egtb4ZY,2797,1
4qknM1pQz53QOyfDVTjcM9,2798,0
4qqArAiTPueDxIp7cf87h7,2799,1
4qsOrxBv09HhNSpsgMRXdC,2800,0
4qu63nuBpdn0qHUHuObEj1,2801,0
4r9jkMEnArtWGH2rL2FZl0,2802,0
4rDbp1vnvEhieiccprPMdI,2803,1
4rHZZAmHpZrA3iH5zx8frV,2804,1
4rMWDm28mERZcRPc1f3yir,2805,0
4rPJSqrov3zqGwXlemLBMw,2806,1
4rPkN1FMzQyFNP9cLUGIIB,2807,1
4rXLjWdF2ZZpXCVTfWcshS,2808,1
4rmVZajAF7PkrCagGPHbqa,2809,1
4s7QLoImIwmPi9L6dq1nVW,2810,1
4s8BIKx4Zh6ryAEz8RTlaU,2811,2
4sQMalN597HdggTu196aL0,2812,1
4sWGHlZGM1XA7TyWdtBAbA,2813,1
4sWuPniHClkInYAnzXAYUF,2814,0
4saHEjXw7O1NXJOzBkUKKG,2815,0
4slSrbTK1sNK4I1mDYEthf,2816,0
4so0Wek9Ig1p6CRCHuINwW,2817,2
4svZDCRz4cJoneBpjpx8DJ,2818,1
4sx6NRwL6Ol3V6m9exwGlQ,2819,2
4t2OeILB07eMGTXSUbMPEu,2820,1
4tCtwWceOPWzenK2HAIJSb,2821,0
4tERsdVCLtLtrGdFBf9DGC,2822,1
4tHqQMWSqmL6YjXwsqthDI,2823,2
4tKGFmENO69tZR9ahgZu48,2824,0
4tMzIAFTFdqGBQLdfbPces,2825,1
4tNXntkAzQ5A2dfYRYGIIQ,2826,2
4tRhRLBxIZ34Iw0eCuiC03,2827,1
4tYFy8ALRjIZvnvSLw5lxN,2828,1
4tyX1rw9X309WkEdh2As4B,2829,2
4u9Y4Z9i9VaAbBK7rW1Rha,2830,2
4uGY9CqDtGtaTTLg1cgsWD,2831,0
4uHscE8VF6F6mKU3ECjIKr,2832,1
4uOBL4DDWWVx4RhYKlPbPC,2833,0
4uP3pUP18ennmz0tb3GphR,2834,1
4uUG5RXrOk84mYEfFvj3cK,2835,1
4ukUoXLuFzMixyZyabSGc4,2836,2
4umIPjkehX1r7uhmGvXiSV,2837,0
4uoumbAMEMaKdtiv763jKz,2838,0
4uqJelb9THHmJ3OCohg4ZJ,2839,0
4uqh9bualXNHXXwO2wPorc,2840,1
4ut5G4rgB1ClpMTMfjoIuy,2841,1
4uuEGH5SVuzkkSFjo2DEiY,2842,2
4vTgx6h4seHvkuFh84JXYP,2843,0
4vUmTMuQqjdnvlZmAH61Qk,2844,0
4vaxvNDaLSoD36iZX515ug,2845,2
4vb4mFvYsr2h6enhjJsq9Y,2846,1
4vsJWPwWPS27gRM4oLjBNO,2847,1
4vziJcnB2Qyi9o4nIRUeN7,2848,1
4w2Furap0ZzaiK4J14E9sR,2849,1
4w47S36wQGBhGg073q3nt7,2850,1
4w8niZpiMy6qz1mntFA5uM,2851,0
4wBcaYqLPm7EtDVoJQORU4,2852,0
4wNIkl5XGiAACjFBlDWuSd,2853,1
4wQUopWk9Ed7Ng5qpKN5qd,2854,0
4wVOKKEHUJxHCFFNUWDn0B,2855,2
4wcBRRpIfesgcyUtis7PEg,2856,2
4woTEX1wYOTGDqNXuavlRC,2857,0
4wuCQX7JvAZLlrcmH4AeZF,2858,0
4wyNKAZe82BNlp2lHiR1FX,2859,0
4xBjsLUSjcx2h7PcRikpQp,2860,1
4xIhSUJantE6BMl3u8dtCJ,2861,1
4xWzZmX4K1yyrdtRfbUvjt,2862,0
4xhsWYTOGcal8zt0J161CU,2863,0
4xkOaSrkexMciUUogZKVTS,2864,1
4xqrdfXkTW4T0RauPLv3WA,2865,2
4xxeEWGQNFQ6qehlnev5LS,2866,0
4xyNG8vZR3g8FnphVkbjRo,2867,2
4y5bvROuBDPr5fuwXbIBZR,2868,0
4yI3HpbSFSgFZtJP2kDe5m,2869,1
4yJiXq86uM56uIfIZgE440,2870,0
4yNoUQkYf1QF8iYlEzNynH,2871,1
4yyX2Iu4xJjW9xMvBZKSBi,2872,1
4zI04ezdmrN0lT2pHykYrd,2873,2
4zN21mbAuaD0WqtmaTZZeP,2874,0
4zWO4gvuFtw6EJZC5FFGlr,2875,0
4zbr7Cp3UB00FurUovPU03,2876,1
4zm8xZiV5FxJu62EHEvZaT,2877,0
4zmKGsrXjLmljb5fTaBTot,2878,2
4zxpssj8DyrfZcEUSUiNxG,2879,0
503OTo2dSqe7qk76rgsbep,2880,0
505v13epFXodT9fVAJ6h8k,2881,0
507tQXutCPYNFkpOq8tmKF,2882,1
5099x34vBakWpGkHourFxP,2883,0
50I7FNN2rl2rWiNwGxS146,2884,1
50PWlIBU7PlGGwzgN8TiFJ,2885,2
50WeOnXhM1H7AZEeIDoWfZ,2886,2
50a8bKqlwDEqeiEknrzkTO,2887,1
50ceCGZ3oD3U5caQV5bP6f,2888,0
50eJOxJiGmJ7PBZaTKpje1,2889,0
514rhnksEwHUh6LxXsQ4Y9,2890,1
51ChrwmUPDJvedPQnIU8Ls,2891,2
51FvjPEGKq2zByeeEQ43V9,2892,0
51NFxnQvaosfDDutk0tams,2893,2
51Of5p3lKZeOg6itfs4og4,2894,1
51PIvodunv6NmX5250zxAh,2895,1
51ZQ1vr10ffzbwIjDCwqm4,2896,1
51Zw1cKDgkad0CXv23HCMU,2897,2
51hyZpbJlIgZIaX3TtMxmu,2898,2
51pxwIxDVCbFHW8oyJFQXD,2899,0
51rXHuKN8Loc4sUlKPODgH,2900,1
51vRumtqbkNW9wrKfESwfu,2901,1
51wrmElSLxFzc0vSQPeTxs,2902,2
5274I4mUMnYczyeXkGDWZN,2903,1
527k23H0A4Q0UJN3vGs0Da,2904,1
52NGJPcLUzQq5w7uv4e5gf,2905,1
52eIcoLUM25zbQupAZYoFh,2906,1
52eYVUkFTOVozbVFIaFrnV,2907,1
52okn5MNA47tk87PeZJLEL,2908,1
52xJxFP6TqMuO4Yt0eOkMz,2909,0
531KGXtBroSrOX9LVmiIgc,2910,1
53KaP77tkliz36LPxWGlWK,2911,1
53RxHysDJ0cjugMcPymwja,2912,0
53dtP2iUMvaF28JZcHnFuU,2913,2
53tfEupEzQRtVFOeZvk7xq,2914,0
53v2u51nq3CxiKUNphRzP1,2915,1
54DmTIv86D3sYdiawjULQ0,2916,1
54ELExv56KCAB4UP9cOCzC,2917,0
54LGxQGf5LPXNGjtzDZ5IE,2918,0
54h8xHewdRPnYzmbEHBhOO,2919,1
54l9GJGQ1UCFKe2tzt1Vxt,2920,1
54u86CmMqGI1rRuULlTqaB,2921,0
54ucfuN596MU25jQD3KjCL,2922,1
54zcJnb3tp9c5OVKREZ1Is,2923,0
550erGcdD9n6PnwxrvYqZT,2924,0
550rQQCGkrTzvp4SfpOPzx,2925,2
551xyaSJsg8hILXFq9JdST,2926,1
559SdaPI7mqy9IQiscuaMj,2927,0
55Am8neGJkdj2ADaM3aw5H,2928,2
55CHeLEfn5iJ0IIkgaa4si,2929,0
55sgQENF3LY1sUcJUwasLl,2930,1
5600nq7TiBraBX2jobyJ3l,2931,1
561jH07mF1jHuk7KlaeF0s,2932,1
567e29TDzLwZwfDuEpGTwo,2933,1
56JwgcQcxo08w7YXrBzrA5,2934,1
56JyMaElW79S7TDWh1Zw1m,2935,1
56uXDJRCuoS7abX3SkzHKQ,2936,0
56v8WEnGzLByGsDAXDiv4d,2937,0
5719MEdRQcH4c3phXqX7WN,2938,0
575NJxNUVDqwJGdzBrlLbv,2939,1
577YBGuskWkVDCxZrLRB4v,2940,1
57BrRMwf9LrcmuOsyGilwr,2941,1
57RA3JGafJm5zRtKJiKPIm,2942,0
57ZUX6TNyKLBydAdVVd02x,2943,0
57nOpVSc3j9o03Cr928ZM4,2944,2
57p8CBvPOxrvyCbn6ttl5r,2945,1
57q6BgYP4gN6hPQViCB3um,2946,1
57vxBYXtHMk6H1aD29V7PU,2947,1
57wp7VFnV8X0pSVnYArGeJ,2948,1
58AGoOGbwsQMhBbH0eFLRR,2949,0
58HvfVOeJY7lUuCqF0m3ly,2950,1
58IL315gMSTD37DOZPJ2hf,2951,0
58QhkbaAkLFnn7JwAnAato,2952,0
58TaFP5j5i9swOf584yon2,2953,1
58ge6dfP91o9oXMzq3XkIS,2954,1
58pgi1RpcU2fVJsxhm7BIr,2955,0
58q2HKrzhC3ozto2nDdN4z,2956,0
58zsLZPvfflaiIbNWoA22O,2957,0
5902W4uHWzhtOff1UK7the,2958,0
590bUp2TKTfTS9NfiD4Nmn,2959,1
59CfNbkERJ3NoTXDvoURjj,2960,1
59J5nzL1KniFHnU120dQzt,2961,1
59JWp4PjZ9TRM8cmtaDYB1,2962,0
59KOoHFcw5XfICnO57holu,2963,2
59L8x0xy8njj75vzVCPMqg,2964,0
59NTlSZN6G2eCs4jcf46C0,2965,1
59NraMJsLaMCVtwXTSia8i,2966,1
59c0HrzmHfyQs6LgDw5cHe,2967,0
59hBR0BCtJsfIbV9VzCVAp,2968,0
59iGOjPSOcPLGl3vqEStUp,2969,2
59nOXPmaKlBfGMDeOVGrIK,2970,1
59qrUpoplZxbIZxk6X0Bm3,2971,0
59uQI0PADDKeE6UZDTJEe8,2972,2
59ywHNwwchG4nZJMLyxSzd,2973,1
5AEtlRudpgdT5FtNiuly6Y,2974,0
5AjINjwKyRvQJhSe2zpPHi,2975,1
5AqiaZwhmC6dIbgWrD5SzV,2976,0
5B03nSG8pLE48jh7kmasuL,2977,1
5BK0uqwY9DNfZ630STAEaq,2978,2
5BKiMkWucQVb7wrFi29VtX,2979,0
5BQrp63SHCVf4bzCzJePne,2980,1
5BYl3SodS3rGmafWXRWmB7,2981,0
5Ber68jZ7ytegr2UISEdb7,2982,2
5BibcbKVdZUuTttSG02JTp,2983,1
5BwQjRasNcdRPuVWKcHto2,2984,1
5C0ivQMxes2lWuOANhvVAm,2985,0
5CFJRZRq6sdKKtRwNPWbYv,2986,1
5CPqOpKSk0QcJ3dGdaWcRB,2987,1
5CZ40GBx1sQ9agT82CLQCT,2988,2
5ChkMS8OtdzJeqyybCc9R5,2989,0
5CpsIb7SMFHjmAG8RvIWfq,2990,0
5CqkgDH8QZjSqqI3HmYxDD,2991,1
5CscrLqFBgPfZR8fGtikov,2992,2
5CtI0qwDJkDQGwXD1H1cLb,2993,0
5CzixCxDkRXX9mScCmah8O,2994,1
5D34wRmbFS29AjtTOP2QJe,2995,0
5DA77EqppDmCTWGovd4oTP,2996,1
5DV4ZSCqbFv74ui3ZhimXo,2997,1
5Db9VIdDsN5yu3Eu7CT0i4,2998,2
5DfWF0jqMgZDCiu9zJENTA,2999,1
5DqdesEfbRyOlSS3Tf6c29,3000,2
5DttNeiizFqWUON9hZBqTY,3001,1
5E30LdtzQTGqRvNd7l6kG5,3002,1
5Eax0qFko2dh7Rl2lYs3bx,3003,1
5EgYDyMDCi8X0zDydTF7Rb,3004,1
5Eh1nj7IjV9lwpcKAkidyY,3005,0
5EnYT6F7wEcdege6mDHEfO,3006,1
5F2xRvRFkxDvqdFtUNAEyw,3007,0
5F8ffc8KWKNawllr5WsW0r,3008,0
5FOCkGt7bp22nBVfQ4WSIT,3009,0
5Fim1gaXBgsiFfsQAfQSDS,3010,0
5Fla3zyOCcIRqrDoKLU0DP,3011,1
5G6Gt9RtNaeIE418pd4yre,3012,0
5GG3knKdxKWrNboRijxeKF,3013,0
5GK1GYXH16RdfmltogHhAk,3014,1
5GNjiM8jZCgbqjHklAcT9e,3015,1
5GXAXm5YOmYT0kL5jHvYBt,3016,0
5GkQIP5mWPi4KZLLXeuFTT,3017,0
5GtUTcvOx52F5648wXQfc7,3018,2
5H4mXWKcicuLKDn4Jy0sK7,3019,0
5HDPtsnyb3maFmPL8LLUTG,3020,0
5Hfnps0jaWFpYg55WOPexG,3021,1
5HrIcZOo1DysX53qDRlRnt,3022,1
5Htb1uFQ1KrkFXlefS8oGj,3023,1
5HwnezK198pJCEj1l2Adjy,3024,0
5I8oEqbk2ZBmQfXCrZbUFb,3025,0
5IAESfJjmOYu7cHyX557kz,3026,1
5INKIG4QNuD4xq7qZcfPzp,3027,1
5IUtvfNvOyVYZUa6AJFrnP,3028,1
5IgjP7X4th6nMNDh4akUHb,3029,1
5IhzJOXNE7ki0IIJbZbnGq,3030,0
5Iy2Jj87Ha0C0IBlNE1I4y,3031,1
5J1c3M4EldCfNxXwrwt8mT,3032,0
5J5CpT6bgE6KYKk23jgp9W,3033,1
5J7teKIJGtqVypgYI6sqXj,3034,1
5JCoSi02qi3jJeHdZXMmR8,3035,2
5JEx7HbmvHQQswJCsoo9rA,3036,1
5JSVa5i6lFPoyOzK4gj0Ox,3037,1
5JUu0unA8VwhTZ9LkMWUVI,3038,2
5JWPUEov2wlX7c0jhYZpeB,3039,0
5JdLUE9D743ob2RtgmVpVx,3040,1
5JiH89mHrv9oWHlD0T326z,3041,2
5JwLhFNrXw49pn3HQqu02G,3042,1
5K6Ssv4Z3zRvxt0P6EKUAP,3043,1
5KBARWIxeMGkvUax9VtVC9,3044,0
5KCbr5ndeby4y4ggthdiAb,3045,1
5KD6AEm19QnMbfWpfoOHMl,3046,1
5KPKjcE2trO2hBWRzkb2Mo,3047,1
5KW4KhJIAbVVSH6pJ4GPkb,3048,1
5KfJvZ0PZzRdwFRaTUDAA7,3049,1
5L3ecxQnQ9qTBmnLQiwf0C,3050,0
5LABCxgmP7DATATIJXOh6n,3051,1
5LHHKZOwV8XW4LJP2C64mw,3052,0
5LOiuvbH62YGtnwe6Ltt4T,3053,1
5LTGmestwpHZ1BfCmpFQJx,3054,2
5LXj9Ch3O9ATm1NoHT8GXn,3055,1
5LYMamLv12UPbemOaTPyeV,3056,1
5LZtB6nxvjIhUoElp3Zqk0,3057,0
5Lbsc65org0b85kNsPkluY,3058,1
5LciLoxa1gK70yIUeoHgRx,3059,1
5Lgqu1th1KqlG97OF2gWGe,3060,1
5MFzQMkrl1FOOng9tq6R9r,3061,1
5MMW4CZsZiZt2iuqAXzzWC,3062,0
5N1o6d8zGcSZSeMFkOUQOk,3063,0
5N4erncE7kuUccm7zEmwzk,3064,1
5N5k9nd479b1xpDZ4usjrg,3065,1
5NAOhPAZ57eFAXr3qatS6i,3066,1
5NNlUMcOEOdoOIwwaWXv0k,3067,1
5NU40QTlXrDUJzDBdv79bg,3068,1
5NhLA2P7AiV3cloVmwtwLS,3069,1
5O2P9iiztwhomNh8xkR9lJ,3070,2
5O4erNlJ74PIF6kGol1ZrC,3071,0
5O8x1YlmLQopQHErxtDfi9,3072,1
5OCJzvD7sykQEKHH7qAC3C,3073,1
5OELUCYgOHKFAvCERnAvfS,3074,0
5ONOlTiqymhzwcFjqcIT6E,3075,2
5OOkp4U9P9oL23maHFHL1h,3076,1
5Ohxk2dO5COHF1krpoPigN,3077,1
5OxclJsdFESni44YlpNpkR,3078,1
5PIB8aoUJoCRh1O5TEGdOj,3079,0
5PIBgH1cUFwu5IiUk9tnN9,3080,2
5PPUw4Xo3Hz6rl4GpBfd3c,3081,2
5PYQUBXc7NYeI1obMKSJK0,3082,1
5PZAbR6JHYYV9xp5gv0XES,3083,0
5Py8zRKGkZvgHniVVtvNCN,3084,2
5PyDJG7SQRgWXefgexqIge,3085,1
5Q2P43CJra0uRAogjHyJDK,3086,2
5QO79kh1waicV47BqGRL3g,3087,0
5QZKcQDp0tCcvMdyqEciBV,3088,0
5QvW5lK6mkfTegpAK9JOO7,3089,1
5R0cvR5BMFkLomChhmcCzr,3090,1
5R2rsbwCDXORX2tLfprRmM,3091,1
5R4Yrc2j4jw1itr4hKcN26,3092,1
5R691ipUYRDYW6ehapjoj6,3093,1
5R9KPXQVeyqsHZoPLMgfNy,3094,0
5RX8T3EoTuXcybAxe6oPAw,3095,0
5RgBnDtHKFHgtVdqabjGE3,3096,0
5RhFmJifQe83FpQ6ZFFTZ5,3097,1
5RqSsdzTNPX1uzkmlHCFvK,3098,0
5RubKOuDoPn5Kj5TLVxSxY,3099,1
5S4PZ7AuYlYiVIVik3wHUf,3100,2
5SE57ljOIUJ1ybL9U6CuBH,3101,0
5SHhPFh68OhUmuRPymKX9d,3102,2
5SHpuW2qjkQtFRpE6P9Nks,3103,2
5SWnsxjhdcEDc7LJjq9UHk,3104,1
5ScbulRnixQ2XAdvrPMFjz,3105,1
5Se32hEA9raeboZerywxka,3106,1
5SehvGGC53A7SZKCLXQcyt,3107,1
5SiZJoLXp3WOl3J4C8IK0d,3108,1
5SixeLvPsYpk7qq9lo5xYg,3109,0
5SleX0NFeODNY7Xenal3gr,3110,2
5SwyN9hzmWjBsINlif8li8,3111,0
5T8EDUDqKcs6OSOwEsfqG7,3112,0
5TCBWmEBrin7etRa4Lswr1,3113,1
5TJEBoTCDbJXiKMdCN9pd3,3114,1
5TMLavqGRKNxgzMBrVpC9R,3115,1
5TOgxgZrIZzvaKg9r2bvc2,3116,1
5TRPicyLGbAF2LGBFbHGvO,3117,1
5TXDeTFVRVY7Cvt0Dw4vWW,3118,2
5TmZYdHW6HJ9gt7Aokuql5,3119,0
5Ts1DYOuouQLgzTaisxWYh,3120,0
5U1OEoEW4xnalSAToamwZL,3121,2
5U4laaEEChW8FOtZXCu8C7,3122,1
5UMMPHPp6vRP6ghPpSUOzp,3123,0
5UWwZ5lm5PKu6eKsHAGxOk,3124,1
5Ua3GXyHwiSfpNTMjq6m2z,3125,1
5UusfWUMMLEXLMc1ViNZoe,3126,1
5VTjBl3ddZEiG2LrH4VzyR,3127,0
5VTqW8raQYnj2avZ27nO2a,3128,2
5VuxWXbt7XENQCtE9TzpTv,3129,1
5VwwpU7KsLhgfbMEecedhJ,3130,0
5VxmI3IdgAxWVvUnJoLuY2,3131,0
5VzNsUnLmYcRfRfxpQsusa,3132,1
5W4kiM2cUYBJXKRudNyxjW,3133,0
5W83ErFkO3aKAIS1WMi6u0,3134,0
5W8jRrZ6tWrTrqnKRtIQBf,3135,1
5WEqjIUHkwZ5h3DSE7F9bM,3136,0
5WHTFyqSii0lmT9R21abT8,3137,1
5WnfnSpuNEGXyEt78PBA6d,3138,0
5WrEilrRI5cIW0DxMvQYPZ,3139,0
5WtfUKzXircvW8l5aaVZWT,3140,2
5WvAo7DNuPRmk4APhdPzi8,3141,0
5WxVXxCMRnvxUKFq40ELwq,3142,1
5XWlyfo0kZ8LF7VSyfS4Ew,3143,1
5XbA7TAqsD0fj0dGBrbb0D,3144,0
5XeFesFbtLpXzIVDNQP22n,3145,1
5Xhqh4lwJPtMUTsdBztN1a,3146,0
5XkyZyKMdFungjDb9cUKc3,3147,0
5Xn4IyTtW6FUGIUyWjbUHG,3148,1
5XqCz18k96K8tx6DAYM97i,3149,0
5XsAal7ZcWg1I5T4NcRjkv,3150,2
5Y35SjAfXjjG0sFQ3KOxmm,3151,2
5Y3Tj0wJhKAaPbwWxXxZGS,3152,1
5YABYtKx9qa56vBjlXDbmw,3153,2
5YL553x8sHderRBDlm3NM3,3154,1
5YLGlPYkZBDXieMwzVve7g,3155,0
5YRFttxjAEgm2nq5Z2tlqK,3156,1
5YSHygGN9D0mID1NsVd5my,3157,1
5YaskwnGDZFDRipaqzbwQx,3158,0
5YbPxJwPfrj7uswNwoF1pJ,3159,0
5YeHLHDdQ4nKHk81XFWhCU,3160,0
5YqltLsjdqFtvqE7Nrysvs,3161,0
5Yu1AOnIzC1tWRJ4U0uW7u,3162,1
5Z3GHaZ6ec9bsiI5BenrbY,3163,1
5Z5nbOXhsSbySVC7WUc6y9,3164,0
5Z8HZM6iQMhhqyPcCGY5g9,3165,0
5ZJGv7aGdIr9IGpxzSG18T,3166,1
5ZX1X9Rl4zbx1Wwyn3idVD,3167,1
5Zlb01Jcn0Ld49zazzZJSB,3168,1
5ZnJsoJGkQ5K15W7Rcr5JO,3169,0
5ZrDlcxIDZyjOzHdYW1ydr,3170,0
5a0nHa7F4S9hb0Zi0zLS8w,3171,1
5a6pdCHlWS2ekOOQ70QnAr,3172,2
5aAx2yezTd8zXrkmtKl66Z,3173,0
5aIVCx5tnk0ntmdiinnYvw,3174,1
5aUSEPNd3m5xliFK4pn5mU,3175,0
5ajjAnNRh8bxFvaVHzpPjh,3176,2
5aucVLKiumD89mxVCB4zvS,3177,0
5b6zjsBrZCqe6RFycLz2tc,3178,1
5bJ1DrEM4hNCafcDd1oxHx,3179,1
5bcTCxgc7xVfSaMV3RuVke,3180,0
5bmSver2b3ZXyuyLKtgnFI,3181,0
5bvnqVuq7UFl0txSlHpsfS,3182,2
5cQB9fbuQCz4muQUFkv3rR,3183,2
5cQX9BexkPIEESTZijJhXg,3184,2
5cXg9IQS34FzLVdHhp7hu7,3185,1
5cpJFiNwYyWwFLH0V6B3N8,3186,0
5dKyZWlgjWw1oJgLa4GCZD,3187,1
5de9Ho64dovuQI8Uhn5gPD,3188,2
5dhQeuLGmlhfwlI6BWfSpo,3189,0
5eTaQYBE1yrActixMAeLcZ,3190,1
5egD7A5x9AHdVO2fMo3Wbo,3191,1
5elW2CKSoqjYoJ32AGDxf1,3192,0
5enxwA8aAbwZbf5qCHORXi,3193,1
5esKpsrB3TbGHwFaAjIGMx,3194,1
5f5r2N4Lp9WoULWPH9zp2W,3195,1
5fHrHoJKfCgBd35zwIBmUK,3196,0
5fROvzNghPid8mbKNDYvpJ,3197,0
5fc6rQgAKiLutfUYWQ6QnJ,3198,2
5fcM0StdQxMjzulVGhFkHN,3199,1
5ffntNJnJOeFv7b7DCd0Bw,3200,2
5fj32MKLHkut2Vod1UodcU,3201,1
5fpyAakgFOm4YTXkgfPzvV,3202,2
5g7sDjBhZ4I3gcFIpkrLuI,3203,0
5gDWsRxpJ2lZAffh5p7K0w,3204,2
5gEUDNQvoQjdjklrwPdGwD,3205,2
5gIRPQWULwrvIt0F6pY7ph,3206,1
5gflgO9EPbIBf16n5TKnQS,3207,0
5goGDc74vVREyN8al8CkPh,3208,0
5h1BN75CEh8wdSwE1xrbSe,3209,0
5hDAT527wXWNBnJlujhuUs,3210,0
5hEM0JchdVzQ5PwvSfITeX,3211,0
5hM5arv9KDbCHS0k9uqwjr,3212,0
5hM6sP0Gh1jD57drszNueC,3213,1
5hQSXkFgbxjZo9uCwd11so,3214,2
5hTpBe8h35rJ67eAWHQsJx,3215,0
5hYTyyh2odQKphUbMqc5gN,3216,1
5hcisvFMidkMJlElTO9Qmw,3217,0
5hff5RQeE84pznOt8WEWeO,3218,0
5hnbE5BF2e8BCk9OMR1UVC,3219,1
5iFwAOB2TFkPJk8sMlxP8g,3220,0
5icOoE6VgqFKohjWWNp0Ac,3221,1
5id3Rqn7SPj1LX4FfY4nGz,3222,1
5itOtNx0WxtJmi1TQ3RuRd,3223,0
5itzep0nGnq7hxCfFNsTIR,3224,2
5iwz1NiezX7WWjnCgY5TH4,3225,0
5ixdmTpCmH5diBA1j154wN,3226,1
5ixqGGFu0hdHfErdp32QwT,3227,0
5jAIouBES8LWMiriuNq170,3228,2
5jQI2r1RdgtuT8S3iG8zFC,3229,1
5jZ32WOU7sqzDYbzINwMUk,3230,1
5jbDih9bLGmI8ycUKkN5XA,3231,0
5jhBwnqzNNrENXnYrAdoCe,3232,2
5jyyPsIGM2yqkZN9R3TmvN,3233,0
5jzEwSyyymBlf1fa1o39T2,3234,0
5kHMfzgLZP95O9NBy0ku4v,3235,0
5kI4eCXXzyuIUXjQra0Cxi,3236,2
5kRPPEWFJIMox5qIkQkiz5,3237,2
5kVZxyMY1gfdCLiChsfjn1,3238,0
5kfNriitmkNE8mUbZ7gbq8,3239,2
5kkaSMcf4BFlhRRICCKZb6,3240,0
5knuzwU65gJK7IF5yJsuaW,3241,0
5kqNIqFjijuzvVLhuY9B8j,3242,0
5lAnYvAIkSDNXqfo7DyFUm,3243,0
5lVmzrKaqPpPYtF7udoiNq,3244,2
5lZZmityu9TAjNvSY6GLhR,3245,1
5lcIegmdblnWqT9nS9EhZj,3246,2
5lfWrciYtohtIMVDVZd0Rf,3247,0
5lw8Mgb4LyhriPIC86gV6e,3248,0
5mAxA6Q1SIym6dPNiFLUyd,3249,1
5mCPDVBb16L4XQwDdbRUpz,3250,1
5mTJcvxRxq3uF5wUjjciDw,3251,2
5mZXWEH2eh8zMZGCxT5aW0,3252,1
5mey7CLLuFToM2P68Qu1gF,3253,0
5mg3VB3Qh7jcR5kAAC4DSV,3254,0
5mjYQaktjmjcMKcUIcqz4s,3255,2
5mqzhMuUpvnMfwNz6iepmO,3256,1
5n6gBhdEjCuj3obgCoTEFD,3257,0
5nCthAh3jt4xKuLJAifAaR,3258,0
5nq1uTNIR1cBR72T87viS0,3259,0
5nzhL67GpF9szXWg5y509A,3260,0
5o4yGlG0PfeVUa6ClIyOxq,3261,0
5oH4DQAuu1J1800RzUsBWa,3262,0
5oI9blwsXC8AkTWw6wASY8,3263,1
5ojXuKXBYq0apcNucYSDXq,3264,0
5ozqshq2dtU7SYCpCBu0NE,3265,1
5p10VwQ8LRoyTc8LFrvPw6,3266,0
5p3NP9mQblDsVJLdfNZJ3I,3267,1
5p56JT5F9a1z9pwXnqTg7d,3268,2
5p7GiBZNL1afJJDUrOA6C8,3269,1
5p7ujcrUXASCNwRaWNHR1C,3270,0
5q2JbCNi4FcnglgPfxcV65,3271,0
5q5gzmbBS5yQzos2BvVr1t,3272,0
5qFeMRz4TvetPmzjre9Dq7,3273,0
5qHirGR7M9tdm6C17DlzSY,3274,1
5qN4HFkapdAOV94XPryVof,3275,2
5qaEfEh1AtSdrdrByCP7qR,3276,1
5qbcsZMwL0x46sX7VO37Ye,3277,1
5r011NB07RHjABbuVGVIbd,3278,1
5rFj8OzffT0iggSjcBaeND,3279,2
5rJ7bdPmr8nfmm2JQ8xHOz,3280,1
5rYpwP1dHWGVMrSZbTmt3e,3281,1
5rZlwNFl01HqLWBQGryKSm,3282,2
5raTDhlbxFDnpn89bxArdH,3283,1
5rb9QrpfcKFHM1EUbSIurX,3284,0
5reQI13tWWYDLMrGcUF4Mk,3285,0
5ri4zqtWhG07hIuNNDWP76,3286,0
5rohUzwEoRsUvAA1Bf3DLo,3287,2
5rqQTEIVK2PTuXU9GI2wT0,3288,0
5rurggqwwudn9clMdcchxT,3289,2
5ry2OE6R2zPQFDO85XkgRb,3290,1
5sK3o66yupTNIK6gWgzGjf,3291,1
5sNESr6pQfIhL3krM8CtZn,3292,0
5sWbwccBcyHsg5LEKWGZo9,3293,0
5sbooPcNgIE22DwO0VNGUJ,3294,1
5sdQOyqq2IDhvmx2lHOpwd,3295,0
5sdb5pMhcK44SSLsj1moUh,3296,1
5sp71CUt0jXRNqHblPGp7b,3297,1
5tAa8Uaqr4VvA3693mbIhU,3298,0
5tEaVciE2GnR28aN6W9cLS,3299,1
5tFep7dXGd7vEJ668wTPux,3300,1
5tRmoZRoupvMYPV1oezFrH,3301,1
5tVA6TkbaAH9QMITTQRrNv,3302,1
5tf1VVWniHgryyumXyJM7w,3303,0
5tyMJlMqaggzvuX7TtlrTe,3304,2
5tz69p7tJuGPeMGwNTxYuV,3305,2
5u1n1kITHCxxp8twBcZxWy,3306,1
5u6vkDnOyaf8LsteDAj2ub,3307,1
5uCax9HTNlzGybIStD3vDh,3308,2
5uDASfU19gDxSjW8cnCaBp,3309,1
5uEYRdEIh9Bo4fpjDd4Na9,3310,0
5uSFGgIfHMT3osrAd9n9ym,3311,0
5uSG6fUPRaehaV820zcpsK,3312,2
5unjCay0kUjuej5ebn4nS4,3313,0
5uu28fUesZMl89lf9CLrgN,3314,1
5v4GgrXPMghOnBBLmveLac,3315,0
5vC8UAOHeG95ehRzZChniB,3316,0
5vdp5UmvTsnMEMESIF2Ym7,3317,0
5vnuJ8EopkP5dHukpOmT3L,3318,1
5w9c2J52mkdntKOmRLeM2m,3319,0
5wANPM4fQCJwkGd4rN57mH,3320,2
5wG3HvLhF6Y5KTGlK0IW3J,3321,1
5wIeuNURiubue1VTcglU57,3322,1
5wjsJIUf6pdrwauPDae43o,3323,0
5woaU1FNkqCwg6WzWiQPW5,3324,1
5wttBUDyaHAR5q9fYnN3YF,3325,1
5wujBwqG7INdStqGd4tRMX,3326,0
5wxYxygyHpbgv0EXZuqb9V,3327,0
5xDrO9DEDJGUQGfyoHvgDJ,3328,0
5xMw6qCcpd2gBXPGTegC4W,3329,2
5xMzazov0IHYllrc8U2K6F,3330,0
5xNUR50KxswPRAvx7S163g,3331,1
5xP9lQYA8YQmQh6BOxcAnR,3332,0
5xXqyjLicvEpch72qEryFT,3333,0
5xbrhx2tMMcN68IT3cJbhS,3334,2
5xesHO6GLWTrjsKOjAXRmf,3335,0
5xi2SXmF3A5AIsuGXiUIZu,3336,0
5xiAfKzE3mbxYbOkUZPR11,3337,0
5xlS0QkVrSH7ssEbBgBzbM,3338,0
5xzCzOAOfRi4DOttSzvznR,3339,0
5y4WmuvFX1t3NdSId0MFOh,3340,0
5y7DaS3jAc9eZzcSOoUIwU,3341,0
5yFSF6qQA1rcLsQRnBsZgb,3342,0
5ydjxBSUIDn26MFzU3asP4,3343,2
5yuShbu70mtHXY0yLzCQLQ,3344,1
5zFglKYiknIxks8geR8rcL,3345,0
5zNW5ARjYhJQJz1AChP33n,3346,0
5zNxUkUW9WiV5oyg6gh2wB,3347,0
5zyZM1EiSqrniyqtprwxpv,3348,1
5zzbORcD0GwLY0wQHP1Xs1,3349,1
609E1JCInJncactoMmkDon,3350,2
60APt5N2NRaKWf5xzJdzyC,3351,0
60QN1JrgYM7jcfW8pdQFqT,3352,1
60SdxE8apGAxMiRrpbmLY0,3353,0
60Z57Wdrn0pEVpHI7d7GAX,3354,1
60a0Rd6pjrkxjPbaKzXjfq,3355,1
60dwJ8dnqZ4WrIdiu7LkNR,3356,0
60iSKGrGazRzICtMjADNSM,3357,2
60xaS8mYBKUW4VQQ666N0T,3358,1
60ynsPSSKe6O3sfwRnIBRf,3359,1
619pVMIK3WvX529JIkQTY3,3360,0
61AZsmFB3VoJdmraMk5ZSn,3361,0
61KpQadow081I2AsbeLcsb,3362,2
61S79KIVA4I9FXbnsylEHT,3363,2
61WbtB6ujkpNAsAf5LjF4b,3364,0
61ZM92T2zaXIVsqncThQzC,3365,1
628Ueb4sRiXApObhcU9iPU,3366,1
62aP9fBQKYKxi7PDXwcUAS,3367,1
62hTXlVQacy3pjBW4ntRPl,3368,1
62ke5zFUJN6RvtXZgVH0F8,3369,1
62l3NSQPUxvcwwzKUmysrE,3370,0
62o8KoI44JfN7aYxgTnPvh,3371,0
62vpWI1CHwFy7tMIcSStl8,3372,1
630sXRhIcfwr2e4RdNtjKN,3373,1
63SevszngYpZOwf63o61K4,3374,1
63WuQOXohQIxOxIFA2K7bR,3375,0
63mdJr3NMY3wReOkNE6c6W,3376,0
63wx9vdskaXbYxyDx4oJCZ,3377,2
643PW82aBMUa1FiWi5VQY7,3378,0
645YBsxhFPSOKxGep3uHLv,3379,0
64CovjRwInpOJW4PiGMprY,3380,0
64FzgoLZ3oXu2SriZblHic,3381,1
64dLd6rVqDLtkXFYrEUHIU,3382,0
64ydkbrt0xhdJXRaam06Mc,3383,2
650OeHTLxZAQmb4aEbGmaA,3384,1
6520aj0B4FSKGVuKNsOCOi,3385,1
65FftemJ1DbbZ45DUfHJXE,3386,0
65OVbaJR5O1RmwOQx0875b,3387,1
65Q2mv3UlVi9eO70OpsmSe,3388,2
65irrLqfCMRiO3p87P4C0D,3389,2
65kp3OFn7JXbCvkm3m2Ui2,3390,2
65u1dHQyQyE4y4aN2eDmMF,3391,1
660eekzsNZ7sdATvfIsAkR,3392,0
665AK0ovB11McZRwfa852G,3393,1
66W1rVTnEv86dIkFhoiElg,3394,0
6755DFiZ7CWe2WMdTGW5C1,3395,0
67ACYA3UI6QMNtHX6b34wX,3396,1
67G6iaOw8DZqp1z8STR89R,3397,0
67dU06KGaJHLLlo5Y5bkD2,3398,2
67dyMPOUsbZ9Yg06PnfAAh,3399,1
67nepsnrcZkowTxMWigSbb,3400,1
688QpQAwqsLdBR6lr13wK1,3401,1
68EMU2RD1ECNeOeJ5qAXCV,3402,2
68HocO7fx9z0MgDU0ZPHro,3403,0
68m6iwhKElLTBaGRG1LLwE,3404,1
68uKHxQzoY6gd7YSKJf21J,3405,0
68vgtRHr7iZHpzGpon6Jlo,3406,0
693iqPOQvhI7PobtR8CC8v,3407,0
694vvR5o19xHPhhJ5QdLN7,3408,1
69CrOS7vEHIrhC2ILyEi0s,3409,0
69bp2EbF7Q2rqc5N3ylezZ,3410,1
69phA1R4gmQsBFRQ3INW8C,3411,1
69uxyAqqPIsUyTO8txoP2M,3412,0
69vlMrzHwATKzupwNcUPyK,3413,0
69w5X6uTrOaWM32IetSzvO,3414,0
69xohKu8C1fsflYAiSNbwM,3415,0
6A8B1kJ9ZNHbl2uFPN6Wtm,3416,1
6A8dnC0xkiuWN4BshmTB2I,3417,1
6AENBD8I0mDGglFqrRZGu7,3418,0
6AGOKlMZWLCaEJGnaROtF9,3419,1
6AGON2BGdPmPMJGiiNuuwl,3420,2
6AQbmUe0Qwf5PZnt4HmTXv,3421,0
6Ab81Bs9fcOwaTYuBsUUpI,3422,1
6AtZLIzUINvExIUy4QhdjP,3423,0
6BJbOXDlgVAXSaq6wYFYT2,3424,1
6BczFLHW9aIf9aWn5NFuNL,3425,0
6Bg7MznA9X0dIhlAsLyBYj,3426,1
6CTWathupIiDs7U4InHnDA,3427,1
6CUP2khYzdphXebxVTfPE3,3428,0
6CcJMwBtXByIz4zQLzFkKc,3429,2
6CfrYuD3YRDYdYvH9jNtXY,3430,0
6CrnvqCxBKVWahSiQwOesM,3431,0
6Cs7b9bu3fy5XhMwBA9Tz4,3432,0
6D2TCm4nf5nxAcdGJ7w3QP,3433,0
6D3t4w54PgLNGQ48R7th7R,3434,1
6DEMMeWXfmFAXgDUMMzeg6,3435,2
6DNtNfH8hXkqOX1sjqmI7p,3436,1
6DUdDIRgLqCGq1DwkNWQTN,3437,0
6DXZiYUbrYgrVIhfX3U9Z2,3438,0
6DZz58CbF0AKw5PCKqNKcM,3439,2
6De0lHrwBfPfrhorm9q1Xl,3440,1
6DuHcOuuGWXNvF3uocsrBa,3441,1
6Dy1jexKYriXAVG6evyUTJ,3442,0
6E39QsoWB7JjphPF9xCQSN,3443,1
6ERZ30cRjVWGtVLhczX9aL,3444,2
6EbduYTr62sSzvl36wWiFM,3445,0
6Ec5LeRzkisa5KJtwLfOoW,3446,1
6Ed1q0X8oSKSm4IIhiQbYg,3447,0
6ElmxV9B2mSNscEjP27M7i,3448,0
6EpRaXYhGOB3fj4V2uDkMJ,3449,0
6Es8Sk3xe1HiJ2MXCfHHwR,3450,0
6EtKlIQmGPB9SX8UjDJG5s,3451,1
6EuE9M1viu9gkdFSafia9o,3452,2
6F2r4HgpJnvKDmkN6JEN6J,3453,1
6F609ICg9Spjrw1epsAnpa,3454,1
6FE2iI43OZnszFLuLtvvmg,3455,0
6FE9EXi8TYg09hR4xv5PWJ,3456,2
6FRLCMO5TUHTexlWo8ym1W,3457,2
6FuGJB290AQMAHTfjOYVaK,3458,0
6G12ZafqofSq7YtrMqUm76,3459,0
6GNifiuBPrKFpwNBYnooFm,3460,2
6GXgd1BPD9bUpqw5AntGV5,3461,1
6Gg1gjgKi2AK4e0qzsR7sd,3462,1
6GnhWMhgJb7uyiiPEiEkDA,3463,2
6Gy7rXB6Ku5vIWC7WGWsl3,3464,1
6GzApXoBQiiAjak3tOQfV3,3465,0
6H0AwSQ20mo62jGlPGB8S6,3466,1
6HJcuxVgYjxcYDnPG0ystc,3467,2
6HUnnBwYZqcED1eQztxMBN,3468,1
6HZILIRieu8S0iqY8kIKhj,3469,1
6HexNTb392JS071DoTGo0y,3470,2
6HgWWaMu31KdOpEG5l28BG,3471,0
6Hgh47WXVKtXN5zGOu0hjI,3472,1
6Hio4nlyWL2WBL8nYlbuGt,3473,1
6HlE9t71z9DjGi7KqSyEpA,3474,2
6I3mqTwhRpn34SLVafSH7G,3475,1
6I6NX6tjGsxFAsIfGzY9lJ,3476,1
6IAZHEBUIGJ6NJKxxOBIEr,3477,0
6IAgarq2wDeYzpsY2Kx0Hw,3478,1
6IBcOGPsniK3Pso1wHIhew,3479,1
6IPNp9PfaEqrzotY47TIWy,3480,0
6IRdLKIyS4p7XNiP8r6rsx,3481,0
6IZvVAP7VPPnsGX6bvgkqg,3482,1
6IaieqiCVvsNvEt6Y7yOFa,3483,2
6Im9k8u9iIzKMrmV7BWtlF,3484,0
6ImrWnhjEOw5re3cGLMIHJ,3485,0
6J834IBcZJMH38ksrgAqwF,3486,1
6JIC3hbC28JZKZ8AlAqX8h,3487,0
6JQvHMSaR8flFsN53ypOfP,3488,2
6JV2JOEocMgcZxYSZelKcc,3489,0
6JdS5rJvJaRA7B1tcm7kxZ,3490,0
6JjPBQfI2Y8nIjnm65X6Pw,3491,0
6Jkm5kUldvIqxzI1Pa7nXH,3492,1
6JqpFboOH2bq9pzaYbkKBn,3493,0
6Jrdb6CFOJEGaHjaa6c4WR,3494,0
6Juv5N0dNU1imms9c9u1dA,3495,1
6JyEh4kl9DLwmSAoNDRn5b,3496,0
6K4t31amVTZDgR3sKmwUJJ,3497,0
6KJqZcs9XDgVck7Lg9QOTC,3498,2
6KUE0HSSudAp9AOycaF6SH,3499,1
6KfoDhO4XUWSbnyKjNp9c4,3500,1
6Kfoo60npYPdvNxMPMiDpX,3501,0
6KgtcmCF9Ky68XC7ezxl3s,3502,0
6Kj17Afjo1OKJYpf5VzCeo,3503,1
6Knv6wdA0luoMUuuoYi2i1,3504,0
6LcX2hBbXaJcK4AuefE936,3505,1
6LtHYDgYHRCHoKK3snfr2w,3506,2
6LuvVxHXQDtsPxtE07Ycbe,3507,0
6M3PsepEj5gyJoIi7Xvr7u,3508,0
6MF4tRr5lU8qok8IKaFOBE,3509,2
6MNGxu8MprKGkchUchkJsy,3510,0
6MOst484piqXpzPPRRe8i5,3511,1
6MWoRt97mnSTXZhu3ggi9C,3512,2
6MbH1QiphMCPTqVEVC7UYi,3513,2
6MjNilJCVKJq0LfFvo5jWJ,3514,2
6N1K5OVVCopBjGViHs2IvP,3515,2
6N22FZs2ZhPBYi3b9XPajV,3516,2
6NFyWDv5CjfwuzoCkw47Xf,3517,1
6NJfIydBMYrXvlaXsFxmc8,3518,1
6NMtzpDQBTOfJwMzgMX0zl,3519,1
6NYtLvyThMT0oALFdJFdzq,3520,1
6NZOc8kO0Fxo0fLPvIdLnW,3521,2
6NfrH0ANGmgBXyxgV2PeXt,3522,0
6Nle9hKrkL1wQpwNfEkxjh,3523,2
6NnCWIWV740gP7DQ8kqdIE,3524,0
6NriykdkRrjQMZo1sfVYUo,3525,2
6O5TrlFWTYvznd9fMC0VvU,3526,1
6O6M7pJLABmfBRoGZMu76Y,3527,1
6O7fPYTsb2mY0PiFt2ymDB,3528,2
6OTKVgVpVaVjhRLYizPJKA,3529,2
6OZh916QF8XNunWaP97WEZ,3530,2
6OaVWaGfhXn70ZJfdVcabn,3531,1
6OzUIp8KjuwxJnCWkXp1uL,3532,0
6Ozh9Ok6h4Oi1wUSLtBseN,3533,0
6PCUP3dWmTjcTtXY02oFdT,3534,1
6PFoEnjp0PAe5siGswjH9i,3535,0
6PGoSes0D9eUDeeAafB2As,3536,0
6PJ8FF6UR8FZXfEvpHkIVN,3537,2
6PfI6EeLNiNGVAVg11nv7D,3538,1
6Pgkp4qUoTmJIPn7ReaGxL,3539,1
6Pgmqg15yVexuOgtzuxwoX,3540,2
6Pif6RkFoYzLygdqktus4Q,3541,1
6Poyf51k7W3NKnsGwAI90B,3542,0
6Pw3Gvw4wNMZfTYZa6IQal,3543,1
6PzOPrXx8tJEqace76yrv2,3544,2
6Q3K9gVUZRMZqZKrXovbM2,3545,1
6QT6j7rKt7Vk3IuV2AUO9W,3546,2
6Qb7YsAqH4wWFUMbGsCpap,3547,0
6QgjcU0zLnzq5OrUoSZ3OK,3548,0
6Qyc6fS4DsZjB2mRW9DsQs,3549,1
6R9c642Hs3tOdLowjYaWt2,3550,1
6RJBrG3VHz2hPITjv88chh,3551,1
6RQ5IwG7uADz9LDWliJGjU,3552,2
6RUKPb4LETWmmr3iAEQktW,3553,1
6RnkFd8Fqqgk1Uni8RgqCQ,3554,1
6RsRMf9e4KUyo3MecGffNL,3555,1
6SQLk9HSNketfgs2AyIiMs,3556,1
6SRsiMl7w1USE4mFqrOhHC,3557,1
6SUocL0caib4mLHe8ZrZzi,3558,1
6SYSu569pfYdkDT9A5lZqi,3559,0
6Sq7ltF9Qa7SNFBsV5Cogx,3560,1
6SwRhMLwNqEi6alNPVG00n,3561,1
6SznMYPQJHzr3IwsAHLId2,3562,0
6T0sEnqjmHISIKwFETeeiP,3563,1
6T6D9CIrHkALcHPafDFA6L,3564,1
6TIU9Ehmi6dMzZK73Ym4yj,3565,2
6TqXcAFInzjp0bODyvrWEq,3566,1
6U0FIYXCQ3TGrk4tFpLrEA,3567,2
6UN73IYd0hZxLi8wFPMQij,3568,0
6UTmrvq4nRmx1iQ6iMd1FD,3569,0
6Uj1ctrBOjOas8xZXGqKk4,3570,0
6UjfByV1lDLW0SOVQA4NAi,3571,1
6VObnIkLVruX4UVyxWhlqm,3572,2
6VciS3dRMpZhJiDxT8ArFi,3573,2
6Vgtvd7I5yopJdBuxqjBd2,3574,2
6VrBWh90BiwWmwKtvwWFcq,3575,0
6VrCmhRBFnuGKmtNfk4jDs,3576,0
6VrQTLzzuyGIYjUDe4kAZk,3577,0
6VsvKPJ4xjVNKpI8VVZ3SV,3578,2
6VzcQuzTNTMFnJ6rBSaLH9,3579,1
6W9l02gRsXVxzIuQC1oc1X,3580,0
6WBTeFDEfAJbaSUUc1V1xQ,3581,1
6WbTTAGKrQtCQvmc5BuYfh,3582,0
6WhzFzROw3aq3rPWjgYlxr,3583,2
6WkJ2OK163XXS2oARUC9JM,3584,1
6WzRpISELf3YglGAh7TXcG,3585,0
6X29iaaazwho3ab7GNue5r,3586,2
6XHVuErjQ4XNm6nDPVCxVX,3587,1
6XO8RlYuJCiI0v3IA48FeJ,3588,1
6XOYVSmNDjKUNMXooU4s4z,3589,1
6XXKB32Om6WuXg3uEWwTob,3590,2
6XaJfhwof7qIgbbXO5tIQI,3591,1
6XbtvPmIpyCbjuT0e8cQtp,3592,1
6Xj014IHwbLVjiVT6H89on,3593,0
6XjDF6nds4DE2BBbagZol6,3594,0
6XlSyYFTU1nodeWwwzVgTV,3595,0
6Xom58OOXk2SoU711L2IXO,3596,1
6Y46tOTRhkBamosyuWa6YX,3597,2
6YAxCn4juTWn5hWl2hzHGw,3598,1
6YJdPrH3i2POzu7hdHIRrb,3599,0
6YZdkObH88npeKrrkb8Ggf,3600,0
6ZRuF2n1CQxyxxAAWsKJOy,3601,1
6ZfXA2xakAvphXOSOJ3u1W,3602,1
6Zisja44KqMZj4GM4UY6Yv,3603,0
6a4GH1gljLL7VvmO9u5O92,3604,1
6ap9lSRJ0iLriGLqoJ44cq,3605,0
6b2RcmUt1g9N9mQ3CbjX2Y,3606,1
6b5P51m8xx2XA6U7sdNZ5E,3607,1
6b81dy3WjbozXK6b7C1gu5,3608,0
6b8Be6ljOzmkOmFslEb23P,3609,0
6bGMSP3H9YqkmaLnaJTIoF,3610,2
6bGwKHXHNLmTy6yt147FPh,3611,0
6bLopGnirdrilrpdVB6Um1,3612,0
6bTdZ7xfKp3NqqADJ8HLyj,3613,0
6bpq1jGkVz66Q3LYeoXdjZ,3614,0
6c1QaQHdDhtFMfUkhueuXK,3615,1
6cS9PmLky2NhLOhpIsUlow,3616,0
6cjSh516BbrNUs213jDAGm,3617,0
6cx06DFPPHchuUAcTxznu9,3618,0
6dBUzqjtbnIa1TwYbyw5CM,3619,0
6dPyzkyZwoj9LqjQXOFdVv,3620,1
6dTA6y0C2ReQklntzZl8l3,3621,1
6dVZCbi9CYtD9LjAHXRjIG,3622,1
6dgUya35uo964z7GZXM07g,3623,0
6dpLxbF7lfCAnC9QRTjNLK,3624,1
6eGMMPRVYzpssGgednRvzU,3625,1
6eJUG282cUKuIoa72sEsqO,3626,0
6ePyl2ns4b7MVYhjsj32ZK,3627,2
6eT2V7nKXyMf47TwPbtgAD,3628,1
6eT7xZZlB2mwyzJ2sUKG6w,3629,1
6eiztdXRkooWsBt2xToMWI,3630,0
6f3Slt0GbA2bPZlz0aIFXN,3631,1
6f5ExP43esnvdKPddwKXJH,3632,0
6fLVTVaHWaEfVKfEgbkf4D,3633,1
6feiJqgHqeSvkGUzf11AYs,3634,0
6ft4hAq6yde8jPZY2i5zLr,3635,1
6fujklziTHa8uoM5OQSfIo,3636,1
6fwdbPMwP1zVStm8FybmkO,3637,1
6fxVffaTuwjgEk5h9QyRjy,3638,2
6gBFPUFcJLzWGx4lenP6h2,3639,1
6gFtgkh8ShkrJn52Cbdhxy,3640,0
6gTJaPuj8DT8RjuDJyBgzP,3641,0
6gcuJpHu0Ey30D5WR76y98,3642,0
6gi6y1xwmVszDWkUqab1qw,3643,1
6gxKUmycQX7uyMwJcweFjp,3644,0
6gzIcEUuswJQGfJNPYMjjv,3645,0
6hFwju6M40CKovKBPu5IpY,3646,0
6hH6QJ9ZAO0Z6m7PfvLoXW,3647,2
6hkfgHhYXyDVYahUOZhGRd,3648,0
6hyQVqfHFvsJDjcmj4qrHf,3649,1
6i0V12jOa3mr6uu4WYhUBr,3650,1
6i759FCuKx713ZnYjtpQGU,3651,0
6i7zAdNhzUN2k1HcrBxPHG,3652,0
6iF4RgIjDvDqyW13PezSj3,3653,0
6iYMfxznTBlcVOgRHab2W0,3654,0
6igOR5QCn09zAVF2ikZjsV,3655,0
6iiAfo4wTA2CVC3Uwx9uh8,3656,1
6isTQfKXhNO3EyJd9mSxx8,3657,2
6it15CsDlkqB7N4lF0C1qM,3658,2
6jA8HL9i4QGzsj6fjoxp8Y,3659,1
6jA8JUuPCGYjFcgw0AoM5T,3660,0
6jfEZdUJ2Yla6h7gTJgKuo,3661,1
6jmngk8Fwup05JZ6kgXEGX,3662,1
6jreFSOTUAViWjKyzOC4Kg,3663,1
6juLaduD4STCUDWT0AYun4,3664,1
6jy9yJfgCsMHdu2Oz4BGKX,3665,0
6kWxIqQDsKFYCJGbU4AjCX,3666,1
6kXNnS7JJz0nAv4XEwEmQJ,3667,1
6kYGOFNUMxpab09L5Ukoke,3668,2
6kex4EBAj0WHXDKZMEJaaF,3669,0
6kig1UFggPUyZBCvXD3Wod,3670,1
6klLvorLoo1sxvZcjJIY8I,3671,0
6kls8cSlUyHW2BUOkDJIZE,3672,0
6koKhrBBcExADvWuOgceNZ,3673,2
6kp0inxIexxSiDJfWqq0ZL,3674,0
6krYS8KtmNAYyb5uTZiYW4,3675,2
6kxaaIeowajN7w21PfMLbu,3676,1
6l8mgVN9Xf1hiDIFGA6CTE,3677,1
6lOWoTqVnAWXchddtTH31W,3678,1
6lzc0Al0zfZOIFsFvBS1ki,3679,1
6m2LNopVJKsvBB9l7Z1rwn,3680,1
6m9qPYXmhge2QhBLfFKnVF,3681,2
6mADjHs6FXdroPzEGW6KVJ,3682,1
6mICuAdrwEjh6Y6lroV2Kg,3683,0
6mQLN3zRtAp6ovjusyYKrV,3684,0
6maTPqynTmrkWIralgGaoP,3685,0
6mapJIPnQ23RTAevUoE0DL,3686,1
6me7F0aaZjwDo6RJ5MrfBD,3687,2
6mmPpaltUZK7xjNlBPQQ0p,3688,0
6myUpr3GDR80Dg3zqNTmmG,3689,2
6n3HGiq4v35D6eFOSwqYuo,3690,1
6n4U3TlzUGhdSFbUUhTvLP,3691,1
6n8TMVyFKoUmDc4apxceRD,3692,0
6nO3tr47nr2P7f3hXb8JIo,3693,1
6nkoWsFZeFt5dUdNmlIceh,3694,0
6nsLzJfvp5OLd4mgqUJkpq,3695,0
6nxQdXa1uAL0rY72wPZu89,3696,2
6onwlDmIVKE8bBgyBRSuS0,3697,1
6osMzmRHCVETbZMHceLRmh,3698,1
6otePxalBK8AVa20xhZYVQ,3699,2
6p8NuHm8uCGnn2Dtbtf7zE,3700,0
6pQKUKBpwr6GhfhcFFFozo,3701,1
6pVW5LRWgeLaHudxauOTJU,3702,0
6pYNq0ZwpPVazKzsqpf0G8,3703,0
6pcywuOeGGWeOQzdUyti6k,3704,1
6phY2gnvf9WwCiXlLMQOY3,3705,2
6potEImiklXkwD9qFzpu15,3706,2
6q8Lb50EtqNeeJXXe8mMAH,3707,1
6qCsKKS7Ol63SJW3LOIX5R,3708,0
6qDF4wWL49CAVbgT7yuHl8,3709,0
6qI0MU175Dk2DeoUjlrOpy,3710,1
6qj02zSeEJGWZ4c0dn5QzJ,3711,2
6qmvAJSUfVGMubvI2awW7p,3712,1
6qyS9qBy0mEk3qYaH8mPss,3713,0
6r46lnXFbE9fr2d3KNaGbe,3714,0
6r7ULK6c5CLVvImjTIztl1,3715,1
6rQSrBHf7HlZjtcMZ4S4bO,3716,2
6rTInqW3YECMkQsBEHw4sd,3717,1
6rdkCkjk6D12xRpdMXy0I2,3718,0
6rjuKpPydT2SxN15TZpV7r,3719,0
6s2wpWPFPAgKg2LXxi1Oee,3720,1
6sI8Q7TTJeA9exw6hxEqq3,3721,2
6sPBi0qLI6KM3yXX56NxsA,3722,0
6sn8WaooLLVhQvU96wtEAm,3723,1
6tCssnvTUREcperDOUTqvA,3724,0
6tDDoYIxWvMLTdKpjFkc1B,3725,1
6tNQ70jh4OwmPGpYy6R2o9,3726,1
6tUgfsOa8PLkoede5nOR7D,3727,1
6tZ3b7ik1QDXFAZlXib0YZ,3728,2
6tarvNiKnEjYMj1VZhlDqR,3729,1
6th8IdY4lYeM0QlSQJhhkp,3730,1
6tjituizSxwSmBB5vtgHZE,3731,2
6tpHfEM8eaETzlPOARYWfZ,3732,1
6tsOcBnaKgzK22yEiqRh8P,3733,2
6tvQzeCPwOytDlBYCIOY0n,3734,0
6u0EAxf1OJTLS7CvInuNd7,3735,0
6u3CPnFMKANYgfdiifFOiJ,3736,1
6u7gmPOz7pzzaeR9xSBpsR,3737,1
6uAFJ75WDAoAPyCWJAtvks,3738,0
6uIIdjYTxxpWOyWuVXrKQO,3739,0
6uJONCdr2rC65BNmCnTBWK,3740,0
6uJwPeBGb3swi85TSr9iIz,3741,1
6uTPA1xlcsk6dbchB2dhzl,3742,0
6uTPdRrEDeH8Fyg5L5qmeU,3743,1
6ufcuVInt0ocHrUimDjGlb,3744,1
6urLjX35oXXRYtcH1b3dCh,3745,1
6uvh0In7u1Xn4HgxOfAn8O,3746,2
6v0UJD4a2FtleHeSYVX02A,3747,2
6v0lAdFF4haL8xjBIUjtOw,3748,0
6vFsBXYczYsP0H3lgunZOm,3749,0
6vSwxzO2Qf4BinHSXRwZJe,3750,2
6vWEAOUSxohKxhp0K1BsxL,3751,2
6vjymPak0JRQC2P84XlI9t,3752,1
6vnfObZ4Ys70SBAtti1xZ9,3753,1
6vxU64pcIuQ38O015Zy4qj,3754,1
6w8ZPYdnGajyfPddTWdthN,3755,1
6wQlQrTY5mVS8EGaFZVwVF,3756,1
6wWaVoUOzLQJHd3bWAUpdZ,3757,0
6wf7Yu7cxBSPrRlWeSeK0Q,3758,2
6wmKvtSmyTqHNo44OBXVN1,3759,1
6woeVu3fVMflqen1t4N6pg,3760,0
6wsqVwoiVH2kde4k4KKAFU,3761,0
6wtZPYBIXUvCpXwVjMCJBf,3762,0
6wvlEKW2qxucJSBXYpMV2P,3763,1
6wyhUr4Xw8z5uSy0AhoZfU,3764,1
6wyr4ReB05D9sJB1Rsmcqo,3765,1
6x9pCndnXEoea0CMcfjs9W,3766,1
6xRWoYwfwIKnT8bQGzKbxR,3767,1
6xTU6B6nFwKKTSZ9ySXS80,3768,1
6xZ4Q2k2ompmDppyeESIY8,3769,0
6xdLJrVj4vIXwhuG8TMopk,3770,2
6xy6jNeNTYwjnKTDzMyHw2,3771,1
6y2Kaz9QI01XBKJ8mTb7Pf,3772,1
6yz0Jndhv0QjKdpcEMbOjz,3773,1
6zEgnpM0qYmHLDnh8WPejL,3774,0
6zFMeegAMYQo0mt8rXtrli,3775,0
6zGPytJiZmFuyVq7RTNO9G,3776,0
6zLdXcmvIxnAXpz9sXFnIE,3777,1
6zrJLhslleCHby0wbUnvVy,3778,0
6zzdyvVWjGrQBraSvuqJPY,3779,2
704LUEih663hiE3CnyUrFW,3780,0
70AYiGbc4mWZGEqiipBBDb,3781,2
70LcF31zb1H0PyJoS1Sx1r,3782,1
70khXICDeTTxgYtw3EysKH,3783,1
70lnL3QaSOIIyMa2X9aVRL,3784,0
70pwY1UfPmSVE3ybPjFy0p,3785,0
70rFIfYN7lU6iTgUIVP42w,3786,1
70sKIAQgaVN2zWEEyOpyMZ,3787,0
70t7Q6AYG6ZgTYmJWcnkUM,3788,1
7129iqBafaphfc3WPCGC0L,3789,1
71BqAINEnezjQfxE4VuJfq,3790,2
71SEHJPt1iDwGkBhUOAXDP,3791,1
71pEiUWwfDFiRO6RmFpnBf,3792,0
728zbo72kOoYdGR3AhNsyF,3793,1
72TyiiduRmczEbDIEtKQdR,3794,2
72dummgz1gSqm8faekYYQh,3795,1
72g37RoelSnovZakG5MwnF,3796,0
72jbDTw1piOOj770jWNeaG,3797,1
73F87Sqh6jQWucOOvz1WFx,3798,0
73RbfOTJIjHzi2pcVHjeHM,3799,0
73SpzrcaHk0RQPFP73vqVR,3800,2
73YUReisjb3A9ActdLLjJQ,3801,2
73cnVqsbZygieKi8xF10sO,3802,1
73qMN9bXy7MSPwwGfH3wQr,3803,2
73uxnSsFMeJ15POpd3zgrV,3804,1
73vIOb4Q7YN6HeJTbscRx5,3805,1
73zawW1ttszLRgT9By826D,3806,1
741UUVE2kuITl0c6zuqqbO,3807,0
74NI58MQexwZjNu1Gu6GjT,3808,2
74ODGXs4byLTRdnKGM4s6E,3809,1
74X2u8JMVooG2QbjRxXwR8,3810,0
74cVJfmK18rhWnscIpGXjt,3811,1
74fV8TuLZKVzSIOOGu8wwI,3812,0
74lnM5V6ecvoTPV0fvptx9,3813,0
74loibzxXRL875X20kenvk,3814,1
759ndr57jb0URg4j9YSWml,3815,2
75FEaRjZTKLhTrFGsfMUXR,3816,2
75JFxkI2RXiU7L9VXzMkle,3817,2
75UMtPC77vqKRwfSuYuNPO,3818,2
75W3SngKzTuoQ94uLf3y82,3819,0
75ZvA4QfFiZvzhj2xkaWAh,3820,1
75dLEqanQTupF3dtP9exT5,3821,0
75lcPkAkUsKWHGBlGM476R,3822,0
75pQqzwgCjUOSSy5CpmAjy,3823,0
760jhRscwGbIIe1m1IIQpU,3824,1
76Y0gxtTxN0FyDCYh5qYQj,3825,0
76YSWx6L6FNsuaP6GWBb8P,3826,1
76cy1WJvNGJTj78UqeA5zr,3827,1
76gUmNLXGQVOsGhfcshkFP,3828,1
76gcXhY3Zv6wW0BTe9nHJo,3829,1
76iVOVsliCHlWqKuDnCfhE,3830,0
77Y7tccX9Hx5iClDr39uy9,3831,1
77fvnWALKJR0ws1VUx09CY,3832,0
77sMIMlNaSURUAXq5coCxE,3833,1
789CxjEOtO76BVD1A9yJQH,3834,2
78Du4CMFgnhdlG33gblkiP,3835,2
78SCmQ8A7KQSMdkem2SwBP,3836,0
78SeXVRJ7KCqVmOwTiFjnI,3837,0
78kygHp1dvW1kncYjBgbe1,3838,0
78ldtCaBRJVp2i91B715L0,3839,1
78pn8k7RogKo2oxl0DyX6d,3840,0
78qd8dvwea0Gosb6Fe6j3k,3841,0
78rIJddV4X0HkNAInEcYde,3842,0
78sr3ogs4UzITcCNbXM9cM,3843,1
78xj07VVFK5uHTaGPIu13S,3844,0
790MhTXPFrYkrqCKvpg4t1,3845,0
79AHPJd8upvNxyK2qQcY8J,3846,0
79DPYZ6x8FfzgSgPoPhpC3,3847,1
79cuOz3SPQTuFrp8WgftAu,3848,0
79f5CcWzdkkDVD4XAIQgKr,3849,0
79nEEoEPY2w8EXj9hjn5oc,3850,1
79s5XnCN4TJKTVMSmOx8Ep,3851,0
79uDOz0zuuWS7HWxzMmTa2,3852,1
7A20WnLkjtZU2d7hIB6Ziu,3853,1
7A2cNLRT0YJc1yjxHlKihs,3854,0
7ABLbnD53cQK00mhcaOUVG,3855,0
7AQim7LbvFVZJE3O8TYgf2,3856,1
7AYP21Q4qnxw2WxETEvSRb,3857,1
7AYmToZ5y67fBjq4RLFbuq,3858,2
7AYuSG1LoaaFVKjOxsB6Vh,3859,0
7AbqgE05nFl9qY4FRUiq2p,3860,2
7AdGloF1UHKe1vAZPbqIXH,3861,2
7AtlMCIauSQZqiXSlbBPW6,3862,0
7AwVSKaQxpidrtYBerkHKk,3863,0
7B3z0ySL9Rr0XvZEAjWZzM,3864,2
7BDHDiidJ8WV349p3HTxTV,3865,0
7BKLCZ1jbUBVqRi2FVlTVw,3866,0
7Bar1kLTmsRmH6FCKKMEyU,3867,0
7BbaIYAdi3pg4MGl6PHwPv,3868,1
7BjmOMyfT4PBKbZuSCwWPc,3869,0
7Bk0uXKk1uPT0XuQbpFzvs,3870,0
7BlBVFwvbWvcwNcUarQmjk,3871,0
7BoobGhD4x5K96Me0hqC8Q,3872,0
7BpYWzZwrsljT1eIjb0TqR,3873,0
7BqBn9nzAq8spo5e7cZ0dJ,3874,1
7C1trmcQQ5n5RNy4l6ziCv,3875,0
7CAdT0HdiQNlt1C7xk2hep,3876,1
7CHi4DtfK4heMlQaudCuHK,3877,1
7CIERzyqIwLVKGp00YbHRO,3878,0
7CkbRn6S0itJqcqn88AtSV,3879,0
7D0RhFcb3CrfPuTJ0obrod,3880,2
7DBFslKWQzoRgO0HBBkL3u,3881,1
7DF8lvLdV3htIbuTWpc7lR,3882,1
7DM4BPaS7uofFul3ywMe46,3883,0
7DbdUf8aHSYoliSjO6LZv6,3884,1
7DfFc7a6Rwfi3YQMRbDMau,3885,2
7Dj2wqPYXfSRFwa6qyOztr,3886,0
7DrluKkTviBwCc8AV3VGmf,3887,0
7Dx9Z6Aon1qPS2N0rHSWTe,3888,1
7E1jVNoWuemqUryI4FxsVD,3889,2
7EAMXbLcL0qXmciM5SwMh2,3890,2
7EI6Iki24tBHAMxtb4xQN2,3891,1
7EQpvVujgytLVY8vKiDHAg,3892,0
7EUfNvyCVxQV3oN5ScA2Lb,3893,1
7EWXP47VlXKO3r7mNxuWHw,3894,0
7Ed6BkggCS2KaKY5YlINaF,3895,0
7EiUtdeoWcKqLi5ELZCjYf,3896,1
7EiZI6JVHllARrX9PUvAdX,3897,1
7EulRO07ZgchxqKUHb8Pvc,3898,0
7F1LWA9sIlTorHUo4amGqk,3899,0
7F9cT6hIRhnFCYP6GKS0tf,3900,2
7F9vK8hNFMml4GtHsaXui6,3901,0
7FCfMXYTIiQ9b4hDYs4Iol,3902,1
7FGdjbZ32vMybPuP0IuE7d,3903,0
7FIWs0pqAYbP91WWM0vlTQ,3904,0
7FdUvDkaE24o3FPIWTvzv2,3905,1
7Fg342AJtNsIDdwCfX0paC,3906,1
7FjZU7XFs7P9jHI9Z0yRhK,3907,0
7FmYn9e7KHMXcxqGSj9LjH,3908,2
7G0gBu6nLdhFDPRLc0HdDG,3909,1
7G2XZhDNHo7SSDWSVxC0UT,3910,0
7GLWWrk1YlkPYqJK3ynIA0,3911,0
7GRTrWsP3yo2Fx8umJfA1X,3912,1
7GeTsDIc5ykNB6lORO6Cee,3913,1
7GwYENSg87oERcW0Wacd6m,3914,1
7H0ya83CMmgFcOhw0UB6ow,3915,0
7HC3sppue0re7HPfo5zscF,3916,1
7HC7R2D8WjXVcUHJyEGjRs,3917,1
7HEWQj82REyDOKMAAlB9pc,3918,1
7HMmFQsKsljwTw8bS7lu19,3919,0
7HMz8o0m7ASQ3ImFPfhWTY,3920,1
7Hc3YL8oDiAzbiAW32KXrw,3921,2
7I3skNaQdvZSS7zXY2VHId,3922,1
7IBLt4Qarf4JDLxIQDv2O5,3923,2
7IBSffWIu7P2MC7kMwy2FM,3924,0
7IG7laqVpcvIIULrwWP5SA,3925,0
7IL3UOlcJ6nmcCMwpnlfcA,3926,2
7IPKXYU2rTMnrLW5IZ7ZI5,3927,0
7IaeavdRzXYQWfu2Wt5GlU,3928,1
7Il2yWQmsqKgSkLQvHTPUI,3929,1
7J2gyNghNTzl4EsLhXp01Q,3930,0
7J4b3LVCIGO4CMBDFLPoP6,3931,1
7J6bnDDitOwfelaJNixHhL,3932,1
7JDWhC422Gtk1Bq0mL3OTC,3933,1
7JDbfYUHjDzQPFSDh5lzGs,3934,1
7JIIY2oDPFkURYMCLJuzhe,3935,2
7JNh1cfm0eXjqFVOzKLyau,3936,0
7JYsArznYOjX2jsrT3UEnL,3937,0
7KOlJ92bu51cltsD9KU5I7,3938,0
7KSSdFCBHCfq4KPzz78ghk,3939,1
7KWKWJnbGJ3Soag6Oopion,3940,1
7KXjTSCq5nL1LoYtL7XAwS,3941,1
7KZ5MMVgBVox9ycroB2UrI,3942,1
7KbF6AdprOXEEHlsq11Z6d,3943,0
7KcGEssn7BnJdTgildK5y0,3944,1
7KokYm8cMIXCsGVmUvKtqf,3945,1
7Kq16WtEJzdRSNQgdXsn7Y,3946,0
7LJjWqhqK594nN7qJzLVXE,3947,1
7LSpFCvRZZot2AlmkUzy9k,3948,1
7MHN1aCFtLXjownGhvEQlF,3949,0
7MRY4VpCuZvBmFda6ZCk2G,3950,1
7MSYSOobsombc1mbDWFxtD,3951,0
7MVIfkyzuUmQ716j8U7yGR,3952,0
7MXgrcOQAJ5VwSNUL0lDd3,3953,1
7MbT4I8qGntX4fMdqMQgke,3954,2
7MiZjKawmXTsTNePyTfPyL,3955,2
7a5fliY9SsZENrQWQBZron,3956,0
7aF09WaavZAmAWuUeYxlYD,3957,1
7aGyRfJWtLqgJaZoG9lJhE,3958,0
7aRCf5cLOFN1U7kvtChY1G,3959,0
7aV2mflaASUmGhCErm7kBO,3960,0
7aZusA4cWXz3Wv9e9uhavz,3961,0
7abpmGpF7PGep2rDU68GBR,3962,0
7aely3H8kMj9o0gt6vXHE1,3963,0
7afaZ37wJJL6880z1NRgJS,3964,1
7amMgNDcObIDkIXv4xcvc2,3965,0
7aonAWn0J0AJ47ZU9WHCXC,3966,0
7aqfrAY2p9BUSiupwk3svU,3967,1
7bCfHiRcfUjG0YVVNUL7Ve,3968,1
7bJ4mu7MHa3rHiNyKjOoSl,3969,0
7bJwvubZZaoGE1AGEfu8Fi,3970,1
7bPp2NmpmyhLJ7zWazAXMu,3971,0
7bRRHQelMfrP86QYQlCsAq,3972,0
7bUcBztfGqO7cSI2gMZeCI,3973,0
7bcy34fBT2ap1L4bfPsl9q,3974,2
7boPPE857KEqCIHNwFkDop,3975,1
7bywjHOc0wSjGGbj04XbVi,3976,1
7cGFbx7MP0H23iHZTZpqMM,3977,0
7cQ0LAxT5HHCLGbxcjaxac,3978,0
7cQMJ0wDqVS5iM0JIvP6Ay,3979,0
7dQFpbs34ufIEU745DVclf,3980,0
7daBwTiPNOVgoMUG4SICgh,3981,1
7dt6x5M1jzdTEt8oCbisTK,3982,1
7e1VoRlNumuEkXlITMHKLE,3983,0
7eBqSVxrzQZtK2mmgRG6lC,3984,0
7eJMfftS33KTjuF7lTsMCx,3985,2
7eQj6r5PIdYKEIZjucBMcq,3986,0
7eResoqEJJAVTkQYSqvO3P,3987,1
7eTv2OTr3aY5iKtFdBusoA,3988,0
7eYAHC0RbBF9eaqWzT34Aq,3989,0
7ef4DlsgrMEH11cDZd32M6,3990,0
7f1w2rZoIf7g56McEUTh5W,3991,0
7f5trao56t7sB7f14QDTmp,3992,1
7fJv128BqCw23AmENDqJuj,3993,1
7fZBQnc0zXwVybgCIrQQil,3994,1
7fesNTgTEMEH0ye8MOgEDY,3995,2
7foypmc7KZyU716Yv63BPe,3996,1
7fxSLnklnayJNBIKntXedZ,3997,1
7g7raxdQpiLZT7aOlib4S1,3998,1
7gHZGXSJzM29WA384suYY2,3999,0
7gHs73wELdeycvS48JfIos,4000,1
7gRFDGEzF9UkBV233yv2dc,4001,0
7gVzhRCrLRUBEGdS7zNTp0,4002,0
7ge7BHazYbVKi8qyZUX1Bm,4003,1
7h0d2h0fUmzbs7zeFigJPn,4004,1
7hU3IHwjX150XLoTVmjD0q,4005,1
7hVb3OyFkgxDgpTdrOX6dT,4006,1
7hav1MHURQf5SAoPk0egqh,4007,0
7hlhojpax9zg2FNdBLY5ox,4008,0
7hynhxDoDpgMIV12JuVtNa,4009,0
7hzlzoOwCZ4D3Ow5YZK4kj,4010,1
7iAgNZdotu40NwtoIWJHFe,4011,0
7iDxZ5Cd0Yg08d4fI5WVtG,4012,0
7iKDsPfLT0d5mu2htfMKBZ,4013,0
7iL6o9tox1zgHpKUfh9vuC,4014,0
7iQXYTyuG13aoeHxGG28Nh,4015,1
7j31rVgGX9Q2blT92VBEA0,4016,0
7j4OmvkjRz0PrjFADlHfQx,4017,1
7jPdqwZug0ovtDZsY5uK4T,4018,1
7jfmlr5W2AQWUGLVhT8ofl,4019,0
7jtQIBanIiJOMS6RyCx6jZ,4020,2
7jwQlYGpOml9ETGre1HqGA,4021,0
7jzldCBnJjpJM3epzJ85KE,4022,1
7kjEqI6eZ7YlFrGhxixnlN,4023,2
7knLcYCOSaURD0d7HUULFM,4024,0
7krbSH3rd8lhIZvuzTV3Bl,4025,1
7kt9e9LFSpN1zQtYEl19o1,4026,1
7l2nxyx7IkBX5orhkALg0V,4027,0
7l9CE3wmEGOUYw1j4ETjnL,4028,1
7lAK3oHbfEnvUQWosrMMpR,4029,1
7lFNXsbcbds699xCWO3pSe,4030,2
7lQ8MOhq6IN2w8EYcFNSUk,4031,0
7lRsNbdOGykkMAgsqs4R1C,4032,0
7lcI4X8RZxK4zIknJcwpBq,4033,0
7lgA34nFXxjqQgyLkPUcLv,4034,0
7lthOBXNue2IvedLRfkod8,4035,1
7lvDsmTRXFE3dK4OjvRiWB,4036,0
7m9OqQk4RVRkw9JJdeAw96,4037,2
7mEDVrAHDnQJStDo8jKJJm,4038,1
7mEUjhl6aTztdHCrxoTgBG,4039,1
7mldq42yDuxiUNn08nvzHO,4040,0
7mpdNiaQvygj2rHoxkzMfa,4041,0
7mykoq6R3BArsSpNDjFQTm,4042,1
7n2FZQsaLb7ZRfRPfEeIvr,4043,0
7n7VsX3sv66znBwA8b5uhp,4044,2
7nAfXgeHfDO50upcOjJOaq,4045,1
7nFvKgVumc9FcU97zGjjei,4046,0
7nKBxz47S9SD79N086fuhn,4047,0
7nWui6jiMM2m9qFmET1Mtj,4048,2
7nZmah2llfvLDiUjm0kiyz,4049,0
7nc7mlSdWYeFom84zZ8Wr8,4050,1
7ntUbTIwmwOD6ygCMRZT6e,4051,0
7o0oY5wRcoV7oPuDhD2J1z,4052,1
7o2CTH4ctstm8TNelqjb51,4053,0
7o4gBbTM6UBLkOYPw9xMCz,4054,0
7oDd86yk8itslrA9HRP2ki,4055,1
7oHkit3F3vimtsBbnZkU0G,4056,1
7oJrVhiTPZGBXWPwhxjy9S,4057,0
7oTE1KmtU2ml9zBhv9Reao,4058,2
7oVEtyuv9NBmnytsCIsY5I,4059,0
7of1slAJIWrXxP8ikAHxje,4060,0
7omJfT9s6V2IpQNBYyq5C8,4061,1
7oolFzHipTMg2nL7shhdz2,4062,0
7oqftogUN82Q7VNy2TmTJW,4063,0
7ovUcF5uHTBRzUpB6ZOmvt,4064,0
7ozvuHnA1zWzuTvReLChVL,4065,0
7p2ewixAShLpjDZrnzZK7c,4066,1
7p4vHnYXkxlzvfePJVpcTr,4067,1
7pYFPMeK0TnaTGdS6qOtEr,4068,1
7pdF27mSDuPWhppnHAmWHa,4069,2
7pgbDdy7ax962o9d2xJceV,4070,0
7phmBo7bB9I9YifAXqnlqV,4071,0
7pj6P5WnxkZsw3XRc8eMe1,4072,2
7qEKqBCD2vE5vIBsrUitpD,4073,2
7qEUFOVcxRI19tbT68JcYK,4074,1
7qLr3HMApUbyDkUvgIvHnB,4075,1
7qiZfU4dY1lWllzX7mPBI3,4076,0
7qmnP8Woc47dLSrMD5MxL1,4077,0
7qoIhutxU269Zqo9PG5IOj,4078,2
7qq0EOPW4RRlqdvMBmdd73,4079,0
7r6aR2f57resC5r93LwMfK,4080,2
7rC5Pl8rQSX4myONQHYPBK,4081,1
7rWCWzPRftzZTZtIyQtaDU,4082,1
7rbECVPkY5UODxoOUVKZnA,4083,1
7rpNuuoMbid56XkDsx2FjE,4084,1
7s25THrKz86DM225dOYwnr,4085,0
7sBgFMWqDWQgrsNSpIBoe8,4086,2
7sFYVcKSb24qg0dAkqLEFj,4087,0
7sKbyYeJnITO1Eh9xd0lKd,4088,0
7sO5G9EABYOXQKNPNiE9NR,4089,1
7sOfmPd18RWp3FoCzpa7Kw,4090,1
7sT7kZEYd1MrmzLLIRVZas,4091,2
7sTtHHrD0zDpmzQzH3zegz,4092,2
7sTyAjxDXq9afwfSQy6D0s,4093,1
7sjFIZ1g5QLJLGja3k592K,4094,1
7sliFe6W30tPBPh6dvZsIH,4095,1
7soCc4TpT99bOhJoCiMqFN,4096,1
7szuecWAPwGoV1e5vGu8tl,4097,0
7tGEAA1f8MydT7eVbbO9Zy,4098,2
7tgjDlQsMR8RvkdlNCJA58,4099,1
7tqhbajSfrz2F7E1Z75ASX,4100,0
7tr2za8SQg2CI8EDgrdtNl,4101,0
7u6DMPznGbpziuEgCE0JGQ,4102,2
7uH27oIt4a6cIFCA8ZPcyG,4103,0
7uQZVznj0uQOGC9KhV2Mg6,4104,0
7uZqvqXzzYMKrexKxdcGmd,4105,0
7uoFMmxln0GPXQ0AcCBXRq,4106,2
7up5MwPUHQdv4DkzQRHRWP,4107,1
7v4pPS4A7NgY7bxFA3Etv3,4108,0
7vAXN57IQ0sj049wZGIboE,4109,1
7vBNFh3NIZTj6tB5s1IBjE,4110,2
7vGuf3Y35N4wmASOKLUVVU,4111,1
7vJS1DPc3FzBtqBs8n3mW5,4112,0
7vRriwrloYVaoAe3a9wJHe,4113,2
7vTspUAmMKFkUpKL9HLZNL,4114,1
7vgv8KZBSo0TPzyIWG9yzV,4115,0
7vuTcvFnvlqWlWb4u60nvY,4116,0
7w05lsU2VLSeiT8Nukrv5M,4117,0
7w87IxuO7BDcJ3YUqCyMTT,4118,0
7wBJfHzpfI3032CSD7CE2m,4119,1
7wC5eZcFS1Q1BsQ35DU6H4,4120,2
7wDqHhtRkP1TXSlZK0sEQH,4121,1
7x4ASXYEKfQBCewcZhK776,4122,0
7x9aauaA9cu6tyfpHnqDLo,4123,0
7xHWNBFm6ObGEQPaUxHuKO,4124,0
7xTDT7gyIrv0xWpwwXExxU,4125,1
7y3xU9vEC1s8DSuuoSYKih,4126,1
7y6c07pgjZvtHI9kuMVqk1,4127,0
7y9iMe8SOB6z3NoHE2OfXl,4128,0
7yHEDfrJNd0zWOfXwydNH0,4129,1
7ySUcLPVX7KudhnmNcgY2D,4130,0
7ycWLEP1GsNjVvcjawXz3z,4131,1
7yotKA30dwTKNEGomV9ZsI,4132,1
7yq4Qj7cqayVTp3FF9CWbm,4133,2
7yt6eiZQCkVFEzwGp4Pbor,4134,1
7ytR5pFWmSjzHJIeQkgog4,4135,0
7yyRTcZmCiyzzJlNzGC9Ol,4136,0
7zBscbZUCr4jEABrfV9g03,4137,2
7zQirOExB0VR8yWUOqYeio,4138,0
7zTx8ePYAmPFQuxP3xlXZn,4139,1
7zVCrzzEJU7u24sbJPXA5W,4140,0
7zjEyeBsaw9gV0jofJLfOM,4141,2
7zvfDihYiJ8RQ1nRcpKBF5,4142,1
7zxRMhXxJMQCeDDg0rKAVo,4143,1
